-40	-70	1.5	-20.0749	-20.0749	-98.2987	0	
-40	-67.6	1.5	-21.9805	-21.9805	-118.739	0	
-40	-65.2	1.5	-0.591836	-0.591836	-111.489	0	
-40	-62.8	1.5	-17.564	-17.564	-116.37	0	
-40	-60.4	1.5	-15.9101	-15.9101	-114.649	0	
-40	-58	1.5	-10.1461	-10.1461	-113.66	0	
-40	-55.6	1.5	-17.2606	-17.2606	-106.906	0	
-40	-53.2	1.5	-7.71034	-7.71034	-113.114	0	
-40	-50.8	1.5	-16.0885	-16.0885	-92.3436	0	
-40	-48.4	1.5	-15.8706	-15.8706	-110.048	0	
-40	-46	1.5	-11.309	-11.309	-113.014	0	
-40	-43.6	1.5	-14.7527	-14.7527	-109.789	0	
-40	-41.2	1.5	-14.3651	-14.3651	-102.417	0	
-40	-38.8	1.5	-14.3518	-14.3518	-112.384	0	
-40	-36.4	1.5	4.13459	4.13459	-106.965	0	
-40	-34	1.5	-12.7512	-12.7512	-108.955	0	
-40	-31.6	1.5	-13.464	-13.464	-107.741	0	
-40	-29.2	1.5	5.11168	5.11168	-104.687	0	
-40	-26.8	1.5	-15.076	-15.076	-105.325	0	
-40	-24.4	1.5	-12.7942	-12.7942	-107.467	0	
-40	-22	1.5	-10.5225	-10.5225	-101.919	0	
-40	-19.6	1.5	-10.238	-10.238	-106.166	0	
-40	-17.2	1.5	-10.2958	-10.2958	-103.939	0	
-40	-14.8	1.5	-8.87678	-8.87678	-104.241	0	
-40	-12.4	1.5	-7.33308	-7.33308	-106.916	0	
-40	-10	1.5	-4.49861	-4.49861	-108.085	0	
-40	-7.6	1.5	-10.0054	-10.0054	-105.2	0	
-40	-5.2	1.5	-8.65658	-8.65658	-103.134	0	
-40	-2.8	1.5	-0.636076	-0.636076	-105.352	0	
-40	-0.4	1.5	-7.87287	-7.87287	-103.584	0	
-40	2	1.5	4.29869	4.29869	-106.677	0	
-40	4.4	1.5	-5.69659	-5.69659	-100.859	0	
-40	6.8	1.5	-8.21107	-8.21107	-104.752	0	
-40	9.2	1.5	-8.285	-8.285	-87.6449	0	
-40	11.6	1.5	-9.92062	-9.92062	-105.113	0	
-40	14	1.5	-8.5607	-8.5607	-101.747	0	
-40	16.4	1.5	-11.4717	-11.4717	-106.178	0	
-40	18.8	1.5	-10.7883	-10.7883	-105.494	0	
-40	21.2	1.5	-13.2112	-13.2112	-106.635	0	
-40	23.6	1.5	-13.1701	-13.1701	-106.989	0	
-40	26	1.5	12.6136	12.6136	-105.635	0	
-40	28.4	1.5	-12.4524	-12.4524	-99.2521	0	
-40	30.8	1.5	-1.08982	-1.08982	-107.999	0	
-40	33.2	1.5	-10.8265	-10.8265	-98.317	0	
-40	35.6	1.5	-12.8773	-12.8773	-104.864	0	
-40	38	1.5	-17.1198	-17.1198	-109.611	0	
-40	40.4	1.5	-14.286	-14.286	-108.692	0	
-40	42.8	1.5	7.87079	7.87079	-106.635	0	
-40	45.2	1.5	-14.8181	-14.8181	-109.138	0	
-40	47.6	1.5	-15.9183	-15.9183	-110.713	0	
-40	50	1.5	-15.71	-15.71	-112.927	0	
-37.6	-70	1.5	-14.4425	-14.4425	-113.474	0	
-37.6	-67.6	1.5	-5.54249	-5.54249	-117.921	0	
-37.6	-65.2	1.5	-18.337	-18.337	-115.421	0	
-37.6	-62.8	1.5	3.23855	3.23855	-114.383	0	
-37.6	-60.4	1.5	-8.77922	-8.77922	-111.145	0	
-37.6	-58	1.5	-0.76867	-0.76867	-96.0083	0	
-37.6	-55.6	1.5	-17.8801	-17.8801	-111.255	0	
-37.6	-53.2	1.5	-6.17587	-6.17587	-104.675	0	
-37.6	-50.8	1.5	-16.4173	-16.4173	-113.117	0	
-37.6	-48.4	1.5	-11.8966	-11.8966	-112.108	0	
-37.6	-46	1.5	-15.6472	-15.6472	-100.007	0	
-37.6	-43.6	1.5	-11.1082	-11.1082	-94.035	0	
-37.6	-41.2	1.5	-13.4773	-13.4773	-110.063	0	
-37.6	-38.8	1.5	-13.3832	-13.3832	-99.5753	0	
-37.6	-36.4	1.5	-11.9802	-11.9802	-89.3455	0	
-37.6	-34	1.5	-10.5767	-10.5767	-100.452	0	
-37.6	-31.6	1.5	-13.7011	-13.7011	-105.084	0	
-37.6	-29.2	1.5	-12.7216	-12.7216	-88.7058	0	
-37.6	-26.8	1.5	-10.2763	-10.2763	-105.392	0	
-37.6	-24.4	1.5	-9.83883	-9.83883	-105.316	0	
-37.6	-22	1.5	-8.87097	-8.87097	-105.624	0	
-37.6	-19.6	1.5	-13.0188	-13.0188	-105.513	0	
-37.6	-17.2	1.5	-10.7483	-10.7483	-101.145	0	
-37.6	-14.8	1.5	-7.16317	-7.16317	-104.828	0	
-37.6	-12.4	1.5	-7.24427	-7.24427	-103.174	0	
-37.6	-10	1.5	-5.56268	-5.56268	-103.131	0	
-37.6	-7.6	1.5	-6.31651	-6.31651	-104.577	0	
-37.6	-5.2	1.5	-6.31942	-6.31942	-104.789	0	
-37.6	-2.8	1.5	-4.54996	-4.54996	-102.338	0	
-37.6	-0.4	1.5	-8.47058	-8.47058	-104.136	0	
-37.6	2	1.5	-6.21501	-6.21501	-99.7938	0	
-37.6	4.4	1.5	-10.5696	-10.5696	-100.541	0	
-37.6	6.8	1.5	-6.96902	-6.96902	-102.583	0	
-37.6	9.2	1.5	-6.15219	-6.15219	-103.675	0	
-37.6	11.6	1.5	-8.04658	-8.04658	-103.476	0	
-37.6	14	1.5	-9.88257	-9.88257	-105.127	0	
-37.6	16.4	1.5	-5.56483	-5.56483	-104.955	0	
-37.6	18.8	1.5	6.73395	6.73395	-106.914	0	
-37.6	21.2	1.5	-9.5952	-9.5952	-104.289	0	
-37.6	23.6	1.5	-7.8143	-7.8143	-104.369	0	
-37.6	26	1.5	-9.82893	-9.82893	-107.945	0	
-37.6	28.4	1.5	-10.8134	-10.8134	-102.73	0	
-37.6	30.8	1.5	-9.55447	-9.55447	-109.167	0	
-37.6	33.2	1.5	4.73288	4.73288	-106.966	0	
-37.6	35.6	1.5	-12.8878	-12.8878	-108.483	0	
-37.6	38	1.5	-15.3137	-15.3137	-108.049	0	
-37.6	40.4	1.5	-13.6145	-13.6145	-110.765	0	
-37.6	42.8	1.5	-10.1287	-10.1287	-111.642	0	
-37.6	45.2	1.5	-14.7969	-14.7969	-102.024	0	
-37.6	47.6	1.5	-17.1329	-17.1329	-111.094	0	
-37.6	50	1.5	-12.9837	-12.9837	-106.473	0	
-35.2	-70	1.5	-9.39785	-9.39785	-104.338	0	
-35.2	-67.6	1.5	-16.017	-16.017	-102.351	0	
-35.2	-65.2	1.5	-17.351	-17.351	-114.553	0	
-35.2	-62.8	1.5	-18.544	-18.544	-107.165	0	
-35.2	-60.4	1.5	-10.5877	-10.5877	-110.288	0	
-35.2	-58	1.5	-17.156	-17.156	-109.904	0	
-35.2	-55.6	1.5	-9.49281	-9.49281	-97.4487	0	
-35.2	-53.2	1.5	9.5764	9.5764	-108.48	0	
-35.2	-50.8	1.5	-15.3499	-15.3499	-105.404	0	
-35.2	-48.4	1.5	8.82826	8.82826	-94.662	0	
-35.2	-46	1.5	-13.9653	-13.9653	-96.8837	0	
-35.2	-43.6	1.5	5.28013	5.28013	-111.232	0	
-35.2	-41.2	1.5	-14.5913	-14.5913	-107.588	0	
-35.2	-38.8	1.5	-12.6515	-12.6515	-99.364	0	
-35.2	-36.4	1.5	-6.45598	-6.45598	-109.788	0	
-35.2	-34	1.5	-9.91352	-9.91352	-109.267	0	
-35.2	-31.6	1.5	-10.4662	-10.4662	-106.787	0	
-35.2	-29.2	1.5	15.5735	15.5735	-100.388	0	
-35.2	-26.8	1.5	-9.81746	-9.81746	-105.05	0	
-35.2	-24.4	1.5	-8.52544	-8.52544	-103.78	0	
-35.2	-22	1.5	-8.83861	-8.83861	-101.93	0	
-35.2	-19.6	1.5	-8.34798	-8.34798	-104.839	0	
-35.2	-17.2	1.5	6.85823	6.85823	-101.516	0	
-35.2	-14.8	1.5	-6.11729	-6.11729	-103.367	0	
-35.2	-12.4	1.5	-5.17771	-5.17771	-103.141	0	
-35.2	-10	1.5	-6.03764	-6.03764	-101.369	0	
-35.2	-7.6	1.5	-8.09491	-8.09491	-97.4756	0	
-35.2	-5.2	1.5	-5.06953	-5.06953	-96.1956	0	
-35.2	-2.8	1.5	-6.20161	-6.20161	-101.177	0	
-35.2	-0.4	1.5	-5.31316	-5.31316	-90.2668	0	
-35.2	2	1.5	-4.20571	-4.20571	-90.5575	0	
-35.2	4.4	1.5	9.0748	9.0748	-99.5313	0	
-35.2	6.8	1.5	-4.42641	-4.42641	-93.5936	0	
-35.2	9.2	1.5	-5.37971	-5.37971	-103.009	0	
-35.2	11.6	1.5	-7.02411	-7.02411	-104.5	0	
-35.2	14	1.5	-7.59545	-7.59545	-87.8296	0	
-35.2	16.4	1.5	-7.46614	-7.46614	-104.803	0	
-35.2	18.8	1.5	-7.56764	-7.56764	-103.714	0	
-35.2	21.2	1.5	-9.75708	-9.75708	-93.6985	0	
-35.2	23.6	1.5	-6.99909	-6.99909	-104.419	0	
-35.2	26	1.5	-9.41492	-9.41492	-106.696	0	
-35.2	28.4	1.5	-9.78406	-9.78406	-100.425	0	
-35.2	30.8	1.5	1.98715	1.98715	-106.515	0	
-35.2	33.2	1.5	-13.5759	-13.5759	-101.914	0	
-35.2	35.6	1.5	-12.9544	-12.9544	-107.699	0	
-35.2	38	1.5	-12.331	-12.331	-108.805	0	
-35.2	40.4	1.5	-14.2823	-14.2823	-104.304	0	
-35.2	42.8	1.5	-0.0142825	-0.0142825	-111.888	0	
-35.2	45.2	1.5	-14.6889	-14.6889	-110.264	0	
-35.2	47.6	1.5	6.41221	6.41221	-108.621	0	
-35.2	50	1.5	-16.9225	-16.9225	-111.577	0	
-32.8	-70	1.5	1.49014	1.49014	-113.148	0	
-32.8	-67.6	1.5	-21.7532	-21.7532	-114.878	0	
-32.8	-65.2	1.5	-18.3617	-18.3617	-101.119	0	
-32.8	-62.8	1.5	-12.1148	-12.1148	-91.0331	0	
-32.8	-60.4	1.5	-6.03476	-6.03476	-100.37	0	
-32.8	-58	1.5	-8.30701	-8.30701	-112.205	0	
-32.8	-55.6	1.5	-0.483096	-0.483096	-110.997	0	
-32.8	-53.2	1.5	-3.4981	-3.4981	-95.5355	0	
-32.8	-50.8	1.5	8.06643	8.06643	-111.54	0	
-32.8	-48.4	1.5	5.74485	5.74485	-108.611	0	
-32.8	-46	1.5	-13.6625	-13.6625	-110.672	0	
-32.8	-43.6	1.5	-10.3722	-10.3722	-109.417	0	
-32.8	-41.2	1.5	-12.9473	-12.9473	-101.524	0	
-32.8	-38.8	1.5	-7.8359	-7.8359	-99.3682	0	
-32.8	-36.4	1.5	-12.5255	-12.5255	-97.3607	0	
-32.8	-34	1.5	8.5755	8.5755	-108.991	0	
-32.8	-31.6	1.5	-9.03768	-9.03768	-94.7761	0	
-32.8	-29.2	1.5	-10.0135	-10.0135	-79.6136	0	
-32.8	-26.8	1.5	-7.5997	-7.5997	-104.027	0	
-32.8	-24.4	1.5	-4.88561	-4.88561	-104.356	0	
-32.8	-22	1.5	-1.96142	-1.96142	-105.521	0	
-32.8	-19.6	1.5	-7.39235	-7.39235	-103.419	0	
-32.8	-17.2	1.5	1.36111	1.36111	-103.151	0	
-32.8	-14.8	1.5	-7.15086	-7.15086	-101.15	0	
-32.8	-12.4	1.5	-2.44955	-2.44955	-98.0406	0	
-32.8	-10	1.5	-6.25033	-6.25033	-96.9469	0	
-32.8	-7.6	1.5	-4.09676	-4.09676	-101.383	0	
-32.8	-5.2	1.5	-5.07085	-5.07085	-100.092	0	
-32.8	-2.8	1.5	-4.55629	-4.55629	-100.546	0	
-32.8	-0.4	1.5	10.6015	10.6015	-100.669	0	
-32.8	2	1.5	-4.76191	-4.76191	-101.684	0	
-32.8	4.4	1.5	-4.53863	-4.53863	-100.049	0	
-32.8	6.8	1.5	-5.45856	-5.45856	-100.277	0	
-32.8	9.2	1.5	-6.82871	-6.82871	-102.94	0	
-32.8	11.6	1.5	-3.9218	-3.9218	-90.1433	0	
-32.8	14	1.5	-6.7237	-6.7237	-103.468	0	
-32.8	16.4	1.5	-8.95112	-8.95112	-104.416	0	
-32.8	18.8	1.5	-5.09834	-5.09834	-104.837	0	
-32.8	21.2	1.5	-5.48169	-5.48169	-105.324	0	
-32.8	23.6	1.5	-8.55695	-8.55695	-104.415	0	
-32.8	26	1.5	-9.91265	-9.91265	-103.03	0	
-32.8	28.4	1.5	-9.81364	-9.81364	-105.578	0	
-32.8	30.8	1.5	4.47825	4.47825	-103.917	0	
-32.8	33.2	1.5	-14.6237	-14.6237	-106.233	0	
-32.8	35.6	1.5	-10.072	-10.072	-107.128	0	
-32.8	38	1.5	-9.28874	-9.28874	-99.4122	0	
-32.8	40.4	1.5	-11.4942	-11.4942	-104.438	0	
-32.8	42.8	1.5	-12.8962	-12.8962	-109.273	0	
-32.8	45.2	1.5	-13.4224	-13.4224	-108.944	0	
-32.8	47.6	1.5	-10.4387	-10.4387	-109.923	0	
-32.8	50	1.5	-0.68059	-0.68059	-93.5635	0	
-30.4	-70	1.5	-7.60195	-7.60195	-115.42	0	
-30.4	-67.6	1.5	-11.9409	-11.9409	-116.259	0	
-30.4	-65.2	1.5	-11.5964	-11.5964	-113.963	0	
-30.4	-62.8	1.5	-15.8533	-15.8533	-112.78	0	
-30.4	-60.4	1.5	-17.6791	-17.6791	-109.67	0	
-30.4	-58	1.5	-1.05295	-1.05295	-101.261	0	
-30.4	-55.6	1.5	-14.8895	-14.8895	-108.34	0	
-30.4	-53.2	1.5	-16.0337	-16.0337	-109.106	0	
-30.4	-50.8	1.5	-14.8311	-14.8311	-97.4704	0	
-30.4	-48.4	1.5	-5.78954	-5.78954	-108.486	0	
-30.4	-46	1.5	-10.4369	-10.4369	-109.614	0	
-30.4	-43.6	1.5	-10.677	-10.677	-112.733	0	
-30.4	-41.2	1.5	-14.6436	-14.6436	-107.808	0	
-30.4	-38.8	1.5	-5.2372	-5.2372	-106.281	0	
-30.4	-36.4	1.5	-13.102	-13.102	-106.081	0	
-30.4	-34	1.5	3.72845	3.72845	-102.698	0	
-30.4	-31.6	1.5	-10.2744	-10.2744	-104.473	0	
-30.4	-29.2	1.5	-5.35908	-5.35908	-106.858	0	
-30.4	-26.8	1.5	-2.00719	-2.00719	-106.713	0	
-30.4	-24.4	1.5	-12.1501	-12.1501	-89.4585	0	
-30.4	-22	1.5	3.01122	3.01122	-86.4733	0	
-30.4	-19.6	1.5	-6.57064	-6.57064	-107.876	0	
-30.4	-17.2	1.5	-5.74427	-5.74427	-92.4534	0	
-30.4	-14.8	1.5	-5.06047	-5.06047	-94.4617	0	
-30.4	-12.4	1.5	-3.92195	-3.92195	-101.325	0	
-30.4	-10	1.5	-0.86293	-0.86293	-101.111	0	
-30.4	-7.6	1.5	-5.12883	-5.12883	-99.2637	0	
-30.4	-5.2	1.5	-3.7844	-3.7844	-99.9435	0	
-30.4	-2.8	1.5	-4.87858	-4.87858	-99.2281	0	
-30.4	-0.4	1.5	-0.431983	-0.431983	-99.1191	0	
-30.4	2	1.5	-3.0853	-3.0853	-88.0132	0	
-30.4	4.4	1.5	-3.53586	-3.53586	-99.6316	0	
-30.4	6.8	1.5	-4.00303	-4.00303	-99.9778	0	
-30.4	9.2	1.5	-3.99016	-3.99016	-103.657	0	
-30.4	11.6	1.5	-4.86845	-4.86845	-101.425	0	
-30.4	14	1.5	-1.00236	-1.00236	-100.87	0	
-30.4	16.4	1.5	-3.30868	-3.30868	-97.2721	0	
-30.4	18.8	1.5	-5.12931	-5.12931	-93.5599	0	
-30.4	21.2	1.5	-8.96861	-8.96861	-101.498	0	
-30.4	23.6	1.5	-5.72854	-5.72854	-104.894	0	
-30.4	26	1.5	-7.17693	-7.17693	-103.574	0	
-30.4	28.4	1.5	-8.45965	-8.45965	-103.101	0	
-30.4	30.8	1.5	-5.58384	-5.58384	-105.296	0	
-30.4	33.2	1.5	-10.3513	-10.3513	-100.643	0	
-30.4	35.6	1.5	-4.51008	-4.51008	-103.14	0	
-30.4	38	1.5	-9.38341	-9.38341	-100.201	0	
-30.4	40.4	1.5	-8.4048	-8.4048	-104.507	0	
-30.4	42.8	1.5	1.66896	1.66896	-108.569	0	
-30.4	45.2	1.5	-9.98784	-9.98784	-110.205	0	
-30.4	47.6	1.5	-5.25567	-5.25567	-96.4897	0	
-30.4	50	1.5	-13.8885	-13.8885	-109.181	0	
-28	-70	1.5	-7.68193	-7.68193	-110.063	0	
-28	-67.6	1.5	-11.1913	-11.1913	-113.261	0	
-28	-65.2	1.5	-16.3385	-16.3385	-114.83	0	
-28	-62.8	1.5	-3.54192	-3.54192	-95.9258	0	
-28	-60.4	1.5	-15.3906	-15.3906	-114.332	0	
-28	-58	1.5	-18.6069	-18.6069	-103.87	0	
-28	-55.6	1.5	-13.7038	-13.7038	-111.118	0	
-28	-53.2	1.5	0.784006	0.784006	-110.563	0	
-28	-50.8	1.5	-16.4784	-16.4784	-110.286	0	
-28	-48.4	1.5	-13.5553	-13.5553	-111.528	0	
-28	-46	1.5	-20.4628	-20.4628	-101.441	0	
-28	-43.6	1.5	-2.80372	-2.80372	-92.7711	0	
-28	-41.2	1.5	-4.37464	-4.37464	-107.409	0	
-28	-38.8	1.5	-11.1042	-11.1042	-107.255	0	
-28	-36.4	1.5	-9.73668	-9.73668	-103.217	0	
-28	-34	1.5	-8.27315	-8.27315	-100.254	0	
-28	-31.6	1.5	-10.272	-10.272	-102.181	0	
-28	-29.2	1.5	-2.2933	-2.2933	-102.677	0	
-28	-26.8	1.5	3.05533	3.05533	-103.884	0	
-28	-24.4	1.5	-7.07107	-7.07107	-101.927	0	
-28	-22	1.5	-3.89296	-3.89296	-101.206	0	
-28	-19.6	1.5	-7.47041	-7.47041	-103.676	0	
-28	-17.2	1.5	-6.59987	-6.59987	-101.82	0	
-28	-14.8	1.5	2.60825	2.60825	-99.5803	0	
-28	-12.4	1.5	-3.92213	-3.92213	-98.542	0	
-28	-10	1.5	-4.40265	-4.40265	-98.3254	0	
-28	-7.6	1.5	-2.25183	-2.25183	-98.103	0	
-28	-5.2	1.5	-1.91464	-1.91464	-98.0689	0	
-28	-2.8	1.5	-4.49335	-4.49335	-98.91	0	
-28	-0.4	1.5	-1.752	-1.752	-98.094	0	
-28	2	1.5	-2.79654	-2.79654	-100.393	0	
-28	4.4	1.5	-0.343929	-0.343929	-98.9399	0	
-28	6.8	1.5	-1.84232	-1.84232	-101.695	0	
-28	9.2	1.5	-2.99865	-2.99865	-97.2851	0	
-28	11.6	1.5	0.489178	0.489178	-99.8457	0	
-28	14	1.5	5.04923	5.04923	-98.7943	0	
-28	16.4	1.5	-4.47009	-4.47009	-89.9397	0	
-28	18.8	1.5	-6.41589	-6.41589	-101.217	0	
-28	21.2	1.5	-5.55402	-5.55402	-101.567	0	
-28	23.6	1.5	-3.64311	-3.64311	-104.506	0	
-28	26	1.5	-6.07335	-6.07335	-102.458	0	
-28	28.4	1.5	-9.27511	-9.27511	-99.6905	0	
-28	30.8	1.5	-5.02524	-5.02524	-104.566	0	
-28	33.2	1.5	-9.46683	-9.46683	-95.7397	0	
-28	35.6	1.5	-6.15755	-6.15755	-105.381	0	
-28	38	1.5	-11.6546	-11.6546	-106.529	0	
-28	40.4	1.5	-12.0221	-12.0221	-107.051	0	
-28	42.8	1.5	-10.1349	-10.1349	-104.238	0	
-28	45.2	1.5	-10.8786	-10.8786	-106.392	0	
-28	47.6	1.5	7.04531	7.04531	-100.262	0	
-28	50	1.5	-13.7815	-13.7815	-91.6332	0	
-25.6	-70	1.5	-15.108	-15.108	-107.546	0	
-25.6	-67.6	1.5	-6.86075	-6.86075	-111.918	0	
-25.6	-65.2	1.5	-4.16384	-4.16384	-116.441	0	
-25.6	-62.8	1.5	-7.58958	-7.58958	-116.38	0	
-25.6	-60.4	1.5	-12.3711	-12.3711	-91.5499	0	
-25.6	-58	1.5	-10.2976	-10.2976	-112.514	0	
-25.6	-55.6	1.5	5.29664	5.29664	-109.597	0	
-25.6	-53.2	1.5	-15.7481	-15.7481	-112.768	0	
-25.6	-50.8	1.5	-8.54022	-8.54022	-106.877	0	
-25.6	-48.4	1.5	-0.896013	-0.896013	-109.193	0	
-25.6	-46	1.5	-13.9081	-13.9081	-97.3712	0	
-25.6	-43.6	1.5	-2.88148	-2.88148	-104.98	0	
-25.6	-41.2	1.5	-0.556261	-0.556261	-99.3416	0	
-25.6	-38.8	1.5	-4.06031	-4.06031	-93.5477	0	
-25.6	-36.4	1.5	-4.68209	-4.68209	-108.02	0	
-25.6	-34	1.5	-1.74882	-1.74882	-95.3353	0	
-25.6	-31.6	1.5	-1.8012	-1.8012	-104.242	0	
-25.6	-29.2	1.5	-3.00458	-3.00458	-104.475	0	
-25.6	-26.8	1.5	-7.38665	-7.38665	-88.1711	0	
-25.6	-24.4	1.5	-6.93643	-6.93643	-100.673	0	
-25.6	-22	1.5	-5.51821	-5.51821	-101.322	0	
-25.6	-19.6	1.5	0.212694	0.212694	-99.2902	0	
-25.6	-17.2	1.5	-2.64445	-2.64445	-99.1981	0	
-25.6	-14.8	1.5	3.12582	3.12582	-99.2353	0	
-25.6	-12.4	1.5	-2.59506	-2.59506	-96.0997	0	
-25.6	-10	1.5	-3.42429	-3.42429	-97.8396	0	
-25.6	-7.6	1.5	0.785111	0.785111	-97.1466	0	
-25.6	-5.2	1.5	1.38525	1.38525	-96.5274	0	
-25.6	-2.8	1.5	0.594974	0.594974	-97.2452	0	
-25.6	-0.4	1.5	1.42256	1.42256	-96.4167	0	
-25.6	2	1.5	-1.81555	-1.81555	-95.7444	0	
-25.6	4.4	1.5	0.237109	0.237109	-96.8238	0	
-25.6	6.8	1.5	-1.62708	-1.62708	-99.7489	0	
-25.6	9.2	1.5	-0.653086	-0.653086	-98.1432	0	
-25.6	11.6	1.5	-1.99753	-1.99753	-97.5963	0	
-25.6	14	1.5	-2.91173	-2.91173	-99.4394	0	
-25.6	16.4	1.5	-3.94507	-3.94507	-81.5084	0	
-25.6	18.8	1.5	-2.21957	-2.21957	-97.5143	0	
-25.6	21.2	1.5	-4.8454	-4.8454	-100.871	0	
-25.6	23.6	1.5	-4.99469	-4.99469	-102.42	0	
-25.6	26	1.5	3.1534	3.1534	-97.3959	0	
-25.6	28.4	1.5	-6.63649	-6.63649	-102.774	0	
-25.6	30.8	1.5	-6.5484	-6.5484	-103.092	0	
-25.6	33.2	1.5	-10.896	-10.896	-100.284	0	
-25.6	35.6	1.5	-9.77288	-9.77288	-106.36	0	
-25.6	38	1.5	4.22139	4.22139	-105.138	0	
-25.6	40.4	1.5	-9.01193	-9.01193	-108.888	0	
-25.6	42.8	1.5	0.161248	0.161248	-108.324	0	
-25.6	45.2	1.5	-6.54914	-6.54914	-106.988	0	
-25.6	47.6	1.5	-8.67696	-8.67696	-108.892	0	
-25.6	50	1.5	-14.2629	-14.2629	-103.499	0	
-23.2	-70	1.5	-10.9649	-10.9649	-113.214	0	
-23.2	-67.6	1.5	-16.0162	-16.0162	-106.233	0	
-23.2	-65.2	1.5	-14.6239	-14.6239	-99.7484	0	
-23.2	-62.8	1.5	-14.7492	-14.7492	-113.779	0	
-23.2	-60.4	1.5	-17.2422	-17.2422	-112.035	0	
-23.2	-58	1.5	2.27946	2.27946	-106.712	0	
-23.2	-55.6	1.5	-13.2038	-13.2038	-101.495	0	
-23.2	-53.2	1.5	-10.5935	-10.5935	-109.296	0	
-23.2	-50.8	1.5	-10.8586	-10.8586	-110.278	0	
-23.2	-48.4	1.5	-7.88351	-7.88351	-108.713	0	
-23.2	-46	1.5	-8.9051	-8.9051	-90.3157	0	
-23.2	-43.6	1.5	-12.1793	-12.1793	-102.902	0	
-23.2	-41.2	1.5	-8.88712	-8.88712	-106.213	0	
-23.2	-38.8	1.5	1.62522	1.62522	-106.883	0	
-23.2	-36.4	1.5	-10.2039	-10.2039	-103.361	0	
-23.2	-34	1.5	0.353922	0.353922	-104.951	0	
-23.2	-31.6	1.5	-7.92371	-7.92371	-103.491	0	
-23.2	-29.2	1.5	-5.06115	-5.06115	-83.9225	0	
-23.2	-26.8	1.5	0.0113006	0.0113006	-104	0	
-23.2	-24.4	1.5	3.18033	3.18033	-99.7139	0	
-23.2	-22	1.5	-2.54934	-2.54934	-99.191	0	
-23.2	-19.6	1.5	1.28067	1.28067	-100.211	0	
-23.2	-17.2	1.5	5.41484	5.41484	-98.2103	0	
-23.2	-14.8	1.5	-0.684413	-0.684413	-98.9223	0	
-23.2	-12.4	1.5	-0.223004	-0.223004	-95.3053	0	
-23.2	-10	1.5	10.1583	10.1583	-97.8108	0	
-23.2	-7.6	1.5	-3.25167	-3.25167	-94.9765	0	
-23.2	-5.2	1.5	-6.21525	-6.21525	-95.1732	0	
-23.2	-2.8	1.5	-1.12342	-1.12342	-91.7145	0	
-23.2	-0.4	1.5	2.11051	2.11051	-94.2428	0	
-23.2	2	1.5	0.949012	0.949012	-94.89	0	
-23.2	4.4	1.5	17.9493	17.9493	-95.4488	0	
-23.2	6.8	1.5	-0.911078	-0.911078	-97.7095	0	
-23.2	9.2	1.5	2.90022	2.90022	-95.5747	0	
-23.2	11.6	1.5	-0.711856	-0.711856	-95.3461	0	
-23.2	14	1.5	-1.74316	-1.74316	-98.542	0	
-23.2	16.4	1.5	-2.14302	-2.14302	-97.4216	0	
-23.2	18.8	1.5	2.46293	2.46293	-92.9774	0	
-23.2	21.2	1.5	2.25303	2.25303	-97.6949	0	
-23.2	23.6	1.5	-0.237996	-0.237996	-89.8877	0	
-23.2	26	1.5	-6.78998	-6.78998	-92.4206	0	
-23.2	28.4	1.5	10.4356	10.4356	-100.15	0	
-23.2	30.8	1.5	8.11959	8.11959	-103.843	0	
-23.2	33.2	1.5	-7.94692	-7.94692	-101.706	0	
-23.2	35.6	1.5	5.62488	5.62488	-90.5341	0	
-23.2	38	1.5	4.59028	4.59028	-111.918	0	
-23.2	40.4	1.5	-5.66201	-5.66201	-108.545	0	
-23.2	42.8	1.5	-9.91257	-9.91257	-103.925	0	
-23.2	45.2	1.5	-9.43615	-9.43615	-102.689	0	
-23.2	47.6	1.5	-2.98795	-2.98795	-104.924	0	
-23.2	50	1.5	-10.1878	-10.1878	-109.187	0	
-20.8	-70	1.5	-8.1266	-8.1266	-98.6334	0	
-20.8	-67.6	1.5	0.0446376	0.0446376	-111.882	0	
-20.8	-65.2	1.5	-2.27908	-2.27908	-108.507	0	
-20.8	-62.8	1.5	-12.7567	-12.7567	-112.516	0	
-20.8	-60.4	1.5	-15.9337	-15.9337	-104.224	0	
-20.8	-58	1.5	-17.9034	-17.9034	-110.376	0	
-20.8	-55.6	1.5	-14.3948	-14.3948	-103.823	0	
-20.8	-53.2	1.5	-15.5507	-15.5507	-111.573	0	
-20.8	-50.8	1.5	-5.45923	-5.45923	-103.713	0	
-20.8	-48.4	1.5	-8.86647	-8.86647	-109.17	0	
-20.8	-46	1.5	-11.1523	-11.1523	-94.6875	0	
-20.8	-43.6	1.5	-8.35015	-8.35015	-86.4206	0	
-20.8	-41.2	1.5	-11.2084	-11.2084	-104.67	0	
-20.8	-38.8	1.5	3.44471	3.44471	-100.209	0	
-20.8	-36.4	1.5	-7.71027	-7.71027	-104.587	0	
-20.8	-34	1.5	-8.43608	-8.43608	-106.388	0	
-20.8	-31.6	1.5	6.57245	6.57245	-104.332	0	
-20.8	-29.2	1.5	-5.65059	-5.65059	-100.665	0	
-20.8	-26.8	1.5	1.5448	1.5448	-90.8437	0	
-20.8	-24.4	1.5	-3.11932	-3.11932	-99.0963	0	
-20.8	-22	1.5	-2.95892	-2.95892	-100.204	0	
-20.8	-19.6	1.5	-2.82673	-2.82673	-97.2631	0	
-20.8	-17.2	1.5	-0.736161	-0.736161	-93.599	0	
-20.8	-14.8	1.5	-4.93377	-4.93377	-95.3311	0	
-20.8	-12.4	1.5	-1.72246	-1.72246	-95.1427	0	
-20.8	-10	1.5	2.95612	2.95612	-94.8702	0	
-20.8	-7.6	1.5	1.75276	1.75276	-95.2148	0	
-20.8	-5.2	1.5	2.06576	2.06576	-92.3305	0	
-20.8	-2.8	1.5	3.90345	3.90345	-91.6508	0	
-20.8	-0.4	1.5	3.89012	3.89012	-92.7143	0	
-20.8	2	1.5	-1.06611	-1.06611	-92.4506	0	
-20.8	4.4	1.5	4.0049	4.0049	-92.1999	0	
-20.8	6.8	1.5	-0.171665	-0.171665	-92.7416	0	
-20.8	9.2	1.5	3.33513	3.33513	-92.1859	0	
-20.8	11.6	1.5	1.61273	1.61273	-94.6553	0	
-20.8	14	1.5	3.32455	3.32455	-96.8619	0	
-20.8	16.4	1.5	-1.91334	-1.91334	-90.7144	0	
-20.8	18.8	1.5	-0.340163	-0.340163	-99.2913	0	
-20.8	21.2	1.5	-2.18746	-2.18746	-95.9092	0	
-20.8	23.6	1.5	-4.80475	-4.80475	-85.9567	0	
-20.8	26	1.5	-4.96898	-4.96898	-101.721	0	
-20.8	28.4	1.5	-6.09138	-6.09138	-104.365	0	
-20.8	30.8	1.5	0.0786593	0.0786593	-102.526	0	
-20.8	33.2	1.5	-8.50707	-8.50707	-107.791	0	
-20.8	35.6	1.5	-9.10422	-9.10422	-95.3003	0	
-20.8	38	1.5	-7.6155	-7.6155	-103.396	0	
-20.8	40.4	1.5	8.52336	8.52336	-103.548	0	
-20.8	42.8	1.5	-10.4769	-10.4769	-106.08	0	
-20.8	45.2	1.5	-10.9626	-10.9626	-101.06	0	
-20.8	47.6	1.5	-6.89881	-6.89881	-100.834	0	
-20.8	50	1.5	2.47641	2.47641	-106.171	0	
-18.4	-70	1.5	-12.4032	-12.4032	-99.9535	0	
-18.4	-67.6	1.5	-7.73364	-7.73364	-106.882	0	
-18.4	-65.2	1.5	-1.19185	-1.19185	-112.107	0	
-18.4	-62.8	1.5	-16.3239	-16.3239	-106.265	0	
-18.4	-60.4	1.5	-10.5952	-10.5952	-110.191	0	
-18.4	-58	1.5	-8.41949	-8.41949	-100.69	0	
-18.4	-55.6	1.5	-15.1536	-15.1536	-100.269	0	
-18.4	-53.2	1.5	-13.5114	-13.5114	-109.98	0	
-18.4	-50.8	1.5	-10.2096	-10.2096	-94.8242	0	
-18.4	-48.4	1.5	-11.2917	-11.2917	-110.994	0	
-18.4	-46	1.5	-12.3216	-12.3216	-101.931	0	
-18.4	-43.6	1.5	7.20027	7.20027	-102.561	0	
-18.4	-41.2	1.5	12.3952	12.3952	-84.0463	0	
-18.4	-38.8	1.5	9.6366	9.6366	-105.296	0	
-18.4	-36.4	1.5	0.706377	0.706377	-93.8056	0	
-18.4	-34	1.5	6.07225	6.07225	-97.732	0	
-18.4	-31.6	1.5	5.49466	5.49466	-102.441	0	
-18.4	-29.2	1.5	-3.3246	-3.3246	-86.763	0	
-18.4	-26.8	1.5	5.2732	5.2732	-88.6332	0	
-18.4	-24.4	1.5	-4.16818	-4.16818	-100.22	0	
-18.4	-22	1.5	-1.75339	-1.75339	-96.0474	0	
-18.4	-19.6	1.5	-4.00787	-4.00787	-96.3755	0	
-18.4	-17.2	1.5	0.0704897	0.0704897	-96.0052	0	
-18.4	-14.8	1.5	1.71073	1.71073	-95.5559	0	
-18.4	-12.4	1.5	4.48132	4.48132	-91.1331	0	
-18.4	-10	1.5	3.46033	3.46033	-91.951	0	
-18.4	-7.6	1.5	5.60452	5.60452	-91.8336	0	
-18.4	-5.2	1.5	3.68558	3.68558	-91.3169	0	
-18.4	-2.8	1.5	3.50247	3.50247	-90.1834	0	
-18.4	-0.4	1.5	4.5925	4.5925	-74.8342	0	
-18.4	2	1.5	5.05834	5.05834	-89.2601	0	
-18.4	4.4	1.5	4.43052	4.43052	-92.1177	0	
-18.4	6.8	1.5	2.93746	2.93746	-83.6772	0	
-18.4	9.2	1.5	11.5863	11.5863	-91.7365	0	
-18.4	11.6	1.5	4.73923	4.73923	-94.9908	0	
-18.4	14	1.5	3.22967	3.22967	-94.7978	0	
-18.4	16.4	1.5	5.16316	5.16316	-97.3402	0	
-18.4	18.8	1.5	0.45202	0.45202	-93.1708	0	
-18.4	21.2	1.5	-2.87816	-2.87816	-100.609	0	
-18.4	23.6	1.5	-2.22305	-2.22305	-91.4927	0	
-18.4	26	1.5	-3.60049	-3.60049	-100.149	0	
-18.4	28.4	1.5	-3.91321	-3.91321	-93.8934	0	
-18.4	30.8	1.5	-4.71784	-4.71784	-103.164	0	
-18.4	33.2	1.5	-0.367564	-0.367564	-101.833	0	
-18.4	35.6	1.5	-5.63326	-5.63326	-99.4311	0	
-18.4	38	1.5	-9.56504	-9.56504	-82.6872	0	
-18.4	40.4	1.5	-8.71319	-8.71319	-104.237	0	
-18.4	42.8	1.5	-6.99834	-6.99834	-90.9373	0	
-18.4	45.2	1.5	-4.79373	-4.79373	-105.171	0	
-18.4	47.6	1.5	-9.25759	-9.25759	-106.696	0	
-18.4	50	1.5	-5.55718	-5.55718	-95.7553	0	
-16	-70	1.5	-1.09215	-1.09215	-87.1259	0	
-16	-67.6	1.5	-9.20633	-9.20633	-96.1404	0	
-16	-65.2	1.5	-1.3176	-1.3176	-108.359	0	
-16	-62.8	1.5	2.90782	2.90782	-112.673	0	
-16	-60.4	1.5	2.40388	2.40388	-103.467	0	
-16	-58	1.5	-3.83439	-3.83439	-98.4048	0	
-16	-55.6	1.5	4.2715	4.2715	-110.091	0	
-16	-53.2	1.5	-13.4695	-13.4695	-95.9605	0	
-16	-50.8	1.5	-8.16042	-8.16042	-105.499	0	
-16	-48.4	1.5	7.40179	7.40179	-97.9018	0	
-16	-46	1.5	-6.63224	-6.63224	-86.5769	0	
-16	-43.6	1.5	-10.1672	-10.1672	-82.2112	0	
-16	-41.2	1.5	-7.7878	-7.7878	-106.19	0	
-16	-38.8	1.5	-4.01273	-4.01273	-104.567	0	
-16	-36.4	1.5	-2.37793	-2.37793	-103.684	0	
-16	-34	1.5	-4.86026	-4.86026	-102.785	0	
-16	-31.6	1.5	-3.7095	-3.7095	-86.9201	0	
-16	-29.2	1.5	-5.10077	-5.10077	-101.462	0	
-16	-26.8	1.5	-3.25317	-3.25317	-95.9216	0	
-16	-24.4	1.5	13.826	13.826	-95.4082	0	
-16	-22	1.5	2.88234	2.88234	-95.7972	0	
-16	-19.6	1.5	0.576966	0.576966	-97.8364	0	
-16	-17.2	1.5	2.71031	2.71031	-76.8515	0	
-16	-14.8	1.5	7.93322	7.93322	-93.4131	0	
-16	-12.4	1.5	2.98434	2.98434	-77.2133	0	
-16	-10	1.5	3.8351	3.8351	-86.7772	0	
-16	-7.6	1.5	8.71014	8.71014	-88.5198	0	
-16	-5.2	1.5	21.2024	21.2024	-90.032	0	
-16	-2.8	1.5	4.00876	4.00876	-89.685	0	
-16	-0.4	1.5	9.51605	9.51605	-87.6011	0	
-16	2	1.5	2.44665	2.44665	-90.563	0	
-16	4.4	1.5	7.79446	7.79446	-89.3244	0	
-16	6.8	1.5	2.9433	2.9433	-83.1323	0	
-16	9.2	1.5	5.75926	5.75926	-90.8133	0	
-16	11.6	1.5	5.41741	5.41741	-90.3244	0	
-16	14	1.5	3.28609	3.28609	-91.1941	0	
-16	16.4	1.5	3.60203	3.60203	-92.2518	0	
-16	18.8	1.5	1.60197	1.60197	-86.1897	0	
-16	21.2	1.5	-1.14508	-1.14508	-96.6124	0	
-16	23.6	1.5	1.88552	1.88552	-97.7764	0	
-16	26	1.5	-2.90926	-2.90926	-99.4875	0	
-16	28.4	1.5	-2.99284	-2.99284	-99.8374	0	
-16	30.8	1.5	-3.94445	-3.94445	-103.975	0	
-16	33.2	1.5	-8.04108	-8.04108	-100.529	0	
-16	35.6	1.5	8.39342	8.39342	-93.1824	0	
-16	38	1.5	-4.62141	-4.62141	-104.108	0	
-16	40.4	1.5	2.20207	2.20207	-105.591	0	
-16	42.8	1.5	-3.27921	-3.27921	-107.013	0	
-16	45.2	1.5	0.86124	0.86124	-105.31	0	
-16	47.6	1.5	-7.77886	-7.77886	-99.6075	0	
-16	50	1.5	4.42704	4.42704	-112.651	0	
-13.6	-70	1.5	2.76879	2.76879	-101.908	0	
-13.6	-67.6	1.5	1.16133	1.16133	-115.657	0	
-13.6	-65.2	1.5	-6.8006	-6.8006	-111.399	0	
-13.6	-62.8	1.5	-10.7365	-10.7365	-104.121	0	
-13.6	-60.4	1.5	-4.26577	-4.26577	-108.159	0	
-13.6	-58	1.5	-11.7944	-11.7944	-96.5124	0	
-13.6	-55.6	1.5	-7.48044	-7.48044	-97.9111	0	
-13.6	-53.2	1.5	-6.80439	-6.80439	-87.9305	0	
-13.6	-50.8	1.5	6.0393	6.0393	-108.24	0	
-13.6	-48.4	1.5	-10.3023	-10.3023	-100.597	0	
-13.6	-46	1.5	-4.48932	-4.48932	-105.789	0	
-13.6	-43.6	1.5	-9.69238	-9.69238	-103.949	0	
-13.6	-41.2	1.5	0.341561	0.341561	-99.3507	0	
-13.6	-38.8	1.5	14.1601	14.1601	-104.558	0	
-13.6	-36.4	1.5	3.83023	3.83023	-104.811	0	
-13.6	-34	1.5	7.19642	7.19642	-98.7189	0	
-13.6	-31.6	1.5	-4.43199	-4.43199	-100.031	0	
-13.6	-29.2	1.5	-1.57617	-1.57617	-95.8048	0	
-13.6	-26.8	1.5	-2.8329	-2.8329	-102.428	0	
-13.6	-24.4	1.5	-3.35176	-3.35176	-97.7208	0	
-13.6	-22	1.5	1.98261	1.98261	-97.3003	0	
-13.6	-19.6	1.5	6.1095	6.1095	-94.8948	0	
-13.6	-17.2	1.5	3.96452	3.96452	-92.1825	0	
-13.6	-14.8	1.5	3.90843	3.90843	-92.7495	0	
-13.6	-12.4	1.5	3.60049	3.60049	-90.8716	0	
-13.6	-10	1.5	9.43914	9.43914	-89.0446	0	
-13.6	-7.6	1.5	7.94258	7.94258	-87.4534	0	
-13.6	-5.2	1.5	10.9764	10.9764	-84.2458	0	
-13.6	-2.8	1.5	9.63399	9.63399	-89.2652	0	
-13.6	-0.4	1.5	11.0886	11.0886	-85.3575	0	
-13.6	2	1.5	12.8376	12.8376	-86.0207	0	
-13.6	4.4	1.5	7.19037	7.19037	-85.9477	0	
-13.6	6.8	1.5	9.95177	9.95177	-86.7809	0	
-13.6	9.2	1.5	7.71253	7.71253	-90.5081	0	
-13.6	11.6	1.5	6.95996	6.95996	-89.6096	0	
-13.6	14	1.5	7.26204	7.26204	-89.0767	0	
-13.6	16.4	1.5	2.80623	2.80623	-92.026	0	
-13.6	18.8	1.5	1.512	1.512	-91.6226	0	
-13.6	21.2	1.5	0.596252	0.596252	-80.5978	0	
-13.6	23.6	1.5	-0.507114	-0.507114	-91.0437	0	
-13.6	26	1.5	-2.86923	-2.86923	-95.5812	0	
-13.6	28.4	1.5	0.872683	0.872683	-85.4313	0	
-13.6	30.8	1.5	4.83419	4.83419	-101.396	0	
-13.6	33.2	1.5	-6.42106	-6.42106	-95.0194	0	
-13.6	35.6	1.5	-4.44149	-4.44149	-103.175	0	
-13.6	38	1.5	-9.14216	-9.14216	-92.564	0	
-13.6	40.4	1.5	-7.73185	-7.73185	-102.114	0	
-13.6	42.8	1.5	5.70387	5.70387	-98.6776	0	
-13.6	45.2	1.5	8.63311	8.63311	-82.9386	0	
-13.6	47.6	1.5	-0.440714	-0.440714	-105.447	0	
-13.6	50	1.5	-6.48659	-6.48659	-108.697	0	
-11.2	-70	1.5	-8.53054	-8.53054	-109.887	0	
-11.2	-67.6	1.5	-13.5796	-13.5796	-94.5647	0	
-11.2	-65.2	1.5	-13.8126	-13.8126	-92.7577	0	
-11.2	-62.8	1.5	-1.57631	-1.57631	-104.352	0	
-11.2	-60.4	1.5	-0.663774	-0.663774	-101.716	0	
-11.2	-58	1.5	1.2904	1.2904	-106.182	0	
-11.2	-55.6	1.5	-11.6445	-11.6445	-100.919	0	
-11.2	-53.2	1.5	4.0969	4.0969	-105.278	0	
-11.2	-50.8	1.5	1.33564	1.33564	-94.0625	0	
-11.2	-48.4	1.5	8.9194	8.9194	-89.1612	0	
-11.2	-46	1.5	-7.47432	-7.47432	-97.1391	0	
-11.2	-43.6	1.5	-9.40399	-9.40399	-98.2636	0	
-11.2	-41.2	1.5	-9.13481	-9.13481	-105.073	0	
-11.2	-38.8	1.5	9.18252	9.18252	-93.3401	0	
-11.2	-36.4	1.5	4.22538	4.22538	-101.768	0	
-11.2	-34	1.5	-5.24454	-5.24454	-93.3469	0	
-11.2	-31.6	1.5	-2.89605	-2.89605	-75.4822	0	
-11.2	-29.2	1.5	-4.73051	-4.73051	-97.3231	0	
-11.2	-26.8	1.5	16.4136	16.4136	-91.9736	0	
-11.2	-24.4	1.5	-1.61635	-1.61635	-95.0537	0	
-11.2	-22	1.5	0.0287764	0.0287764	-90.8685	0	
-11.2	-19.6	1.5	2.81952	2.81952	-94.2267	0	
-11.2	-17.2	1.5	8.12576	8.12576	-88.9915	0	
-11.2	-14.8	1.5	5.09627	5.09627	-90.2585	0	
-11.2	-12.4	1.5	6.00332	6.00332	-76.9083	0	
-11.2	-10	1.5	7.64315	7.64315	-74.88	0	
-11.2	-7.6	1.5	14.6422	14.6422	-73.9811	0	
-11.2	-5.2	1.5	12.0402	12.0402	-85.3482	0	
-11.2	-2.8	1.5	12.7921	12.7921	-80.4947	0	
-11.2	-0.4	1.5	14.3362	14.3362	-82.1568	0	
-11.2	2	1.5	13.8729	13.8729	-82.8915	0	
-11.2	4.4	1.5	14.3233	14.3233	-83.1563	0	
-11.2	6.8	1.5	11.8784	11.8784	-88.0737	0	
-11.2	9.2	1.5	8.76622	8.76622	-86.5439	0	
-11.2	11.6	1.5	7.19584	7.19584	-88.0475	0	
-11.2	14	1.5	21.0185	21.0185	-90.8686	0	
-11.2	16.4	1.5	3.33349	3.33349	-91.4308	0	
-11.2	18.8	1.5	6.15339	6.15339	-91.673	0	
-11.2	21.2	1.5	1.46158	1.46158	-93.7502	0	
-11.2	23.6	1.5	4.85997	4.85997	-93.7447	0	
-11.2	26	1.5	0.997021	0.997021	-94.0331	0	
-11.2	28.4	1.5	1.72338	1.72338	-89.6077	0	
-11.2	30.8	1.5	8.66829	8.66829	-96.6525	0	
-11.2	33.2	1.5	-3.07346	-3.07346	-103.104	0	
-11.2	35.6	1.5	-6.99975	-6.99975	-87.6539	0	
-11.2	38	1.5	2.82759	2.82759	-89.0425	0	
-11.2	40.4	1.5	15.1903	15.1903	-103.35	0	
-11.2	42.8	1.5	-9.78507	-9.78507	-103.475	0	
-11.2	45.2	1.5	-6.64002	-6.64002	-91.6262	0	
-11.2	47.6	1.5	2.71453	2.71453	-90.6858	0	
-11.2	50	1.5	-10.085	-10.085	-105.238	0	
-8.8	-70	1.5	-11.1265	-11.1265	-105.985	0	
-8.8	-67.6	1.5	-1.24433	-1.24433	-97.5409	0	
-8.8	-65.2	1.5	-10.4567	-10.4567	-105.996	0	
-8.8	-62.8	1.5	4.16671	4.16671	-101.708	0	
-8.8	-60.4	1.5	-8.0356	-8.0356	-109.137	0	
-8.8	-58	1.5	-7.29881	-7.29881	-107.641	0	
-8.8	-55.6	1.5	-4.05707	-4.05707	-100.123	0	
-8.8	-53.2	1.5	4.67812	4.67812	-104.314	0	
-8.8	-50.8	1.5	-9.63392	-9.63392	-97.6858	0	
-8.8	-48.4	1.5	1.66088	1.66088	-102.062	0	
-8.8	-46	1.5	-1.15454	-1.15454	-103.217	0	
-8.8	-43.6	1.5	-8.47699	-8.47699	-91.032	0	
-8.8	-41.2	1.5	-1.37277	-1.37277	-93.2857	0	
-8.8	-38.8	1.5	8.83272	8.83272	-93.7367	0	
-8.8	-36.4	1.5	-5.19999	-5.19999	-99.3231	0	
-8.8	-34	1.5	1.7577	1.7577	-85.3252	0	
-8.8	-31.6	1.5	11.4332	11.4332	-100.206	0	
-8.8	-29.2	1.5	-1.99366	-1.99366	-95.9081	0	
-8.8	-26.8	1.5	-1.85952	-1.85952	-90.4027	0	
-8.8	-24.4	1.5	-0.827468	-0.827468	-91.4301	0	
-8.8	-22	1.5	0.75496	0.75496	-93.189	0	
-8.8	-19.6	1.5	4.47706	4.47706	-91.9657	0	
-8.8	-17.2	1.5	18.3728	18.3728	-91.6781	0	
-8.8	-14.8	1.5	20.4188	20.4188	-81.1287	0	
-8.8	-12.4	1.5	15.0658	15.0658	-67.7958	0	
-8.8	-10	1.5	14.2919	14.2919	-84.9945	0	
-8.8	-7.6	1.5	13.3035	13.3035	-82.8098	0	
-8.8	-5.2	1.5	15.8005	15.8005	-80.4976	0	
-8.8	-2.8	1.5	16.7792	16.7792	-79.95	0	
-8.8	-0.4	1.5	18.8824	18.8824	-78.178	0	
-8.8	2	1.5	15.8994	15.8994	-78.89	0	
-8.8	4.4	1.5	17.5981	17.5981	-82.1988	0	
-8.8	6.8	1.5	19.5873	19.5873	-68.3597	0	
-8.8	9.2	1.5	12.9272	12.9272	-81.7077	0	
-8.8	11.6	1.5	13.0661	13.0661	-86.1501	0	
-8.8	14	1.5	9.95625	9.95625	-85.5349	0	
-8.8	16.4	1.5	7.33981	7.33981	-85.4648	0	
-8.8	18.8	1.5	3.06839	3.06839	-81.4996	0	
-8.8	21.2	1.5	2.60064	2.60064	-96.8941	0	
-8.8	23.6	1.5	1.16063	1.16063	-95.9397	0	
-8.8	26	1.5	3.7355	3.7355	-97.2253	0	
-8.8	28.4	1.5	9.0761	9.0761	-99.7535	0	
-8.8	30.8	1.5	-0.222802	-0.222802	-100.391	0	
-8.8	33.2	1.5	5.44471	5.44471	-98.3176	0	
-8.8	35.6	1.5	-3.67787	-3.67787	-102.415	0	
-8.8	38	1.5	-4.23926	-4.23926	-102.872	0	
-8.8	40.4	1.5	-8.7351	-8.7351	-102.543	0	
-8.8	42.8	1.5	-3.16377	-3.16377	-101.996	0	
-8.8	45.2	1.5	-9.40402	-9.40402	-105.922	0	
-8.8	47.6	1.5	-4.30333	-4.30333	-99.7384	0	
-8.8	50	1.5	1.87139	1.87139	-100.984	0	
-6.4	-70	1.5	-4.90321	-4.90321	-108.778	0	
-6.4	-67.6	1.5	-12.5985	-12.5985	-91.917	0	
-6.4	-65.2	1.5	-2.99685	-2.99685	-108.462	0	
-6.4	-62.8	1.5	-0.283665	-0.283665	-107.665	0	
-6.4	-60.4	1.5	9.15456	9.15456	-106.079	0	
-6.4	-58	1.5	-10.5949	-10.5949	-86.6805	0	
-6.4	-55.6	1.5	-7.89038	-7.89038	-84.9898	0	
-6.4	-53.2	1.5	-9.65161	-9.65161	-104.58	0	
-6.4	-50.8	1.5	-6.51557	-6.51557	-106.448	0	
-6.4	-48.4	1.5	-5.39775	-5.39775	-99.438	0	
-6.4	-46	1.5	7.33725	7.33725	-101.45	0	
-6.4	-43.6	1.5	-6.22528	-6.22528	-100.387	0	
-6.4	-41.2	1.5	-0.619099	-0.619099	-86.7696	0	
-6.4	-38.8	1.5	6.5175	6.5175	-98.5954	0	
-6.4	-36.4	1.5	3.52236	3.52236	-99.5355	0	
-6.4	-34	1.5	-0.778859	-0.778859	-93.983	0	
-6.4	-31.6	1.5	-1.00322	-1.00322	-96.0515	0	
-6.4	-29.2	1.5	-3.50531	-3.50531	-101.55	0	
-6.4	-26.8	1.5	14.7252	14.7252	-97.263	0	
-6.4	-24.4	1.5	2.1734	2.1734	-96.4729	0	
-6.4	-22	1.5	1.95462	1.95462	-92.7438	0	
-6.4	-19.6	1.5	1.18117	1.18117	-83.6574	0	
-6.4	-17.2	1.5	7.73838	7.73838	-90.9683	0	
-6.4	-14.8	1.5	11.1718	11.1718	-80.5778	0	
-6.4	-12.4	1.5	11.0816	11.0816	-86.5918	0	
-6.4	-10	1.5	13.0378	13.0378	-75.3535	0	
-6.4	-7.6	1.5	25.0609	25.0609	-72.7652	0	
-6.4	-5.2	1.5	19.655	19.655	-75.5239	0	
-6.4	-2.8	1.5	20.303	20.303	-72.8901	0	
-6.4	-0.4	1.5	22.6914	22.6914	-71.9108	0	
-6.4	2	1.5	21.8809	21.8809	-74.7168	0	
-6.4	4.4	1.5	20.2962	20.2962	-74.2996	0	
-6.4	6.8	1.5	22.5799	22.5799	-71.4737	0	
-6.4	9.2	1.5	28.4878	28.4878	-69.0844	0	
-6.4	11.6	1.5	15.3722	15.3722	-83.7727	0	
-6.4	14	1.5	9.24747	9.24747	-80.0899	0	
-6.4	16.4	1.5	8.67854	8.67854	-86.5594	0	
-6.4	18.8	1.5	7.18509	7.18509	-87.5998	0	
-6.4	21.2	1.5	5.71206	5.71206	-94.313	0	
-6.4	23.6	1.5	2.17364	2.17364	-88.1987	0	
-6.4	26	1.5	17.7068	17.7068	-88.3263	0	
-6.4	28.4	1.5	-2.60174	-2.60174	-97.367	0	
-6.4	30.8	1.5	15.1226	15.1226	-86.6139	0	
-6.4	33.2	1.5	-2.84099	-2.84099	-94.478	0	
-6.4	35.6	1.5	-2.95789	-2.95789	-99.4614	0	
-6.4	38	1.5	8.12632	8.12632	-87.06	0	
-6.4	40.4	1.5	-6.94805	-6.94805	-100.505	0	
-6.4	42.8	1.5	5.19272	5.19272	-102.85	0	
-6.4	45.2	1.5	-5.31084	-5.31084	-101.346	0	
-6.4	47.6	1.5	-7.86205	-7.86205	-96.7363	0	
-6.4	50	1.5	-3.51085	-3.51085	-102.979	0	
-4	-70	1.5	-9.16927	-9.16927	-95.5026	0	
-4	-67.6	1.5	-8.93353	-8.93353	-87.672	0	
-4	-65.2	1.5	-6.34167	-6.34167	-105.165	0	
-4	-62.8	1.5	5.30567	5.30567	-92.4897	0	
-4	-60.4	1.5	-11.1357	-11.1357	-98.8766	0	
-4	-58	1.5	-4.08952	-4.08952	-93.6817	0	
-4	-55.6	1.5	-15.7869	-15.7869	-107.306	0	
-4	-53.2	1.5	1.42002	1.42002	-103.106	0	
-4	-50.8	1.5	-6.31634	-6.31634	-103.258	0	
-4	-48.4	1.5	8.46845	8.46845	-93.1856	0	
-4	-46	1.5	-6.63482	-6.63482	-103.941	0	
-4	-43.6	1.5	-0.438711	-0.438711	-98.9775	0	
-4	-41.2	1.5	5.42907	5.42907	-87.7149	0	
-4	-38.8	1.5	-0.773938	-0.773938	-95.1385	0	
-4	-36.4	1.5	-2.39516	-2.39516	-89.392	0	
-4	-34	1.5	3.48139	3.48139	-94.0693	0	
-4	-31.6	1.5	-3.45336	-3.45336	-96.9852	0	
-4	-29.2	1.5	9.64487	9.64487	-83.8399	0	
-4	-26.8	1.5	11.0483	11.0483	-92.6281	0	
-4	-24.4	1.5	5.02994	5.02994	-93.6469	0	
-4	-22	1.5	15.8431	15.8431	-81.9675	0	
-4	-19.6	1.5	3.05978	3.05978	-92.7337	0	
-4	-17.2	1.5	10.7731	10.7731	-87.4041	0	
-4	-14.8	1.5	11.9764	11.9764	-83.4349	0	
-4	-12.4	1.5	15.2073	15.2073	-85.2559	0	
-4	-10	1.5	13.6119	13.6119	-80.3212	0	
-4	-7.6	1.5	22.9738	22.9738	-77.2723	0	
-4	-5.2	1.5	23.0756	23.0756	-70.1011	0	
-4	-2.8	1.5	24.3582	24.3582	-69.1899	0	
-4	-0.4	1.5	21.2801	21.2801	-68.825	0	
-4	2	1.5	26.6652	26.6652	-68.9731	0	
-4	4.4	1.5	28.9552	28.9552	-71.1878	0	
-4	6.8	1.5	17.0068	17.0068	-74.5053	0	
-4	9.2	1.5	20.2684	20.2684	-80.1111	0	
-4	11.6	1.5	21.4624	21.4624	-83.1036	0	
-4	14	1.5	16.3034	16.3034	-90.0142	0	
-4	16.4	1.5	2.93481	2.93481	-88.0433	0	
-4	18.8	1.5	9.36601	9.36601	-79.4578	0	
-4	21.2	1.5	2.75629	2.75629	-89.9977	0	
-4	23.6	1.5	5.08597	5.08597	-91.4596	0	
-4	26	1.5	-4.67465	-4.67465	-80.5455	0	
-4	28.4	1.5	2.0803	2.0803	-89.9287	0	
-4	30.8	1.5	3.3233	3.3233	-84.6828	0	
-4	33.2	1.5	-1.06232	-1.06232	-94.1035	0	
-4	35.6	1.5	11.357	11.357	-88.6388	0	
-4	38	1.5	0.28656	0.28656	-98.2209	0	
-4	40.4	1.5	-1.89493	-1.89493	-101.105	0	
-4	42.8	1.5	-1.29898	-1.29898	-95.297	0	
-4	45.2	1.5	0.877913	0.877913	-101.952	0	
-4	47.6	1.5	-5.31166	-5.31166	-96.8661	0	
-4	50	1.5	-2.60936	-2.60936	-91.8475	0	
-1.6	-70	1.5	-4.52478	-4.52478	-99.1925	0	
-1.6	-67.6	1.5	-1.23657	-1.23657	-88.1462	0	
-1.6	-65.2	1.5	-11.3221	-11.3221	-96.7968	0	
-1.6	-62.8	1.5	-6.63289	-6.63289	-93.4364	0	
-1.6	-60.4	1.5	-3.95147	-3.95147	-108	0	
-1.6	-58	1.5	0.805859	0.805859	-96.4562	0	
-1.6	-55.6	1.5	-2.0464	-2.0464	-101.676	0	
-1.6	-53.2	1.5	-5.03497	-5.03497	-90.9218	0	
-1.6	-50.8	1.5	1.20683	1.20683	-89.8934	0	
-1.6	-48.4	1.5	-1.77326	-1.77326	-99.145	0	
-1.6	-46	1.5	4.83762	4.83762	-93.8421	0	
-1.6	-43.6	1.5	4.70002	4.70002	-91.1386	0	
-1.6	-41.2	1.5	-5.28912	-5.28912	-97.721	0	
-1.6	-38.8	1.5	12.0548	12.0548	-98.1974	0	
-1.6	-36.4	1.5	0.286429	0.286429	-100.036	0	
-1.6	-34	1.5	-1.92359	-1.92359	-91.4121	0	
-1.6	-31.6	1.5	7.80967	7.80967	-77.6066	0	
-1.6	-29.2	1.5	7.42306	7.42306	-89.4175	0	
-1.6	-26.8	1.5	16.7821	16.7821	-89.5931	0	
-1.6	-24.4	1.5	4.92294	4.92294	-90.3457	0	
-1.6	-22	1.5	11.3624	11.3624	-89.8913	0	
-1.6	-19.6	1.5	9.75751	9.75751	-88.421	0	
-1.6	-17.2	1.5	17.9107	17.9107	-70.3636	0	
-1.6	-14.8	1.5	19.7827	19.7827	-82.7773	0	
-1.6	-12.4	1.5	19.9535	19.9535	-82.1517	0	
-1.6	-10	1.5	21.2943	21.2943	-78.5918	0	
-1.6	-7.6	1.5	26.8403	26.8403	-74.9483	0	
-1.6	-5.2	1.5	27.5075	27.5075	-68.6102	0	
-1.6	-2.8	1.5	31.4502	31.4502	-66.4858	0	
-1.6	-0.4	1.5	38.3268	38.3268	-58.7616	0	
-1.6	2	1.5	34.2354	34.2354	-54.132	0	
-1.6	4.4	1.5	35.2449	35.2449	-65.5533	0	
-1.6	6.8	1.5	34.8533	34.8533	-68.8029	0	
-1.6	9.2	1.5	13.2875	13.2875	-64.4725	0	
-1.6	11.6	1.5	16.0451	16.0451	-81.1569	0	
-1.6	14	1.5	12.7541	12.7541	-82.6815	0	
-1.6	16.4	1.5	10.5679	10.5679	-81.0579	0	
-1.6	18.8	1.5	16.1615	16.1615	-84.3342	0	
-1.6	21.2	1.5	8.03925	8.03925	-90.6303	0	
-1.6	23.6	1.5	6.46405	6.46405	-91.0191	0	
-1.6	26	1.5	8.24099	8.24099	-90.6689	0	
-1.6	28.4	1.5	11.1177	11.1177	-90.9549	0	
-1.6	30.8	1.5	6.4765	6.4765	-85.3612	0	
-1.6	33.2	1.5	8.67951	8.67951	-91.1324	0	
-1.6	35.6	1.5	1.42793	1.42793	-93.3248	0	
-1.6	38	1.5	3.59149	3.59149	-93.7066	0	
-1.6	40.4	1.5	1.29402	1.29402	-94.7434	0	
-1.6	42.8	1.5	0.826013	0.826013	-104.535	0	
-1.6	45.2	1.5	-2.73044	-2.73044	-97.4341	0	
-1.6	47.6	1.5	13.069	13.069	-98.9153	0	
-1.6	50	1.5	8.09341	8.09341	-103.162	0	
0.8	-70	1.5	-10.1519	-10.1519	-105.568	0	
0.8	-67.6	1.5	-3.21026	-3.21026	-97.1923	0	
0.8	-65.2	1.5	-6.8554	-6.8554	-99.9078	0	
0.8	-62.8	1.5	9.22835	9.22835	-92.7407	0	
0.8	-60.4	1.5	-0.736016	-0.736016	-91.2781	0	
0.8	-58	1.5	-3.79566	-3.79566	-103.837	0	
0.8	-55.6	1.5	-4.30133	-4.30133	-87.6255	0	
0.8	-53.2	1.5	-6.12543	-6.12543	-95.789	0	
0.8	-50.8	1.5	4.77767	4.77767	-94.6992	0	
0.8	-48.4	1.5	9.24096	9.24096	-88.7595	0	
0.8	-46	1.5	-2.23014	-2.23014	-84.6465	0	
0.8	-43.6	1.5	13.609	13.609	-93.8059	0	
0.8	-41.2	1.5	8.57943	8.57943	-82.62	0	
0.8	-38.8	1.5	2.50891	2.50891	-91.7663	0	
0.8	-36.4	1.5	4.92076	4.92076	-90.6995	0	
0.8	-34	1.5	10.6159	10.6159	-92.7806	0	
0.8	-31.6	1.5	11.0801	11.0801	-92.0892	0	
0.8	-29.2	1.5	6.64327	6.64327	-89.7749	0	
0.8	-26.8	1.5	17.194	17.194	-92.5394	0	
0.8	-24.4	1.5	9.01973	9.01973	-83.0226	0	
0.8	-22	1.5	14.0332	14.0332	-84.9557	0	
0.8	-19.6	1.5	11.5034	11.5034	-79.4565	0	
0.8	-17.2	1.5	15.3179	15.3179	-81.1394	0	
0.8	-14.8	1.5	25.4267	25.4267	-77.926	0	
0.8	-12.4	1.5	17.9304	17.9304	-70.4254	0	
0.8	-10	1.5	27.1261	27.1261	-70.8819	0	
0.8	-7.6	1.5	30.2621	30.2621	-61.7937	0	
0.8	-5.2	1.5	39.7902	39.7902	-57.6344	0	
0.8	-2.8	1.5	46.0961	46.0961	-52.7188	0	
0.8	-0.4	1.5	68.9602	68.9602	-28.3414	0	
0.8	2	1.5	49.2127	49.2127	-42.8504	0	
0.8	4.4	1.5	42.6764	42.6764	-52.3406	0	
0.8	6.8	1.5	34.0763	34.0763	-61.8501	0	
0.8	9.2	1.5	27.1377	27.1377	-68.7616	0	
0.8	11.6	1.5	23.2935	23.2935	-71.637	0	
0.8	14	1.5	20.9608	20.9608	-75.4294	0	
0.8	16.4	1.5	18.5126	18.5126	-81.9543	0	
0.8	18.8	1.5	13.0043	13.0043	-68.8296	0	
0.8	21.2	1.5	17.6813	17.6813	-79.2324	0	
0.8	23.6	1.5	7.9498	7.9498	-86.2319	0	
0.8	26	1.5	11.0728	11.0728	-86.1558	0	
0.8	28.4	1.5	7.0813	7.0813	-89.2635	0	
0.8	30.8	1.5	2.05595	2.05595	-87.3474	0	
0.8	33.2	1.5	2.50032	2.50032	-91.1983	0	
0.8	35.6	1.5	2.59193	2.59193	-85.0281	0	
0.8	38	1.5	8.13052	8.13052	-85.1786	0	
0.8	40.4	1.5	4.14508	4.14508	-87.9037	0	
0.8	42.8	1.5	-0.811311	-0.811311	-97.3501	0	
0.8	45.2	1.5	-0.824966	-0.824966	-95.565	0	
0.8	47.6	1.5	-4.10634	-4.10634	-95.3025	0	
0.8	50	1.5	-5.11498	-5.11498	-99.8134	0	
3.2	-70	1.5	3.82422	3.82422	-92.8138	0	
3.2	-67.6	1.5	-7.21598	-7.21598	-106.814	0	
3.2	-65.2	1.5	2.9775	2.9775	-100.201	0	
3.2	-62.8	1.5	-6.13386	-6.13386	-93.1704	0	
3.2	-60.4	1.5	11.6761	11.6761	-88.3775	0	
3.2	-58	1.5	10.116	10.116	-90.3491	0	
3.2	-55.6	1.5	3.76081	3.76081	-99.0508	0	
3.2	-53.2	1.5	-3.6425	-3.6425	-100.782	0	
3.2	-50.8	1.5	8.33511	8.33511	-97.9735	0	
3.2	-48.4	1.5	5.25321	5.25321	-97.1794	0	
3.2	-46	1.5	-1.71307	-1.71307	-84.9481	0	
3.2	-43.6	1.5	3.29042	3.29042	-85.1825	0	
3.2	-41.2	1.5	1.78575	1.78575	-97.1546	0	
3.2	-38.8	1.5	18.523	18.523	-92.4899	0	
3.2	-36.4	1.5	4.43012	4.43012	-89.0398	0	
3.2	-34	1.5	5.71718	5.71718	-91.7851	0	
3.2	-31.6	1.5	5.40664	5.40664	-90.3716	0	
3.2	-29.2	1.5	6.46295	6.46295	-87.7777	0	
3.2	-26.8	1.5	11.5122	11.5122	-88.4813	0	
3.2	-24.4	1.5	12.8394	12.8394	-82.6308	0	
3.2	-22	1.5	15.3297	15.3297	-83.0168	0	
3.2	-19.6	1.5	18.9766	18.9766	-76.4126	0	
3.2	-17.2	1.5	17.9545	17.9545	-75.7681	0	
3.2	-14.8	1.5	21.5333	21.5333	-74.4216	0	
3.2	-12.4	1.5	27.1129	27.1129	-65.326	0	
3.2	-10	1.5	34.0135	34.0135	-63.9913	0	
3.2	-7.6	1.5	37.4319	37.4319	-55.2852	0	
3.2	-5.2	1.5	48.7658	48.7658	-50.0332	0	
3.2	-2.8	1.5	54.5666	54.5666	-42.984	0	
3.2	-0.4	1.5	58.802	58.802	-36.0656	0	
3.2	2	1.5	53.5955	53.5955	-41.303	0	
3.2	4.4	1.5	48.1729	48.1729	-48.0628	0	
3.2	6.8	1.5	38.8703	38.8703	-57.0341	0	
3.2	9.2	1.5	38.4129	38.4129	-63.9564	0	
3.2	11.6	1.5	28.7098	28.7098	-68.19	0	
3.2	14	1.5	23.6356	23.6356	-73.4182	0	
3.2	16.4	1.5	20.8047	20.8047	-76.9152	0	
3.2	18.8	1.5	16.4138	16.4138	-73.6588	0	
3.2	21.2	1.5	15.6441	15.6441	-80.2621	0	
3.2	23.6	1.5	14.2789	14.2789	-82.6593	0	
3.2	26	1.5	14.4124	14.4124	-79.4166	0	
3.2	28.4	1.5	8.75607	8.75607	-79.925	0	
3.2	30.8	1.5	6.982	6.982	-89.197	0	
3.2	33.2	1.5	5.34839	5.34839	-79.4844	0	
3.2	35.6	1.5	4.82804	4.82804	-93.9542	0	
3.2	38	1.5	16.2803	16.2803	-88.8274	0	
3.2	40.4	1.5	-2.58962	-2.58962	-90.832	0	
3.2	42.8	1.5	-0.0759611	-0.0759611	-90.9478	0	
3.2	45.2	1.5	0.849565	0.849565	-86.2941	0	
3.2	47.6	1.5	-2.3661	-2.3661	-97.0819	0	
3.2	50	1.5	6.33297	6.33297	-94.7904	0	
5.6	-70	1.5	-7.53665	-7.53665	-94.4881	0	
5.6	-67.6	1.5	-2.89478	-2.89478	-107.088	0	
5.6	-65.2	1.5	3.25918	3.25918	-100.756	0	
5.6	-62.8	1.5	-2.13926	-2.13926	-98.9327	0	
5.6	-60.4	1.5	-8.94494	-8.94494	-98.2755	0	
5.6	-58	1.5	-4.01895	-4.01895	-99.8705	0	
5.6	-55.6	1.5	3.52092	3.52092	-102.077	0	
5.6	-53.2	1.5	9.58856	9.58856	-99.4172	0	
5.6	-50.8	1.5	-1.13262	-1.13262	-96.679	0	
5.6	-48.4	1.5	0.543864	0.543864	-86.7655	0	
5.6	-46	1.5	6.23246	6.23246	-94.2869	0	
5.6	-43.6	1.5	6.21835	6.21835	-92.9139	0	
5.6	-41.2	1.5	-1.28573	-1.28573	-93.7393	0	
5.6	-38.8	1.5	2.31347	2.31347	-82.9571	0	
5.6	-36.4	1.5	8.31117	8.31117	-91.3904	0	
5.6	-34	1.5	9.33105	9.33105	-88.9125	0	
5.6	-31.6	1.5	8.01536	8.01536	-89.1739	0	
5.6	-29.2	1.5	12.9931	12.9931	-83.9348	0	
5.6	-26.8	1.5	14.002	14.002	-85.8326	0	
5.6	-24.4	1.5	10.7125	10.7125	-82.0367	0	
5.6	-22	1.5	15.6943	15.6943	-81.1163	0	
5.6	-19.6	1.5	16.5064	16.5064	-76.1568	0	
5.6	-17.2	1.5	25.7535	25.7535	-74.7156	0	
5.6	-14.8	1.5	27.9295	27.9295	-72.7735	0	
5.6	-12.4	1.5	25.776	25.776	-67.2519	0	
5.6	-10	1.5	33.2058	33.2058	-62.608	0	
5.6	-7.6	1.5	39.1223	39.1223	-56.0487	0	
5.6	-5.2	1.5	45.7632	45.7632	-51.5294	0	
5.6	-2.8	1.5	52.4474	52.4474	-47.7319	0	
5.6	-0.4	1.5	53.3358	53.3358	-39.8433	0	
5.6	2	1.5	53.1143	53.1143	-43.5849	0	
5.6	4.4	1.5	48.0361	48.0361	-49.2278	0	
5.6	6.8	1.5	41.4539	41.4539	-53.5286	0	
5.6	9.2	1.5	33.4836	33.4836	-60.2833	0	
5.6	11.6	1.5	29.293	29.293	-68.0839	0	
5.6	14	1.5	28.8894	28.8894	-70.3287	0	
5.6	16.4	1.5	21.6763	21.6763	-75.8315	0	
5.6	18.8	1.5	18.8231	18.8231	-76.2249	0	
5.6	21.2	1.5	17.0869	17.0869	-80.0768	0	
5.6	23.6	1.5	16.7229	16.7229	-82.1111	0	
5.6	26	1.5	12.4733	12.4733	-84.5031	0	
5.6	28.4	1.5	9.76273	9.76273	-84.3992	0	
5.6	30.8	1.5	13.0694	13.0694	-84.7215	0	
5.6	33.2	1.5	1.8518	1.8518	-78.5475	0	
5.6	35.6	1.5	16.1812	16.1812	-85.7691	0	
5.6	38	1.5	3.52915	3.52915	-93.8117	0	
5.6	40.4	1.5	1.06303	1.06303	-93.274	0	
5.6	42.8	1.5	2.27842	2.27842	-85.749	0	
5.6	45.2	1.5	7.52195	7.52195	-82.3659	0	
5.6	47.6	1.5	7.04055	7.04055	-89.0472	0	
5.6	50	1.5	7.40708	7.40708	-93.0149	0	
8	-70	1.5	-11.0049	-11.0049	-101.244	0	
8	-67.6	1.5	-5.83735	-5.83735	-102.946	0	
8	-65.2	1.5	-4.09757	-4.09757	-97.389	0	
8	-62.8	1.5	-2.04161	-2.04161	-102.795	0	
8	-60.4	1.5	-1.54743	-1.54743	-97.2753	0	
8	-58	1.5	1.86086	1.86086	-100.363	0	
8	-55.6	1.5	6.83343	6.83343	-96.3538	0	
8	-53.2	1.5	-0.188946	-0.188946	-98.104	0	
8	-50.8	1.5	-1.02288	-1.02288	-94.1886	0	
8	-48.4	1.5	0.280978	0.280978	-95.8777	0	
8	-46	1.5	0.874694	0.874694	-93.3222	0	
8	-43.6	1.5	5.20493	5.20493	-91.8774	0	
8	-41.2	1.5	14.6009	14.6009	-94.1585	0	
8	-38.8	1.5	4.77267	4.77267	-91.246	0	
8	-36.4	1.5	8.17627	8.17627	-92.1187	0	
8	-34	1.5	9.07361	9.07361	-75.144	0	
8	-31.6	1.5	10.5483	10.5483	-84.3833	0	
8	-29.2	1.5	13.3572	13.3572	-84.8512	0	
8	-26.8	1.5	15.2146	15.2146	-78.7519	0	
8	-24.4	1.5	15.9481	15.9481	-77.6569	0	
8	-22	1.5	14.1624	14.1624	-78.819	0	
8	-19.6	1.5	19.7456	19.7456	-75.4427	0	
8	-17.2	1.5	25.3238	25.3238	-73.9432	0	
8	-14.8	1.5	26.1135	26.1135	-69.4154	0	
8	-12.4	1.5	29.8823	29.8823	-67.7088	0	
8	-10	1.5	33.0918	33.0918	-60.4474	0	
8	-7.6	1.5	39.9323	39.9323	-57.163	0	
8	-5.2	1.5	42.4805	42.4805	-52.4336	0	
8	-2.8	1.5	46.2935	46.2935	-46.9489	0	
8	-0.4	1.5	50.4459	50.4459	-46.0922	0	
8	2	1.5	49.0065	49.0065	-49.5969	0	
8	4.4	1.5	44.6228	44.6228	-51.0611	0	
8	6.8	1.5	39.8209	39.8209	-56.7028	0	
8	9.2	1.5	34.9456	34.9456	-60.8329	0	
8	11.6	1.5	30.6995	30.6995	-64.054	0	
8	14	1.5	26.8072	26.8072	-68.998	0	
8	16.4	1.5	25.9904	25.9904	-72.3187	0	
8	18.8	1.5	20.7268	20.7268	-75.3484	0	
8	21.2	1.5	19.1197	19.1197	-78.2159	0	
8	23.6	1.5	15.9233	15.9233	-80.7378	0	
8	26	1.5	25.1052	25.1052	-82.007	0	
8	28.4	1.5	14.5248	14.5248	-85.6156	0	
8	30.8	1.5	9.23916	9.23916	-86.9033	0	
8	33.2	1.5	15.858	15.858	-87.9445	0	
8	35.6	1.5	14.1959	14.1959	-88.2447	0	
8	38	1.5	7.99976	7.99976	-90.1374	0	
8	40.4	1.5	4.56398	4.56398	-86.5241	0	
8	42.8	1.5	7.1654	7.1654	-94.086	0	
8	45.2	1.5	4.60424	4.60424	-92.8386	0	
8	47.6	1.5	8.51542	8.51542	-92.3713	0	
8	50	1.5	0.95271	0.95271	-89.0284	0	
10.4	-70	1.5	-8.0015	-8.0015	-103.357	0	
10.4	-67.6	1.5	-1.15157	-1.15157	-91.3429	0	
10.4	-65.2	1.5	-2.88067	-2.88067	-98.9384	0	
10.4	-62.8	1.5	1.42159	1.42159	-100.591	0	
10.4	-60.4	1.5	1.40584	1.40584	-98.7283	0	
10.4	-58	1.5	1.96955	1.96955	-96.5551	0	
10.4	-55.6	1.5	-1.11309	-1.11309	-88.3598	0	
10.4	-53.2	1.5	1.68327	1.68327	-91.5488	0	
10.4	-50.8	1.5	3.15265	3.15265	-93.6836	0	
10.4	-48.4	1.5	0.825008	0.825008	-88.0027	0	
10.4	-46	1.5	8.89948	8.89948	-91.7545	0	
10.4	-43.6	1.5	4.75003	4.75003	-93.4407	0	
10.4	-41.2	1.5	1.66531	1.66531	-92.1107	0	
10.4	-38.8	1.5	12.8882	12.8882	-86.1729	0	
10.4	-36.4	1.5	7.07825	7.07825	-86.5178	0	
10.4	-34	1.5	8.85769	8.85769	-80.5425	0	
10.4	-31.6	1.5	13.253	13.253	-84.2322	0	
10.4	-29.2	1.5	9.55729	9.55729	-84.6831	0	
10.4	-26.8	1.5	16.3273	16.3273	-80.7164	0	
10.4	-24.4	1.5	15.8558	15.8558	-76.1285	0	
10.4	-22	1.5	17.8667	17.8667	-79.298	0	
10.4	-19.6	1.5	22.6583	22.6583	-75.3562	0	
10.4	-17.2	1.5	20.5838	20.5838	-72.6171	0	
10.4	-14.8	1.5	27.4273	27.4273	-67.5531	0	
10.4	-12.4	1.5	30.1061	30.1061	-66.0347	0	
10.4	-10	1.5	34.9428	34.9428	-61.0169	0	
10.4	-7.6	1.5	38.3586	38.3586	-60.6776	0	
10.4	-5.2	1.5	40.7972	40.7972	-54.5231	0	
10.4	-2.8	1.5	44.1957	44.1957	-50.204	0	
10.4	-0.4	1.5	45.3371	45.3371	-55.252	0	
10.4	2	1.5	45.0165	45.0165	-51.9155	0	
10.4	4.4	1.5	42.1825	42.1825	-53.6631	0	
10.4	6.8	1.5	39.2805	39.2805	-57.9542	0	
10.4	9.2	1.5	35.2415	35.2415	-62.0922	0	
10.4	11.6	1.5	32.3145	32.3145	-64.1914	0	
10.4	14	1.5	26.9934	26.9934	-67.781	0	
10.4	16.4	1.5	25.9102	25.9102	-71.3179	0	
10.4	18.8	1.5	21.4614	21.4614	-74.7734	0	
10.4	21.2	1.5	20.9004	20.9004	-72.9573	0	
10.4	23.6	1.5	19.2106	19.2106	-78.2842	0	
10.4	26	1.5	16.4627	16.4627	-78.1665	0	
10.4	28.4	1.5	12.3264	12.3264	-81.0148	0	
10.4	30.8	1.5	20.4842	20.4842	-82.2974	0	
10.4	33.2	1.5	8.56066	8.56066	-86.406	0	
10.4	35.6	1.5	11.6777	11.6777	-87.641	0	
10.4	38	1.5	9.09279	9.09279	-83.7174	0	
10.4	40.4	1.5	5.09265	5.09265	-91.9567	0	
10.4	42.8	1.5	13.5583	13.5583	-92.7084	0	
10.4	45.2	1.5	2.4333	2.4333	-88.6482	0	
10.4	47.6	1.5	6.37565	6.37565	-94.265	0	
10.4	50	1.5	-4.70315	-4.70315	-96.1312	0	
12.8	-70	1.5	4.17191	4.17191	-99.728	0	
12.8	-67.6	1.5	-1.16043	-1.16043	-91.772	0	
12.8	-65.2	1.5	-6.13137	-6.13137	-97.6638	0	
12.8	-62.8	1.5	1.04146	1.04146	-89.2585	0	
12.8	-60.4	1.5	-1.54468	-1.54468	-96.157	0	
12.8	-58	1.5	7.98999	7.98999	-90.419	0	
12.8	-55.6	1.5	1.37064	1.37064	-95.3068	0	
12.8	-53.2	1.5	8.94137	8.94137	-94.8678	0	
12.8	-50.8	1.5	0.804038	0.804038	-89.8582	0	
12.8	-48.4	1.5	1.7278	1.7278	-96.6936	0	
12.8	-46	1.5	12.7126	12.7126	-91.263	0	
12.8	-43.6	1.5	9.05719	9.05719	-89.3918	0	
12.8	-41.2	1.5	4.49512	4.49512	-89.91	0	
12.8	-38.8	1.5	5.84244	5.84244	-88.1386	0	
12.8	-36.4	1.5	8.37761	8.37761	-78.5615	0	
12.8	-34	1.5	10.9665	10.9665	-88.2975	0	
12.8	-31.6	1.5	14.7453	14.7453	-83.1596	0	
12.8	-29.2	1.5	12.1574	12.1574	-81.505	0	
12.8	-26.8	1.5	14.9986	14.9986	-80.77	0	
12.8	-24.4	1.5	16.9921	16.9921	-80.4441	0	
12.8	-22	1.5	19.9455	19.9455	-75.9744	0	
12.8	-19.6	1.5	24.4036	24.4036	-73.5799	0	
12.8	-17.2	1.5	23.6518	23.6518	-71.4553	0	
12.8	-14.8	1.5	27.4662	27.4662	-68.5895	0	
12.8	-12.4	1.5	34.7983	34.7983	-67.5652	0	
12.8	-10	1.5	33.0783	33.0783	-62.9951	0	
12.8	-7.6	1.5	34.5883	34.5883	-60.7591	0	
12.8	-5.2	1.5	39.2452	39.2452	-57.2333	0	
12.8	-2.8	1.5	40.6004	40.6004	-57.1032	0	
12.8	-0.4	1.5	38.0317	38.0317	-54.5143	0	
12.8	2	1.5	40.7532	40.7532	-56.4321	0	
12.8	4.4	1.5	38.3228	38.3228	-58.3599	0	
12.8	6.8	1.5	35.4673	35.4673	-59.727	0	
12.8	9.2	1.5	33.1299	33.1299	-61.2363	0	
12.8	11.6	1.5	29.9639	29.9639	-65.7163	0	
12.8	14	1.5	29.0288	29.0288	-67.9657	0	
12.8	16.4	1.5	25.3034	25.3034	-69.7628	0	
12.8	18.8	1.5	22.6859	22.6859	-72.3343	0	
12.8	21.2	1.5	19.9539	19.9539	-72.2226	0	
12.8	23.6	1.5	19.8759	19.8759	-78.4752	0	
12.8	26	1.5	15.0177	15.0177	-80.3449	0	
12.8	28.4	1.5	19.4772	19.4772	-81.7126	0	
12.8	30.8	1.5	16.7745	16.7745	-80.1531	0	
12.8	33.2	1.5	9.62704	9.62704	-84.0631	0	
12.8	35.6	1.5	11.7275	11.7275	-87.3801	0	
12.8	38	1.5	7.2972	7.2972	-88.612	0	
12.8	40.4	1.5	5.52282	5.52282	-91.7297	0	
12.8	42.8	1.5	8.14915	8.14915	-91.2953	0	
12.8	45.2	1.5	8.59747	8.59747	-90.0265	0	
12.8	47.6	1.5	11.5505	11.5505	-94.3438	0	
12.8	50	1.5	2.90672	2.90672	-89.853	0	
15.2	-70	1.5	6.70489	6.70489	-94.6067	0	
15.2	-67.6	1.5	-4.91712	-4.91712	-92.6759	0	
15.2	-65.2	1.5	-1.00455	-1.00455	-98.7031	0	
15.2	-62.8	1.5	0.644517	0.644517	-98.1729	0	
15.2	-60.4	1.5	-2.63546	-2.63546	-97.8067	0	
15.2	-58	1.5	2.64109	2.64109	-95.7526	0	
15.2	-55.6	1.5	9.23063	9.23063	-91.5782	0	
15.2	-53.2	1.5	2.57194	2.57194	-91.8616	0	
15.2	-50.8	1.5	2.25765	2.25765	-89.0365	0	
15.2	-48.4	1.5	2.83869	2.83869	-90.9099	0	
15.2	-46	1.5	5.04254	5.04254	-90.3587	0	
15.2	-43.6	1.5	6.34661	6.34661	-89.8907	0	
15.2	-41.2	1.5	4.47353	4.47353	-86.7615	0	
15.2	-38.8	1.5	6.21938	6.21938	-88.8866	0	
15.2	-36.4	1.5	10.819	10.819	-88.6399	0	
15.2	-34	1.5	12.7379	12.7379	-86.3059	0	
15.2	-31.6	1.5	17.6069	17.6069	-81.3062	0	
15.2	-29.2	1.5	14.8848	14.8848	-80.1286	0	
15.2	-26.8	1.5	16.2129	16.2129	-79.6268	0	
15.2	-24.4	1.5	17.3727	17.3727	-74.4827	0	
15.2	-22	1.5	23.8157	23.8157	-75.001	0	
15.2	-19.6	1.5	22.9324	22.9324	-76.5359	0	
15.2	-17.2	1.5	22.5787	22.5787	-75.9435	0	
15.2	-14.8	1.5	29.0215	29.0215	-69.6367	0	
15.2	-12.4	1.5	28.7242	28.7242	-67.8402	0	
15.2	-10	1.5	32.4984	32.4984	-63.5574	0	
15.2	-7.6	1.5	34.2824	34.2824	-62.4267	0	
15.2	-5.2	1.5	39.8711	39.8711	-57.7135	0	
15.2	-2.8	1.5	37.6587	37.6587	-57.6931	0	
15.2	-0.4	1.5	38.7009	38.7009	-56.0013	0	
15.2	2	1.5	37.8565	37.8565	-57.4925	0	
15.2	4.4	1.5	35.2251	35.2251	-58.5089	0	
15.2	6.8	1.5	35.9992	35.9992	-61.6132	0	
15.2	9.2	1.5	32.3831	32.3831	-63.0975	0	
15.2	11.6	1.5	31.1434	31.1434	-66.0332	0	
15.2	14	1.5	27.1873	27.1873	-71.405	0	
15.2	16.4	1.5	20.1833	20.1833	-69.8363	0	
15.2	18.8	1.5	23.4993	23.4993	-72.8391	0	
15.2	21.2	1.5	20.3931	20.3931	-79.2087	0	
15.2	23.6	1.5	18.8895	18.8895	-80.1401	0	
15.2	26	1.5	16.0399	16.0399	-79.6063	0	
15.2	28.4	1.5	13.1347	13.1347	-81.0308	0	
15.2	30.8	1.5	12.0431	12.0431	-82.219	0	
15.2	33.2	1.5	14.0914	14.0914	-84.2767	0	
15.2	35.6	1.5	9.83084	9.83084	-86.0956	0	
15.2	38	1.5	8.78391	8.78391	-92.438	0	
15.2	40.4	1.5	7.25134	7.25134	-86.4582	0	
15.2	42.8	1.5	6.20106	6.20106	-84.7197	0	
15.2	45.2	1.5	6.27625	6.27625	-85.4092	0	
15.2	47.6	1.5	4.2872	4.2872	-86.8985	0	
15.2	50	1.5	0.684139	0.684139	-94.733	0	
17.6	-70	1.5	1.81518	1.81518	-92.223	0	
17.6	-67.6	1.5	-2.85573	-2.85573	-97.8204	0	
17.6	-65.2	1.5	2.33256	2.33256	-95.5729	0	
17.6	-62.8	1.5	-2.18794	-2.18794	-93.4007	0	
17.6	-60.4	1.5	6.11966	6.11966	-96.6042	0	
17.6	-58	1.5	-0.392306	-0.392306	-91.5996	0	
17.6	-55.6	1.5	10.8414	10.8414	-94.9319	0	
17.6	-53.2	1.5	8.82138	8.82138	-93.3399	0	
17.6	-50.8	1.5	4.3352	4.3352	-84.9964	0	
17.6	-48.4	1.5	3.89033	3.89033	-89.1773	0	
17.6	-46	1.5	7.8411	7.8411	-89.9531	0	
17.6	-43.6	1.5	8.00252	8.00252	-88.1725	0	
17.6	-41.2	1.5	10.9521	10.9521	-84.7057	0	
17.6	-38.8	1.5	9.63918	9.63918	-86.5192	0	
17.6	-36.4	1.5	8.64997	8.64997	-84.0215	0	
17.6	-34	1.5	11.8585	11.8585	-84.116	0	
17.6	-31.6	1.5	12.5711	12.5711	-83.5566	0	
17.6	-29.2	1.5	17.1388	17.1388	-81.8622	0	
17.6	-26.8	1.5	20.3141	20.3141	-76.1456	0	
17.6	-24.4	1.5	19.4668	19.4668	-76.8531	0	
17.6	-22	1.5	23.035	23.035	-74.4495	0	
17.6	-19.6	1.5	24.4118	24.4118	-74.1369	0	
17.6	-17.2	1.5	23.9194	23.9194	-71.4896	0	
17.6	-14.8	1.5	26.8623	26.8623	-67.9728	0	
17.6	-12.4	1.5	29.3786	29.3786	-66.8785	0	
17.6	-10	1.5	31.5681	31.5681	-64.815	0	
17.6	-7.6	1.5	33.3374	33.3374	-63.9154	0	
17.6	-5.2	1.5	32.6223	32.6223	-62.3322	0	
17.6	-2.8	1.5	33.1814	33.1814	-60.887	0	
17.6	-0.4	1.5	36.6738	36.6738	-59.4138	0	
17.6	2	1.5	34.6123	34.6123	-60.5306	0	
17.6	4.4	1.5	35.1089	35.1089	-61.4381	0	
17.6	6.8	1.5	35.5595	35.5595	-62.6473	0	
17.6	9.2	1.5	32.3047	32.3047	-64.2774	0	
17.6	11.6	1.5	28.7356	28.7356	-67.7428	0	
17.6	14	1.5	27.1876	27.1876	-67.6648	0	
17.6	16.4	1.5	26.0435	26.0435	-71.0127	0	
17.6	18.8	1.5	22.6737	22.6737	-74.4864	0	
17.6	21.2	1.5	20.2935	20.2935	-75.2006	0	
17.6	23.6	1.5	13.6723	13.6723	-79.5889	0	
17.6	26	1.5	17.0373	17.0373	-78.7816	0	
17.6	28.4	1.5	16.3157	16.3157	-78.1985	0	
17.6	30.8	1.5	15.986	15.986	-83.5402	0	
17.6	33.2	1.5	13.0439	13.0439	-85.158	0	
17.6	35.6	1.5	10.102	10.102	-86.6794	0	
17.6	38	1.5	9.12165	9.12165	-87.3105	0	
17.6	40.4	1.5	5.5935	5.5935	-88.8681	0	
17.6	42.8	1.5	13.6968	13.6968	-89.5808	0	
17.6	45.2	1.5	6.07572	6.07572	-89.6475	0	
17.6	47.6	1.5	9.62862	9.62862	-89.5541	0	
17.6	50	1.5	7.06104	7.06104	-93.0001	0	
20	-70	1.5	6.42776	6.42776	-97.9049	0	
20	-67.6	1.5	5.84889	5.84889	-96.0855	0	
20	-65.2	1.5	10.6797	10.6797	-96.5511	0	
20	-62.8	1.5	-1.59336	-1.59336	-96.9496	0	
20	-60.4	1.5	7.28094	7.28094	-85.3157	0	
20	-58	1.5	10.6047	10.6047	-98.2843	0	
20	-55.6	1.5	1.94417	1.94417	-94.9991	0	
20	-53.2	1.5	3.40446	3.40446	-94.5196	0	
20	-50.8	1.5	-2.49066	-2.49066	-89.6076	0	
20	-48.4	1.5	5.79812	5.79812	-90.8508	0	
20	-46	1.5	5.54712	5.54712	-92.2366	0	
20	-43.6	1.5	5.67777	5.67777	-89.8155	0	
20	-41.2	1.5	7.19876	7.19876	-87.961	0	
20	-38.8	1.5	12.1921	12.1921	-87.199	0	
20	-36.4	1.5	9.95994	9.95994	-84.8066	0	
20	-34	1.5	19.3366	19.3366	-84.6758	0	
20	-31.6	1.5	13.2481	13.2481	-82.7056	0	
20	-29.2	1.5	20.2255	20.2255	-81.2416	0	
20	-26.8	1.5	17.5969	17.5969	-78.762	0	
20	-24.4	1.5	20.7442	20.7442	-77.8587	0	
20	-22	1.5	19.2295	19.2295	-76.4312	0	
20	-19.6	1.5	21.1581	21.1581	-73.0393	0	
20	-17.2	1.5	23.729	23.729	-74.1639	0	
20	-14.8	1.5	26.1062	26.1062	-69.1942	0	
20	-12.4	1.5	29.2613	29.2613	-66.2614	0	
20	-10	1.5	29.9397	29.9397	-65.7005	0	
20	-7.6	1.5	32.0591	32.0591	-64.9793	0	
20	-5.2	1.5	33.1926	33.1926	-63.2172	0	
20	-2.8	1.5	34.5928	34.5928	-62.6045	0	
20	-0.4	1.5	31.8409	31.8409	-61.7904	0	
20	2	1.5	34.1361	34.1361	-61.0544	0	
20	4.4	1.5	33.5469	33.5469	-63.7123	0	
20	6.8	1.5	31.8441	31.8441	-64.0637	0	
20	9.2	1.5	20.6902	20.6902	-65.4704	0	
20	11.6	1.5	30.4834	30.4834	-68.3929	0	
20	14	1.5	26.1921	26.1921	-68.286	0	
20	16.4	1.5	25.5161	25.5161	-74.9223	0	
20	18.8	1.5	23.2728	23.2728	-73.5978	0	
20	21.2	1.5	21.0747	21.0747	-75.2745	0	
20	23.6	1.5	19.789	19.789	-77.3213	0	
20	26	1.5	18.29	18.29	-78.4369	0	
20	28.4	1.5	17.2586	17.2586	-79.4034	0	
20	30.8	1.5	16.4636	16.4636	-81.7337	0	
20	33.2	1.5	13.3516	13.3516	-83.3419	0	
20	35.6	1.5	11.336	11.336	-87.1203	0	
20	38	1.5	8.49216	8.49216	-85.7679	0	
20	40.4	1.5	7.92013	7.92013	-88.7342	0	
20	42.8	1.5	7.39606	7.39606	-90.0108	0	
20	45.2	1.5	5.06415	5.06415	-89.6546	0	
20	47.6	1.5	8.12777	8.12777	-91.5677	0	
20	50	1.5	1.83945	1.83945	-89.9971	0	
22.4	-70	1.5	5.07989	5.07989	-103.368	0	
22.4	-67.6	1.5	-0.554555	-0.554555	-92.3634	0	
22.4	-65.2	1.5	-1.28751	-1.28751	-87.2352	0	
22.4	-62.8	1.5	6.62357	6.62357	-97.8747	0	
22.4	-60.4	1.5	1.76783	1.76783	-92.2973	0	
22.4	-58	1.5	-1.40093	-1.40093	-93.2404	0	
22.4	-55.6	1.5	11.0417	11.0417	-88.8771	0	
22.4	-53.2	1.5	3.01816	3.01816	-93.1608	0	
22.4	-50.8	1.5	2.66989	2.66989	-90.2929	0	
22.4	-48.4	1.5	6.1361	6.1361	-91.4382	0	
22.4	-46	1.5	7.78701	7.78701	-89.1141	0	
22.4	-43.6	1.5	12.6813	12.6813	-91.1722	0	
22.4	-41.2	1.5	8.26672	8.26672	-83.1349	0	
22.4	-38.8	1.5	10.4013	10.4013	-86.3799	0	
22.4	-36.4	1.5	11.1685	11.1685	-83.7641	0	
22.4	-34	1.5	4.99115	4.99115	-81.7057	0	
22.4	-31.6	1.5	15.1499	15.1499	-81.4667	0	
22.4	-29.2	1.5	10.1439	10.1439	-81.0814	0	
22.4	-26.8	1.5	17.479	17.479	-80.0094	0	
22.4	-24.4	1.5	18.6228	18.6228	-76.9932	0	
22.4	-22	1.5	19.9245	19.9245	-76.8976	0	
22.4	-19.6	1.5	21.6829	21.6829	-73.3192	0	
22.4	-17.2	1.5	24.6442	24.6442	-72.7071	0	
22.4	-14.8	1.5	25.9044	25.9044	-73.1103	0	
22.4	-12.4	1.5	29.9256	29.9256	-69.4923	0	
22.4	-10	1.5	27.5654	27.5654	-69.7394	0	
22.4	-7.6	1.5	30.907	30.907	-66.991	0	
22.4	-5.2	1.5	30.1053	30.1053	-64.7813	0	
22.4	-2.8	1.5	31.5376	31.5376	-63.9878	0	
22.4	-0.4	1.5	30.5895	30.5895	-64.637	0	
22.4	2	1.5	32.702	32.702	-68.3748	0	
22.4	4.4	1.5	32.0677	32.0677	-64.752	0	
22.4	6.8	1.5	28.0789	28.0789	-65.9342	0	
22.4	9.2	1.5	30.7303	30.7303	-67.9437	0	
22.4	11.6	1.5	27.6876	27.6876	-68.6534	0	
22.4	14	1.5	25.8678	25.8678	-69.5571	0	
22.4	16.4	1.5	23.6797	23.6797	-71.651	0	
22.4	18.8	1.5	22.6666	22.6666	-72.9776	0	
22.4	21.2	1.5	21.2507	21.2507	-76.9307	0	
22.4	23.6	1.5	19.9062	19.9062	-76.0042	0	
22.4	26	1.5	16.4729	16.4729	-78.2726	0	
22.4	28.4	1.5	18.5191	18.5191	-77.1329	0	
22.4	30.8	1.5	14.5873	14.5873	-81.0062	0	
22.4	33.2	1.5	14.1956	14.1956	-82.3089	0	
22.4	35.6	1.5	12.599	12.599	-87.4532	0	
22.4	38	1.5	13.3486	13.3486	-86.3876	0	
22.4	40.4	1.5	14.9838	14.9838	-80.6525	0	
22.4	42.8	1.5	8.28064	8.28064	-84.5111	0	
22.4	45.2	1.5	9.12889	9.12889	-89.614	0	
22.4	47.6	1.5	6.81875	6.81875	-84.1476	0	
22.4	50	1.5	5.14317	5.14317	-90.8991	0	
24.8	-70	1.5	3.48634	3.48634	-102.084	0	
24.8	-67.6	1.5	1.63496	1.63496	-94.6155	0	
24.8	-65.2	1.5	2.69437	2.69437	-99.4511	0	
24.8	-62.8	1.5	-0.506889	-0.506889	-94.4629	0	
24.8	-60.4	1.5	10.1965	10.1965	-92.3887	0	
24.8	-58	1.5	-1.44302	-1.44302	-91.0052	0	
24.8	-55.6	1.5	5.18721	5.18721	-92.5088	0	
24.8	-53.2	1.5	3.22836	3.22836	-91.4767	0	
24.8	-50.8	1.5	10.789	10.789	-93.3607	0	
24.8	-48.4	1.5	5.35113	5.35113	-84.4911	0	
24.8	-46	1.5	11.8504	11.8504	-85.3918	0	
24.8	-43.6	1.5	8.50082	8.50082	-85.1151	0	
24.8	-41.2	1.5	13.3715	13.3715	-87.0735	0	
24.8	-38.8	1.5	8.9	8.9	-82.4895	0	
24.8	-36.4	1.5	12.7825	12.7825	-80.8341	0	
24.8	-34	1.5	16.5085	16.5085	-82.672	0	
24.8	-31.6	1.5	15.1436	15.1436	-81.0881	0	
24.8	-29.2	1.5	16.0961	16.0961	-80.1805	0	
24.8	-26.8	1.5	16.6116	16.6116	-79.9152	0	
24.8	-24.4	1.5	18.6108	18.6108	-78.2173	0	
24.8	-22	1.5	20.8897	20.8897	-74.6749	0	
24.8	-19.6	1.5	21.7307	21.7307	-75.8986	0	
24.8	-17.2	1.5	22.3459	22.3459	-73.0039	0	
24.8	-14.8	1.5	25.8537	25.8537	-71.3977	0	
24.8	-12.4	1.5	26.2468	26.2468	-69.2586	0	
24.8	-10	1.5	25.7076	25.7076	-68.4518	0	
24.8	-7.6	1.5	27.5119	27.5119	-67.9076	0	
24.8	-5.2	1.5	30.3647	30.3647	-67.1221	0	
24.8	-2.8	1.5	29.4906	29.4906	-65.6398	0	
24.8	-0.4	1.5	29.5511	29.5511	-66.6989	0	
24.8	2	1.5	29.8202	29.8202	-66.4584	0	
24.8	4.4	1.5	27.7396	27.7396	-66.4455	0	
24.8	6.8	1.5	28.5252	28.5252	-67.9064	0	
24.8	9.2	1.5	24.857	24.857	-71.8796	0	
24.8	11.6	1.5	25.6459	25.6459	-71.3177	0	
24.8	14	1.5	25.9843	25.9843	-73.7201	0	
24.8	16.4	1.5	23.6218	23.6218	-73.127	0	
24.8	18.8	1.5	23.4909	23.4909	-73.9988	0	
24.8	21.2	1.5	20.071	20.071	-77.6201	0	
24.8	23.6	1.5	19.3062	19.3062	-75.2377	0	
24.8	26	1.5	19.5072	19.5072	-79.2663	0	
24.8	28.4	1.5	16.9208	16.9208	-82.3861	0	
24.8	30.8	1.5	11.9783	11.9783	-81.4913	0	
24.8	33.2	1.5	13.2827	13.2827	-84.3422	0	
24.8	35.6	1.5	9.42817	9.42817	-84.4324	0	
24.8	38	1.5	13.2525	13.2525	-84.5245	0	
24.8	40.4	1.5	7.60043	7.60043	-88.2223	0	
24.8	42.8	1.5	5.98846	5.98846	-88.5941	0	
24.8	45.2	1.5	11.4589	11.4589	-93.2214	0	
24.8	47.6	1.5	7.50852	7.50852	-90.389	0	
24.8	50	1.5	0.280215	0.280215	-92.1146	0	
27.2	-70	1.5	-2.30051	-2.30051	-95.4799	0	
27.2	-67.6	1.5	-0.254099	-0.254099	-98.6393	0	
27.2	-65.2	1.5	-2.48562	-2.48562	-94.3396	0	
27.2	-62.8	1.5	-2.78952	-2.78952	-91.5112	0	
27.2	-60.4	1.5	4.45449	4.45449	-87.886	0	
27.2	-58	1.5	1.94432	1.94432	-94.8903	0	
27.2	-55.6	1.5	2.2922	2.2922	-93.252	0	
27.2	-53.2	1.5	3.62385	3.62385	-84.1398	0	
27.2	-50.8	1.5	11.1884	11.1884	-92.6418	0	
27.2	-48.4	1.5	6.4048	6.4048	-86.3116	0	
27.2	-46	1.5	7.07654	7.07654	-87.2251	0	
27.2	-43.6	1.5	7.71856	7.71856	-87.3963	0	
27.2	-41.2	1.5	9.85682	9.85682	-86.3937	0	
27.2	-38.8	1.5	11.3725	11.3725	-85.7867	0	
27.2	-36.4	1.5	14.5715	14.5715	-80.5086	0	
27.2	-34	1.5	12.6234	12.6234	-83.7448	0	
27.2	-31.6	1.5	13.643	13.643	-81.7369	0	
27.2	-29.2	1.5	17.332	17.332	-78.0609	0	
27.2	-26.8	1.5	16.0056	16.0056	-78.1826	0	
27.2	-24.4	1.5	21.6181	21.6181	-76.9943	0	
27.2	-22	1.5	19.6393	19.6393	-76.4312	0	
27.2	-19.6	1.5	18.5311	18.5311	-75.0324	0	
27.2	-17.2	1.5	24.3326	24.3326	-73.6138	0	
27.2	-14.8	1.5	24.1861	24.1861	-73.3918	0	
27.2	-12.4	1.5	24.1971	24.1971	-74.7478	0	
27.2	-10	1.5	25.7936	25.7936	-68.3692	0	
27.2	-7.6	1.5	22.454	22.454	-67.8337	0	
27.2	-5.2	1.5	27.5977	27.5977	-68.5133	0	
27.2	-2.8	1.5	28.484	28.484	-68.1405	0	
27.2	-0.4	1.5	27.1279	27.1279	-71.6004	0	
27.2	2	1.5	26.7592	26.7592	-68.7112	0	
27.2	4.4	1.5	30.6824	30.6824	-69.0661	0	
27.2	6.8	1.5	26.248	26.248	-68.535	0	
27.2	9.2	1.5	26.5548	26.5548	-69.6158	0	
27.2	11.6	1.5	25.8104	25.8104	-71.0417	0	
27.2	14	1.5	23.1617	23.1617	-71.2804	0	
27.2	16.4	1.5	7.42103	7.42103	-74.6371	0	
27.2	18.8	1.5	21.5129	21.5129	-73.6233	0	
27.2	21.2	1.5	19.3382	19.3382	-77.3982	0	
27.2	23.6	1.5	19.3575	19.3575	-76.4475	0	
27.2	26	1.5	17.2605	17.2605	-76.234	0	
27.2	28.4	1.5	13.7663	13.7663	-81.196	0	
27.2	30.8	1.5	14.2265	14.2265	-83.117	0	
27.2	33.2	1.5	13.3007	13.3007	-79.0969	0	
27.2	35.6	1.5	15.8054	15.8054	-84.7435	0	
27.2	38	1.5	11.5494	11.5494	-85.5031	0	
27.2	40.4	1.5	11.3201	11.3201	-88.9777	0	
27.2	42.8	1.5	9.26663	9.26663	-89.1715	0	
27.2	45.2	1.5	7.50891	7.50891	-86.9011	0	
27.2	47.6	1.5	12.9808	12.9808	-88.2199	0	
27.2	50	1.5	7.54977	7.54977	-92.0724	0	
29.6	-70	1.5	1.13695	1.13695	-93.2124	0	
29.6	-67.6	1.5	-1.13062	-1.13062	-100.435	0	
29.6	-65.2	1.5	3.63609	3.63609	-92.5883	0	
29.6	-62.8	1.5	2.52412	2.52412	-95.2004	0	
29.6	-60.4	1.5	0.923377	0.923377	-86.4564	0	
29.6	-58	1.5	7.29287	7.29287	-92.3881	0	
29.6	-55.6	1.5	7.49203	7.49203	-93.8284	0	
29.6	-53.2	1.5	9.17371	9.17371	-90.8257	0	
29.6	-50.8	1.5	6.23297	6.23297	-89.141	0	
29.6	-48.4	1.5	7.80402	7.80402	-82.3861	0	
29.6	-46	1.5	6.94047	6.94047	-89.446	0	
29.6	-43.6	1.5	8.30126	8.30126	-87.5563	0	
29.6	-41.2	1.5	7.73656	7.73656	-86.3562	0	
29.6	-38.8	1.5	11.8694	11.8694	-79.8954	0	
29.6	-36.4	1.5	11.2834	11.2834	-82.3673	0	
29.6	-34	1.5	11.3822	11.3822	-83.4949	0	
29.6	-31.6	1.5	12.9687	12.9687	-82.419	0	
29.6	-29.2	1.5	18.0069	18.0069	-81.4713	0	
29.6	-26.8	1.5	17.3536	17.3536	-80.7701	0	
29.6	-24.4	1.5	15.6547	15.6547	-78.5441	0	
29.6	-22	1.5	18.9138	18.9138	-77.4705	0	
29.6	-19.6	1.5	21.0433	21.0433	-75.546	0	
29.6	-17.2	1.5	21.6923	21.6923	-74.5964	0	
29.6	-14.8	1.5	23.2329	23.2329	-75.1911	0	
29.6	-12.4	1.5	24.4858	24.4858	-70.7339	0	
29.6	-10	1.5	25.0226	25.0226	-70.9289	0	
29.6	-7.6	1.5	24.7076	24.7076	-69.6339	0	
29.6	-5.2	1.5	25.7598	25.7598	-71.4673	0	
29.6	-2.8	1.5	27.7222	27.7222	-70.6977	0	
29.6	-0.4	1.5	26.927	26.927	-68.6348	0	
29.6	2	1.5	27.6241	27.6241	-72.202	0	
29.6	4.4	1.5	26.7545	26.7545	-69.3243	0	
29.6	6.8	1.5	27.0011	27.0011	-69.6176	0	
29.6	9.2	1.5	23.1362	23.1362	-70.657	0	
29.6	11.6	1.5	22.1508	22.1508	-72.7156	0	
29.6	14	1.5	22.7189	22.7189	-77.1751	0	
29.6	16.4	1.5	23.1684	23.1684	-73.3337	0	
29.6	18.8	1.5	21.4409	21.4409	-76.0098	0	
29.6	21.2	1.5	19.6535	19.6535	-76.6382	0	
29.6	23.6	1.5	18.2679	18.2679	-77.9936	0	
29.6	26	1.5	15.8446	15.8446	-80.7307	0	
29.6	28.4	1.5	15.0436	15.0436	-80.1217	0	
29.6	30.8	1.5	14.5183	14.5183	-82.9312	0	
29.6	33.2	1.5	13.2793	13.2793	-80.6194	0	
29.6	35.6	1.5	11.0064	11.0064	-85.4536	0	
29.6	38	1.5	10.6587	10.6587	-82.2355	0	
29.6	40.4	1.5	10.8344	10.8344	-85.7958	0	
29.6	42.8	1.5	13.8278	13.8278	-88.1017	0	
29.6	45.2	1.5	8.10353	8.10353	-89.4053	0	
29.6	47.6	1.5	7.0474	7.0474	-87.4113	0	
29.6	50	1.5	6.63205	6.63205	-87.9958	0	
32	-70	1.5	-1.46077	-1.46077	-98.5027	0	
32	-67.6	1.5	0.0630011	0.0630011	-95.3394	0	
32	-65.2	1.5	-0.994508	-0.994508	-92.1475	0	
32	-62.8	1.5	1.888	1.888	-91.9075	0	
32	-60.4	1.5	4.9119	4.9119	-94.394	0	
32	-58	1.5	2.2144	2.2144	-93.1524	0	
32	-55.6	1.5	1.96748	1.96748	-92.4108	0	
32	-53.2	1.5	2.17458	2.17458	-92.2375	0	
32	-50.8	1.5	6.18721	6.18721	-91.0835	0	
32	-48.4	1.5	5.63868	5.63868	-84.565	0	
32	-46	1.5	7.82522	7.82522	-83.4432	0	
32	-43.6	1.5	15.4558	15.4558	-87.7616	0	
32	-41.2	1.5	9.72983	9.72983	-86.4511	0	
32	-38.8	1.5	9.29455	9.29455	-88.4144	0	
32	-36.4	1.5	13.9022	13.9022	-83.7952	0	
32	-34	1.5	15.3	15.3	-83.1296	0	
32	-31.6	1.5	14.4101	14.4101	-81.1058	0	
32	-29.2	1.5	17.4172	17.4172	-80.3816	0	
32	-26.8	1.5	16.6098	16.6098	-79.5316	0	
32	-24.4	1.5	17.5445	17.5445	-77.318	0	
32	-22	1.5	19.2754	19.2754	-77.007	0	
32	-19.6	1.5	21.0001	21.0001	-77.852	0	
32	-17.2	1.5	18.6923	18.6923	-74.6603	0	
32	-14.8	1.5	22.4271	22.4271	-74.5009	0	
32	-12.4	1.5	23.4956	23.4956	-75.6139	0	
32	-10	1.5	21.9494	21.9494	-71.9872	0	
32	-7.6	1.5	24.7497	24.7497	-72.2366	0	
32	-5.2	1.5	25.2211	25.2211	-70.4937	0	
32	-2.8	1.5	24.42	24.42	-70.8537	0	
32	-0.4	1.5	25.9312	25.9312	-69.4281	0	
32	2	1.5	26.6377	26.6377	-71.5095	0	
32	4.4	1.5	25.6406	25.6406	-71.2034	0	
32	6.8	1.5	25.1723	25.1723	-73.7561	0	
32	9.2	1.5	20.3898	20.3898	-71.8285	0	
32	11.6	1.5	17.3025	17.3025	-72.9204	0	
32	14	1.5	22.2222	22.2222	-74.5347	0	
32	16.4	1.5	21.4183	21.4183	-74.9638	0	
32	18.8	1.5	18.1009	18.1009	-82.4717	0	
32	21.2	1.5	19.5118	19.5118	-76.2944	0	
32	23.6	1.5	15.1536	15.1536	-79.4829	0	
32	26	1.5	14.9988	14.9988	-76.3742	0	
32	28.4	1.5	15.8216	15.8216	-81.1081	0	
32	30.8	1.5	14.6456	14.6456	-82.2524	0	
32	33.2	1.5	13.4236	13.4236	-79.814	0	
32	35.6	1.5	11.3718	11.3718	-83.7829	0	
32	38	1.5	13.7429	13.7429	-86.6439	0	
32	40.4	1.5	10.4915	10.4915	-86.4198	0	
32	42.8	1.5	7.40892	7.40892	-88.9196	0	
32	45.2	1.5	5.11034	5.11034	-88.1666	0	
32	47.6	1.5	7.50736	7.50736	-90.4555	0	
32	50	1.5	11.2935	11.2935	-86.4291	0	
34.4	-70	1.5	2.3845	2.3845	-95.9326	0	
34.4	-67.6	1.5	1.41843	1.41843	-91.4563	0	
34.4	-65.2	1.5	8.12058	8.12058	-94.77	0	
34.4	-62.8	1.5	-3.03949	-3.03949	-88.7438	0	
34.4	-60.4	1.5	2.33764	2.33764	-88.5502	0	
34.4	-58	1.5	3.42619	3.42619	-89.76	0	
34.4	-55.6	1.5	7.19245	7.19245	-92.3857	0	
34.4	-53.2	1.5	4.10897	4.10897	-86.3208	0	
34.4	-50.8	1.5	7.29774	7.29774	-86.04	0	
34.4	-48.4	1.5	7.78902	7.78902	-84.8626	0	
34.4	-46	1.5	8.53211	8.53211	-88.5248	0	
34.4	-43.6	1.5	8.49966	8.49966	-86.78	0	
34.4	-41.2	1.5	12.7307	12.7307	-89.0923	0	
34.4	-38.8	1.5	14.3441	14.3441	-90.3531	0	
34.4	-36.4	1.5	13.63	13.63	-84.6249	0	
34.4	-34	1.5	13.2373	13.2373	-81.67	0	
34.4	-31.6	1.5	11.6958	11.6958	-78.9833	0	
34.4	-29.2	1.5	14.1521	14.1521	-79.1512	0	
34.4	-26.8	1.5	16.3547	16.3547	-79.8375	0	
34.4	-24.4	1.5	16.3046	16.3046	-78.2552	0	
34.4	-22	1.5	19.3479	19.3479	-89.0062	0	
34.4	-19.6	1.5	20.011	20.011	-76.6479	0	
34.4	-17.2	1.5	22.1425	22.1425	-76.311	0	
34.4	-14.8	1.5	21.2239	21.2239	-74.4766	0	
34.4	-12.4	1.5	21.0824	21.0824	-72.5986	0	
34.4	-10	1.5	23.1983	23.1983	-72.2102	0	
34.4	-7.6	1.5	23.034	23.034	-72.5215	0	
34.4	-5.2	1.5	25.9254	25.9254	-72.8171	0	
34.4	-2.8	1.5	22.7816	22.7816	-72.0914	0	
34.4	-0.4	1.5	24.431	24.431	-71.2002	0	
34.4	2	1.5	23.082	23.082	-71.7458	0	
34.4	4.4	1.5	20.5647	20.5647	-73.7835	0	
34.4	6.8	1.5	23.6428	23.6428	-72.2761	0	
34.4	9.2	1.5	21.9457	21.9457	-73.0691	0	
34.4	11.6	1.5	22.3589	22.3589	-73.878	0	
34.4	14	1.5	19.7931	19.7931	-74.6689	0	
34.4	16.4	1.5	20.5798	20.5798	-79.4523	0	
34.4	18.8	1.5	22.243	22.243	-76.6886	0	
34.4	21.2	1.5	19.1559	19.1559	-77.597	0	
34.4	23.6	1.5	13.9944	13.9944	-78.5612	0	
34.4	26	1.5	18.2112	18.2112	-83.1504	0	
34.4	28.4	1.5	15.7007	15.7007	-81.8614	0	
34.4	30.8	1.5	14.598	14.598	-82.7793	0	
34.4	33.2	1.5	13.2779	13.2779	-81.8844	0	
34.4	35.6	1.5	11.3034	11.3034	-85.7534	0	
34.4	38	1.5	11.2878	11.2878	-84.5733	0	
34.4	40.4	1.5	8.6331	8.6331	-83.8929	0	
34.4	42.8	1.5	12.5507	12.5507	-86.2399	0	
34.4	45.2	1.5	4.9402	4.9402	-85.9896	0	
34.4	47.6	1.5	12.1425	12.1425	-87.8678	0	
34.4	50	1.5	5.14264	5.14264	-88.9523	0	
36.8	-70	1.5	4.82178	4.82178	-96.9471	0	
36.8	-67.6	1.5	-2.85873	-2.85873	-96.4692	0	
36.8	-65.2	1.5	5.18319	5.18319	-95.3598	0	
36.8	-62.8	1.5	3.3166	3.3166	-92.97	0	
36.8	-60.4	1.5	4.09803	4.09803	-91.21	0	
36.8	-58	1.5	7.14844	7.14844	-92.5905	0	
36.8	-55.6	1.5	7.32925	7.32925	-88.84	0	
36.8	-53.2	1.5	6.57814	6.57814	-93.9645	0	
36.8	-50.8	1.5	5.56505	5.56505	-88.618	0	
36.8	-48.4	1.5	4.93338	4.93338	-90.9923	0	
36.8	-46	1.5	13.0668	13.0668	-88.2104	0	
36.8	-43.6	1.5	8.58195	8.58195	-86.4649	0	
36.8	-41.2	1.5	5.18736	5.18736	-87.5233	0	
36.8	-38.8	1.5	6.21448	6.21448	-85.5665	0	
36.8	-36.4	1.5	11.4673	11.4673	-84.7946	0	
36.8	-34	1.5	12.5385	12.5385	-83.0431	0	
36.8	-31.6	1.5	14.4317	14.4317	-83.2027	0	
36.8	-29.2	1.5	15.1477	15.1477	-86.2197	0	
36.8	-26.8	1.5	16.6132	16.6132	-80.5997	0	
36.8	-24.4	1.5	19.0506	19.0506	-77.861	0	
36.8	-22	1.5	16.7983	16.7983	-81.7324	0	
36.8	-19.6	1.5	12.2005	12.2005	-76.9808	0	
36.8	-17.2	1.5	18.3658	18.3658	-77.1081	0	
36.8	-14.8	1.5	17.2939	17.2939	-76.1251	0	
36.8	-12.4	1.5	20.9744	20.9744	-72.7017	0	
36.8	-10	1.5	10.4377	10.4377	-74.1135	0	
36.8	-7.6	1.5	22.0231	22.0231	-74.3542	0	
36.8	-5.2	1.5	21.8275	21.8275	-76.7596	0	
36.8	-2.8	1.5	23.791	23.791	-75.4804	0	
36.8	-0.4	1.5	21.6729	21.6729	-74.4247	0	
36.8	2	1.5	22.4247	22.4247	-75.3555	0	
36.8	4.4	1.5	21.7933	21.7933	-73.9037	0	
36.8	6.8	1.5	18.7583	18.7583	-72.46	0	
36.8	9.2	1.5	18.1513	18.1513	-73.3986	0	
36.8	11.6	1.5	21.5383	21.5383	-75.5872	0	
36.8	14	1.5	21.8625	21.8625	-74.9656	0	
36.8	16.4	1.5	18.6045	18.6045	-75.6515	0	
36.8	18.8	1.5	19.6586	19.6586	-78.0721	0	
36.8	21.2	1.5	18.8044	18.8044	-75.8343	0	
36.8	23.6	1.5	17.0752	17.0752	-77.0279	0	
36.8	26	1.5	17.5789	17.5789	-80.9381	0	
36.8	28.4	1.5	12.76	12.76	-82.4461	0	
36.8	30.8	1.5	14.8276	14.8276	-81.1801	0	
36.8	33.2	1.5	12.3931	12.3931	-89.9273	0	
36.8	35.6	1.5	11.9038	11.9038	-83.7857	0	
36.8	38	1.5	11.1343	11.1343	-86.2872	0	
36.8	40.4	1.5	9.07707	9.07707	-87.1162	0	
36.8	42.8	1.5	8.12842	8.12842	-91.5745	0	
36.8	45.2	1.5	14.2574	14.2574	-87.5649	0	
36.8	47.6	1.5	8.26133	8.26133	-90.2681	0	
36.8	50	1.5	9.34891	9.34891	-89.9065	0	
39.2	-70	1.5	3.37113	3.37113	-92.2329	0	
39.2	-67.6	1.5	-0.295309	-0.295309	-94.5111	0	
39.2	-65.2	1.5	0.670834	0.670834	-92.3463	0	
39.2	-62.8	1.5	3.70682	3.70682	-86.7786	0	
39.2	-60.4	1.5	6.05013	6.05013	-94.4855	0	
39.2	-58	1.5	4.09027	4.09027	-91.2175	0	
39.2	-55.6	1.5	5.21258	5.21258	-88.5305	0	
39.2	-53.2	1.5	3.80015	3.80015	-89.8433	0	
39.2	-50.8	1.5	6.44898	6.44898	-95.0021	0	
39.2	-48.4	1.5	6.27577	6.27577	-86.8206	0	
39.2	-46	1.5	9.80107	9.80107	-86.6645	0	
39.2	-43.6	1.5	10.0468	10.0468	-87.7034	0	
39.2	-41.2	1.5	6.51597	6.51597	-86.8029	0	
39.2	-38.8	1.5	14.097	14.097	-86.1535	0	
39.2	-36.4	1.5	9.2942	9.2942	-85.7615	0	
39.2	-34	1.5	13.3497	13.3497	-83.7206	0	
39.2	-31.6	1.5	14.89	14.89	-81.792	0	
39.2	-29.2	1.5	13.5853	13.5853	-82.1664	0	
39.2	-26.8	1.5	14.0864	14.0864	-80.427	0	
39.2	-24.4	1.5	17.7326	17.7326	-79.4886	0	
39.2	-22	1.5	17.1747	17.1747	-77.406	0	
39.2	-19.6	1.5	17.9653	17.9653	-78.6591	0	
39.2	-17.2	1.5	19.8901	19.8901	-77.8212	0	
39.2	-14.8	1.5	20.5991	20.5991	-80.1706	0	
39.2	-12.4	1.5	19.825	19.825	-75.907	0	
39.2	-10	1.5	19.9568	19.9568	-85.8842	0	
39.2	-7.6	1.5	20.209	20.209	-74.4539	0	
39.2	-5.2	1.5	20.9537	20.9537	-77.6523	0	
39.2	-2.8	1.5	21.6726	21.6726	-73.7547	0	
39.2	-0.4	1.5	21.1515	21.1515	-82.2504	0	
39.2	2	1.5	20.2513	20.2513	-74.2125	0	
39.2	4.4	1.5	21.3777	21.3777	-74.2947	0	
39.2	6.8	1.5	21.9568	21.9568	-74.7463	0	
39.2	9.2	1.5	12.5286	12.5286	-76.6999	0	
39.2	11.6	1.5	20.7822	20.7822	-78.5834	0	
39.2	14	1.5	19.8955	19.8955	-77.9841	0	
39.2	16.4	1.5	18.9952	18.9952	-77.7325	0	
39.2	18.8	1.5	18.7249	18.7249	-78.5973	0	
39.2	21.2	1.5	14.9221	14.9221	-79.3251	0	
39.2	23.6	1.5	4.0763	4.0763	-80.4187	0	
39.2	26	1.5	9.45195	9.45195	-80.1704	0	
39.2	28.4	1.5	12.3469	12.3469	-80.1362	0	
39.2	30.8	1.5	13.9408	13.9408	-81.8366	0	
39.2	33.2	1.5	13.5591	13.5591	-81.7937	0	
39.2	35.6	1.5	11.8786	11.8786	-85.3669	0	
39.2	38	1.5	10.9652	10.9652	-84.6437	0	
39.2	40.4	1.5	10.6537	10.6537	-86.601	0	
39.2	42.8	1.5	8.00746	8.00746	-86.316	0	
39.2	45.2	1.5	8.00246	8.00246	-88.0299	0	
39.2	47.6	1.5	7.40849	7.40849	-89.971	0	
39.2	50	1.5	5.91548	5.91548	-91.9517	0	
41.6	-70	1.5	1.40692	1.40692	-93.8323	0	
41.6	-67.6	1.5	2.77047	2.77047	-92.1479	0	
41.6	-65.2	1.5	0.887167	0.887167	-95.0547	0	
41.6	-62.8	1.5	1.91181	1.91181	-92.2586	0	
41.6	-60.4	1.5	6.71752	6.71752	-90.5768	0	
41.6	-58	1.5	9.71791	9.71791	-87.5756	0	
41.6	-55.6	1.5	6.93969	6.93969	-85.8635	0	
41.6	-53.2	1.5	5.58157	5.58157	-91.394	0	
41.6	-50.8	1.5	10.974	10.974	-90.7027	0	
41.6	-48.4	1.5	7.6882	7.6882	-89.5288	0	
41.6	-46	1.5	7.07478	7.07478	-88.7817	0	
41.6	-43.6	1.5	4.88869	4.88869	-87.1786	0	
41.6	-41.2	1.5	3.1384	3.1384	-84.6841	0	
41.6	-38.8	1.5	10.0316	10.0316	-91.3844	0	
41.6	-36.4	1.5	12.25	12.25	-84.9362	0	
41.6	-34	1.5	11.3494	11.3494	-84.167	0	
41.6	-31.6	1.5	11.5714	11.5714	-82.9529	0	
41.6	-29.2	1.5	11.5772	11.5772	-82.4442	0	
41.6	-26.8	1.5	13.8335	13.8335	-81.8158	0	
41.6	-24.4	1.5	11.2891	11.2891	-81.5376	0	
41.6	-22	1.5	15.2557	15.2557	-79.4932	0	
41.6	-19.6	1.5	16.2382	16.2382	-78.5353	0	
41.6	-17.2	1.5	18.4367	18.4367	-78.341	0	
41.6	-14.8	1.5	19.2981	19.2981	-76.4186	0	
41.6	-12.4	1.5	19.2775	19.2775	-76.5621	0	
41.6	-10	1.5	19.7751	19.7751	-76.6968	0	
41.6	-7.6	1.5	20.9024	20.9024	-75.5895	0	
41.6	-5.2	1.5	21.523	21.523	-74.5661	0	
41.6	-2.8	1.5	20.7653	20.7653	-74.9588	0	
41.6	-0.4	1.5	20.3669	20.3669	-73.8108	0	
41.6	2	1.5	19.8514	19.8514	-75.3792	0	
41.6	4.4	1.5	19.9187	19.9187	-73.7515	0	
41.6	6.8	1.5	20.8943	20.8943	-78.1273	0	
41.6	9.2	1.5	20.5309	20.5309	-76.7489	0	
41.6	11.6	1.5	19.2667	19.2667	-80.6388	0	
41.6	14	1.5	18.4089	18.4089	-77.0628	0	
41.6	16.4	1.5	15.8036	15.8036	-77.9222	0	
41.6	18.8	1.5	17.81	17.81	-77.4362	0	
41.6	21.2	1.5	7.15132	7.15132	-86.0523	0	
41.6	23.6	1.5	5.31225	5.31225	-80.3013	0	
41.6	26	1.5	12.3773	12.3773	-80.4969	0	
41.6	28.4	1.5	14.9028	14.9028	-83.9851	0	
41.6	30.8	1.5	8.08929	8.08929	-82.5363	0	
41.6	33.2	1.5	12.579	12.579	-83.1031	0	
41.6	35.6	1.5	12.7721	12.7721	-83.5234	0	
41.6	38	1.5	10.3394	10.3394	-84.1395	0	
41.6	40.4	1.5	10.5116	10.5116	-85.2291	0	
41.6	42.8	1.5	6.74005	6.74005	-90.8744	0	
41.6	45.2	1.5	7.05498	7.05498	-89.6778	0	
41.6	47.6	1.5	7.95892	7.95892	-88.5258	0	
41.6	50	1.5	5.82696	5.82696	-87.4717	0	
44	-70	1.5	-1.6806	-1.6806	-93.9021	0	
44	-67.6	1.5	1.97708	1.97708	-91.4778	0	
44	-65.2	1.5	4.6728	4.6728	-88.4957	0	
44	-62.8	1.5	-0.256922	-0.256922	-95.3122	0	
44	-60.4	1.5	5.36533	5.36533	-91.0451	0	
44	-58	1.5	4.24637	4.24637	-89.7697	0	
44	-55.6	1.5	6.02297	6.02297	-91.1026	0	
44	-53.2	1.5	6.01545	6.01545	-90.5644	0	
44	-50.8	1.5	7.05194	7.05194	-88.8172	0	
44	-48.4	1.5	9.69671	9.69671	-88.6428	0	
44	-46	1.5	9.4721	9.4721	-89.4361	0	
44	-43.6	1.5	2.27835	2.27835	-86.8997	0	
44	-41.2	1.5	10.9461	10.9461	-96.8776	0	
44	-38.8	1.5	9.09365	9.09365	-90.2115	0	
44	-36.4	1.5	11.6166	11.6166	-86.7395	0	
44	-34	1.5	11.9042	11.9042	-83.8604	0	
44	-31.6	1.5	13.0233	13.0233	-83.0251	0	
44	-29.2	1.5	6.94719	6.94719	-82.2492	0	
44	-26.8	1.5	14.0036	14.0036	-85.0554	0	
44	-24.4	1.5	13.893	13.893	-81.0957	0	
44	-22	1.5	16.0603	16.0603	-81.522	0	
44	-19.6	1.5	17.0566	17.0566	-80.758	0	
44	-17.2	1.5	16.847	16.847	-81.5342	0	
44	-14.8	1.5	17.5548	17.5548	-78.1064	0	
44	-12.4	1.5	18.1702	18.1702	-79.4344	0	
44	-10	1.5	16.1335	16.1335	-80.4303	0	
44	-7.6	1.5	15.1919	15.1919	-76.5737	0	
44	-5.2	1.5	18.8177	18.8177	-79.5839	0	
44	-2.8	1.5	17.7382	17.7382	-76.1673	0	
44	-0.4	1.5	19.4522	19.4522	-78.3485	0	
44	2	1.5	18.2654	18.2654	-75.6274	0	
44	4.4	1.5	16.4849	16.4849	-76.693	0	
44	6.8	1.5	18.8685	18.8685	-77.2098	0	
44	9.2	1.5	15.7921	15.7921	-76.1582	0	
44	11.6	1.5	18.2124	18.2124	-76.6766	0	
44	14	1.5	18.4159	18.4159	-77.8169	0	
44	16.4	1.5	17.4926	17.4926	-87.6347	0	
44	18.8	1.5	13.8344	13.8344	-79.0296	0	
44	21.2	1.5	15.5757	15.5757	-78.1769	0	
44	23.6	1.5	11.7507	11.7507	-80.3425	0	
44	26	1.5	14.5118	14.5118	-81.6046	0	
44	28.4	1.5	14.3011	14.3011	-82.5664	0	
44	30.8	1.5	13.3751	13.3751	-83.7631	0	
44	33.2	1.5	14.5378	14.5378	-86.567	0	
44	35.6	1.5	11.5697	11.5697	-85.1059	0	
44	38	1.5	10.3436	10.3436	-85.5947	0	
44	40.4	1.5	10.0809	10.0809	-86.879	0	
44	42.8	1.5	10.2234	10.2234	-85.06	0	
44	45.2	1.5	8.58622	8.58622	-89.9453	0	
44	47.6	1.5	8.05771	8.05771	-89.7041	0	
44	50	1.5	6.21458	6.21458	-89.546	0	
46.4	-70	1.5	2.45268	2.45268	-95.1536	0	
46.4	-67.6	1.5	0.50351	0.50351	-94.3358	0	
46.4	-65.2	1.5	3.55064	3.55064	-93.6483	0	
46.4	-62.8	1.5	1.4532	1.4532	-93.8318	0	
46.4	-60.4	1.5	1.49118	1.49118	-93.207	0	
46.4	-58	1.5	5.28229	5.28229	-93.894	0	
46.4	-55.6	1.5	6.85281	6.85281	-89.6016	0	
46.4	-53.2	1.5	4.86733	4.86733	-91.2295	0	
46.4	-50.8	1.5	4.00614	4.00614	-86.9808	0	
46.4	-48.4	1.5	3.88342	3.88342	-87.8967	0	
46.4	-46	1.5	4.66435	4.66435	-96.5735	0	
46.4	-43.6	1.5	10.0804	10.0804	-88.4693	0	
46.4	-41.2	1.5	9.12084	9.12084	-85.4597	0	
46.4	-38.8	1.5	11.2226	11.2226	-88.0675	0	
46.4	-36.4	1.5	10.7307	10.7307	-84.1875	0	
46.4	-34	1.5	10.7407	10.7407	-85.2332	0	
46.4	-31.6	1.5	15.9063	15.9063	-81.2894	0	
46.4	-29.2	1.5	11.3684	11.3684	-83.2561	0	
46.4	-26.8	1.5	7.98354	7.98354	-81.9344	0	
46.4	-24.4	1.5	15.5264	15.5264	-81.2585	0	
46.4	-22	1.5	15.771	15.771	-80.4653	0	
46.4	-19.6	1.5	16.2433	16.2433	-81.482	0	
46.4	-17.2	1.5	16.5565	16.5565	-78.9619	0	
46.4	-14.8	1.5	16.9916	16.9916	-80.9652	0	
46.4	-12.4	1.5	12.422	12.422	-78.3271	0	
46.4	-10	1.5	18.1732	18.1732	-81.3671	0	
46.4	-7.6	1.5	18.8339	18.8339	-77.808	0	
46.4	-5.2	1.5	15.3872	15.3872	-77.2471	0	
46.4	-2.8	1.5	17.6662	17.6662	-77.2559	0	
46.4	-0.4	1.5	18.7791	18.7791	-78.0719	0	
46.4	2	1.5	20.0953	20.0953	-76.5626	0	
46.4	4.4	1.5	18.7984	18.7984	-77.5468	0	
46.4	6.8	1.5	19.2075	19.2075	-86.5477	0	
46.4	9.2	1.5	18.1856	18.1856	-78.2892	0	
46.4	11.6	1.5	11.8903	11.8903	-79.2689	0	
46.4	14	1.5	17.9133	17.9133	-77.9674	0	
46.4	16.4	1.5	16.8878	16.8878	-78.7278	0	
46.4	18.8	1.5	16.4009	16.4009	-79.8681	0	
46.4	21.2	1.5	16.2248	16.2248	-80.3119	0	
46.4	23.6	1.5	8.83927	8.83927	-81.6996	0	
46.4	26	1.5	13.7583	13.7583	-89.7761	0	
46.4	28.4	1.5	11.3943	11.3943	-82.8469	0	
46.4	30.8	1.5	11.2514	11.2514	-87.1461	0	
46.4	33.2	1.5	12.7117	12.7117	-83.3827	0	
46.4	35.6	1.5	11.7277	11.7277	-84.3732	0	
46.4	38	1.5	12.942	12.942	-85.6912	0	
46.4	40.4	1.5	8.10711	8.10711	-87.2086	0	
46.4	42.8	1.5	9.20267	9.20267	-88.8941	0	
46.4	45.2	1.5	6.63276	6.63276	-96.4185	0	
46.4	47.6	1.5	7.53049	7.53049	-89.9004	0	
46.4	50	1.5	6.07563	6.07563	-90.9774	0	
48.8	-70	1.5	0.297079	0.297079	-92.9366	0	
48.8	-67.6	1.5	2.61481	2.61481	-92.3977	0	
48.8	-65.2	1.5	6.32898	6.32898	-89.7306	0	
48.8	-62.8	1.5	7.31794	7.31794	-92.6711	0	
48.8	-60.4	1.5	3.68383	3.68383	-92.4431	0	
48.8	-58	1.5	5.64254	5.64254	-94.5385	0	
48.8	-55.6	1.5	2.84596	2.84596	-92.1279	0	
48.8	-53.2	1.5	4.35471	4.35471	-90.8038	0	
48.8	-50.8	1.5	-0.834065	-0.834065	-86.4625	0	
48.8	-48.4	1.5	6.70185	6.70185	-88.0955	0	
48.8	-46	1.5	7.24796	7.24796	-88.5141	0	
48.8	-43.6	1.5	11.5026	11.5026	-88.4419	0	
48.8	-41.2	1.5	8.63881	8.63881	-90.6688	0	
48.8	-38.8	1.5	11.9409	11.9409	-85.4627	0	
48.8	-36.4	1.5	8.02656	8.02656	-85.1154	0	
48.8	-34	1.5	10.3599	10.3599	-88.4826	0	
48.8	-31.6	1.5	13.4485	13.4485	-83.6019	0	
48.8	-29.2	1.5	10.8891	10.8891	-83.7562	0	
48.8	-26.8	1.5	12.0507	12.0507	-86.0287	0	
48.8	-24.4	1.5	15.0748	15.0748	-81.5185	0	
48.8	-22	1.5	14.9177	14.9177	-81.1867	0	
48.8	-19.6	1.5	13.1245	13.1245	-81.087	0	
48.8	-17.2	1.5	15.6598	15.6598	-81.2524	0	
48.8	-14.8	1.5	16.7172	16.7172	-78.6772	0	
48.8	-12.4	1.5	17.1783	17.1783	-79.408	0	
48.8	-10	1.5	17.0988	17.0988	-80.0779	0	
48.8	-7.6	1.5	18.1429	18.1429	-76.943	0	
48.8	-5.2	1.5	17.6448	17.6448	-80.6441	0	
48.8	-2.8	1.5	17.0594	17.0594	-78.2231	0	
48.8	-0.4	1.5	12.1061	12.1061	-77.0485	0	
48.8	2	1.5	20.5602	20.5602	-76.7039	0	
48.8	4.4	1.5	17.3292	17.3292	-75.8916	0	
48.8	6.8	1.5	17.9808	17.9808	-83.3211	0	
48.8	9.2	1.5	12.9922	12.9922	-83.1678	0	
48.8	11.6	1.5	17.3129	17.3129	-78.602	0	
48.8	14	1.5	14.8596	14.8596	-80.6572	0	
48.8	16.4	1.5	14.0765	14.0765	-86.0714	0	
48.8	18.8	1.5	15.8733	15.8733	-80.928	0	
48.8	21.2	1.5	16.3042	16.3042	-81.7188	0	
48.8	23.6	1.5	14.4424	14.4424	-80.3787	0	
48.8	26	1.5	13.0207	13.0207	-83.8493	0	
48.8	28.4	1.5	8.3751	8.3751	-82.8644	0	
48.8	30.8	1.5	10.0204	10.0204	-84.7246	0	
48.8	33.2	1.5	12.3153	12.3153	-88.0902	0	
48.8	35.6	1.5	5.63074	5.63074	-85.7824	0	
48.8	38	1.5	-3.43729	-3.43729	-84.6586	0	
48.8	40.4	1.5	3.72257	3.72257	-83.0114	0	
48.8	42.8	1.5	9.13366	9.13366	-89.3543	0	
48.8	45.2	1.5	5.76523	5.76523	-86.6063	0	
48.8	47.6	1.5	6.85167	6.85167	-89.4599	0	
48.8	50	1.5	5.70407	5.70407	-91.4525	0	
51.2	-70	1.5	-1.61833	-1.61833	-98.6507	0	
51.2	-67.6	1.5	-0.221553	-0.221553	-93.8467	0	
51.2	-65.2	1.5	0.581	0.581	-93.3637	0	
51.2	-62.8	1.5	0.956893	0.956893	-89.6074	0	
51.2	-60.4	1.5	3.979	3.979	-91.8092	0	
51.2	-58	1.5	1.99947	1.99947	-96.2848	0	
51.2	-55.6	1.5	6.4696	6.4696	-91.1712	0	
51.2	-53.2	1.5	6.95845	6.95845	-91.2881	0	
51.2	-50.8	1.5	9.90653	9.90653	-86.6437	0	
51.2	-48.4	1.5	10.3746	10.3746	-89.9709	0	
51.2	-46	1.5	6.61922	6.61922	-88.3129	0	
51.2	-43.6	1.5	7.87928	7.87928	-90.3326	0	
51.2	-41.2	1.5	8.27939	8.27939	-88.6432	0	
51.2	-38.8	1.5	8.0604	8.0604	-86.7668	0	
51.2	-36.4	1.5	8.00874	8.00874	-86.8498	0	
51.2	-34	1.5	9.00693	9.00693	-86.0258	0	
51.2	-31.6	1.5	11.7568	11.7568	-86.7673	0	
51.2	-29.2	1.5	12.9454	12.9454	-81.7163	0	
51.2	-26.8	1.5	14.2243	14.2243	-87.0787	0	
51.2	-24.4	1.5	14.5639	14.5639	-81.5055	0	
51.2	-22	1.5	14.3036	14.3036	-85.5529	0	
51.2	-19.6	1.5	15.3745	15.3745	-81.1029	0	
51.2	-17.2	1.5	15.1908	15.1908	-79.106	0	
51.2	-14.8	1.5	16.398	16.398	-79.4756	0	
51.2	-12.4	1.5	15.9271	15.9271	-79.274	0	
51.2	-10	1.5	16.5953	16.5953	-79.1065	0	
51.2	-7.6	1.5	17.5149	17.5149	-78.5468	0	
51.2	-5.2	1.5	10.13	10.13	-78.5026	0	
51.2	-2.8	1.5	16.38	16.38	-84.0131	0	
51.2	-0.4	1.5	10.6652	10.6652	-80.7887	0	
51.2	2	1.5	15.9793	15.9793	-83.7793	0	
51.2	4.4	1.5	12.386	12.386	-84.413	0	
51.2	6.8	1.5	17.2821	17.2821	-80.7979	0	
51.2	9.2	1.5	17.7148	17.7148	-79.0965	0	
51.2	11.6	1.5	16.1706	16.1706	-80.5456	0	
51.2	14	1.5	11.4609	11.4609	-79.2248	0	
51.2	16.4	1.5	4.73128	4.73128	-80.5126	0	
51.2	18.8	1.5	13.5833	13.5833	-81.3045	0	
51.2	21.2	1.5	14.9663	14.9663	-82.2244	0	
51.2	23.6	1.5	12.3024	12.3024	-82.1562	0	
51.2	26	1.5	14.3556	14.3556	-83.669	0	
51.2	28.4	1.5	12.3953	12.3953	-82.7598	0	
51.2	30.8	1.5	5.49213	5.49213	-87.2003	0	
51.2	33.2	1.5	11.9766	11.9766	-85.2454	0	
51.2	35.6	1.5	12.7854	12.7854	-85.351	0	
51.2	38	1.5	10.3747	10.3747	-86.5561	0	
51.2	40.4	1.5	9.60031	9.60031	-88.0122	0	
51.2	42.8	1.5	8.94392	8.94392	-86.7905	0	
51.2	45.2	1.5	7.85715	7.85715	-90.6178	0	
51.2	47.6	1.5	9.38122	9.38122	-88.6587	0	
51.2	50	1.5	6.94777	6.94777	-90.1675	0	
53.6	-70	1.5	0.958112	0.958112	-95.261	0	
53.6	-67.6	1.5	4.40421	4.40421	-96.7668	0	
53.6	-65.2	1.5	4.7668	4.7668	-96.4208	0	
53.6	-62.8	1.5	-0.508091	-0.508091	-93.6144	0	
53.6	-60.4	1.5	3.61421	3.61421	-91.0474	0	
53.6	-58	1.5	3.60134	3.60134	-91.4311	0	
53.6	-55.6	1.5	3.46568	3.46568	-93.171	0	
53.6	-53.2	1.5	5.97543	5.97543	-90.4414	0	
53.6	-50.8	1.5	5.94032	5.94032	-88.6716	0	
53.6	-48.4	1.5	7.48201	7.48201	-87.0849	0	
53.6	-46	1.5	4.05724	4.05724	-85.9199	0	
53.6	-43.6	1.5	7.12794	7.12794	-91.6818	0	
53.6	-41.2	1.5	9.25132	9.25132	-88.5538	0	
53.6	-38.8	1.5	11.6432	11.6432	-86.9811	0	
53.6	-36.4	1.5	12.9825	12.9825	-88.0185	0	
53.6	-34	1.5	8.00315	8.00315	-84.1916	0	
53.6	-31.6	1.5	11.6745	11.6745	-85.5367	0	
53.6	-29.2	1.5	9.00499	9.00499	-82.9046	0	
53.6	-26.8	1.5	12.59	12.59	-88.4767	0	
53.6	-24.4	1.5	14.7165	14.7165	-82.3584	0	
53.6	-22	1.5	14.1761	14.1761	-84.4718	0	
53.6	-19.6	1.5	13.8209	13.8209	-79.7778	0	
53.6	-17.2	1.5	15.1658	15.1658	-80.5628	0	
53.6	-14.8	1.5	14.4268	14.4268	-84.5414	0	
53.6	-12.4	1.5	14.1194	14.1194	-80.0385	0	
53.6	-10	1.5	18.3468	18.3468	-84.8643	0	
53.6	-7.6	1.5	14.2585	14.2585	-79.7725	0	
53.6	-5.2	1.5	12.6161	12.6161	-82.6494	0	
53.6	-2.8	1.5	17.0864	17.0864	-81.0833	0	
53.6	-0.4	1.5	17.092	17.092	-80.4322	0	
53.6	2	1.5	12.4316	12.4316	-79.136	0	
53.6	4.4	1.5	13.3156	13.3156	-83.999	0	
53.6	6.8	1.5	17.1302	17.1302	-83.2534	0	
53.6	9.2	1.5	15.6796	15.6796	-79.7485	0	
53.6	11.6	1.5	15.6959	15.6959	-83.5712	0	
53.6	14	1.5	13.3534	13.3534	-80.2255	0	
53.6	16.4	1.5	13.3441	13.3441	-85.5644	0	
53.6	18.8	1.5	14.998	14.998	-86.3673	0	
53.6	21.2	1.5	14.1287	14.1287	-84.8135	0	
53.6	23.6	1.5	13.0943	13.0943	-86.4012	0	
53.6	26	1.5	13.132	13.132	-84.2804	0	
53.6	28.4	1.5	12.4725	12.4725	-85.7077	0	
53.6	30.8	1.5	11.411	11.411	-83.6963	0	
53.6	33.2	1.5	11.2941	11.2941	-85.5147	0	
53.6	35.6	1.5	9.26387	9.26387	-90.1413	0	
53.6	38	1.5	7.19144	7.19144	-86.0703	0	
53.6	40.4	1.5	7.61772	7.61772	-87.6535	0	
53.6	42.8	1.5	7.11203	7.11203	-85.5051	0	
53.6	45.2	1.5	7.81351	7.81351	-88.9003	0	
53.6	47.6	1.5	2.44141	2.44141	-90.372	0	
53.6	50	1.5	4.02415	4.02415	-90.4371	0	
56	-70	1.5	3.574	3.574	-95.6969	0	
56	-67.6	1.5	3.10606	3.10606	-89.4399	0	
56	-65.2	1.5	1.39673	1.39673	-92.9722	0	
56	-62.8	1.5	1.65556	1.65556	-91.4758	0	
56	-60.4	1.5	3.13101	3.13101	-91.7604	0	
56	-58	1.5	3.57797	3.57797	-92.8858	0	
56	-55.6	1.5	5.7617	5.7617	-87.1549	0	
56	-53.2	1.5	3.78907	3.78907	-90.9455	0	
56	-50.8	1.5	5.85662	5.85662	-94.3127	0	
56	-48.4	1.5	5.14224	5.14224	-88.7002	0	
56	-46	1.5	7.4972	7.4972	-85.7796	0	
56	-43.6	1.5	12.3566	12.3566	-89.1661	0	
56	-41.2	1.5	8.63767	8.63767	-88.2659	0	
56	-38.8	1.5	9.76695	9.76695	-88.0613	0	
56	-36.4	1.5	10.4086	10.4086	-86.4718	0	
56	-34	1.5	9.22144	9.22144	-83.9075	0	
56	-31.6	1.5	12.0563	12.0563	-86.2186	0	
56	-29.2	1.5	-0.832393	-0.832393	-86.985	0	
56	-26.8	1.5	11.9741	11.9741	-83.9072	0	
56	-24.4	1.5	12.5303	12.5303	-83.676	0	
56	-22	1.5	12.1536	12.1536	-83.0172	0	
56	-19.6	1.5	14.8428	14.8428	-86.1639	0	
56	-17.2	1.5	16.1441	16.1441	-82.0098	0	
56	-14.8	1.5	10.6635	10.6635	-84.0759	0	
56	-12.4	1.5	15.0259	15.0259	-80.7745	0	
56	-10	1.5	15.2688	15.2688	-81.3352	0	
56	-7.6	1.5	13.0487	13.0487	-79.4016	0	
56	-5.2	1.5	15.3546	15.3546	-81.8268	0	
56	-2.8	1.5	15.4278	15.4278	-81.0785	0	
56	-0.4	1.5	14.3406	14.3406	-83.9623	0	
56	2	1.5	15.2874	15.2874	-95.2241	0	
56	4.4	1.5	13.6456	13.6456	-80.2111	0	
56	6.8	1.5	14.4344	14.4344	-80.5311	0	
56	9.2	1.5	16.7065	16.7065	-84.2304	0	
56	11.6	1.5	14.8383	14.8383	-81.9565	0	
56	14	1.5	4.33161	4.33161	-81.3636	0	
56	16.4	1.5	14.4853	14.4853	-82.7026	0	
56	18.8	1.5	13.4408	13.4408	-81.3269	0	
56	21.2	1.5	12.5713	12.5713	-81.0369	0	
56	23.6	1.5	13.2475	13.2475	-83.8967	0	
56	26	1.5	13.4674	13.4674	-83.9288	0	
56	28.4	1.5	0.546414	0.546414	-85.4684	0	
56	30.8	1.5	10.4112	10.4112	-90.4845	0	
56	33.2	1.5	9.95589	9.95589	-87.7032	0	
56	35.6	1.5	7.29077	7.29077	-87.7767	0	
56	38	1.5	10.8684	10.8684	-84.146	0	
56	40.4	1.5	3.67148	3.67148	-89.8959	0	
56	42.8	1.5	6.24596	6.24596	-90.2711	0	
56	45.2	1.5	6.76907	6.76907	-86.6222	0	
56	47.6	1.5	8.31065	8.31065	-86.8779	0	
56	50	1.5	5.6525	5.6525	-91.1048	0	
58.4	-70	1.5	2.3014	2.3014	-93.1335	0	
58.4	-67.6	1.5	2.58762	2.58762	-96.1547	0	
58.4	-65.2	1.5	-0.808922	-0.808922	-93.644	0	
58.4	-62.8	1.5	-1.88454	-1.88454	-94.842	0	
58.4	-60.4	1.5	2.71364	2.71364	-93.4673	0	
58.4	-58	1.5	-10.0632	-10.0632	-91.8517	0	
58.4	-55.6	1.5	3.82922	3.82922	-87.6289	0	
58.4	-53.2	1.5	6.52768	6.52768	-95.0813	0	
58.4	-50.8	1.5	7.42968	7.42968	-91.2613	0	
58.4	-48.4	1.5	7.1474	7.1474	-88.1828	0	
58.4	-46	1.5	6.36237	6.36237	-88.7074	0	
58.4	-43.6	1.5	2.82842	2.82842	-87.2778	0	
58.4	-41.2	1.5	8.60914	8.60914	-88.3689	0	
58.4	-38.8	1.5	5.87179	5.87179	-87.6535	0	
58.4	-36.4	1.5	-4.3662	-4.3662	-87.4929	0	
58.4	-34	1.5	10.7096	10.7096	-87.2536	0	
58.4	-31.6	1.5	7.69299	7.69299	-88.441	0	
58.4	-29.2	1.5	8.09706	8.09706	-86.0844	0	
58.4	-26.8	1.5	11.5089	11.5089	-85.3099	0	
58.4	-24.4	1.5	13.4364	13.4364	-85.5487	0	
58.4	-22	1.5	10.2949	10.2949	-83.3375	0	
58.4	-19.6	1.5	14.6009	14.6009	-84.1721	0	
58.4	-17.2	1.5	15.6287	15.6287	-79.1329	0	
58.4	-14.8	1.5	11.1873	11.1873	-80.7038	0	
58.4	-12.4	1.5	16.2685	16.2685	-83.0353	0	
58.4	-10	1.5	16.2919	16.2919	-81.1406	0	
58.4	-7.6	1.5	14.7142	14.7142	-81.0494	0	
58.4	-5.2	1.5	16.2029	16.2029	-84.6637	0	
58.4	-2.8	1.5	13.8077	13.8077	-81.4155	0	
58.4	-0.4	1.5	16.2814	16.2814	-81.5095	0	
58.4	2	1.5	14.1327	14.1327	-81.1075	0	
58.4	4.4	1.5	11.8057	11.8057	-81.2491	0	
58.4	6.8	1.5	14.9675	14.9675	-81.0898	0	
58.4	9.2	1.5	14.4288	14.4288	-81.1854	0	
58.4	11.6	1.5	6.52972	6.52972	-82.5084	0	
58.4	14	1.5	12.1469	12.1469	-83.3576	0	
58.4	16.4	1.5	3.14068	3.14068	-83.3954	0	
58.4	18.8	1.5	12.6851	12.6851	-84.305	0	
58.4	21.2	1.5	13.2084	13.2084	-83.9826	0	
58.4	23.6	1.5	1.19033	1.19033	-85.0713	0	
58.4	26	1.5	11.012	11.012	-87.7137	0	
58.4	28.4	1.5	10.6601	10.6601	-82.5479	0	
58.4	30.8	1.5	11.8042	11.8042	-82.9599	0	
58.4	33.2	1.5	10.2832	10.2832	-88.2105	0	
58.4	35.6	1.5	9.41448	9.41448	-85.497	0	
58.4	38	1.5	4.12141	4.12141	-87.7696	0	
58.4	40.4	1.5	8.31036	8.31036	-88.5231	0	
58.4	42.8	1.5	10.6426	10.6426	-88.4175	0	
58.4	45.2	1.5	4.88159	4.88159	-93.5713	0	
58.4	47.6	1.5	1.49173	1.49173	-92.5539	0	
58.4	50	1.5	3.17407	3.17407	-91.4108	0	
60.8	-70	1.5	1.21682	1.21682	-93.2107	0	
60.8	-67.6	1.5	1.24326	1.24326	-94.7737	0	
60.8	-65.2	1.5	1.8387	1.8387	-94.829	0	
60.8	-62.8	1.5	6.24567	6.24567	-93.2805	0	
60.8	-60.4	1.5	3.48509	3.48509	-91.1342	0	
60.8	-58	1.5	3.38493	3.38493	-88.5102	0	
60.8	-55.6	1.5	4.55265	4.55265	-88.7248	0	
60.8	-53.2	1.5	5.35747	5.35747	-95.5898	0	
60.8	-50.8	1.5	5.07957	5.07957	-90.4069	0	
60.8	-48.4	1.5	7.23669	7.23669	-90.2425	0	
60.8	-46	1.5	6.69216	6.69216	-90.389	0	
60.8	-43.6	1.5	6.7974	6.7974	-90.3547	0	
60.8	-41.2	1.5	7.14809	7.14809	-88.7617	0	
60.8	-38.8	1.5	1.8279	1.8279	-88.2398	0	
60.8	-36.4	1.5	5.81693	5.81693	-87.1343	0	
60.8	-34	1.5	9.71772	9.71772	-86.7333	0	
60.8	-31.6	1.5	7.07363	7.07363	-84.4887	0	
60.8	-29.2	1.5	10.8871	10.8871	-90.8516	0	
60.8	-26.8	1.5	14.1325	14.1325	-81.6357	0	
60.8	-24.4	1.5	13.0408	13.0408	-85.3692	0	
60.8	-22	1.5	4.48404	4.48404	-84.505	0	
60.8	-19.6	1.5	7.98892	7.98892	-90.6089	0	
60.8	-17.2	1.5	12.774	12.774	-83.1082	0	
60.8	-14.8	1.5	13.5738	13.5738	-83.9529	0	
60.8	-12.4	1.5	5.84831	5.84831	-82.1077	0	
60.8	-10	1.5	13.5126	13.5126	-81.3406	0	
60.8	-7.6	1.5	4.77318	4.77318	-81.2986	0	
60.8	-5.2	1.5	11.0253	11.0253	-81.9112	0	
60.8	-2.8	1.5	14.3205	14.3205	-85.8395	0	
60.8	-0.4	1.5	14.5251	14.5251	-81.8705	0	
60.8	2	1.5	14.0867	14.0867	-84.4716	0	
60.8	4.4	1.5	15.7493	15.7493	-80.742	0	
60.8	6.8	1.5	14.1885	14.1885	-88.0699	0	
60.8	9.2	1.5	14.7086	14.7086	-81.8591	0	
60.8	11.6	1.5	13.5946	13.5946	-82.3503	0	
60.8	14	1.5	6.57792	6.57792	-80.3347	0	
60.8	16.4	1.5	13.1825	13.1825	-82.1874	0	
60.8	18.8	1.5	10.9916	10.9916	-83.3317	0	
60.8	21.2	1.5	9.94508	9.94508	-83.7544	0	
60.8	23.6	1.5	11.8058	11.8058	-84.3549	0	
60.8	26	1.5	11.2053	11.2053	-85.2431	0	
60.8	28.4	1.5	11.9091	11.9091	-83.3733	0	
60.8	30.8	1.5	7.95654	7.95654	-84.4495	0	
60.8	33.2	1.5	9.42828	9.42828	-83.1659	0	
60.8	35.6	1.5	6.6302	6.6302	-86.3879	0	
60.8	38	1.5	11.3724	11.3724	-88.343	0	
60.8	40.4	1.5	7.47344	7.47344	-92.4592	0	
60.8	42.8	1.5	7.31175	7.31175	-88.9939	0	
60.8	45.2	1.5	5.73115	5.73115	-87.4624	0	
60.8	47.6	1.5	6.16726	6.16726	-88.2256	0	
60.8	50	1.5	5.6991	5.6991	-91.2995	0	
63.2	-70	1.5	1.77057	1.77057	-96.0209	0	
63.2	-67.6	1.5	1.54909	1.54909	-94.873	0	
63.2	-65.2	1.5	2.02855	2.02855	-103.83	0	
63.2	-62.8	1.5	0.942623	0.942623	-95.2643	0	
63.2	-60.4	1.5	2.91334	2.91334	-94.1128	0	
63.2	-58	1.5	7.90339	7.90339	-92.7201	0	
63.2	-55.6	1.5	4.76236	4.76236	-95.1853	0	
63.2	-53.2	1.5	3.96867	3.96867	-89.7016	0	
63.2	-50.8	1.5	5.31751	5.31751	-93.4712	0	
63.2	-48.4	1.5	6.1625	6.1625	-91.319	0	
63.2	-46	1.5	5.876	5.876	-90.5984	0	
63.2	-43.6	1.5	1.96004	1.96004	-86.8652	0	
63.2	-41.2	1.5	7.01847	7.01847	-91.0968	0	
63.2	-38.8	1.5	8.64145	8.64145	-86.606	0	
63.2	-36.4	1.5	9.12468	9.12468	-89.3922	0	
63.2	-34	1.5	10.9265	10.9265	-87.3531	0	
63.2	-31.6	1.5	13.8291	13.8291	-91.2629	0	
63.2	-29.2	1.5	9.1752	9.1752	-90.3779	0	
63.2	-26.8	1.5	10.0394	10.0394	-84.7065	0	
63.2	-24.4	1.5	9.61439	9.61439	-84.7934	0	
63.2	-22	1.5	12.5628	12.5628	-84.415	0	
63.2	-19.6	1.5	11.6049	11.6049	-85.7937	0	
63.2	-17.2	1.5	12.1921	12.1921	-84.0704	0	
63.2	-14.8	1.5	7.75973	7.75973	-81.8452	0	
63.2	-12.4	1.5	13.0744	13.0744	-84.7755	0	
63.2	-10	1.5	8.6062	8.6062	-86.1948	0	
63.2	-7.6	1.5	8.67917	8.67917	-82.8359	0	
63.2	-5.2	1.5	10.8283	10.8283	-81.6544	0	
63.2	-2.8	1.5	9.22644	9.22644	-88.4697	0	
63.2	-0.4	1.5	10.6376	10.6376	-80.2414	0	
63.2	2	1.5	13.9128	13.9128	-83.0052	0	
63.2	4.4	1.5	12.3498	12.3498	-82.6894	0	
63.2	6.8	1.5	13.7543	13.7543	-83.3848	0	
63.2	9.2	1.5	13.2645	13.2645	-82.6201	0	
63.2	11.6	1.5	11.3111	11.3111	-81.0634	0	
63.2	14	1.5	14.5713	14.5713	-82.2764	0	
63.2	16.4	1.5	5.82701	5.82701	-82.8009	0	
63.2	18.8	1.5	10.8826	10.8826	-85.1304	0	
63.2	21.2	1.5	10.5318	10.5318	-83.5215	0	
63.2	23.6	1.5	11.6287	11.6287	-84.7752	0	
63.2	26	1.5	9.76421	9.76421	-84.2851	0	
63.2	28.4	1.5	11.7843	11.7843	-85.1026	0	
63.2	30.8	1.5	3.04364	3.04364	-87.7732	0	
63.2	33.2	1.5	9.75593	9.75593	-86.7861	0	
63.2	35.6	1.5	8.83659	8.83659	-91.8297	0	
63.2	38	1.5	8.00135	8.00135	-92.8808	0	
63.2	40.4	1.5	8.30152	8.30152	-90.0271	0	
63.2	42.8	1.5	5.86484	5.86484	-88.2028	0	
63.2	45.2	1.5	8.00628	8.00628	-89.6158	0	
63.2	47.6	1.5	5.14331	5.14331	-91.1974	0	
63.2	50	1.5	1.04719	1.04719	-91.0634	0	
65.6	-70	1.5	3.6488	3.6488	-97.1289	0	
65.6	-67.6	1.5	1.5776	1.5776	-94.899	0	
65.6	-65.2	1.5	-1.43109	-1.43109	-95.0232	0	
65.6	-62.8	1.5	-3.71746	-3.71746	-94.4082	0	
65.6	-60.4	1.5	4.71899	4.71899	-93.6851	0	
65.6	-58	1.5	5.91364	5.91364	-88.7511	0	
65.6	-55.6	1.5	3.38702	3.38702	-92.9614	0	
65.6	-53.2	1.5	4.86919	4.86919	-93.1645	0	
65.6	-50.8	1.5	4.42729	4.42729	-101	0	
65.6	-48.4	1.5	2.40985	2.40985	-91.2506	0	
65.6	-46	1.5	2.75729	2.75729	-91.4563	0	
65.6	-43.6	1.5	0.742561	0.742561	-89.9948	0	
65.6	-41.2	1.5	5.80272	5.80272	-88.6089	0	
65.6	-38.8	1.5	7.06619	7.06619	-88.0738	0	
65.6	-36.4	1.5	7.32388	7.32388	-87.9529	0	
65.6	-34	1.5	8.81125	8.81125	-89.0154	0	
65.6	-31.6	1.5	8.62326	8.62326	-86.0443	0	
65.6	-29.2	1.5	-3.35063	-3.35063	-86.002	0	
65.6	-26.8	1.5	10.4983	10.4983	-86.03	0	
65.6	-24.4	1.5	10.76	10.76	-88.4569	0	
65.6	-22	1.5	11.8833	11.8833	-84.6697	0	
65.6	-19.6	1.5	12.9168	12.9168	-85.2855	0	
65.6	-17.2	1.5	8.51147	8.51147	-83.3217	0	
65.6	-14.8	1.5	2.34481	2.34481	-84.5126	0	
65.6	-12.4	1.5	11.7643	11.7643	-80.0911	0	
65.6	-10	1.5	6.87171	6.87171	-86.9177	0	
65.6	-7.6	1.5	13.8542	13.8542	-86.3239	0	
65.6	-5.2	1.5	12.9367	12.9367	-83.5729	0	
65.6	-2.8	1.5	11.2805	11.2805	-83.5864	0	
65.6	-0.4	1.5	14.1399	14.1399	-83.2118	0	
65.6	2	1.5	12.1456	12.1456	-82.7315	0	
65.6	4.4	1.5	11.9957	11.9957	-82.8212	0	
65.6	6.8	1.5	7.89917	7.89917	-82.5798	0	
65.6	9.2	1.5	13.677	13.677	-84.9293	0	
65.6	11.6	1.5	6.19333	6.19333	-84.3168	0	
65.6	14	1.5	10.3408	10.3408	-85.926	0	
65.6	16.4	1.5	11.5423	11.5423	-83.865	0	
65.6	18.8	1.5	11.7918	11.7918	-85.7774	0	
65.6	21.2	1.5	13.0437	13.0437	-83.4114	0	
65.6	23.6	1.5	10.9137	10.9137	-85.1812	0	
65.6	26	1.5	8.40089	8.40089	-85.4844	0	
65.6	28.4	1.5	10.8251	10.8251	-86.5285	0	
65.6	30.8	1.5	9.52241	9.52241	-86.447	0	
65.6	33.2	1.5	10.4928	10.4928	-86.4358	0	
65.6	35.6	1.5	9.26785	9.26785	-88.5616	0	
65.6	38	1.5	8.03053	8.03053	-89.2012	0	
65.6	40.4	1.5	7.52839	7.52839	-89.9884	0	
65.6	42.8	1.5	5.83314	5.83314	-92.3918	0	
65.6	45.2	1.5	2.43254	2.43254	-89.7738	0	
65.6	47.6	1.5	-1.46937	-1.46937	-90.641	0	
65.6	50	1.5	9.6509	9.6509	-92.9708	0	
68	-70	1.5	0.0385255	0.0385255	-95.9956	0	
68	-67.6	1.5	3.81891	3.81891	-95.2956	0	
68	-65.2	1.5	-0.199217	-0.199217	-94.4778	0	
68	-62.8	1.5	0.29888	0.29888	-93.6392	0	
68	-60.4	1.5	3.46721	3.46721	-90.5224	0	
68	-58	1.5	4.56435	4.56435	-90.1735	0	
68	-55.6	1.5	1.99335	1.99335	-92.1324	0	
68	-53.2	1.5	1.40104	1.40104	-91.9955	0	
68	-50.8	1.5	4.86691	4.86691	-90.6659	0	
68	-48.4	1.5	-1.04361	-1.04361	-94.0254	0	
68	-46	1.5	5.52169	5.52169	-89.5685	0	
68	-43.6	1.5	6.76991	6.76991	-87.2089	0	
68	-41.2	1.5	7.65771	7.65771	-93.4372	0	
68	-38.8	1.5	9.15047	9.15047	-89.1565	0	
68	-36.4	1.5	7.43123	7.43123	-86.3019	0	
68	-34	1.5	8.02006	8.02006	-86.4908	0	
68	-31.6	1.5	8.79838	8.79838	-86.1973	0	
68	-29.2	1.5	10.3642	10.3642	-85.8441	0	
68	-26.8	1.5	8.27098	8.27098	-86.0337	0	
68	-24.4	1.5	9.80307	9.80307	-87.8102	0	
68	-22	1.5	8.07226	8.07226	-84.6965	0	
68	-19.6	1.5	10.0167	10.0167	-90.3073	0	
68	-17.2	1.5	4.47469	4.47469	-86.8201	0	
68	-14.8	1.5	11.1788	11.1788	-89.2219	0	
68	-12.4	1.5	8.14078	8.14078	-88.5005	0	
68	-10	1.5	12.2098	12.2098	-86.5885	0	
68	-7.6	1.5	7.46484	7.46484	-85.6107	0	
68	-5.2	1.5	13.6137	13.6137	-86.4128	0	
68	-2.8	1.5	11.513	11.513	-84.4528	0	
68	-0.4	1.5	11.2332	11.2332	-84.9179	0	
68	2	1.5	8.73222	8.73222	-85.662	0	
68	4.4	1.5	12.4393	12.4393	-85.723	0	
68	6.8	1.5	9.05037	9.05037	-81.6361	0	
68	9.2	1.5	11.2374	11.2374	-85.9605	0	
68	11.6	1.5	2.99211	2.99211	-90.9744	0	
68	14	1.5	13.7929	13.7929	-84.7345	0	
68	16.4	1.5	9.35648	9.35648	-87.5715	0	
68	18.8	1.5	11.5646	11.5646	-86.7507	0	
68	21.2	1.5	9.56257	9.56257	-86.4239	0	
68	23.6	1.5	9.83445	9.83445	-91.0036	0	
68	26	1.5	10.0907	10.0907	-87.4644	0	
68	28.4	1.5	10.724	10.724	-85.6789	0	
68	30.8	1.5	11.394	11.394	-87.4734	0	
68	33.2	1.5	9.26187	9.26187	-86.4562	0	
68	35.6	1.5	8.92266	8.92266	-85.3432	0	
68	38	1.5	8.18721	8.18721	-89.3138	0	
68	40.4	1.5	6.40093	6.40093	-95.7717	0	
68	42.8	1.5	6.94463	6.94463	-88.323	0	
68	45.2	1.5	5.07056	5.07056	-91.1943	0	
68	47.6	1.5	5.8974	5.8974	-88.6038	0	
68	50	1.5	1.76761	1.76761	-94.0009	0	
70.4	-70	1.5	1.32736	1.32736	-98.2683	0	
70.4	-67.6	1.5	0.342714	0.342714	-93.4789	0	
70.4	-65.2	1.5	1.02282	1.02282	-93.7353	0	
70.4	-62.8	1.5	3.61416	3.61416	-91.5199	0	
70.4	-60.4	1.5	3.13511	3.13511	-95.829	0	
70.4	-58	1.5	4.93262	4.93262	-96.2973	0	
70.4	-55.6	1.5	2.92588	2.92588	-91.8251	0	
70.4	-53.2	1.5	0.638891	0.638891	-95.7588	0	
70.4	-50.8	1.5	4.76438	4.76438	-87.4711	0	
70.4	-48.4	1.5	3.22648	3.22648	-89.6201	0	
70.4	-46	1.5	5.95372	5.95372	-90.3825	0	
70.4	-43.6	1.5	3.83722	3.83722	-88.5645	0	
70.4	-41.2	1.5	1.06523	1.06523	-90.1468	0	
70.4	-38.8	1.5	4.48935	4.48935	-88.3493	0	
70.4	-36.4	1.5	8.28938	8.28938	-90.024	0	
70.4	-34	1.5	8.33581	8.33581	-90.4199	0	
70.4	-31.6	1.5	9.78952	9.78952	-86.2621	0	
70.4	-29.2	1.5	9.22701	9.22701	-86.2525	0	
70.4	-26.8	1.5	9.56924	9.56924	-83.681	0	
70.4	-24.4	1.5	7.55754	7.55754	-86.2453	0	
70.4	-22	1.5	10.7116	10.7116	-85.6769	0	
70.4	-19.6	1.5	11.0866	11.0866	-86.4349	0	
70.4	-17.2	1.5	10.1523	10.1523	-85.8136	0	
70.4	-14.8	1.5	7.47065	7.47065	-84.2954	0	
70.4	-12.4	1.5	0.993245	0.993245	-84.6842	0	
70.4	-10	1.5	7.75043	7.75043	-86.0017	0	
70.4	-7.6	1.5	12.3062	12.3062	-83.409	0	
70.4	-5.2	1.5	7.10705	7.10705	-83.2308	0	
70.4	-2.8	1.5	10.8012	10.8012	-84.1156	0	
70.4	-0.4	1.5	12.1258	12.1258	-85.9321	0	
70.4	2	1.5	10.5748	10.5748	-90.0122	0	
70.4	4.4	1.5	8.65743	8.65743	-89.3328	0	
70.4	6.8	1.5	9.52207	9.52207	-84.4236	0	
70.4	9.2	1.5	11.771	11.771	-88.0448	0	
70.4	11.6	1.5	9.02996	9.02996	-87.1219	0	
70.4	14	1.5	13.3421	13.3421	-85.3579	0	
70.4	16.4	1.5	2.90209	2.90209	-85.7609	0	
70.4	18.8	1.5	9.90666	9.90666	-87.3343	0	
70.4	21.2	1.5	9.33065	9.33065	-86.3642	0	
70.4	23.6	1.5	5.26268	5.26268	-87.3908	0	
70.4	26	1.5	8.69528	8.69528	-86.1024	0	
70.4	28.4	1.5	9.54396	9.54396	-87.0014	0	
70.4	30.8	1.5	8.23507	8.23507	-87.4469	0	
70.4	33.2	1.5	7.84904	7.84904	-91.3852	0	
70.4	35.6	1.5	7.11421	7.11421	-88.2143	0	
70.4	38	1.5	10.9193	10.9193	-87.7073	0	
70.4	40.4	1.5	-0.391602	-0.391602	-88.4179	0	
70.4	42.8	1.5	1.60311	1.60311	-89.3429	0	
70.4	45.2	1.5	6.13423	6.13423	-98.589	0	
70.4	47.6	1.5	1.32409	1.32409	-95.198	0	
70.4	50	1.5	2.79786	2.79786	-91.2513	0	
72.8	-70	1.5	-9.8269	-9.8269	-94.759	0	
72.8	-67.6	1.5	1.22674	1.22674	-94.607	0	
72.8	-65.2	1.5	2.63195	2.63195	-94.4408	0	
72.8	-62.8	1.5	-0.557217	-0.557217	-94.2014	0	
72.8	-60.4	1.5	0.190858	0.190858	-92.0644	0	
72.8	-58	1.5	1.73789	1.73789	-100.364	0	
72.8	-55.6	1.5	3.46887	3.46887	-89.0996	0	
72.8	-53.2	1.5	6.3589	6.3589	-89.9956	0	
72.8	-50.8	1.5	3.97729	3.97729	-91.0281	0	
72.8	-48.4	1.5	6.4783	6.4783	-94.4573	0	
72.8	-46	1.5	6.12246	6.12246	-91.826	0	
72.8	-43.6	1.5	7.05939	7.05939	-90.6042	0	
72.8	-41.2	1.5	7.24384	7.24384	-89.3497	0	
72.8	-38.8	1.5	8.82821	8.82821	-92.2206	0	
72.8	-36.4	1.5	7.45211	7.45211	-89.0651	0	
72.8	-34	1.5	10.6122	10.6122	-89.4119	0	
72.8	-31.6	1.5	4.9919	4.9919	-86.4499	0	
72.8	-29.2	1.5	7.28987	7.28987	-87.9962	0	
72.8	-26.8	1.5	9.48991	9.48991	-90.2453	0	
72.8	-24.4	1.5	3.32626	3.32626	-87.6045	0	
72.8	-22	1.5	7.84625	7.84625	-86.5854	0	
72.8	-19.6	1.5	7.4792	7.4792	-87.1679	0	
72.8	-17.2	1.5	10.6209	10.6209	-85.6946	0	
72.8	-14.8	1.5	9.09343	9.09343	-86.4546	0	
72.8	-12.4	1.5	8.26017	8.26017	-85.2726	0	
72.8	-10	1.5	10.761	10.761	-92.2502	0	
72.8	-7.6	1.5	10.5067	10.5067	-87.1851	0	
72.8	-5.2	1.5	11.7859	11.7859	-85.8723	0	
72.8	-2.8	1.5	8.47895	8.47895	-84.7457	0	
72.8	-0.4	1.5	11.961	11.961	-86.8885	0	
72.8	2	1.5	9.66321	9.66321	-83.0403	0	
72.8	4.4	1.5	9.04168	9.04168	-86.575	0	
72.8	6.8	1.5	8.52864	8.52864	-87.5122	0	
72.8	9.2	1.5	11.693	11.693	-85.5804	0	
72.8	11.6	1.5	13.7755	13.7755	-88.0882	0	
72.8	14	1.5	10.0158	10.0158	-90.5599	0	
72.8	16.4	1.5	7.96267	7.96267	-86.3284	0	
72.8	18.8	1.5	10.7305	10.7305	-86.0283	0	
72.8	21.2	1.5	9.68893	9.68893	-88.4813	0	
72.8	23.6	1.5	5.55058	5.55058	-100.81	0	
72.8	26	1.5	10.8573	10.8573	-94.176	0	
72.8	28.4	1.5	6.79088	6.79088	-87.107	0	
72.8	30.8	1.5	7.02322	7.02322	-89.4749	0	
72.8	33.2	1.5	10.9267	10.9267	-89.3047	0	
72.8	35.6	1.5	7.60057	7.60057	-90.1556	0	
72.8	38	1.5	5.64908	5.64908	-89.7531	0	
72.8	40.4	1.5	2.03391	2.03391	-87.68	0	
72.8	42.8	1.5	3.29131	3.29131	-91.3146	0	
72.8	45.2	1.5	6.54411	6.54411	-90.9366	0	
72.8	47.6	1.5	4.64148	4.64148	-90.2923	0	
72.8	50	1.5	6.16852	6.16852	-92.0682	0	
75.2	-70	1.5	0.319365	0.319365	-96.9143	0	
75.2	-67.6	1.5	2.85691	2.85691	-96.0763	0	
75.2	-65.2	1.5	2.78646	2.78646	-97.3875	0	
75.2	-62.8	1.5	0.406273	0.406273	-97.3256	0	
75.2	-60.4	1.5	-0.0228801	-0.0228801	-91.5577	0	
75.2	-58	1.5	0.47395	0.47395	-93.3316	0	
75.2	-55.6	1.5	3.27402	3.27402	-96.6637	0	
75.2	-53.2	1.5	3.39443	3.39443	-93.1242	0	
75.2	-50.8	1.5	4.14422	4.14422	-91.0045	0	
75.2	-48.4	1.5	7.2694	7.2694	-91.6168	0	
75.2	-46	1.5	5.57535	5.57535	-91.4686	0	
75.2	-43.6	1.5	6.54822	6.54822	-89.8841	0	
75.2	-41.2	1.5	7.89539	7.89539	-87.0349	0	
75.2	-38.8	1.5	5.52075	5.52075	-91.1895	0	
75.2	-36.4	1.5	6.31153	6.31153	-88.9334	0	
75.2	-34	1.5	6.80333	6.80333	-92.7405	0	
75.2	-31.6	1.5	7.68708	7.68708	-89.3197	0	
75.2	-29.2	1.5	9.54843	9.54843	-94.0127	0	
75.2	-26.8	1.5	8.02999	8.02999	-87.0813	0	
75.2	-24.4	1.5	10.302	10.302	-89.3595	0	
75.2	-22	1.5	9.61203	9.61203	-86.4447	0	
75.2	-19.6	1.5	8.22918	8.22918	-87.8385	0	
75.2	-17.2	1.5	10.1429	10.1429	-89.9321	0	
75.2	-14.8	1.5	6.94355	6.94355	-90.6041	0	
75.2	-12.4	1.5	3.5703	3.5703	-87.5061	0	
75.2	-10	1.5	9.95648	9.95648	-84.5475	0	
75.2	-7.6	1.5	10.2822	10.2822	-92.0358	0	
75.2	-5.2	1.5	9.49737	9.49737	-85.9389	0	
75.2	-2.8	1.5	8.61808	8.61808	-88.4287	0	
75.2	-0.4	1.5	12.6251	12.6251	-85.4238	0	
75.2	2	1.5	10.0567	10.0567	-90.9886	0	
75.2	4.4	1.5	10.421	10.421	-85.5021	0	
75.2	6.8	1.5	11.1331	11.1331	-86.4231	0	
75.2	9.2	1.5	4.09053	4.09053	-86.8548	0	
75.2	11.6	1.5	10.2192	10.2192	-85.7656	0	
75.2	14	1.5	10.8922	10.8922	-87.5265	0	
75.2	16.4	1.5	5.45328	5.45328	-92.2384	0	
75.2	18.8	1.5	6.83689	6.83689	-87.063	0	
75.2	21.2	1.5	4.50868	4.50868	-84.9035	0	
75.2	23.6	1.5	8.27682	8.27682	-87.253	0	
75.2	26	1.5	11.5737	11.5737	-86.4888	0	
75.2	28.4	1.5	8.88619	8.88619	-89.2297	0	
75.2	30.8	1.5	7.92671	7.92671	-89.3323	0	
75.2	33.2	1.5	4.72876	4.72876	-87.2213	0	
75.2	35.6	1.5	1.0877	1.0877	-87.5831	0	
75.2	38	1.5	7.74323	7.74323	-91.7022	0	
75.2	40.4	1.5	3.20916	3.20916	-90.1454	0	
75.2	42.8	1.5	5.03411	5.03411	-93.1404	0	
75.2	45.2	1.5	7.41173	7.41173	-99.0435	0	
75.2	47.6	1.5	6.07625	6.07625	-92.6762	0	
75.2	50	1.5	4.90462	4.90462	-90.8023	0	
77.6	-70	1.5	-0.575431	-0.575431	-95.9268	0	
77.6	-67.6	1.5	0.40815	0.40815	-93.5735	0	
77.6	-65.2	1.5	3.56334	3.56334	-97.6631	0	
77.6	-62.8	1.5	2.18246	2.18246	-92.5748	0	
77.6	-60.4	1.5	3.22705	3.22705	-96.8767	0	
77.6	-58	1.5	-0.178952	-0.178952	-94.9405	0	
77.6	-55.6	1.5	4.87313	4.87313	-92.5181	0	
77.6	-53.2	1.5	4.78003	4.78003	-92.4252	0	
77.6	-50.8	1.5	2.0529	2.0529	-88.6369	0	
77.6	-48.4	1.5	5.25172	5.25172	-91.8503	0	
77.6	-46	1.5	5.01502	5.01502	-93.8769	0	
77.6	-43.6	1.5	3.14854	3.14854	-90.9775	0	
77.6	-41.2	1.5	5.60845	5.60845	-90.6579	0	
77.6	-38.8	1.5	1.71404	1.71404	-91.0062	0	
77.6	-36.4	1.5	3.87606	3.87606	-93.2993	0	
77.6	-34	1.5	7.0027	7.0027	-95.6249	0	
77.6	-31.6	1.5	7.40634	7.40634	-87.5244	0	
77.6	-29.2	1.5	6.06657	6.06657	-89.3168	0	
77.6	-26.8	1.5	8.26706	8.26706	-90.2163	0	
77.6	-24.4	1.5	8.56738	8.56738	-94.1847	0	
77.6	-22	1.5	7.63707	7.63707	-88.1762	0	
77.6	-19.6	1.5	8.12814	8.12814	-86.5958	0	
77.6	-17.2	1.5	9.12152	9.12152	-92.6587	0	
77.6	-14.8	1.5	8.7165	8.7165	-91.9659	0	
77.6	-12.4	1.5	6.61615	6.61615	-86.504	0	
77.6	-10	1.5	3.95719	3.95719	-85.4801	0	
77.6	-7.6	1.5	11.0788	11.0788	-87.1099	0	
77.6	-5.2	1.5	8.86749	8.86749	-84.0591	0	
77.6	-2.8	1.5	7.42187	7.42187	-86.5222	0	
77.6	-0.4	1.5	8.84744	8.84744	-89.2132	0	
77.6	2	1.5	10.5946	10.5946	-90.2149	0	
77.6	4.4	1.5	9.51527	9.51527	-86.5787	0	
77.6	6.8	1.5	6.88305	6.88305	-86.4854	0	
77.6	9.2	1.5	4.56057	4.56057	-85.4552	0	
77.6	11.6	1.5	8.3936	8.3936	-85.6316	0	
77.6	14	1.5	9.47062	9.47062	-91.4593	0	
77.6	16.4	1.5	-6.03556	-6.03556	-85.5743	0	
77.6	18.8	1.5	8.45927	8.45927	-87.0219	0	
77.6	21.2	1.5	9.10361	9.10361	-90.5602	0	
77.6	23.6	1.5	5.79524	5.79524	-90.1499	0	
77.6	26	1.5	5.97249	5.97249	-88.161	0	
77.6	28.4	1.5	2.92348	2.92348	-89.3608	0	
77.6	30.8	1.5	4.57859	4.57859	-88.351	0	
77.6	33.2	1.5	7.23619	7.23619	-90.4135	0	
77.6	35.6	1.5	7.2054	7.2054	-88.8591	0	
77.6	38	1.5	7.27076	7.27076	-95.7365	0	
77.6	40.4	1.5	5.01797	5.01797	-89.9071	0	
77.6	42.8	1.5	6.31074	6.31074	-94.1531	0	
77.6	45.2	1.5	3.94446	3.94446	-91.6047	0	
77.6	47.6	1.5	4.9963	4.9963	-93.0733	0	
77.6	50	1.5	4.2682	4.2682	-91.1758	0	
80	-70	1.5	0.379796	0.379796	-95.6233	0	
80	-67.6	1.5	-0.642511	-0.642511	-95.8712	0	
80	-65.2	1.5	2.01918	2.01918	-92.5979	0	
80	-62.8	1.5	2.35098	2.35098	-94.8237	0	
80	-60.4	1.5	1.29456	1.29456	-95.9025	0	
80	-58	1.5	-0.222211	-0.222211	-94.0346	0	
80	-55.6	1.5	3.27523	3.27523	-97.5989	0	
80	-53.2	1.5	0.0877062	0.0877062	-93.6771	0	
80	-50.8	1.5	3.90278	3.90278	-92.6818	0	
80	-48.4	1.5	2.2279	2.2279	-93.0515	0	
80	-46	1.5	2.05521	2.05521	-91.4361	0	
80	-43.6	1.5	4.67481	4.67481	-92.1195	0	
80	-41.2	1.5	6.0438	6.0438	-93.3469	0	
80	-38.8	1.5	1.32908	1.32908	-91.6973	0	
80	-36.4	1.5	6.47285	6.47285	-88.1173	0	
80	-34	1.5	7.42833	7.42833	-91.1343	0	
80	-31.6	1.5	-3.08743	-3.08743	-88.0327	0	
80	-29.2	1.5	7.81422	7.81422	-86.5628	0	
80	-26.8	1.5	8.5982	8.5982	-87.2287	0	
80	-24.4	1.5	6.62467	6.62467	-88.5466	0	
80	-22	1.5	5.9577	5.9577	-87.6392	0	
80	-19.6	1.5	8.81416	8.81416	-89.2377	0	
80	-17.2	1.5	11.6982	11.6982	-86.3035	0	
80	-14.8	1.5	6.11532	6.11532	-87.7122	0	
80	-12.4	1.5	5.66453	5.66453	-87.3308	0	
80	-10	1.5	9.52452	9.52452	-86.8208	0	
80	-7.6	1.5	9.37316	9.37316	-87.8595	0	
80	-5.2	1.5	9.26572	9.26572	-87.6913	0	
80	-2.8	1.5	7.4397	7.4397	-99.0981	0	
80	-0.4	1.5	9.3576	9.3576	-87.1894	0	
80	2	1.5	10.1846	10.1846	-86.0743	0	
80	4.4	1.5	6.22947	6.22947	-89.2127	0	
80	6.8	1.5	0.561464	0.561464	-86.8246	0	
80	9.2	1.5	9.98969	9.98969	-87.5078	0	
80	11.6	1.5	9.0614	9.0614	-87.0848	0	
80	14	1.5	6.73141	6.73141	-98.9799	0	
80	16.4	1.5	4.20322	4.20322	-89.0681	0	
80	18.8	1.5	6.69051	6.69051	-94.7267	0	
80	21.2	1.5	6.46321	6.46321	-87.4679	0	
80	23.6	1.5	3.09614	3.09614	-86.4583	0	
80	26	1.5	4.2624	4.2624	-89.6282	0	
80	28.4	1.5	6.64511	6.64511	-91.7643	0	
80	30.8	1.5	5.91355	5.91355	-90.6762	0	
80	33.2	1.5	6.68162	6.68162	-88.234	0	
80	35.6	1.5	3.36037	3.36037	-98.6326	0	
80	38	1.5	5.94783	5.94783	-89.4214	0	
80	40.4	1.5	4.40214	4.40214	-95.0715	0	
80	42.8	1.5	1.60742	1.60742	-92.1899	0	
80	45.2	1.5	0.259461	0.259461	-91.4623	0	
80	47.6	1.5	9.40278	9.40278	-93.8701	0	
80	50	1.5	3.88847	3.88847	-92.7836	0	
