time(s)	cellId	rnti	lcid	packetSize
0.400002	2	1	4	945
0.400002	2	1	5	945
0.400102	2	1	4	945
0.400102	2	1	5	945
0.400202	2	1	4	945
0.400202	2	1	5	945
0.400302	2	1	4	945
0.400302	2	1	5	945
0.400402	2	1	4	945
0.400402	2	1	5	945
0.400502	2	1	4	945
0.400502	2	1	5	945
0.400602	2	1	4	945
0.400602	2	1	5	945
0.400702	2	1	4	945
0.400702	2	1	5	945
0.400802	2	1	4	945
0.400802	2	1	5	945
0.400902	2	1	4	945
0.400902	2	1	5	945
0.401002	2	1	4	945
0.401002	2	1	5	945
0.401102	2	1	4	945
0.401102	2	1	5	945
0.401202	2	1	4	945
0.401202	2	1	5	945
0.401302	2	1	4	945
0.401302	2	1	5	945
0.401402	2	1	4	945
0.401402	2	1	5	945
0.401502	2	1	4	945
0.401502	2	1	5	945
0.401602	2	1	4	945
0.401602	2	1	5	945
0.401702	2	1	4	945
0.401702	2	1	5	945
0.401802	2	1	4	945
0.401802	2	1	5	945
0.401902	2	1	4	945
0.401902	2	1	5	945
0.402002	2	1	4	945
0.402002	2	1	5	945
0.402102	2	1	4	945
0.402102	2	1	5	945
0.402202	2	1	4	945
0.402202	2	1	5	945
0.402302	2	1	4	945
0.402302	2	1	5	945
0.402402	2	1	4	945
0.402402	2	1	5	945
0.402502	2	1	4	945
0.402502	2	1	5	945
0.402602	2	1	4	945
0.402602	2	1	5	945
0.402702	2	1	4	945
0.402702	2	1	5	945
0.402802	2	1	4	945
0.402802	2	1	5	945
0.402902	2	1	4	945
0.402902	2	1	5	945
0.403002	2	1	4	945
0.403002	2	1	5	945
0.403102	2	1	4	945
0.403102	2	1	5	945
0.403202	2	1	4	945
0.403202	2	1	5	945
0.403302	2	1	4	945
0.403302	2	1	5	945
0.403402	2	1	4	945
0.403402	2	1	5	945
0.403502	2	1	4	945
0.403502	2	1	5	945
0.403602	2	1	4	945
0.403602	2	1	5	945
0.403702	2	1	4	945
0.403702	2	1	5	945
0.403802	2	1	4	945
0.403802	2	1	5	945
0.403902	2	1	4	945
0.403902	2	1	5	945
0.404002	2	1	4	945
0.404002	2	1	5	945
0.404102	2	1	4	945
0.404102	2	1	5	945
0.404202	2	1	4	945
0.404202	2	1	5	945
0.404302	2	1	4	945
0.404302	2	1	5	945
0.404402	2	1	4	945
0.404402	2	1	5	945
0.404502	2	1	4	945
0.404502	2	1	5	945
0.404602	2	1	4	945
0.404602	2	1	5	945
0.404702	2	1	4	945
0.404702	2	1	5	945
0.404802	2	1	4	945
0.404802	2	1	5	945
0.404902	2	1	4	945
0.404902	2	1	5	945
0.405002	2	1	4	945
0.405002	2	1	5	945
0.405102	2	1	4	945
0.405102	2	1	5	945
0.405202	2	1	4	945
0.405202	2	1	5	945
0.405302	2	1	4	945
0.405302	2	1	5	945
0.405402	2	1	4	945
0.405402	2	1	5	945
0.405502	2	1	4	945
0.405502	2	1	5	945
0.405602	2	1	4	945
0.405602	2	1	5	945
0.405702	2	1	4	945
0.405702	2	1	5	945
0.405802	2	1	4	945
0.405802	2	1	5	945
0.405902	2	1	4	945
0.405902	2	1	5	945
0.406002	2	1	4	945
0.406002	2	1	5	945
0.406102	2	1	4	945
0.406102	2	1	5	945
0.406202	2	1	4	945
0.406202	2	1	5	945
0.406302	2	1	4	945
0.406302	2	1	5	945
0.406402	2	1	4	945
0.406402	2	1	5	945
0.406502	2	1	4	945
0.406502	2	1	5	945
0.406602	2	1	4	945
0.406602	2	1	5	945
0.406702	2	1	4	945
0.406702	2	1	5	945
0.406802	2	1	4	945
0.406802	2	1	5	945
0.406902	2	1	4	945
0.406902	2	1	5	945
0.407002	2	1	4	945
0.407002	2	1	5	945
0.407102	2	1	4	945
0.407102	2	1	5	945
0.407202	2	1	4	945
0.407202	2	1	5	945
0.407302	2	1	4	945
0.407302	2	1	5	945
0.407402	2	1	4	945
0.407402	2	1	5	945
0.407502	2	1	4	945
0.407502	2	1	5	945
0.407602	2	1	4	945
0.407602	2	1	5	945
0.407702	2	1	4	945
0.407702	2	1	5	945
0.407802	2	1	4	945
0.407802	2	1	5	945
0.407902	2	1	4	945
0.407902	2	1	5	945
0.408002	2	1	4	945
0.408002	2	1	5	945
0.408102	2	1	4	945
0.408102	2	1	5	945
0.408202	2	1	4	945
0.408202	2	1	5	945
0.408302	2	1	4	945
0.408302	2	1	5	945
0.408402	2	1	4	945
0.408402	2	1	5	945
0.408502	2	1	4	945
0.408502	2	1	5	945
0.408602	2	1	4	945
0.408602	2	1	5	945
0.408702	2	1	4	945
0.408702	2	1	5	945
0.408802	2	1	4	945
0.408802	2	1	5	945
0.408902	2	1	4	945
0.408902	2	1	5	945
0.409002	2	1	4	945
0.409002	2	1	5	945
0.409102	2	1	4	945
0.409102	2	1	5	945
0.409202	2	1	4	945
0.409202	2	1	5	945
0.409302	2	1	4	945
0.409302	2	1	5	945
0.409402	2	1	4	945
0.409402	2	1	5	945
0.409502	2	1	4	945
0.409502	2	1	5	945
0.409602	2	1	4	945
0.409602	2	1	5	945
0.409702	2	1	4	945
0.409702	2	1	5	945
0.409802	2	1	4	945
0.409802	2	1	5	945
0.409902	2	1	4	945
0.409902	2	1	5	945
0.410002	2	1	4	945
0.410002	2	1	5	945
0.410102	2	1	4	945
0.410102	2	1	5	945
0.410202	2	1	4	945
0.410202	2	1	5	945
0.410302	2	1	4	945
0.410302	2	1	5	945
0.410402	2	1	4	945
0.410402	2	1	5	945
0.410502	2	1	4	945
0.410502	2	1	5	945
0.410602	2	1	4	945
0.410602	2	1	5	945
0.410702	2	1	4	945
0.410702	2	1	5	945
0.410802	2	1	4	945
0.410802	2	1	5	945
0.410902	2	1	4	945
0.410902	2	1	5	945
0.411002	2	1	4	945
0.411002	2	1	5	945
0.411102	2	1	4	945
0.411102	2	1	5	945
0.411202	2	1	4	945
0.411202	2	1	5	945
0.411302	2	1	4	945
0.411302	2	1	5	945
0.411402	2	1	4	945
0.411402	2	1	5	945
0.411502	2	1	4	945
0.411502	2	1	5	945
0.411602	2	1	4	945
0.411602	2	1	5	945
0.411702	2	1	4	945
0.411702	2	1	5	945
0.411802	2	1	4	945
0.411802	2	1	5	945
0.411902	2	1	4	945
0.411902	2	1	5	945
0.412002	2	1	4	945
0.412002	2	1	5	945
0.412102	2	1	4	945
0.412102	2	1	5	945
0.412202	2	1	4	945
0.412202	2	1	5	945
0.412302	2	1	4	945
0.412302	2	1	5	945
0.412402	2	1	4	945
0.412402	2	1	5	945
0.412502	2	1	4	945
0.412502	2	1	5	945
0.412602	2	1	4	945
0.412602	2	1	5	945
0.412702	2	1	4	945
0.412702	2	1	5	945
0.412802	2	1	4	945
0.412802	2	1	5	945
0.412902	2	1	4	945
0.412902	2	1	5	945
0.413002	2	1	4	945
0.413002	2	1	5	945
0.413102	2	1	4	945
0.413102	2	1	5	945
0.413202	2	1	4	945
0.413202	2	1	5	945
0.413302	2	1	4	945
0.413302	2	1	5	945
0.413402	2	1	4	945
0.413402	2	1	5	945
0.413502	2	1	4	945
0.413502	2	1	5	945
0.413602	2	1	4	945
0.413602	2	1	5	945
0.413702	2	1	4	945
0.413702	2	1	5	945
0.413802	2	1	4	945
0.413802	2	1	5	945
0.413902	2	1	4	945
0.413902	2	1	5	945
0.414002	2	1	4	945
0.414002	2	1	5	945
0.414102	2	1	4	945
0.414102	2	1	5	945
0.414202	2	1	4	945
0.414202	2	1	5	945
0.414302	2	1	4	945
0.414302	2	1	5	945
0.414402	2	1	4	945
0.414402	2	1	5	945
0.414502	2	1	4	945
0.414502	2	1	5	945
0.414602	2	1	4	945
0.414602	2	1	5	945
0.414702	2	1	4	945
0.414702	2	1	5	945
0.414802	2	1	4	945
0.414802	2	1	5	945
0.414902	2	1	4	945
0.414902	2	1	5	945
0.415002	2	1	4	945
0.415002	2	1	5	945
0.415102	2	1	4	945
0.415102	2	1	5	945
0.415202	2	1	4	945
0.415202	2	1	5	945
0.415302	2	1	4	945
0.415302	2	1	5	945
0.415402	2	1	4	945
0.415402	2	1	5	945
0.415502	2	1	4	945
0.415502	2	1	5	945
0.415602	2	1	4	945
0.415602	2	1	5	945
0.415702	2	1	4	945
0.415702	2	1	5	945
0.415802	2	1	4	945
0.415802	2	1	5	945
0.415902	2	1	4	945
0.415902	2	1	5	945
0.416002	2	1	4	945
0.416002	2	1	5	945
0.416102	2	1	4	945
0.416102	2	1	5	945
0.416202	2	1	4	945
0.416202	2	1	5	945
0.416302	2	1	4	945
0.416302	2	1	5	945
0.416402	2	1	4	945
0.416402	2	1	5	945
0.416502	2	1	4	945
0.416502	2	1	5	945
0.416602	2	1	4	945
0.416602	2	1	5	945
0.416702	2	1	4	945
0.416702	2	1	5	945
0.416802	2	1	4	945
0.416802	2	1	5	945
0.416902	2	1	4	945
0.416902	2	1	5	945
0.417002	2	1	4	945
0.417002	2	1	5	945
0.417102	2	1	4	945
0.417102	2	1	5	945
0.417202	2	1	4	945
0.417202	2	1	5	945
0.417302	2	1	4	945
0.417302	2	1	5	945
0.417402	2	1	4	945
0.417402	2	1	5	945
0.417502	2	1	4	945
0.417502	2	1	5	945
0.417602	2	1	4	945
0.417602	2	1	5	945
0.417702	2	1	4	945
0.417702	2	1	5	945
0.417802	2	1	4	945
0.417802	2	1	5	945
0.417902	2	1	4	945
0.417902	2	1	5	945
0.418002	2	1	4	945
0.418002	2	1	5	945
0.418102	2	1	4	945
0.418102	2	1	5	945
0.418202	2	1	4	945
0.418202	2	1	5	945
0.418302	2	1	4	945
0.418302	2	1	5	945
0.418402	2	1	4	945
0.418402	2	1	5	945
0.418502	2	1	4	945
0.418502	2	1	5	945
0.418602	2	1	4	945
0.418602	2	1	5	945
0.418702	2	1	4	945
0.418702	2	1	5	945
0.418802	2	1	4	945
0.418802	2	1	5	945
0.418902	2	1	4	945
0.418902	2	1	5	945
0.419002	2	1	4	945
0.419002	2	1	5	945
0.419102	2	1	4	945
0.419102	2	1	5	945
0.419202	2	1	4	945
0.419202	2	1	5	945
0.419302	2	1	4	945
0.419302	2	1	5	945
0.419402	2	1	4	945
0.419402	2	1	5	945
0.419502	2	1	4	945
0.419502	2	1	5	945
0.419602	2	1	4	945
0.419602	2	1	5	945
0.419702	2	1	4	945
0.419702	2	1	5	945
0.419802	2	1	4	945
0.419802	2	1	5	945
0.419902	2	1	4	945
0.419902	2	1	5	945
0.420002	2	1	4	945
0.420002	2	1	5	945
0.420102	2	1	4	945
0.420102	2	1	5	945
0.420202	2	1	4	945
0.420202	2	1	5	945
0.420302	2	1	4	945
0.420302	2	1	5	945
0.420402	2	1	4	945
0.420402	2	1	5	945
0.420502	2	1	4	945
0.420502	2	1	5	945
0.420602	2	1	4	945
0.420602	2	1	5	945
0.420702	2	1	4	945
0.420702	2	1	5	945
0.420802	2	1	4	945
0.420802	2	1	5	945
0.420902	2	1	4	945
0.420902	2	1	5	945
0.421002	2	1	4	945
0.421002	2	1	5	945
0.421102	2	1	4	945
0.421102	2	1	5	945
0.421202	2	1	4	945
0.421202	2	1	5	945
0.421302	2	1	4	945
0.421302	2	1	5	945
0.421402	2	1	4	945
0.421402	2	1	5	945
0.421502	2	1	4	945
0.421502	2	1	5	945
0.421602	2	1	4	945
0.421602	2	1	5	945
0.421702	2	1	4	945
0.421702	2	1	5	945
0.421802	2	1	4	945
0.421802	2	1	5	945
0.421902	2	1	4	945
0.421902	2	1	5	945
0.422002	2	1	4	945
0.422002	2	1	5	945
0.422102	2	1	4	945
0.422102	2	1	5	945
0.422202	2	1	4	945
0.422202	2	1	5	945
0.422302	2	1	4	945
0.422302	2	1	5	945
0.422402	2	1	4	945
0.422402	2	1	5	945
0.422502	2	1	4	945
0.422502	2	1	5	945
0.422602	2	1	4	945
0.422602	2	1	5	945
0.422702	2	1	4	945
0.422702	2	1	5	945
0.422802	2	1	4	945
0.422802	2	1	5	945
0.422902	2	1	4	945
0.422902	2	1	5	945
0.423002	2	1	4	945
0.423002	2	1	5	945
0.423102	2	1	4	945
0.423102	2	1	5	945
0.423202	2	1	4	945
0.423202	2	1	5	945
0.423302	2	1	4	945
0.423302	2	1	5	945
0.423402	2	1	4	945
0.423402	2	1	5	945
0.423502	2	1	4	945
0.423502	2	1	5	945
0.423602	2	1	4	945
0.423602	2	1	5	945
0.423702	2	1	4	945
0.423702	2	1	5	945
0.423802	2	1	4	945
0.423802	2	1	5	945
0.423902	2	1	4	945
0.423902	2	1	5	945
0.424002	2	1	4	945
0.424002	2	1	5	945
0.424102	2	1	4	945
0.424102	2	1	5	945
0.424202	2	1	4	945
0.424202	2	1	5	945
0.424302	2	1	4	945
0.424302	2	1	5	945
0.424402	2	1	4	945
0.424402	2	1	5	945
0.424502	2	1	4	945
0.424502	2	1	5	945
0.424602	2	1	4	945
0.424602	2	1	5	945
0.424702	2	1	4	945
0.424702	2	1	5	945
0.424802	2	1	4	945
0.424802	2	1	5	945
0.424902	2	1	4	945
0.424902	2	1	5	945
0.425002	2	1	4	945
0.425002	2	1	5	945
0.425102	2	1	4	945
0.425102	2	1	5	945
0.425202	2	1	4	945
0.425202	2	1	5	945
0.425302	2	1	4	945
0.425302	2	1	5	945
0.425402	2	1	4	945
0.425402	2	1	5	945
0.425502	2	1	4	945
0.425502	2	1	5	945
0.425602	2	1	4	945
0.425602	2	1	5	945
0.425702	2	1	4	945
0.425702	2	1	5	945
0.425802	2	1	4	945
0.425802	2	1	5	945
0.425902	2	1	4	945
0.425902	2	1	5	945
0.426002	2	1	4	945
0.426002	2	1	5	945
0.426102	2	1	4	945
0.426102	2	1	5	945
0.426202	2	1	4	945
0.426202	2	1	5	945
0.426302	2	1	4	945
0.426302	2	1	5	945
0.426402	2	1	4	945
0.426402	2	1	5	945
0.426502	2	1	4	945
0.426502	2	1	5	945
0.426602	2	1	4	945
0.426602	2	1	5	945
0.426702	2	1	4	945
0.426702	2	1	5	945
0.426802	2	1	4	945
0.426802	2	1	5	945
0.426902	2	1	4	945
0.426902	2	1	5	945
0.427002	2	1	4	945
0.427002	2	1	5	945
0.427102	2	1	4	945
0.427102	2	1	5	945
0.427202	2	1	4	945
0.427202	2	1	5	945
0.427302	2	1	4	945
0.427302	2	1	5	945
0.427402	2	1	4	945
0.427402	2	1	5	945
0.427502	2	1	4	945
0.427502	2	1	5	945
0.427602	2	1	4	945
0.427602	2	1	5	945
0.427702	2	1	4	945
0.427702	2	1	5	945
0.427802	2	1	4	945
0.427802	2	1	5	945
0.427902	2	1	4	945
0.427902	2	1	5	945
0.428002	2	1	4	945
0.428002	2	1	5	945
0.428102	2	1	4	945
0.428102	2	1	5	945
0.428202	2	1	4	945
0.428202	2	1	5	945
0.428302	2	1	4	945
0.428302	2	1	5	945
0.428402	2	1	4	945
0.428402	2	1	5	945
0.428502	2	1	4	945
0.428502	2	1	5	945
0.428602	2	1	4	945
0.428602	2	1	5	945
0.428702	2	1	4	945
0.428702	2	1	5	945
0.428802	2	1	4	945
0.428802	2	1	5	945
0.428902	2	1	4	945
0.428902	2	1	5	945
0.429002	2	1	4	945
0.429002	2	1	5	945
0.429102	2	1	4	945
0.429102	2	1	5	945
0.429202	2	1	4	945
0.429202	2	1	5	945
0.429302	2	1	4	945
0.429302	2	1	5	945
0.429402	2	1	4	945
0.429402	2	1	5	945
0.429502	2	1	4	945
0.429502	2	1	5	945
0.429602	2	1	4	945
0.429602	2	1	5	945
0.429702	2	1	4	945
0.429702	2	1	5	945
0.429802	2	1	4	945
0.429802	2	1	5	945
0.429902	2	1	4	945
0.429902	2	1	5	945
0.430002	2	1	4	945
0.430002	2	1	5	945
0.430102	2	1	4	945
0.430102	2	1	5	945
0.430202	2	1	4	945
0.430202	2	1	5	945
0.430302	2	1	4	945
0.430302	2	1	5	945
0.430402	2	1	4	945
0.430402	2	1	5	945
0.430502	2	1	4	945
0.430502	2	1	5	945
0.430602	2	1	4	945
0.430602	2	1	5	945
0.430702	2	1	4	945
0.430702	2	1	5	945
0.430802	2	1	4	945
0.430802	2	1	5	945
0.430902	2	1	4	945
0.430902	2	1	5	945
0.431002	2	1	4	945
0.431002	2	1	5	945
0.431102	2	1	4	945
0.431102	2	1	5	945
0.431202	2	1	4	945
0.431202	2	1	5	945
0.431302	2	1	4	945
0.431302	2	1	5	945
0.431402	2	1	4	945
0.431402	2	1	5	945
0.431502	2	1	4	945
0.431502	2	1	5	945
0.431602	2	1	4	945
0.431602	2	1	5	945
0.431702	2	1	4	945
0.431702	2	1	5	945
0.431802	2	1	4	945
0.431802	2	1	5	945
0.431902	2	1	4	945
0.431902	2	1	5	945
0.432002	2	1	4	945
0.432002	2	1	5	945
0.432102	2	1	4	945
0.432102	2	1	5	945
0.432202	2	1	4	945
0.432202	2	1	5	945
0.432302	2	1	4	945
0.432302	2	1	5	945
0.432402	2	1	4	945
0.432402	2	1	5	945
0.432502	2	1	4	945
0.432502	2	1	5	945
0.432602	2	1	4	945
0.432602	2	1	5	945
0.432702	2	1	4	945
0.432702	2	1	5	945
0.432802	2	1	4	945
0.432802	2	1	5	945
0.432902	2	1	4	945
0.432902	2	1	5	945
0.433002	2	1	4	945
0.433002	2	1	5	945
0.433102	2	1	4	945
0.433102	2	1	5	945
0.433202	2	1	4	945
0.433202	2	1	5	945
0.433302	2	1	4	945
0.433302	2	1	5	945
0.433402	2	1	4	945
0.433402	2	1	5	945
0.433502	2	1	4	945
0.433502	2	1	5	945
0.433602	2	1	4	945
0.433602	2	1	5	945
0.433702	2	1	4	945
0.433702	2	1	5	945
0.433802	2	1	4	945
0.433802	2	1	5	945
0.433902	2	1	4	945
0.433902	2	1	5	945
0.434002	2	1	4	945
0.434002	2	1	5	945
0.434102	2	1	4	945
0.434102	2	1	5	945
0.434202	2	1	4	945
0.434202	2	1	5	945
0.434302	2	1	4	945
0.434302	2	1	5	945
0.434402	2	1	4	945
0.434402	2	1	5	945
0.434502	2	1	4	945
0.434502	2	1	5	945
0.434602	2	1	4	945
0.434602	2	1	5	945
0.434702	2	1	4	945
0.434702	2	1	5	945
0.434802	2	1	4	945
0.434802	2	1	5	945
0.434902	2	1	4	945
0.434902	2	1	5	945
0.435002	2	1	4	945
0.435002	2	1	5	945
0.435102	2	1	4	945
0.435102	2	1	5	945
0.435202	2	1	4	945
0.435202	2	1	5	945
0.435302	2	1	4	945
0.435302	2	1	5	945
0.435402	2	1	4	945
0.435402	2	1	5	945
0.435502	2	1	4	945
0.435502	2	1	5	945
0.435602	2	1	4	945
0.435602	2	1	5	945
0.435702	2	1	4	945
0.435702	2	1	5	945
0.435802	2	1	4	945
0.435802	2	1	5	945
0.435902	2	1	4	945
0.435902	2	1	5	945
0.436002	2	1	4	945
0.436002	2	1	5	945
0.436102	2	1	4	945
0.436102	2	1	5	945
0.436202	2	1	4	945
0.436202	2	1	5	945
0.436302	2	1	4	945
0.436302	2	1	5	945
0.436402	2	1	4	945
0.436402	2	1	5	945
0.436502	2	1	4	945
0.436502	2	1	5	945
0.436602	2	1	4	945
0.436602	2	1	5	945
0.436702	2	1	4	945
0.436702	2	1	5	945
0.436802	2	1	4	945
0.436802	2	1	5	945
0.436902	2	1	4	945
0.436902	2	1	5	945
0.437002	2	1	4	945
0.437002	2	1	5	945
0.437102	2	1	4	945
0.437102	2	1	5	945
0.437202	2	1	4	945
0.437202	2	1	5	945
0.437302	2	1	4	945
0.437302	2	1	5	945
0.437402	2	1	4	945
0.437402	2	1	5	945
0.437502	2	1	4	945
0.437502	2	1	5	945
0.437602	2	1	4	945
0.437602	2	1	5	945
0.437702	2	1	4	945
0.437702	2	1	5	945
0.437802	2	1	4	945
0.437802	2	1	5	945
0.437902	2	1	4	945
0.437902	2	1	5	945
0.438002	2	1	4	945
0.438002	2	1	5	945
0.438102	2	1	4	945
0.438102	2	1	5	945
0.438202	2	1	4	945
0.438202	2	1	5	945
0.438302	2	1	4	945
0.438302	2	1	5	945
0.438402	2	1	4	945
0.438402	2	1	5	945
0.438502	2	1	4	945
0.438502	2	1	5	945
0.438602	2	1	4	945
0.438602	2	1	5	945
0.438702	2	1	4	945
0.438702	2	1	5	945
0.438802	2	1	4	945
0.438802	2	1	5	945
0.438902	2	1	4	945
0.438902	2	1	5	945
0.439002	2	1	4	945
0.439002	2	1	5	945
0.439102	2	1	4	945
0.439102	2	1	5	945
0.439202	2	1	4	945
0.439202	2	1	5	945
0.439302	2	1	4	945
0.439302	2	1	5	945
0.439402	2	1	4	945
0.439402	2	1	5	945
0.439502	2	1	4	945
0.439502	2	1	5	945
0.439602	2	1	4	945
0.439602	2	1	5	945
0.439702	2	1	4	945
0.439702	2	1	5	945
0.439802	2	1	4	945
0.439802	2	1	5	945
0.439902	2	1	4	945
0.439902	2	1	5	945
0.440002	2	1	4	945
0.440002	2	1	5	945
0.440102	2	1	4	945
0.440102	2	1	5	945
0.440202	2	1	4	945
0.440202	2	1	5	945
0.440302	2	1	4	945
0.440302	2	1	5	945
0.440402	2	1	4	945
0.440402	2	1	5	945
0.440502	2	1	4	945
0.440502	2	1	5	945
0.440602	2	1	4	945
0.440602	2	1	5	945
0.440702	2	1	4	945
0.440702	2	1	5	945
0.440802	2	1	4	945
0.440802	2	1	5	945
0.440902	2	1	4	945
0.440902	2	1	5	945
0.441002	2	1	4	945
0.441002	2	1	5	945
0.441102	2	1	4	945
0.441102	2	1	5	945
0.441202	2	1	4	945
0.441202	2	1	5	945
0.441302	2	1	4	945
0.441302	2	1	5	945
0.441402	2	1	4	945
0.441402	2	1	5	945
0.441502	2	1	4	945
0.441502	2	1	5	945
0.441602	2	1	4	945
0.441602	2	1	5	945
0.441702	2	1	4	945
0.441702	2	1	5	945
0.441802	2	1	4	945
0.441802	2	1	5	945
0.441902	2	1	4	945
0.441902	2	1	5	945
0.442002	2	1	4	945
0.442002	2	1	5	945
0.442102	2	1	4	945
0.442102	2	1	5	945
0.442202	2	1	4	945
0.442202	2	1	5	945
0.442302	2	1	4	945
0.442302	2	1	5	945
0.442402	2	1	4	945
0.442402	2	1	5	945
0.442502	2	1	4	945
0.442502	2	1	5	945
0.442602	2	1	4	945
0.442602	2	1	5	945
0.442702	2	1	4	945
0.442702	2	1	5	945
0.442802	2	1	4	945
0.442802	2	1	5	945
0.442902	2	1	4	945
0.442902	2	1	5	945
0.443002	2	1	4	945
0.443002	2	1	5	945
0.443102	2	1	4	945
0.443102	2	1	5	945
0.443202	2	1	4	945
0.443202	2	1	5	945
0.443302	2	1	4	945
0.443302	2	1	5	945
0.443402	2	1	4	945
0.443402	2	1	5	945
0.443502	2	1	4	945
0.443502	2	1	5	945
0.443602	2	1	4	945
0.443602	2	1	5	945
0.443702	2	1	4	945
0.443702	2	1	5	945
0.443802	2	1	4	945
0.443802	2	1	5	945
0.443902	2	1	4	945
0.443902	2	1	5	945
0.444002	2	1	4	945
0.444002	2	1	5	945
0.444102	2	1	4	945
0.444102	2	1	5	945
0.444202	2	1	4	945
0.444202	2	1	5	945
0.444302	2	1	4	945
0.444302	2	1	5	945
0.444402	2	1	4	945
0.444402	2	1	5	945
0.444502	2	1	4	945
0.444502	2	1	5	945
0.444602	2	1	4	945
0.444602	2	1	5	945
0.444702	2	1	4	945
0.444702	2	1	5	945
0.444802	2	1	4	945
0.444802	2	1	5	945
0.444902	2	1	4	945
0.444902	2	1	5	945
0.445002	2	1	4	945
0.445002	2	1	5	945
0.445102	2	1	4	945
0.445102	2	1	5	945
0.445202	2	1	4	945
0.445202	2	1	5	945
0.445302	2	1	4	945
0.445302	2	1	5	945
0.445402	2	1	4	945
0.445402	2	1	5	945
0.445502	2	1	4	945
0.445502	2	1	5	945
0.445602	2	1	4	945
0.445602	2	1	5	945
0.445702	2	1	4	945
0.445702	2	1	5	945
0.445802	2	1	4	945
0.445802	2	1	5	945
0.445902	2	1	4	945
0.445902	2	1	5	945
0.446002	2	1	4	945
0.446002	2	1	5	945
0.446102	2	1	4	945
0.446102	2	1	5	945
0.446202	2	1	4	945
0.446202	2	1	5	945
0.446302	2	1	4	945
0.446302	2	1	5	945
0.446402	2	1	4	945
0.446402	2	1	5	945
0.446502	2	1	4	945
0.446502	2	1	5	945
0.446602	2	1	4	945
0.446602	2	1	5	945
0.446702	2	1	4	945
0.446702	2	1	5	945
0.446802	2	1	4	945
0.446802	2	1	5	945
0.446902	2	1	4	945
0.446902	2	1	5	945
0.447002	2	1	4	945
0.447002	2	1	5	945
0.447102	2	1	4	945
0.447102	2	1	5	945
0.447202	2	1	4	945
0.447202	2	1	5	945
0.447302	2	1	4	945
0.447302	2	1	5	945
0.447402	2	1	4	945
0.447402	2	1	5	945
0.447502	2	1	4	945
0.447502	2	1	5	945
0.447602	2	1	4	945
0.447602	2	1	5	945
0.447702	2	1	4	945
0.447702	2	1	5	945
0.447802	2	1	4	945
0.447802	2	1	5	945
0.447902	2	1	4	945
0.447902	2	1	5	945
0.448002	2	1	4	945
0.448002	2	1	5	945
0.448102	2	1	4	945
0.448102	2	1	5	945
0.448202	2	1	4	945
0.448202	2	1	5	945
0.448302	2	1	4	945
0.448302	2	1	5	945
0.448402	2	1	4	945
0.448402	2	1	5	945
0.448502	2	1	4	945
0.448502	2	1	5	945
0.448602	2	1	4	945
0.448602	2	1	5	945
0.448702	2	1	4	945
0.448702	2	1	5	945
0.448802	2	1	4	945
0.448802	2	1	5	945
0.448902	2	1	4	945
0.448902	2	1	5	945
0.449002	2	1	4	945
0.449002	2	1	5	945
0.449102	2	1	4	945
0.449102	2	1	5	945
0.449202	2	1	4	945
0.449202	2	1	5	945
0.449302	2	1	4	945
0.449302	2	1	5	945
0.449402	2	1	4	945
0.449402	2	1	5	945
0.449502	2	1	4	945
0.449502	2	1	5	945
0.449602	2	1	4	945
0.449602	2	1	5	945
0.449702	2	1	4	945
0.449702	2	1	5	945
0.449802	2	1	4	945
0.449802	2	1	5	945
0.449902	2	1	4	945
0.449902	2	1	5	945
0.450002	2	1	4	945
0.450002	2	1	5	945
0.450102	2	1	4	945
0.450102	2	1	5	945
0.450202	2	1	4	945
0.450202	2	1	5	945
0.450302	2	1	4	945
0.450302	2	1	5	945
0.450402	2	1	4	945
0.450402	2	1	5	945
0.450502	2	1	4	945
0.450502	2	1	5	945
0.450602	2	1	4	945
0.450602	2	1	5	945
0.450702	2	1	4	945
0.450702	2	1	5	945
0.450802	2	1	4	945
0.450802	2	1	5	945
0.450902	2	1	4	945
0.450902	2	1	5	945
0.451002	2	1	4	945
0.451002	2	1	5	945
0.451102	2	1	4	945
0.451102	2	1	5	945
0.451202	2	1	4	945
0.451202	2	1	5	945
0.451302	2	1	4	945
0.451302	2	1	5	945
0.451402	2	1	4	945
0.451402	2	1	5	945
0.451502	2	1	4	945
0.451502	2	1	5	945
0.451602	2	1	4	945
0.451602	2	1	5	945
0.451702	2	1	4	945
0.451702	2	1	5	945
0.451802	2	1	4	945
0.451802	2	1	5	945
0.451902	2	1	4	945
0.451902	2	1	5	945
0.452002	2	1	4	945
0.452002	2	1	5	945
0.452102	2	1	4	945
0.452102	2	1	5	945
0.452202	2	1	4	945
0.452202	2	1	5	945
0.452302	2	1	4	945
0.452302	2	1	5	945
0.452402	2	1	4	945
0.452402	2	1	5	945
0.452502	2	1	4	945
0.452502	2	1	5	945
0.452602	2	1	4	945
0.452602	2	1	5	945
0.452702	2	1	4	945
0.452702	2	1	5	945
0.452802	2	1	4	945
0.452802	2	1	5	945
0.452902	2	1	4	945
0.452902	2	1	5	945
0.453002	2	1	4	945
0.453002	2	1	5	945
0.453102	2	1	4	945
0.453102	2	1	5	945
0.453202	2	1	4	945
0.453202	2	1	5	945
0.453302	2	1	4	945
0.453302	2	1	5	945
0.453402	2	1	4	945
0.453402	2	1	5	945
0.453502	2	1	4	945
0.453502	2	1	5	945
0.453602	2	1	4	945
0.453602	2	1	5	945
0.453702	2	1	4	945
0.453702	2	1	5	945
0.453802	2	1	4	945
0.453802	2	1	5	945
0.453902	2	1	4	945
0.453902	2	1	5	945
0.454002	2	1	4	945
0.454002	2	1	5	945
0.454102	2	1	4	945
0.454102	2	1	5	945
0.454202	2	1	4	945
0.454202	2	1	5	945
0.454302	2	1	4	945
0.454302	2	1	5	945
0.454402	2	1	4	945
0.454402	2	1	5	945
0.454502	2	1	4	945
0.454502	2	1	5	945
0.454602	2	1	4	945
0.454602	2	1	5	945
0.454702	2	1	4	945
0.454702	2	1	5	945
0.454802	2	1	4	945
0.454802	2	1	5	945
0.454902	2	1	4	945
0.454902	2	1	5	945
0.455002	2	1	4	945
0.455002	2	1	5	945
0.455102	2	1	4	945
0.455102	2	1	5	945
0.455202	2	1	4	945
0.455202	2	1	5	945
0.455302	2	1	4	945
0.455302	2	1	5	945
0.455402	2	1	4	945
0.455402	2	1	5	945
0.455502	2	1	4	945
0.455502	2	1	5	945
0.455602	2	1	4	945
0.455602	2	1	5	945
0.455702	2	1	4	945
0.455702	2	1	5	945
0.455802	2	1	4	945
0.455802	2	1	5	945
0.455902	2	1	4	945
0.455902	2	1	5	945
0.456002	2	1	4	945
0.456002	2	1	5	945
0.456102	2	1	4	945
0.456102	2	1	5	945
0.456202	2	1	4	945
0.456202	2	1	5	945
0.456302	2	1	4	945
0.456302	2	1	5	945
0.456402	2	1	4	945
0.456402	2	1	5	945
0.456502	2	1	4	945
0.456502	2	1	5	945
0.456602	2	1	4	945
0.456602	2	1	5	945
0.456702	2	1	4	945
0.456702	2	1	5	945
0.456802	2	1	4	945
0.456802	2	1	5	945
0.456902	2	1	4	945
0.456902	2	1	5	945
0.457002	2	1	4	945
0.457002	2	1	5	945
0.457102	2	1	4	945
0.457102	2	1	5	945
0.457202	2	1	4	945
0.457202	2	1	5	945
0.457302	2	1	4	945
0.457302	2	1	5	945
0.457402	2	1	4	945
0.457402	2	1	5	945
0.457502	2	1	4	945
0.457502	2	1	5	945
0.457602	2	1	4	945
0.457602	2	1	5	945
0.457702	2	1	4	945
0.457702	2	1	5	945
0.457802	2	1	4	945
0.457802	2	1	5	945
0.457902	2	1	4	945
0.457902	2	1	5	945
0.458002	2	1	4	945
0.458002	2	1	5	945
0.458102	2	1	4	945
0.458102	2	1	5	945
0.458202	2	1	4	945
0.458202	2	1	5	945
0.458302	2	1	4	945
0.458302	2	1	5	945
0.458402	2	1	4	945
0.458402	2	1	5	945
0.458502	2	1	4	945
0.458502	2	1	5	945
0.458602	2	1	4	945
0.458602	2	1	5	945
0.458702	2	1	4	945
0.458702	2	1	5	945
0.458802	2	1	4	945
0.458802	2	1	5	945
0.458902	2	1	4	945
0.458902	2	1	5	945
0.459002	2	1	4	945
0.459002	2	1	5	945
0.459102	2	1	4	945
0.459102	2	1	5	945
0.459202	2	1	4	945
0.459202	2	1	5	945
0.459302	2	1	4	945
0.459302	2	1	5	945
0.459402	2	1	4	945
0.459402	2	1	5	945
0.459502	2	1	4	945
0.459502	2	1	5	945
0.459602	2	1	4	945
0.459602	2	1	5	945
0.459702	2	1	4	945
0.459702	2	1	5	945
0.459802	2	1	4	945
0.459802	2	1	5	945
0.459902	2	1	4	945
0.459902	2	1	5	945
0.460002	2	1	4	945
0.460002	2	1	5	945
0.460102	2	1	4	945
0.460102	2	1	5	945
0.460202	2	1	4	945
0.460202	2	1	5	945
0.460302	2	1	4	945
0.460302	2	1	5	945
0.460402	2	1	4	945
0.460402	2	1	5	945
0.460502	2	1	4	945
0.460502	2	1	5	945
0.460602	2	1	4	945
0.460602	2	1	5	945
0.460702	2	1	4	945
0.460702	2	1	5	945
0.460802	2	1	4	945
0.460802	2	1	5	945
0.460902	2	1	4	945
0.460902	2	1	5	945
0.461002	2	1	4	945
0.461002	2	1	5	945
0.461102	2	1	4	945
0.461102	2	1	5	945
0.461202	2	1	4	945
0.461202	2	1	5	945
0.461302	2	1	4	945
0.461302	2	1	5	945
0.461402	2	1	4	945
0.461402	2	1	5	945
0.461502	2	1	4	945
0.461502	2	1	5	945
0.461602	2	1	4	945
0.461602	2	1	5	945
0.461702	2	1	4	945
0.461702	2	1	5	945
0.461802	2	1	4	945
0.461802	2	1	5	945
0.461902	2	1	4	945
0.461902	2	1	5	945
0.462002	2	1	4	945
0.462002	2	1	5	945
0.462102	2	1	4	945
0.462102	2	1	5	945
0.462202	2	1	4	945
0.462202	2	1	5	945
0.462302	2	1	4	945
0.462302	2	1	5	945
0.462402	2	1	4	945
0.462402	2	1	5	945
0.462502	2	1	4	945
0.462502	2	1	5	945
0.462602	2	1	4	945
0.462602	2	1	5	945
0.462702	2	1	4	945
0.462702	2	1	5	945
0.462802	2	1	4	945
0.462802	2	1	5	945
0.462902	2	1	4	945
0.462902	2	1	5	945
0.463002	2	1	4	945
0.463002	2	1	5	945
0.463102	2	1	4	945
0.463102	2	1	5	945
0.463202	2	1	4	945
0.463202	2	1	5	945
0.463302	2	1	4	945
0.463302	2	1	5	945
0.463402	2	1	4	945
0.463402	2	1	5	945
0.463502	2	1	4	945
0.463502	2	1	5	945
0.463602	2	1	4	945
0.463602	2	1	5	945
0.463702	2	1	4	945
0.463702	2	1	5	945
0.463802	2	1	4	945
0.463802	2	1	5	945
0.463902	2	1	4	945
0.463902	2	1	5	945
0.464002	2	1	4	945
0.464002	2	1	5	945
0.464102	2	1	4	945
0.464102	2	1	5	945
0.464202	2	1	4	945
0.464202	2	1	5	945
0.464302	2	1	4	945
0.464302	2	1	5	945
0.464402	2	1	4	945
0.464402	2	1	5	945
0.464502	2	1	4	945
0.464502	2	1	5	945
0.464602	2	1	4	945
0.464602	2	1	5	945
0.464702	2	1	4	945
0.464702	2	1	5	945
0.464802	2	1	4	945
0.464802	2	1	5	945
0.464902	2	1	4	945
0.464902	2	1	5	945
0.465002	2	1	4	945
0.465002	2	1	5	945
0.465102	2	1	4	945
0.465102	2	1	5	945
0.465202	2	1	4	945
0.465202	2	1	5	945
0.465302	2	1	4	945
0.465302	2	1	5	945
0.465402	2	1	4	945
0.465402	2	1	5	945
0.465502	2	1	4	945
0.465502	2	1	5	945
0.465602	2	1	4	945
0.465602	2	1	5	945
0.465702	2	1	4	945
0.465702	2	1	5	945
0.465802	2	1	4	945
0.465802	2	1	5	945
0.465902	2	1	4	945
0.465902	2	1	5	945
0.466002	2	1	4	945
0.466002	2	1	5	945
0.466102	2	1	4	945
0.466102	2	1	5	945
0.466202	2	1	4	945
0.466202	2	1	5	945
0.466302	2	1	4	945
0.466302	2	1	5	945
0.466402	2	1	4	945
0.466402	2	1	5	945
0.466502	2	1	4	945
0.466502	2	1	5	945
0.466602	2	1	4	945
0.466602	2	1	5	945
0.466702	2	1	4	945
0.466702	2	1	5	945
0.466802	2	1	4	945
0.466802	2	1	5	945
0.466902	2	1	4	945
0.466902	2	1	5	945
0.467002	2	1	4	945
0.467002	2	1	5	945
0.467102	2	1	4	945
0.467102	2	1	5	945
0.467202	2	1	4	945
0.467202	2	1	5	945
0.467302	2	1	4	945
0.467302	2	1	5	945
0.467402	2	1	4	945
0.467402	2	1	5	945
0.467502	2	1	4	945
0.467502	2	1	5	945
0.467602	2	1	4	945
0.467602	2	1	5	945
0.467702	2	1	4	945
0.467702	2	1	5	945
0.467802	2	1	4	945
0.467802	2	1	5	945
0.467902	2	1	4	945
0.467902	2	1	5	945
0.468002	2	1	4	945
0.468002	2	1	5	945
0.468102	2	1	4	945
0.468102	2	1	5	945
0.468202	2	1	4	945
0.468202	2	1	5	945
0.468302	2	1	4	945
0.468302	2	1	5	945
0.468402	2	1	4	945
0.468402	2	1	5	945
0.468502	2	1	4	945
0.468502	2	1	5	945
0.468602	2	1	4	945
0.468602	2	1	5	945
0.468702	2	1	4	945
0.468702	2	1	5	945
0.468802	2	1	4	945
0.468802	2	1	5	945
0.468902	2	1	4	945
0.468902	2	1	5	945
0.469002	2	1	4	945
0.469002	2	1	5	945
0.469102	2	1	4	945
0.469102	2	1	5	945
0.469202	2	1	4	945
0.469202	2	1	5	945
0.469302	2	1	4	945
0.469302	2	1	5	945
0.469402	2	1	4	945
0.469402	2	1	5	945
0.469502	2	1	4	945
0.469502	2	1	5	945
0.469602	2	1	4	945
0.469602	2	1	5	945
0.469702	2	1	4	945
0.469702	2	1	5	945
0.469802	2	1	4	945
0.469802	2	1	5	945
0.469902	2	1	4	945
0.469902	2	1	5	945
0.470002	2	1	4	945
0.470002	2	1	5	945
0.470102	2	1	4	945
0.470102	2	1	5	945
0.470202	2	1	4	945
0.470202	2	1	5	945
0.470302	2	1	4	945
0.470302	2	1	5	945
0.470402	2	1	4	945
0.470402	2	1	5	945
0.470502	2	1	4	945
0.470502	2	1	5	945
0.470602	2	1	4	945
0.470602	2	1	5	945
0.470702	2	1	4	945
0.470702	2	1	5	945
0.470802	2	1	4	945
0.470802	2	1	5	945
0.470902	2	1	4	945
0.470902	2	1	5	945
0.471002	2	1	4	945
0.471002	2	1	5	945
0.471102	2	1	4	945
0.471102	2	1	5	945
0.471202	2	1	4	945
0.471202	2	1	5	945
0.471302	2	1	4	945
0.471302	2	1	5	945
0.471402	2	1	4	945
0.471402	2	1	5	945
0.471502	2	1	4	945
0.471502	2	1	5	945
0.471602	2	1	4	945
0.471602	2	1	5	945
0.471702	2	1	4	945
0.471702	2	1	5	945
0.471802	2	1	4	945
0.471802	2	1	5	945
0.471902	2	1	4	945
0.471902	2	1	5	945
0.472002	2	1	4	945
0.472002	2	1	5	945
0.472102	2	1	4	945
0.472102	2	1	5	945
0.472202	2	1	4	945
0.472202	2	1	5	945
0.472302	2	1	4	945
0.472302	2	1	5	945
0.472402	2	1	4	945
0.472402	2	1	5	945
0.472502	2	1	4	945
0.472502	2	1	5	945
0.472602	2	1	4	945
0.472602	2	1	5	945
0.472702	2	1	4	945
0.472702	2	1	5	945
0.472802	2	1	4	945
0.472802	2	1	5	945
0.472902	2	1	4	945
0.472902	2	1	5	945
0.473002	2	1	4	945
0.473002	2	1	5	945
0.473102	2	1	4	945
0.473102	2	1	5	945
0.473202	2	1	4	945
0.473202	2	1	5	945
0.473302	2	1	4	945
0.473302	2	1	5	945
0.473402	2	1	4	945
0.473402	2	1	5	945
0.473502	2	1	4	945
0.473502	2	1	5	945
0.473602	2	1	4	945
0.473602	2	1	5	945
0.473702	2	1	4	945
0.473702	2	1	5	945
0.473802	2	1	4	945
0.473802	2	1	5	945
0.473902	2	1	4	945
0.473902	2	1	5	945
0.474002	2	1	4	945
0.474002	2	1	5	945
0.474102	2	1	4	945
0.474102	2	1	5	945
0.474202	2	1	4	945
0.474202	2	1	5	945
0.474302	2	1	4	945
0.474302	2	1	5	945
0.474402	2	1	4	945
0.474402	2	1	5	945
0.474502	2	1	4	945
0.474502	2	1	5	945
0.474602	2	1	4	945
0.474602	2	1	5	945
0.474702	2	1	4	945
0.474702	2	1	5	945
0.474802	2	1	4	945
0.474802	2	1	5	945
0.474902	2	1	4	945
0.474902	2	1	5	945
0.475002	2	1	4	945
0.475002	2	1	5	945
0.475102	2	1	4	945
0.475102	2	1	5	945
0.475202	2	1	4	945
0.475202	2	1	5	945
0.475302	2	1	4	945
0.475302	2	1	5	945
0.475402	2	1	4	945
0.475402	2	1	5	945
0.475502	2	1	4	945
0.475502	2	1	5	945
0.475602	2	1	4	945
0.475602	2	1	5	945
0.475702	2	1	4	945
0.475702	2	1	5	945
0.475802	2	1	4	945
0.475802	2	1	5	945
0.475902	2	1	4	945
0.475902	2	1	5	945
0.476002	2	1	4	945
0.476002	2	1	5	945
0.476102	2	1	4	945
0.476102	2	1	5	945
0.476202	2	1	4	945
0.476202	2	1	5	945
0.476302	2	1	4	945
0.476302	2	1	5	945
0.476402	2	1	4	945
0.476402	2	1	5	945
0.476502	2	1	4	945
0.476502	2	1	5	945
0.476602	2	1	4	945
0.476602	2	1	5	945
0.476702	2	1	4	945
0.476702	2	1	5	945
0.476802	2	1	4	945
0.476802	2	1	5	945
0.476902	2	1	4	945
0.476902	2	1	5	945
0.477002	2	1	4	945
0.477002	2	1	5	945
0.477102	2	1	4	945
0.477102	2	1	5	945
0.477202	2	1	4	945
0.477202	2	1	5	945
0.477302	2	1	4	945
0.477302	2	1	5	945
0.477402	2	1	4	945
0.477402	2	1	5	945
0.477502	2	1	4	945
0.477502	2	1	5	945
0.477602	2	1	4	945
0.477602	2	1	5	945
0.477702	2	1	4	945
0.477702	2	1	5	945
0.477802	2	1	4	945
0.477802	2	1	5	945
0.477902	2	1	4	945
0.477902	2	1	5	945
0.478002	2	1	4	945
0.478002	2	1	5	945
0.478102	2	1	4	945
0.478102	2	1	5	945
0.478202	2	1	4	945
0.478202	2	1	5	945
0.478302	2	1	4	945
0.478302	2	1	5	945
0.478402	2	1	4	945
0.478402	2	1	5	945
0.478502	2	1	4	945
0.478502	2	1	5	945
0.478602	2	1	4	945
0.478602	2	1	5	945
0.478702	2	1	4	945
0.478702	2	1	5	945
0.478802	2	1	4	945
0.478802	2	1	5	945
0.478902	2	1	4	945
0.478902	2	1	5	945
0.479002	2	1	4	945
0.479002	2	1	5	945
0.479102	2	1	4	945
0.479102	2	1	5	945
0.479202	2	1	4	945
0.479202	2	1	5	945
0.479302	2	1	4	945
0.479302	2	1	5	945
0.479402	2	1	4	945
0.479402	2	1	5	945
0.479502	2	1	4	945
0.479502	2	1	5	945
0.479602	2	1	4	945
0.479602	2	1	5	945
0.479702	2	1	4	945
0.479702	2	1	5	945
0.479802	2	1	4	945
0.479802	2	1	5	945
0.479902	2	1	4	945
0.479902	2	1	5	945
0.480002	2	1	4	945
0.480002	2	1	5	945
0.480102	2	1	4	945
0.480102	2	1	5	945
0.480202	2	1	4	945
0.480202	2	1	5	945
0.480302	2	1	4	945
0.480302	2	1	5	945
0.480402	2	1	4	945
0.480402	2	1	5	945
0.480502	2	1	4	945
0.480502	2	1	5	945
0.480602	2	1	4	945
0.480602	2	1	5	945
0.480702	2	1	4	945
0.480702	2	1	5	945
0.480802	2	1	4	945
0.480802	2	1	5	945
0.480902	2	1	4	945
0.480902	2	1	5	945
0.481002	2	1	4	945
0.481002	2	1	5	945
0.481102	2	1	4	945
0.481102	2	1	5	945
0.481202	2	1	4	945
0.481202	2	1	5	945
0.481302	2	1	4	945
0.481302	2	1	5	945
0.481402	2	1	4	945
0.481402	2	1	5	945
0.481502	2	1	4	945
0.481502	2	1	5	945
0.481602	2	1	4	945
0.481602	2	1	5	945
0.481702	2	1	4	945
0.481702	2	1	5	945
0.481802	2	1	4	945
0.481802	2	1	5	945
0.481902	2	1	4	945
0.481902	2	1	5	945
0.482002	2	1	4	945
0.482002	2	1	5	945
0.482102	2	1	4	945
0.482102	2	1	5	945
0.482202	2	1	4	945
0.482202	2	1	5	945
0.482302	2	1	4	945
0.482302	2	1	5	945
0.482402	2	1	4	945
0.482402	2	1	5	945
0.482502	2	1	4	945
0.482502	2	1	5	945
0.482602	2	1	4	945
0.482602	2	1	5	945
0.482702	2	1	4	945
0.482702	2	1	5	945
0.482802	2	1	4	945
0.482802	2	1	5	945
0.482902	2	1	4	945
0.482902	2	1	5	945
0.483002	2	1	4	945
0.483002	2	1	5	945
0.483102	2	1	4	945
0.483102	2	1	5	945
0.483202	2	1	4	945
0.483202	2	1	5	945
0.483302	2	1	4	945
0.483302	2	1	5	945
0.483402	2	1	4	945
0.483402	2	1	5	945
0.483502	2	1	4	945
0.483502	2	1	5	945
0.483602	2	1	4	945
0.483602	2	1	5	945
0.483702	2	1	4	945
0.483702	2	1	5	945
0.483802	2	1	4	945
0.483802	2	1	5	945
0.483902	2	1	4	945
0.483902	2	1	5	945
0.484002	2	1	4	945
0.484002	2	1	5	945
0.484102	2	1	4	945
0.484102	2	1	5	945
0.484202	2	1	4	945
0.484202	2	1	5	945
0.484302	2	1	4	945
0.484302	2	1	5	945
0.484402	2	1	4	945
0.484402	2	1	5	945
0.484502	2	1	4	945
0.484502	2	1	5	945
0.484602	2	1	4	945
0.484602	2	1	5	945
0.484702	2	1	4	945
0.484702	2	1	5	945
0.484802	2	1	4	945
0.484802	2	1	5	945
0.484902	2	1	4	945
0.484902	2	1	5	945
0.485002	2	1	4	945
0.485002	2	1	5	945
0.485102	2	1	4	945
0.485102	2	1	5	945
0.485202	2	1	4	945
0.485202	2	1	5	945
0.485302	2	1	4	945
0.485302	2	1	5	945
0.485402	2	1	4	945
0.485402	2	1	5	945
0.485502	2	1	4	945
0.485502	2	1	5	945
0.485602	2	1	4	945
0.485602	2	1	5	945
0.485702	2	1	4	945
0.485702	2	1	5	945
0.485802	2	1	4	945
0.485802	2	1	5	945
0.485902	2	1	4	945
0.485902	2	1	5	945
0.486002	2	1	4	945
0.486002	2	1	5	945
0.486102	2	1	4	945
0.486102	2	1	5	945
0.486202	2	1	4	945
0.486202	2	1	5	945
0.486302	2	1	4	945
0.486302	2	1	5	945
0.486402	2	1	4	945
0.486402	2	1	5	945
0.486502	2	1	4	945
0.486502	2	1	5	945
0.486602	2	1	4	945
0.486602	2	1	5	945
0.486702	2	1	4	945
0.486702	2	1	5	945
0.486802	2	1	4	945
0.486802	2	1	5	945
0.486902	2	1	4	945
0.486902	2	1	5	945
0.487002	2	1	4	945
0.487002	2	1	5	945
0.487102	2	1	4	945
0.487102	2	1	5	945
0.487202	2	1	4	945
0.487202	2	1	5	945
0.487302	2	1	4	945
0.487302	2	1	5	945
0.487402	2	1	4	945
0.487402	2	1	5	945
0.487502	2	1	4	945
0.487502	2	1	5	945
0.487602	2	1	4	945
0.487602	2	1	5	945
0.487702	2	1	4	945
0.487702	2	1	5	945
0.487802	2	1	4	945
0.487802	2	1	5	945
0.487902	2	1	4	945
0.487902	2	1	5	945
0.488002	2	1	4	945
0.488002	2	1	5	945
0.488102	2	1	4	945
0.488102	2	1	5	945
0.488202	2	1	4	945
0.488202	2	1	5	945
0.488302	2	1	4	945
0.488302	2	1	5	945
0.488402	2	1	4	945
0.488402	2	1	5	945
0.488502	2	1	4	945
0.488502	2	1	5	945
0.488602	2	1	4	945
0.488602	2	1	5	945
0.488702	2	1	4	945
0.488702	2	1	5	945
0.488802	2	1	4	945
0.488802	2	1	5	945
0.488902	2	1	4	945
0.488902	2	1	5	945
0.489002	2	1	4	945
0.489002	2	1	5	945
0.489102	2	1	4	945
0.489102	2	1	5	945
0.489202	2	1	4	945
0.489202	2	1	5	945
0.489302	2	1	4	945
0.489302	2	1	5	945
0.489402	2	1	4	945
0.489402	2	1	5	945
0.489502	2	1	4	945
0.489502	2	1	5	945
0.489602	2	1	4	945
0.489602	2	1	5	945
0.489702	2	1	4	945
0.489702	2	1	5	945
0.489802	2	1	4	945
0.489802	2	1	5	945
0.489902	2	1	4	945
0.489902	2	1	5	945
0.490002	2	1	4	945
0.490002	2	1	5	945
0.490102	2	1	4	945
0.490102	2	1	5	945
0.490202	2	1	4	945
0.490202	2	1	5	945
0.490302	2	1	4	945
0.490302	2	1	5	945
0.490402	2	1	4	945
0.490402	2	1	5	945
0.490502	2	1	4	945
0.490502	2	1	5	945
0.490602	2	1	4	945
0.490602	2	1	5	945
0.490702	2	1	4	945
0.490702	2	1	5	945
0.490802	2	1	4	945
0.490802	2	1	5	945
0.490902	2	1	4	945
0.490902	2	1	5	945
0.491002	2	1	4	945
0.491002	2	1	5	945
0.491102	2	1	4	945
0.491102	2	1	5	945
0.491202	2	1	4	945
0.491202	2	1	5	945
0.491302	2	1	4	945
0.491302	2	1	5	945
0.491402	2	1	4	945
0.491402	2	1	5	945
0.491502	2	1	4	945
0.491502	2	1	5	945
0.491602	2	1	4	945
0.491602	2	1	5	945
0.491702	2	1	4	945
0.491702	2	1	5	945
0.491802	2	1	4	945
0.491802	2	1	5	945
0.491902	2	1	4	945
0.491902	2	1	5	945
0.492002	2	1	4	945
0.492002	2	1	5	945
0.492102	2	1	4	945
0.492102	2	1	5	945
0.492202	2	1	4	945
0.492202	2	1	5	945
0.492302	2	1	4	945
0.492302	2	1	5	945
0.492402	2	1	4	945
0.492402	2	1	5	945
0.492502	2	1	4	945
0.492502	2	1	5	945
0.492602	2	1	4	945
0.492602	2	1	5	945
0.492702	2	1	4	945
0.492702	2	1	5	945
0.492802	2	1	4	945
0.492802	2	1	5	945
0.492902	2	1	4	945
0.492902	2	1	5	945
0.493002	2	1	4	945
0.493002	2	1	5	945
0.493102	2	1	4	945
0.493102	2	1	5	945
0.493202	2	1	4	945
0.493202	2	1	5	945
0.493302	2	1	4	945
0.493302	2	1	5	945
0.493402	2	1	4	945
0.493402	2	1	5	945
0.493502	2	1	4	945
0.493502	2	1	5	945
0.493602	2	1	4	945
0.493602	2	1	5	945
0.493702	2	1	4	945
0.493702	2	1	5	945
0.493802	2	1	4	945
0.493802	2	1	5	945
0.493902	2	1	4	945
0.493902	2	1	5	945
0.494002	2	1	4	945
0.494002	2	1	5	945
0.494102	2	1	4	945
0.494102	2	1	5	945
0.494202	2	1	4	945
0.494202	2	1	5	945
0.494302	2	1	4	945
0.494302	2	1	5	945
0.494402	2	1	4	945
0.494402	2	1	5	945
0.494502	2	1	4	945
0.494502	2	1	5	945
0.494602	2	1	4	945
0.494602	2	1	5	945
0.494702	2	1	4	945
0.494702	2	1	5	945
0.494802	2	1	4	945
0.494802	2	1	5	945
0.494902	2	1	4	945
0.494902	2	1	5	945
0.495002	2	1	4	945
0.495002	2	1	5	945
0.495102	2	1	4	945
0.495102	2	1	5	945
0.495202	2	1	4	945
0.495202	2	1	5	945
0.495302	2	1	4	945
0.495302	2	1	5	945
0.495402	2	1	4	945
0.495402	2	1	5	945
0.495502	2	1	4	945
0.495502	2	1	5	945
0.495602	2	1	4	945
0.495602	2	1	5	945
0.495702	2	1	4	945
0.495702	2	1	5	945
0.495802	2	1	4	945
0.495802	2	1	5	945
0.495902	2	1	4	945
0.495902	2	1	5	945
0.496002	2	1	4	945
0.496002	2	1	5	945
0.496102	2	1	4	945
0.496102	2	1	5	945
0.496202	2	1	4	945
0.496202	2	1	5	945
0.496302	2	1	4	945
0.496302	2	1	5	945
0.496402	2	1	4	945
0.496402	2	1	5	945
0.496502	2	1	4	945
0.496502	2	1	5	945
0.496602	2	1	4	945
0.496602	2	1	5	945
0.496702	2	1	4	945
0.496702	2	1	5	945
0.496802	2	1	4	945
0.496802	2	1	5	945
0.496902	2	1	4	945
0.496902	2	1	5	945
0.497002	2	1	4	945
0.497002	2	1	5	945
0.497102	2	1	4	945
0.497102	2	1	5	945
0.497202	2	1	4	945
0.497202	2	1	5	945
0.497302	2	1	4	945
0.497302	2	1	5	945
0.497402	2	1	4	945
0.497402	2	1	5	945
0.497502	2	1	4	945
0.497502	2	1	5	945
0.497602	2	1	4	945
0.497602	2	1	5	945
0.497702	2	1	4	945
0.497702	2	1	5	945
0.497802	2	1	4	945
0.497802	2	1	5	945
0.497902	2	1	4	945
0.497902	2	1	5	945
0.498002	2	1	4	945
0.498002	2	1	5	945
0.498102	2	1	4	945
0.498102	2	1	5	945
0.498202	2	1	4	945
0.498202	2	1	5	945
0.498302	2	1	4	945
0.498302	2	1	5	945
0.498402	2	1	4	945
0.498402	2	1	5	945
0.498502	2	1	4	945
0.498502	2	1	5	945
0.498602	2	1	4	945
0.498602	2	1	5	945
0.498702	2	1	4	945
0.498702	2	1	5	945
0.498802	2	1	4	945
0.498802	2	1	5	945
0.498902	2	1	4	945
0.498902	2	1	5	945
0.499002	2	1	4	945
0.499002	2	1	5	945
0.499102	2	1	4	945
0.499102	2	1	5	945
0.499202	2	1	4	945
0.499202	2	1	5	945
0.499302	2	1	4	945
0.499302	2	1	5	945
0.499402	2	1	4	945
0.499402	2	1	5	945
0.499502	2	1	4	945
0.499502	2	1	5	945
0.499602	2	1	4	945
0.499602	2	1	5	945
0.499702	2	1	4	945
0.499702	2	1	5	945
0.499802	2	1	4	945
0.499802	2	1	5	945
0.499902	2	1	4	945
0.499902	2	1	5	945
0.500002	2	1	4	945
0.500002	2	1	5	945
0.500102	2	1	4	945
0.500102	2	1	5	945
0.500202	2	1	4	945
0.500202	2	1	5	945
0.500302	2	1	4	945
0.500302	2	1	5	945
0.500402	2	1	4	945
0.500402	2	1	5	945
0.500502	2	1	4	945
0.500502	2	1	5	945
0.500602	2	1	4	945
0.500602	2	1	5	945
0.500702	2	1	4	945
0.500702	2	1	5	945
0.500802	2	1	4	945
0.500802	2	1	5	945
0.500902	2	1	4	945
0.500902	2	1	5	945
0.501002	2	1	4	945
0.501002	2	1	5	945
0.501102	2	1	4	945
0.501102	2	1	5	945
0.501202	2	1	4	945
0.501202	2	1	5	945
0.501302	2	1	4	945
0.501302	2	1	5	945
0.501402	2	1	4	945
0.501402	2	1	5	945
0.501502	2	1	4	945
0.501502	2	1	5	945
0.501602	2	1	4	945
0.501602	2	1	5	945
0.501702	2	1	4	945
0.501702	2	1	5	945
0.501802	2	1	4	945
0.501802	2	1	5	945
0.501902	2	1	4	945
0.501902	2	1	5	945
0.502002	2	1	4	945
0.502002	2	1	5	945
0.502102	2	1	4	945
0.502102	2	1	5	945
0.502202	2	1	4	945
0.502202	2	1	5	945
0.502302	2	1	4	945
0.502302	2	1	5	945
0.502402	2	1	4	945
0.502402	2	1	5	945
0.502502	2	1	4	945
0.502502	2	1	5	945
0.502602	2	1	4	945
0.502602	2	1	5	945
0.502702	2	1	4	945
0.502702	2	1	5	945
0.502802	2	1	4	945
0.502802	2	1	5	945
0.502902	2	1	4	945
0.502902	2	1	5	945
0.503002	2	1	4	945
0.503002	2	1	5	945
0.503102	2	1	4	945
0.503102	2	1	5	945
0.503202	2	1	4	945
0.503202	2	1	5	945
0.503302	2	1	4	945
0.503302	2	1	5	945
0.503402	2	1	4	945
0.503402	2	1	5	945
0.503502	2	1	4	945
0.503502	2	1	5	945
0.503602	2	1	4	945
0.503602	2	1	5	945
0.503702	2	1	4	945
0.503702	2	1	5	945
0.503802	2	1	4	945
0.503802	2	1	5	945
0.503902	2	1	4	945
0.503902	2	1	5	945
0.504002	2	1	4	945
0.504002	2	1	5	945
0.504102	2	1	4	945
0.504102	2	1	5	945
0.504202	2	1	4	945
0.504202	2	1	5	945
0.504302	2	1	4	945
0.504302	2	1	5	945
0.504402	2	1	4	945
0.504402	2	1	5	945
0.504502	2	1	4	945
0.504502	2	1	5	945
0.504602	2	1	4	945
0.504602	2	1	5	945
0.504702	2	1	4	945
0.504702	2	1	5	945
0.504802	2	1	4	945
0.504802	2	1	5	945
0.504902	2	1	4	945
0.504902	2	1	5	945
0.505002	2	1	4	945
0.505002	2	1	5	945
0.505102	2	1	4	945
0.505102	2	1	5	945
0.505202	2	1	4	945
0.505202	2	1	5	945
0.505302	2	1	4	945
0.505302	2	1	5	945
0.505402	2	1	4	945
0.505402	2	1	5	945
0.505502	2	1	4	945
0.505502	2	1	5	945
0.505602	2	1	4	945
0.505602	2	1	5	945
0.505702	2	1	4	945
0.505702	2	1	5	945
0.505802	2	1	4	945
0.505802	2	1	5	945
0.505902	2	1	4	945
0.505902	2	1	5	945
0.506002	2	1	4	945
0.506002	2	1	5	945
0.506102	2	1	4	945
0.506102	2	1	5	945
0.506202	2	1	4	945
0.506202	2	1	5	945
0.506302	2	1	4	945
0.506302	2	1	5	945
0.506402	2	1	4	945
0.506402	2	1	5	945
0.506502	2	1	4	945
0.506502	2	1	5	945
0.506602	2	1	4	945
0.506602	2	1	5	945
0.506702	2	1	4	945
0.506702	2	1	5	945
0.506802	2	1	4	945
0.506802	2	1	5	945
0.506902	2	1	4	945
0.506902	2	1	5	945
0.507002	2	1	4	945
0.507002	2	1	5	945
0.507102	2	1	4	945
0.507102	2	1	5	945
0.507202	2	1	4	945
0.507202	2	1	5	945
0.507302	2	1	4	945
0.507302	2	1	5	945
0.507402	2	1	4	945
0.507402	2	1	5	945
0.507502	2	1	4	945
0.507502	2	1	5	945
0.507602	2	1	4	945
0.507602	2	1	5	945
0.507702	2	1	4	945
0.507702	2	1	5	945
0.507802	2	1	4	945
0.507802	2	1	5	945
0.507902	2	1	4	945
0.507902	2	1	5	945
0.508002	2	1	4	945
0.508002	2	1	5	945
0.508102	2	1	4	945
0.508102	2	1	5	945
0.508202	2	1	4	945
0.508202	2	1	5	945
0.508302	2	1	4	945
0.508302	2	1	5	945
0.508402	2	1	4	945
0.508402	2	1	5	945
0.508502	2	1	4	945
0.508502	2	1	5	945
0.508602	2	1	4	945
0.508602	2	1	5	945
0.508702	2	1	4	945
0.508702	2	1	5	945
0.508802	2	1	4	945
0.508802	2	1	5	945
0.508902	2	1	4	945
0.508902	2	1	5	945
0.509002	2	1	4	945
0.509002	2	1	5	945
0.509102	2	1	4	945
0.509102	2	1	5	945
0.509202	2	1	4	945
0.509202	2	1	5	945
0.509302	2	1	4	945
0.509302	2	1	5	945
0.509402	2	1	4	945
0.509402	2	1	5	945
0.509502	2	1	4	945
0.509502	2	1	5	945
0.509602	2	1	4	945
0.509602	2	1	5	945
0.509702	2	1	4	945
0.509702	2	1	5	945
0.509802	2	1	4	945
0.509802	2	1	5	945
0.509902	2	1	4	945
0.509902	2	1	5	945
0.510002	2	1	4	945
0.510002	2	1	5	945
0.510102	2	1	4	945
0.510102	2	1	5	945
0.510202	2	1	4	945
0.510202	2	1	5	945
0.510302	2	1	4	945
0.510302	2	1	5	945
0.510402	2	1	4	945
0.510402	2	1	5	945
0.510502	2	1	4	945
0.510502	2	1	5	945
0.510602	2	1	4	945
0.510602	2	1	5	945
0.510702	2	1	4	945
0.510702	2	1	5	945
0.510802	2	1	4	945
0.510802	2	1	5	945
0.510902	2	1	4	945
0.510902	2	1	5	945
0.511002	2	1	4	945
0.511002	2	1	5	945
0.511102	2	1	4	945
0.511102	2	1	5	945
0.511202	2	1	4	945
0.511202	2	1	5	945
0.511302	2	1	4	945
0.511302	2	1	5	945
0.511402	2	1	4	945
0.511402	2	1	5	945
0.511502	2	1	4	945
0.511502	2	1	5	945
0.511602	2	1	4	945
0.511602	2	1	5	945
0.511702	2	1	4	945
0.511702	2	1	5	945
0.511802	2	1	4	945
0.511802	2	1	5	945
0.511902	2	1	4	945
0.511902	2	1	5	945
0.512002	2	1	4	945
0.512002	2	1	5	945
0.512102	2	1	4	945
0.512102	2	1	5	945
0.512202	2	1	4	945
0.512202	2	1	5	945
0.512302	2	1	4	945
0.512302	2	1	5	945
0.512402	2	1	4	945
0.512402	2	1	5	945
0.512502	2	1	4	945
0.512502	2	1	5	945
0.512602	2	1	4	945
0.512602	2	1	5	945
0.512702	2	1	4	945
0.512702	2	1	5	945
0.512802	2	1	4	945
0.512802	2	1	5	945
0.512902	2	1	4	945
0.512902	2	1	5	945
0.513002	2	1	4	945
0.513002	2	1	5	945
0.513102	2	1	4	945
0.513102	2	1	5	945
0.513202	2	1	4	945
0.513202	2	1	5	945
0.513302	2	1	4	945
0.513302	2	1	5	945
0.513402	2	1	4	945
0.513402	2	1	5	945
0.513502	2	1	4	945
0.513502	2	1	5	945
0.513602	2	1	4	945
0.513602	2	1	5	945
0.513702	2	1	4	945
0.513702	2	1	5	945
0.513802	2	1	4	945
0.513802	2	1	5	945
0.513902	2	1	4	945
0.513902	2	1	5	945
0.514002	2	1	4	945
0.514002	2	1	5	945
0.514102	2	1	4	945
0.514102	2	1	5	945
0.514202	2	1	4	945
0.514202	2	1	5	945
0.514302	2	1	4	945
0.514302	2	1	5	945
0.514402	2	1	4	945
0.514402	2	1	5	945
0.514502	2	1	4	945
0.514502	2	1	5	945
0.514602	2	1	4	945
0.514602	2	1	5	945
0.514702	2	1	4	945
0.514702	2	1	5	945
0.514802	2	1	4	945
0.514802	2	1	5	945
0.514902	2	1	4	945
0.514902	2	1	5	945
0.515002	2	1	4	945
0.515002	2	1	5	945
0.515102	2	1	4	945
0.515102	2	1	5	945
0.515202	2	1	4	945
0.515202	2	1	5	945
0.515302	2	1	4	945
0.515302	2	1	5	945
0.515402	2	1	4	945
0.515402	2	1	5	945
0.515502	2	1	4	945
0.515502	2	1	5	945
0.515602	2	1	4	945
0.515602	2	1	5	945
0.515702	2	1	4	945
0.515702	2	1	5	945
0.515802	2	1	4	945
0.515802	2	1	5	945
0.515902	2	1	4	945
0.515902	2	1	5	945
0.516002	2	1	4	945
0.516002	2	1	5	945
0.516102	2	1	4	945
0.516102	2	1	5	945
0.516202	2	1	4	945
0.516202	2	1	5	945
0.516302	2	1	4	945
0.516302	2	1	5	945
0.516402	2	1	4	945
0.516402	2	1	5	945
0.516502	2	1	4	945
0.516502	2	1	5	945
0.516602	2	1	4	945
0.516602	2	1	5	945
0.516702	2	1	4	945
0.516702	2	1	5	945
0.516802	2	1	4	945
0.516802	2	1	5	945
0.516902	2	1	4	945
0.516902	2	1	5	945
0.517002	2	1	4	945
0.517002	2	1	5	945
0.517102	2	1	4	945
0.517102	2	1	5	945
0.517202	2	1	4	945
0.517202	2	1	5	945
0.517302	2	1	4	945
0.517302	2	1	5	945
0.517402	2	1	4	945
0.517402	2	1	5	945
0.517502	2	1	4	945
0.517502	2	1	5	945
0.517602	2	1	4	945
0.517602	2	1	5	945
0.517702	2	1	4	945
0.517702	2	1	5	945
0.517802	2	1	4	945
0.517802	2	1	5	945
0.517902	2	1	4	945
0.517902	2	1	5	945
0.518002	2	1	4	945
0.518002	2	1	5	945
0.518102	2	1	4	945
0.518102	2	1	5	945
0.518202	2	1	4	945
0.518202	2	1	5	945
0.518302	2	1	4	945
0.518302	2	1	5	945
0.518402	2	1	4	945
0.518402	2	1	5	945
0.518502	2	1	4	945
0.518502	2	1	5	945
0.518602	2	1	4	945
0.518602	2	1	5	945
0.518702	2	1	4	945
0.518702	2	1	5	945
0.518802	2	1	4	945
0.518802	2	1	5	945
0.518902	2	1	4	945
0.518902	2	1	5	945
0.519002	2	1	4	945
0.519002	2	1	5	945
0.519102	2	1	4	945
0.519102	2	1	5	945
0.519202	2	1	4	945
0.519202	2	1	5	945
0.519302	2	1	4	945
0.519302	2	1	5	945
0.519402	2	1	4	945
0.519402	2	1	5	945
0.519502	2	1	4	945
0.519502	2	1	5	945
0.519602	2	1	4	945
0.519602	2	1	5	945
0.519702	2	1	4	945
0.519702	2	1	5	945
0.519802	2	1	4	945
0.519802	2	1	5	945
0.519902	2	1	4	945
0.519902	2	1	5	945
0.520002	2	1	4	945
0.520002	2	1	5	945
0.520102	2	1	4	945
0.520102	2	1	5	945
0.520202	2	1	4	945
0.520202	2	1	5	945
0.520302	2	1	4	945
0.520302	2	1	5	945
0.520402	2	1	4	945
0.520402	2	1	5	945
0.520502	2	1	4	945
0.520502	2	1	5	945
0.520602	2	1	4	945
0.520602	2	1	5	945
0.520702	2	1	4	945
0.520702	2	1	5	945
0.520802	2	1	4	945
0.520802	2	1	5	945
0.520902	2	1	4	945
0.520902	2	1	5	945
0.521002	2	1	4	945
0.521002	2	1	5	945
0.521102	2	1	4	945
0.521102	2	1	5	945
0.521202	2	1	4	945
0.521202	2	1	5	945
0.521302	2	1	4	945
0.521302	2	1	5	945
0.521402	2	1	4	945
0.521402	2	1	5	945
0.521502	2	1	4	945
0.521502	2	1	5	945
0.521602	2	1	4	945
0.521602	2	1	5	945
0.521702	2	1	4	945
0.521702	2	1	5	945
0.521802	2	1	4	945
0.521802	2	1	5	945
0.521902	2	1	4	945
0.521902	2	1	5	945
0.522002	2	1	4	945
0.522002	2	1	5	945
0.522102	2	1	4	945
0.522102	2	1	5	945
0.522202	2	1	4	945
0.522202	2	1	5	945
0.522302	2	1	4	945
0.522302	2	1	5	945
0.522402	2	1	4	945
0.522402	2	1	5	945
0.522502	2	1	4	945
0.522502	2	1	5	945
0.522602	2	1	4	945
0.522602	2	1	5	945
0.522702	2	1	4	945
0.522702	2	1	5	945
0.522802	2	1	4	945
0.522802	2	1	5	945
0.522902	2	1	4	945
0.522902	2	1	5	945
0.523002	2	1	4	945
0.523002	2	1	5	945
0.523102	2	1	4	945
0.523102	2	1	5	945
0.523202	2	1	4	945
0.523202	2	1	5	945
0.523302	2	1	4	945
0.523302	2	1	5	945
0.523402	2	1	4	945
0.523402	2	1	5	945
0.523502	2	1	4	945
0.523502	2	1	5	945
0.523602	2	1	4	945
0.523602	2	1	5	945
0.523702	2	1	4	945
0.523702	2	1	5	945
0.523802	2	1	4	945
0.523802	2	1	5	945
0.523902	2	1	4	945
0.523902	2	1	5	945
0.524002	2	1	4	945
0.524002	2	1	5	945
0.524102	2	1	4	945
0.524102	2	1	5	945
0.524202	2	1	4	945
0.524202	2	1	5	945
0.524302	2	1	4	945
0.524302	2	1	5	945
0.524402	2	1	4	945
0.524402	2	1	5	945
0.524502	2	1	4	945
0.524502	2	1	5	945
0.524602	2	1	4	945
0.524602	2	1	5	945
0.524702	2	1	4	945
0.524702	2	1	5	945
0.524802	2	1	4	945
0.524802	2	1	5	945
0.524902	2	1	4	945
0.524902	2	1	5	945
0.525002	2	1	4	945
0.525002	2	1	5	945
0.525102	2	1	4	945
0.525102	2	1	5	945
0.525202	2	1	4	945
0.525202	2	1	5	945
0.525302	2	1	4	945
0.525302	2	1	5	945
0.525402	2	1	4	945
0.525402	2	1	5	945
0.525502	2	1	4	945
0.525502	2	1	5	945
0.525602	2	1	4	945
0.525602	2	1	5	945
0.525702	2	1	4	945
0.525702	2	1	5	945
0.525802	2	1	4	945
0.525802	2	1	5	945
0.525902	2	1	4	945
0.525902	2	1	5	945
0.526002	2	1	4	945
0.526002	2	1	5	945
0.526102	2	1	4	945
0.526102	2	1	5	945
0.526202	2	1	4	945
0.526202	2	1	5	945
0.526302	2	1	4	945
0.526302	2	1	5	945
0.526402	2	1	4	945
0.526402	2	1	5	945
0.526502	2	1	4	945
0.526502	2	1	5	945
0.526602	2	1	4	945
0.526602	2	1	5	945
0.526702	2	1	4	945
0.526702	2	1	5	945
0.526802	2	1	4	945
0.526802	2	1	5	945
0.526902	2	1	4	945
0.526902	2	1	5	945
0.527002	2	1	4	945
0.527002	2	1	5	945
0.527102	2	1	4	945
0.527102	2	1	5	945
0.527202	2	1	4	945
0.527202	2	1	5	945
0.527302	2	1	4	945
0.527302	2	1	5	945
0.527402	2	1	4	945
0.527402	2	1	5	945
0.527502	2	1	4	945
0.527502	2	1	5	945
0.527602	2	1	4	945
0.527602	2	1	5	945
0.527702	2	1	4	945
0.527702	2	1	5	945
0.527802	2	1	4	945
0.527802	2	1	5	945
0.527902	2	1	4	945
0.527902	2	1	5	945
0.528002	2	1	4	945
0.528002	2	1	5	945
0.528102	2	1	4	945
0.528102	2	1	5	945
0.528202	2	1	4	945
0.528202	2	1	5	945
0.528302	2	1	4	945
0.528302	2	1	5	945
0.528402	2	1	4	945
0.528402	2	1	5	945
0.528502	2	1	4	945
0.528502	2	1	5	945
0.528602	2	1	4	945
0.528602	2	1	5	945
0.528702	2	1	4	945
0.528702	2	1	5	945
0.528802	2	1	4	945
0.528802	2	1	5	945
0.528902	2	1	4	945
0.528902	2	1	5	945
0.529002	2	1	4	945
0.529002	2	1	5	945
0.529102	2	1	4	945
0.529102	2	1	5	945
0.529202	2	1	4	945
0.529202	2	1	5	945
0.529302	2	1	4	945
0.529302	2	1	5	945
0.529402	2	1	4	945
0.529402	2	1	5	945
0.529502	2	1	4	945
0.529502	2	1	5	945
0.529602	2	1	4	945
0.529602	2	1	5	945
0.529702	2	1	4	945
0.529702	2	1	5	945
0.529802	2	1	4	945
0.529802	2	1	5	945
0.529902	2	1	4	945
0.529902	2	1	5	945
0.530002	2	1	4	945
0.530002	2	1	5	945
0.530102	2	1	4	945
0.530102	2	1	5	945
0.530202	2	1	4	945
0.530202	2	1	5	945
0.530302	2	1	4	945
0.530302	2	1	5	945
0.530402	2	1	4	945
0.530402	2	1	5	945
0.530502	2	1	4	945
0.530502	2	1	5	945
0.530602	2	1	4	945
0.530602	2	1	5	945
0.530702	2	1	4	945
0.530702	2	1	5	945
0.530802	2	1	4	945
0.530802	2	1	5	945
0.530902	2	1	4	945
0.530902	2	1	5	945
0.531002	2	1	4	945
0.531002	2	1	5	945
0.531102	2	1	4	945
0.531102	2	1	5	945
0.531202	2	1	4	945
0.531202	2	1	5	945
0.531302	2	1	4	945
0.531302	2	1	5	945
0.531402	2	1	4	945
0.531402	2	1	5	945
0.531502	2	1	4	945
0.531502	2	1	5	945
0.531602	2	1	4	945
0.531602	2	1	5	945
0.531702	2	1	4	945
0.531702	2	1	5	945
0.531802	2	1	4	945
0.531802	2	1	5	945
0.531902	2	1	4	945
0.531902	2	1	5	945
0.532002	2	1	4	945
0.532002	2	1	5	945
0.532102	2	1	4	945
0.532102	2	1	5	945
0.532202	2	1	4	945
0.532202	2	1	5	945
0.532302	2	1	4	945
0.532302	2	1	5	945
0.532402	2	1	4	945
0.532402	2	1	5	945
0.532502	2	1	4	945
0.532502	2	1	5	945
0.532602	2	1	4	945
0.532602	2	1	5	945
0.532702	2	1	4	945
0.532702	2	1	5	945
0.532802	2	1	4	945
0.532802	2	1	5	945
0.532902	2	1	4	945
0.532902	2	1	5	945
0.533002	2	1	4	945
0.533002	2	1	5	945
0.533102	2	1	4	945
0.533102	2	1	5	945
0.533202	2	1	4	945
0.533202	2	1	5	945
0.533302	2	1	4	945
0.533302	2	1	5	945
0.533402	2	1	4	945
0.533402	2	1	5	945
0.533502	2	1	4	945
0.533502	2	1	5	945
0.533602	2	1	4	945
0.533602	2	1	5	945
0.533702	2	1	4	945
0.533702	2	1	5	945
0.533802	2	1	4	945
0.533802	2	1	5	945
0.533902	2	1	4	945
0.533902	2	1	5	945
0.534002	2	1	4	945
0.534002	2	1	5	945
0.534102	2	1	4	945
0.534102	2	1	5	945
0.534202	2	1	4	945
0.534202	2	1	5	945
0.534302	2	1	4	945
0.534302	2	1	5	945
0.534402	2	1	4	945
0.534402	2	1	5	945
0.534502	2	1	4	945
0.534502	2	1	5	945
0.534602	2	1	4	945
0.534602	2	1	5	945
0.534702	2	1	4	945
0.534702	2	1	5	945
0.534802	2	1	4	945
0.534802	2	1	5	945
0.534902	2	1	4	945
0.534902	2	1	5	945
0.535002	2	1	4	945
0.535002	2	1	5	945
0.535102	2	1	4	945
0.535102	2	1	5	945
0.535202	2	1	4	945
0.535202	2	1	5	945
0.535302	2	1	4	945
0.535302	2	1	5	945
0.535402	2	1	4	945
0.535402	2	1	5	945
0.535502	2	1	4	945
0.535502	2	1	5	945
0.535602	2	1	4	945
0.535602	2	1	5	945
0.535702	2	1	4	945
0.535702	2	1	5	945
0.535802	2	1	4	945
0.535802	2	1	5	945
0.535902	2	1	4	945
0.535902	2	1	5	945
0.536002	2	1	4	945
0.536002	2	1	5	945
0.536102	2	1	4	945
0.536102	2	1	5	945
0.536202	2	1	4	945
0.536202	2	1	5	945
0.536302	2	1	4	945
0.536302	2	1	5	945
0.536402	2	1	4	945
0.536402	2	1	5	945
0.536502	2	1	4	945
0.536502	2	1	5	945
0.536602	2	1	4	945
0.536602	2	1	5	945
0.536702	2	1	4	945
0.536702	2	1	5	945
0.536802	2	1	4	945
0.536802	2	1	5	945
0.536902	2	1	4	945
0.536902	2	1	5	945
0.537002	2	1	4	945
0.537002	2	1	5	945
0.537102	2	1	4	945
0.537102	2	1	5	945
0.537202	2	1	4	945
0.537202	2	1	5	945
0.537302	2	1	4	945
0.537302	2	1	5	945
0.537402	2	1	4	945
0.537402	2	1	5	945
0.537502	2	1	4	945
0.537502	2	1	5	945
0.537602	2	1	4	945
0.537602	2	1	5	945
0.537702	2	1	4	945
0.537702	2	1	5	945
0.537802	2	1	4	945
0.537802	2	1	5	945
0.537902	2	1	4	945
0.537902	2	1	5	945
0.538002	2	1	4	945
0.538002	2	1	5	945
0.538102	2	1	4	945
0.538102	2	1	5	945
0.538202	2	1	4	945
0.538202	2	1	5	945
0.538302	2	1	4	945
0.538302	2	1	5	945
0.538402	2	1	4	945
0.538402	2	1	5	945
0.538502	2	1	4	945
0.538502	2	1	5	945
0.538602	2	1	4	945
0.538602	2	1	5	945
0.538702	2	1	4	945
0.538702	2	1	5	945
0.538802	2	1	4	945
0.538802	2	1	5	945
0.538902	2	1	4	945
0.538902	2	1	5	945
0.539002	2	1	4	945
0.539002	2	1	5	945
0.539102	2	1	4	945
0.539102	2	1	5	945
0.539202	2	1	4	945
0.539202	2	1	5	945
0.539302	2	1	4	945
0.539302	2	1	5	945
0.539402	2	1	4	945
0.539402	2	1	5	945
0.539502	2	1	4	945
0.539502	2	1	5	945
0.539602	2	1	4	945
0.539602	2	1	5	945
0.539702	2	1	4	945
0.539702	2	1	5	945
0.539802	2	1	4	945
0.539802	2	1	5	945
0.539902	2	1	4	945
0.539902	2	1	5	945
0.540002	2	1	4	945
0.540002	2	1	5	945
0.540102	2	1	4	945
0.540102	2	1	5	945
0.540202	2	1	4	945
0.540202	2	1	5	945
0.540302	2	1	4	945
0.540302	2	1	5	945
0.540402	2	1	4	945
0.540402	2	1	5	945
0.540502	2	1	4	945
0.540502	2	1	5	945
0.540602	2	1	4	945
0.540602	2	1	5	945
0.540702	2	1	4	945
0.540702	2	1	5	945
0.540802	2	1	4	945
0.540802	2	1	5	945
0.540902	2	1	4	945
0.540902	2	1	5	945
0.541002	2	1	4	945
0.541002	2	1	5	945
0.541102	2	1	4	945
0.541102	2	1	5	945
0.541202	2	1	4	945
0.541202	2	1	5	945
0.541302	2	1	4	945
0.541302	2	1	5	945
0.541402	2	1	4	945
0.541402	2	1	5	945
0.541502	2	1	4	945
0.541502	2	1	5	945
0.541602	2	1	4	945
0.541602	2	1	5	945
0.541702	2	1	4	945
0.541702	2	1	5	945
0.541802	2	1	4	945
0.541802	2	1	5	945
0.541902	2	1	4	945
0.541902	2	1	5	945
0.542002	2	1	4	945
0.542002	2	1	5	945
0.542102	2	1	4	945
0.542102	2	1	5	945
0.542202	2	1	4	945
0.542202	2	1	5	945
0.542302	2	1	4	945
0.542302	2	1	5	945
0.542402	2	1	4	945
0.542402	2	1	5	945
0.542502	2	1	4	945
0.542502	2	1	5	945
0.542602	2	1	4	945
0.542602	2	1	5	945
0.542702	2	1	4	945
0.542702	2	1	5	945
0.542802	2	1	4	945
0.542802	2	1	5	945
0.542902	2	1	4	945
0.542902	2	1	5	945
0.543002	2	1	4	945
0.543002	2	1	5	945
0.543102	2	1	4	945
0.543102	2	1	5	945
0.543202	2	1	4	945
0.543202	2	1	5	945
0.543302	2	1	4	945
0.543302	2	1	5	945
0.543402	2	1	4	945
0.543402	2	1	5	945
0.543502	2	1	4	945
0.543502	2	1	5	945
0.543602	2	1	4	945
0.543602	2	1	5	945
0.543702	2	1	4	945
0.543702	2	1	5	945
0.543802	2	1	4	945
0.543802	2	1	5	945
0.543902	2	1	4	945
0.543902	2	1	5	945
0.544002	2	1	4	945
0.544002	2	1	5	945
0.544102	2	1	4	945
0.544102	2	1	5	945
0.544202	2	1	4	945
0.544202	2	1	5	945
0.544302	2	1	4	945
0.544302	2	1	5	945
0.544402	2	1	4	945
0.544402	2	1	5	945
0.544502	2	1	4	945
0.544502	2	1	5	945
0.544602	2	1	4	945
0.544602	2	1	5	945
0.544702	2	1	4	945
0.544702	2	1	5	945
0.544802	2	1	4	945
0.544802	2	1	5	945
0.544902	2	1	4	945
0.544902	2	1	5	945
0.545002	2	1	4	945
0.545002	2	1	5	945
0.545102	2	1	4	945
0.545102	2	1	5	945
0.545202	2	1	4	945
0.545202	2	1	5	945
0.545302	2	1	4	945
0.545302	2	1	5	945
0.545402	2	1	4	945
0.545402	2	1	5	945
0.545502	2	1	4	945
0.545502	2	1	5	945
0.545602	2	1	4	945
0.545602	2	1	5	945
0.545702	2	1	4	945
0.545702	2	1	5	945
0.545802	2	1	4	945
0.545802	2	1	5	945
0.545902	2	1	4	945
0.545902	2	1	5	945
0.546002	2	1	4	945
0.546002	2	1	5	945
0.546102	2	1	4	945
0.546102	2	1	5	945
0.546202	2	1	4	945
0.546202	2	1	5	945
0.546302	2	1	4	945
0.546302	2	1	5	945
0.546402	2	1	4	945
0.546402	2	1	5	945
0.546502	2	1	4	945
0.546502	2	1	5	945
0.546602	2	1	4	945
0.546602	2	1	5	945
0.546702	2	1	4	945
0.546702	2	1	5	945
0.546802	2	1	4	945
0.546802	2	1	5	945
0.546902	2	1	4	945
0.546902	2	1	5	945
0.547002	2	1	4	945
0.547002	2	1	5	945
0.547102	2	1	4	945
0.547102	2	1	5	945
0.547202	2	1	4	945
0.547202	2	1	5	945
0.547302	2	1	4	945
0.547302	2	1	5	945
0.547402	2	1	4	945
0.547402	2	1	5	945
0.547502	2	1	4	945
0.547502	2	1	5	945
0.547602	2	1	4	945
0.547602	2	1	5	945
0.547702	2	1	4	945
0.547702	2	1	5	945
0.547802	2	1	4	945
0.547802	2	1	5	945
0.547902	2	1	4	945
0.547902	2	1	5	945
0.548002	2	1	4	945
0.548002	2	1	5	945
0.548102	2	1	4	945
0.548102	2	1	5	945
0.548202	2	1	4	945
0.548202	2	1	5	945
0.548302	2	1	4	945
0.548302	2	1	5	945
0.548402	2	1	4	945
0.548402	2	1	5	945
0.548502	2	1	4	945
0.548502	2	1	5	945
0.548602	2	1	4	945
0.548602	2	1	5	945
0.548702	2	1	4	945
0.548702	2	1	5	945
0.548802	2	1	4	945
0.548802	2	1	5	945
0.548902	2	1	4	945
0.548902	2	1	5	945
0.549002	2	1	4	945
0.549002	2	1	5	945
0.549102	2	1	4	945
0.549102	2	1	5	945
0.549202	2	1	4	945
0.549202	2	1	5	945
0.549302	2	1	4	945
0.549302	2	1	5	945
0.549402	2	1	4	945
0.549402	2	1	5	945
0.549502	2	1	4	945
0.549502	2	1	5	945
0.549602	2	1	4	945
0.549602	2	1	5	945
0.549702	2	1	4	945
0.549702	2	1	5	945
0.549802	2	1	4	945
0.549802	2	1	5	945
0.549902	2	1	4	945
0.549902	2	1	5	945
0.550002	2	1	4	945
0.550002	2	1	5	945
0.550102	2	1	4	945
0.550102	2	1	5	945
0.550202	2	1	4	945
0.550202	2	1	5	945
0.550302	2	1	4	945
0.550302	2	1	5	945
0.550402	2	1	4	945
0.550402	2	1	5	945
0.550502	2	1	4	945
0.550502	2	1	5	945
0.550602	2	1	4	945
0.550602	2	1	5	945
0.550702	2	1	4	945
0.550702	2	1	5	945
0.550802	2	1	4	945
0.550802	2	1	5	945
0.550902	2	1	4	945
0.550902	2	1	5	945
0.551002	2	1	4	945
0.551002	2	1	5	945
0.551102	2	1	4	945
0.551102	2	1	5	945
0.551202	2	1	4	945
0.551202	2	1	5	945
0.551302	2	1	4	945
0.551302	2	1	5	945
0.551402	2	1	4	945
0.551402	2	1	5	945
0.551502	2	1	4	945
0.551502	2	1	5	945
0.551602	2	1	4	945
0.551602	2	1	5	945
0.551702	2	1	4	945
0.551702	2	1	5	945
0.551802	2	1	4	945
0.551802	2	1	5	945
0.551902	2	1	4	945
0.551902	2	1	5	945
0.552002	2	1	4	945
0.552002	2	1	5	945
0.552102	2	1	4	945
0.552102	2	1	5	945
0.552202	2	1	4	945
0.552202	2	1	5	945
0.552302	2	1	4	945
0.552302	2	1	5	945
0.552402	2	1	4	945
0.552402	2	1	5	945
0.552502	2	1	4	945
0.552502	2	1	5	945
0.552602	2	1	4	945
0.552602	2	1	5	945
0.552702	2	1	4	945
0.552702	2	1	5	945
0.552802	2	1	4	945
0.552802	2	1	5	945
0.552902	2	1	4	945
0.552902	2	1	5	945
0.553002	2	1	4	945
0.553002	2	1	5	945
0.553102	2	1	4	945
0.553102	2	1	5	945
0.553202	2	1	4	945
0.553202	2	1	5	945
0.553302	2	1	4	945
0.553302	2	1	5	945
0.553402	2	1	4	945
0.553402	2	1	5	945
0.553502	2	1	4	945
0.553502	2	1	5	945
0.553602	2	1	4	945
0.553602	2	1	5	945
0.553702	2	1	4	945
0.553702	2	1	5	945
0.553802	2	1	4	945
0.553802	2	1	5	945
0.553902	2	1	4	945
0.553902	2	1	5	945
0.554002	2	1	4	945
0.554002	2	1	5	945
0.554102	2	1	4	945
0.554102	2	1	5	945
0.554202	2	1	4	945
0.554202	2	1	5	945
0.554302	2	1	4	945
0.554302	2	1	5	945
0.554402	2	1	4	945
0.554402	2	1	5	945
0.554502	2	1	4	945
0.554502	2	1	5	945
0.554602	2	1	4	945
0.554602	2	1	5	945
0.554702	2	1	4	945
0.554702	2	1	5	945
0.554802	2	1	4	945
0.554802	2	1	5	945
0.554902	2	1	4	945
0.554902	2	1	5	945
0.555002	2	1	4	945
0.555002	2	1	5	945
0.555102	2	1	4	945
0.555102	2	1	5	945
0.555202	2	1	4	945
0.555202	2	1	5	945
0.555302	2	1	4	945
0.555302	2	1	5	945
0.555402	2	1	4	945
0.555402	2	1	5	945
0.555502	2	1	4	945
0.555502	2	1	5	945
0.555602	2	1	4	945
0.555602	2	1	5	945
0.555702	2	1	4	945
0.555702	2	1	5	945
0.555802	2	1	4	945
0.555802	2	1	5	945
0.555902	2	1	4	945
0.555902	2	1	5	945
0.556002	2	1	4	945
0.556002	2	1	5	945
0.556102	2	1	4	945
0.556102	2	1	5	945
0.556202	2	1	4	945
0.556202	2	1	5	945
0.556302	2	1	4	945
0.556302	2	1	5	945
0.556402	2	1	4	945
0.556402	2	1	5	945
0.556502	2	1	4	945
0.556502	2	1	5	945
0.556602	2	1	4	945
0.556602	2	1	5	945
0.556702	2	1	4	945
0.556702	2	1	5	945
0.556802	2	1	4	945
0.556802	2	1	5	945
0.556902	2	1	4	945
0.556902	2	1	5	945
0.557002	2	1	4	945
0.557002	2	1	5	945
0.557102	2	1	4	945
0.557102	2	1	5	945
0.557202	2	1	4	945
0.557202	2	1	5	945
0.557302	2	1	4	945
0.557302	2	1	5	945
0.557402	2	1	4	945
0.557402	2	1	5	945
0.557502	2	1	4	945
0.557502	2	1	5	945
0.557602	2	1	4	945
0.557602	2	1	5	945
0.557702	2	1	4	945
0.557702	2	1	5	945
0.557802	2	1	4	945
0.557802	2	1	5	945
0.557902	2	1	4	945
0.557902	2	1	5	945
0.558002	2	1	4	945
0.558002	2	1	5	945
0.558102	2	1	4	945
0.558102	2	1	5	945
0.558202	2	1	4	945
0.558202	2	1	5	945
0.558302	2	1	4	945
0.558302	2	1	5	945
0.558402	2	1	4	945
0.558402	2	1	5	945
0.558502	2	1	4	945
0.558502	2	1	5	945
0.558602	2	1	4	945
0.558602	2	1	5	945
0.558702	2	1	4	945
0.558702	2	1	5	945
0.558802	2	1	4	945
0.558802	2	1	5	945
0.558902	2	1	4	945
0.558902	2	1	5	945
0.559002	2	1	4	945
0.559002	2	1	5	945
0.559102	2	1	4	945
0.559102	2	1	5	945
0.559202	2	1	4	945
0.559202	2	1	5	945
0.559302	2	1	4	945
0.559302	2	1	5	945
0.559402	2	1	4	945
0.559402	2	1	5	945
0.559502	2	1	4	945
0.559502	2	1	5	945
0.559602	2	1	4	945
0.559602	2	1	5	945
0.559702	2	1	4	945
0.559702	2	1	5	945
0.559802	2	1	4	945
0.559802	2	1	5	945
0.559902	2	1	4	945
0.559902	2	1	5	945
0.560002	2	1	4	945
0.560002	2	1	5	945
0.560102	2	1	4	945
0.560102	2	1	5	945
0.560202	2	1	4	945
0.560202	2	1	5	945
0.560302	2	1	4	945
0.560302	2	1	5	945
0.560402	2	1	4	945
0.560402	2	1	5	945
0.560502	2	1	4	945
0.560502	2	1	5	945
0.560602	2	1	4	945
0.560602	2	1	5	945
0.560702	2	1	4	945
0.560702	2	1	5	945
0.560802	2	1	4	945
0.560802	2	1	5	945
0.560902	2	1	4	945
0.560902	2	1	5	945
0.561002	2	1	4	945
0.561002	2	1	5	945
0.561102	2	1	4	945
0.561102	2	1	5	945
0.561202	2	1	4	945
0.561202	2	1	5	945
0.561302	2	1	4	945
0.561302	2	1	5	945
0.561402	2	1	4	945
0.561402	2	1	5	945
0.561502	2	1	4	945
0.561502	2	1	5	945
0.561602	2	1	4	945
0.561602	2	1	5	945
0.561702	2	1	4	945
0.561702	2	1	5	945
0.561802	2	1	4	945
0.561802	2	1	5	945
0.561902	2	1	4	945
0.561902	2	1	5	945
0.562002	2	1	4	945
0.562002	2	1	5	945
0.562102	2	1	4	945
0.562102	2	1	5	945
0.562202	2	1	4	945
0.562202	2	1	5	945
0.562302	2	1	4	945
0.562302	2	1	5	945
0.562402	2	1	4	945
0.562402	2	1	5	945
0.562502	2	1	4	945
0.562502	2	1	5	945
0.562602	2	1	4	945
0.562602	2	1	5	945
0.562702	2	1	4	945
0.562702	2	1	5	945
0.562802	2	1	4	945
0.562802	2	1	5	945
0.562902	2	1	4	945
0.562902	2	1	5	945
0.563002	2	1	4	945
0.563002	2	1	5	945
0.563102	2	1	4	945
0.563102	2	1	5	945
0.563202	2	1	4	945
0.563202	2	1	5	945
0.563302	2	1	4	945
0.563302	2	1	5	945
0.563402	2	1	4	945
0.563402	2	1	5	945
0.563502	2	1	4	945
0.563502	2	1	5	945
0.563602	2	1	4	945
0.563602	2	1	5	945
0.563702	2	1	4	945
0.563702	2	1	5	945
0.563802	2	1	4	945
0.563802	2	1	5	945
0.563902	2	1	4	945
0.563902	2	1	5	945
0.564002	2	1	4	945
0.564002	2	1	5	945
0.564102	2	1	4	945
0.564102	2	1	5	945
0.564202	2	1	4	945
0.564202	2	1	5	945
0.564302	2	1	4	945
0.564302	2	1	5	945
0.564402	2	1	4	945
0.564402	2	1	5	945
0.564502	2	1	4	945
0.564502	2	1	5	945
0.564602	2	1	4	945
0.564602	2	1	5	945
0.564702	2	1	4	945
0.564702	2	1	5	945
0.564802	2	1	4	945
0.564802	2	1	5	945
0.564902	2	1	4	945
0.564902	2	1	5	945
0.565002	2	1	4	945
0.565002	2	1	5	945
0.565102	2	1	4	945
0.565102	2	1	5	945
0.565202	2	1	4	945
0.565202	2	1	5	945
0.565302	2	1	4	945
0.565302	2	1	5	945
0.565402	2	1	4	945
0.565402	2	1	5	945
0.565502	2	1	4	945
0.565502	2	1	5	945
0.565602	2	1	4	945
0.565602	2	1	5	945
0.565702	2	1	4	945
0.565702	2	1	5	945
0.565802	2	1	4	945
0.565802	2	1	5	945
0.565902	2	1	4	945
0.565902	2	1	5	945
0.566002	2	1	4	945
0.566002	2	1	5	945
0.566102	2	1	4	945
0.566102	2	1	5	945
0.566202	2	1	4	945
0.566202	2	1	5	945
0.566302	2	1	4	945
0.566302	2	1	5	945
0.566402	2	1	4	945
0.566402	2	1	5	945
0.566502	2	1	4	945
0.566502	2	1	5	945
0.566602	2	1	4	945
0.566602	2	1	5	945
0.566702	2	1	4	945
0.566702	2	1	5	945
0.566802	2	1	4	945
0.566802	2	1	5	945
0.566902	2	1	4	945
0.566902	2	1	5	945
0.567002	2	1	4	945
0.567002	2	1	5	945
0.567102	2	1	4	945
0.567102	2	1	5	945
0.567202	2	1	4	945
0.567202	2	1	5	945
0.567302	2	1	4	945
0.567302	2	1	5	945
0.567402	2	1	4	945
0.567402	2	1	5	945
0.567502	2	1	4	945
0.567502	2	1	5	945
0.567602	2	1	4	945
0.567602	2	1	5	945
0.567702	2	1	4	945
0.567702	2	1	5	945
0.567802	2	1	4	945
0.567802	2	1	5	945
0.567902	2	1	4	945
0.567902	2	1	5	945
0.568002	2	1	4	945
0.568002	2	1	5	945
0.568102	2	1	4	945
0.568102	2	1	5	945
0.568202	2	1	4	945
0.568202	2	1	5	945
0.568302	2	1	4	945
0.568302	2	1	5	945
0.568402	2	1	4	945
0.568402	2	1	5	945
0.568502	2	1	4	945
0.568502	2	1	5	945
0.568602	2	1	4	945
0.568602	2	1	5	945
0.568702	2	1	4	945
0.568702	2	1	5	945
0.568802	2	1	4	945
0.568802	2	1	5	945
0.568902	2	1	4	945
0.568902	2	1	5	945
0.569002	2	1	4	945
0.569002	2	1	5	945
0.569102	2	1	4	945
0.569102	2	1	5	945
0.569202	2	1	4	945
0.569202	2	1	5	945
0.569302	2	1	4	945
0.569302	2	1	5	945
0.569402	2	1	4	945
0.569402	2	1	5	945
0.569502	2	1	4	945
0.569502	2	1	5	945
0.569602	2	1	4	945
0.569602	2	1	5	945
0.569702	2	1	4	945
0.569702	2	1	5	945
0.569802	2	1	4	945
0.569802	2	1	5	945
0.569902	2	1	4	945
0.569902	2	1	5	945
0.570002	2	1	4	945
0.570002	2	1	5	945
0.570102	2	1	4	945
0.570102	2	1	5	945
0.570202	2	1	4	945
0.570202	2	1	5	945
0.570302	2	1	4	945
0.570302	2	1	5	945
0.570402	2	1	4	945
0.570402	2	1	5	945
0.570502	2	1	4	945
0.570502	2	1	5	945
0.570602	2	1	4	945
0.570602	2	1	5	945
0.570702	2	1	4	945
0.570702	2	1	5	945
0.570802	2	1	4	945
0.570802	2	1	5	945
0.570902	2	1	4	945
0.570902	2	1	5	945
0.571002	2	1	4	945
0.571002	2	1	5	945
0.571102	2	1	4	945
0.571102	2	1	5	945
0.571202	2	1	4	945
0.571202	2	1	5	945
0.571302	2	1	4	945
0.571302	2	1	5	945
0.571402	2	1	4	945
0.571402	2	1	5	945
0.571502	2	1	4	945
0.571502	2	1	5	945
0.571602	2	1	4	945
0.571602	2	1	5	945
0.571702	2	1	4	945
0.571702	2	1	5	945
0.571802	2	1	4	945
0.571802	2	1	5	945
0.571902	2	1	4	945
0.571902	2	1	5	945
0.572002	2	1	4	945
0.572002	2	1	5	945
0.572102	2	1	4	945
0.572102	2	1	5	945
0.572202	2	1	4	945
0.572202	2	1	5	945
0.572302	2	1	4	945
0.572302	2	1	5	945
0.572402	2	1	4	945
0.572402	2	1	5	945
0.572502	2	1	4	945
0.572502	2	1	5	945
0.572602	2	1	4	945
0.572602	2	1	5	945
0.572702	2	1	4	945
0.572702	2	1	5	945
0.572802	2	1	4	945
0.572802	2	1	5	945
0.572902	2	1	4	945
0.572902	2	1	5	945
0.573002	2	1	4	945
0.573002	2	1	5	945
0.573102	2	1	4	945
0.573102	2	1	5	945
0.573202	2	1	4	945
0.573202	2	1	5	945
0.573302	2	1	4	945
0.573302	2	1	5	945
0.573402	2	1	4	945
0.573402	2	1	5	945
0.573502	2	1	4	945
0.573502	2	1	5	945
0.573602	2	1	4	945
0.573602	2	1	5	945
0.573702	2	1	4	945
0.573702	2	1	5	945
0.573802	2	1	4	945
0.573802	2	1	5	945
0.573902	2	1	4	945
0.573902	2	1	5	945
0.574002	2	1	4	945
0.574002	2	1	5	945
0.574102	2	1	4	945
0.574102	2	1	5	945
0.574202	2	1	4	945
0.574202	2	1	5	945
0.574302	2	1	4	945
0.574302	2	1	5	945
0.574402	2	1	4	945
0.574402	2	1	5	945
0.574502	2	1	4	945
0.574502	2	1	5	945
0.574602	2	1	4	945
0.574602	2	1	5	945
0.574702	2	1	4	945
0.574702	2	1	5	945
0.574802	2	1	4	945
0.574802	2	1	5	945
0.574902	2	1	4	945
0.574902	2	1	5	945
0.575002	2	1	4	945
0.575002	2	1	5	945
0.575102	2	1	4	945
0.575102	2	1	5	945
0.575202	2	1	4	945
0.575202	2	1	5	945
0.575302	2	1	4	945
0.575302	2	1	5	945
0.575402	2	1	4	945
0.575402	2	1	5	945
0.575502	2	1	4	945
0.575502	2	1	5	945
0.575602	2	1	4	945
0.575602	2	1	5	945
0.575702	2	1	4	945
0.575702	2	1	5	945
0.575802	2	1	4	945
0.575802	2	1	5	945
0.575902	2	1	4	945
0.575902	2	1	5	945
0.576002	2	1	4	945
0.576002	2	1	5	945
0.576102	2	1	4	945
0.576102	2	1	5	945
0.576202	2	1	4	945
0.576202	2	1	5	945
0.576302	2	1	4	945
0.576302	2	1	5	945
0.576402	2	1	4	945
0.576402	2	1	5	945
0.576502	2	1	4	945
0.576502	2	1	5	945
0.576602	2	1	4	945
0.576602	2	1	5	945
0.576702	2	1	4	945
0.576702	2	1	5	945
0.576802	2	1	4	945
0.576802	2	1	5	945
0.576902	2	1	4	945
0.576902	2	1	5	945
0.577002	2	1	4	945
0.577002	2	1	5	945
0.577102	2	1	4	945
0.577102	2	1	5	945
0.577202	2	1	4	945
0.577202	2	1	5	945
0.577302	2	1	4	945
0.577302	2	1	5	945
0.577402	2	1	4	945
0.577402	2	1	5	945
0.577502	2	1	4	945
0.577502	2	1	5	945
0.577602	2	1	4	945
0.577602	2	1	5	945
0.577702	2	1	4	945
0.577702	2	1	5	945
0.577802	2	1	4	945
0.577802	2	1	5	945
0.577902	2	1	4	945
0.577902	2	1	5	945
0.578002	2	1	4	945
0.578002	2	1	5	945
0.578102	2	1	4	945
0.578102	2	1	5	945
0.578202	2	1	4	945
0.578202	2	1	5	945
0.578302	2	1	4	945
0.578302	2	1	5	945
0.578402	2	1	4	945
0.578402	2	1	5	945
0.578502	2	1	4	945
0.578502	2	1	5	945
0.578602	2	1	4	945
0.578602	2	1	5	945
0.578702	2	1	4	945
0.578702	2	1	5	945
0.578802	2	1	4	945
0.578802	2	1	5	945
0.578902	2	1	4	945
0.578902	2	1	5	945
0.579002	2	1	4	945
0.579002	2	1	5	945
0.579102	2	1	4	945
0.579102	2	1	5	945
0.579202	2	1	4	945
0.579202	2	1	5	945
0.579302	2	1	4	945
0.579302	2	1	5	945
0.579402	2	1	4	945
0.579402	2	1	5	945
0.579502	2	1	4	945
0.579502	2	1	5	945
0.579602	2	1	4	945
0.579602	2	1	5	945
0.579702	2	1	4	945
0.579702	2	1	5	945
0.579802	2	1	4	945
0.579802	2	1	5	945
0.579902	2	1	4	945
0.579902	2	1	5	945
0.580002	2	1	4	945
0.580002	2	1	5	945
0.580102	2	1	4	945
0.580102	2	1	5	945
0.580202	2	1	4	945
0.580202	2	1	5	945
0.580302	2	1	4	945
0.580302	2	1	5	945
0.580402	2	1	4	945
0.580402	2	1	5	945
0.580502	2	1	4	945
0.580502	2	1	5	945
0.580602	2	1	4	945
0.580602	2	1	5	945
0.580702	2	1	4	945
0.580702	2	1	5	945
0.580802	2	1	4	945
0.580802	2	1	5	945
0.580902	2	1	4	945
0.580902	2	1	5	945
0.581002	2	1	4	945
0.581002	2	1	5	945
0.581102	2	1	4	945
0.581102	2	1	5	945
0.581202	2	1	4	945
0.581202	2	1	5	945
0.581302	2	1	4	945
0.581302	2	1	5	945
0.581402	2	1	4	945
0.581402	2	1	5	945
0.581502	2	1	4	945
0.581502	2	1	5	945
0.581602	2	1	4	945
0.581602	2	1	5	945
0.581702	2	1	4	945
0.581702	2	1	5	945
0.581802	2	1	4	945
0.581802	2	1	5	945
0.581902	2	1	4	945
0.581902	2	1	5	945
0.582002	2	1	4	945
0.582002	2	1	5	945
0.582102	2	1	4	945
0.582102	2	1	5	945
0.582202	2	1	4	945
0.582202	2	1	5	945
0.582302	2	1	4	945
0.582302	2	1	5	945
0.582402	2	1	4	945
0.582402	2	1	5	945
0.582502	2	1	4	945
0.582502	2	1	5	945
0.582602	2	1	4	945
0.582602	2	1	5	945
0.582702	2	1	4	945
0.582702	2	1	5	945
0.582802	2	1	4	945
0.582802	2	1	5	945
0.582902	2	1	4	945
0.582902	2	1	5	945
0.583002	2	1	4	945
0.583002	2	1	5	945
0.583102	2	1	4	945
0.583102	2	1	5	945
0.583202	2	1	4	945
0.583202	2	1	5	945
0.583302	2	1	4	945
0.583302	2	1	5	945
0.583402	2	1	4	945
0.583402	2	1	5	945
0.583502	2	1	4	945
0.583502	2	1	5	945
0.583602	2	1	4	945
0.583602	2	1	5	945
0.583702	2	1	4	945
0.583702	2	1	5	945
0.583802	2	1	4	945
0.583802	2	1	5	945
0.583902	2	1	4	945
0.583902	2	1	5	945
0.584002	2	1	4	945
0.584002	2	1	5	945
0.584102	2	1	4	945
0.584102	2	1	5	945
0.584202	2	1	4	945
0.584202	2	1	5	945
0.584302	2	1	4	945
0.584302	2	1	5	945
0.584402	2	1	4	945
0.584402	2	1	5	945
0.584502	2	1	4	945
0.584502	2	1	5	945
0.584602	2	1	4	945
0.584602	2	1	5	945
0.584702	2	1	4	945
0.584702	2	1	5	945
0.584802	2	1	4	945
0.584802	2	1	5	945
0.584902	2	1	4	945
0.584902	2	1	5	945
0.585002	2	1	4	945
0.585002	2	1	5	945
0.585102	2	1	4	945
0.585102	2	1	5	945
0.585202	2	1	4	945
0.585202	2	1	5	945
0.585302	2	1	4	945
0.585302	2	1	5	945
0.585402	2	1	4	945
0.585402	2	1	5	945
0.585502	2	1	4	945
0.585502	2	1	5	945
0.585602	2	1	4	945
0.585602	2	1	5	945
0.585702	2	1	4	945
0.585702	2	1	5	945
0.585802	2	1	4	945
0.585802	2	1	5	945
0.585902	2	1	4	945
0.585902	2	1	5	945
0.586002	2	1	4	945
0.586002	2	1	5	945
0.586102	2	1	4	945
0.586102	2	1	5	945
0.586202	2	1	4	945
0.586202	2	1	5	945
0.586302	2	1	4	945
0.586302	2	1	5	945
0.586402	2	1	4	945
0.586402	2	1	5	945
0.586502	2	1	4	945
0.586502	2	1	5	945
0.586602	2	1	4	945
0.586602	2	1	5	945
0.586702	2	1	4	945
0.586702	2	1	5	945
0.586802	2	1	4	945
0.586802	2	1	5	945
0.586902	2	1	4	945
0.586902	2	1	5	945
0.587002	2	1	4	945
0.587002	2	1	5	945
0.587102	2	1	4	945
0.587102	2	1	5	945
0.587202	2	1	4	945
0.587202	2	1	5	945
0.587302	2	1	4	945
0.587302	2	1	5	945
0.587402	2	1	4	945
0.587402	2	1	5	945
0.587502	2	1	4	945
0.587502	2	1	5	945
0.587602	2	1	4	945
0.587602	2	1	5	945
0.587702	2	1	4	945
0.587702	2	1	5	945
0.587802	2	1	4	945
0.587802	2	1	5	945
0.587902	2	1	4	945
0.587902	2	1	5	945
0.588002	2	1	4	945
0.588002	2	1	5	945
0.588102	2	1	4	945
0.588102	2	1	5	945
0.588202	2	1	4	945
0.588202	2	1	5	945
0.588302	2	1	4	945
0.588302	2	1	5	945
0.588402	2	1	4	945
0.588402	2	1	5	945
0.588502	2	1	4	945
0.588502	2	1	5	945
0.588602	2	1	4	945
0.588602	2	1	5	945
0.588702	2	1	4	945
0.588702	2	1	5	945
0.588802	2	1	4	945
0.588802	2	1	5	945
0.588902	2	1	4	945
0.588902	2	1	5	945
0.589002	2	1	4	945
0.589002	2	1	5	945
0.589102	2	1	4	945
0.589102	2	1	5	945
0.589202	2	1	4	945
0.589202	2	1	5	945
0.589302	2	1	4	945
0.589302	2	1	5	945
0.589402	2	1	4	945
0.589402	2	1	5	945
0.589502	2	1	4	945
0.589502	2	1	5	945
0.589602	2	1	4	945
0.589602	2	1	5	945
0.589702	2	1	4	945
0.589702	2	1	5	945
0.589802	2	1	4	945
0.589802	2	1	5	945
0.589902	2	1	4	945
0.589902	2	1	5	945
0.590002	2	1	4	945
0.590002	2	1	5	945
0.590102	2	1	4	945
0.590102	2	1	5	945
0.590202	2	1	4	945
0.590202	2	1	5	945
0.590302	2	1	4	945
0.590302	2	1	5	945
0.590402	2	1	4	945
0.590402	2	1	5	945
0.590502	2	1	4	945
0.590502	2	1	5	945
0.590602	2	1	4	945
0.590602	2	1	5	945
0.590702	2	1	4	945
0.590702	2	1	5	945
0.590802	2	1	4	945
0.590802	2	1	5	945
0.590902	2	1	4	945
0.590902	2	1	5	945
0.591002	2	1	4	945
0.591002	2	1	5	945
0.591102	2	1	4	945
0.591102	2	1	5	945
0.591202	2	1	4	945
0.591202	2	1	5	945
0.591302	2	1	4	945
0.591302	2	1	5	945
0.591402	2	1	4	945
0.591402	2	1	5	945
0.591502	2	1	4	945
0.591502	2	1	5	945
0.591602	2	1	4	945
0.591602	2	1	5	945
0.591702	2	1	4	945
0.591702	2	1	5	945
0.591802	2	1	4	945
0.591802	2	1	5	945
0.591902	2	1	4	945
0.591902	2	1	5	945
0.592002	2	1	4	945
0.592002	2	1	5	945
0.592102	2	1	4	945
0.592102	2	1	5	945
0.592202	2	1	4	945
0.592202	2	1	5	945
0.592302	2	1	4	945
0.592302	2	1	5	945
0.592402	2	1	4	945
0.592402	2	1	5	945
0.592502	2	1	4	945
0.592502	2	1	5	945
0.592602	2	1	4	945
0.592602	2	1	5	945
0.592702	2	1	4	945
0.592702	2	1	5	945
0.592802	2	1	4	945
0.592802	2	1	5	945
0.592902	2	1	4	945
0.592902	2	1	5	945
0.593002	2	1	4	945
0.593002	2	1	5	945
0.593102	2	1	4	945
0.593102	2	1	5	945
0.593202	2	1	4	945
0.593202	2	1	5	945
0.593302	2	1	4	945
0.593302	2	1	5	945
0.593402	2	1	4	945
0.593402	2	1	5	945
0.593502	2	1	4	945
0.593502	2	1	5	945
0.593602	2	1	4	945
0.593602	2	1	5	945
0.593702	2	1	4	945
0.593702	2	1	5	945
0.593802	2	1	4	945
0.593802	2	1	5	945
0.593902	2	1	4	945
0.593902	2	1	5	945
0.594002	2	1	4	945
0.594002	2	1	5	945
0.594102	2	1	4	945
0.594102	2	1	5	945
0.594202	2	1	4	945
0.594202	2	1	5	945
0.594302	2	1	4	945
0.594302	2	1	5	945
0.594402	2	1	4	945
0.594402	2	1	5	945
0.594502	2	1	4	945
0.594502	2	1	5	945
0.594602	2	1	4	945
0.594602	2	1	5	945
0.594702	2	1	4	945
0.594702	2	1	5	945
0.594802	2	1	4	945
0.594802	2	1	5	945
0.594902	2	1	4	945
0.594902	2	1	5	945
0.595002	2	1	4	945
0.595002	2	1	5	945
0.595102	2	1	4	945
0.595102	2	1	5	945
0.595202	2	1	4	945
0.595202	2	1	5	945
0.595302	2	1	4	945
0.595302	2	1	5	945
0.595402	2	1	4	945
0.595402	2	1	5	945
0.595502	2	1	4	945
0.595502	2	1	5	945
0.595602	2	1	4	945
0.595602	2	1	5	945
0.595702	2	1	4	945
0.595702	2	1	5	945
0.595802	2	1	4	945
0.595802	2	1	5	945
0.595902	2	1	4	945
0.595902	2	1	5	945
0.596002	2	1	4	945
0.596002	2	1	5	945
0.596102	2	1	4	945
0.596102	2	1	5	945
0.596202	2	1	4	945
0.596202	2	1	5	945
0.596302	2	1	4	945
0.596302	2	1	5	945
0.596402	2	1	4	945
0.596402	2	1	5	945
0.596502	2	1	4	945
0.596502	2	1	5	945
0.596602	2	1	4	945
0.596602	2	1	5	945
0.596702	2	1	4	945
0.596702	2	1	5	945
0.596802	2	1	4	945
0.596802	2	1	5	945
0.596902	2	1	4	945
0.596902	2	1	5	945
0.597002	2	1	4	945
0.597002	2	1	5	945
0.597102	2	1	4	945
0.597102	2	1	5	945
0.597202	2	1	4	945
0.597202	2	1	5	945
0.597302	2	1	4	945
0.597302	2	1	5	945
0.597402	2	1	4	945
0.597402	2	1	5	945
0.597502	2	1	4	945
0.597502	2	1	5	945
0.597602	2	1	4	945
0.597602	2	1	5	945
0.597702	2	1	4	945
0.597702	2	1	5	945
0.597802	2	1	4	945
0.597802	2	1	5	945
0.597902	2	1	4	945
0.597902	2	1	5	945
0.598002	2	1	4	945
0.598002	2	1	5	945
0.598102	2	1	4	945
0.598102	2	1	5	945
0.598202	2	1	4	945
0.598202	2	1	5	945
0.598302	2	1	4	945
0.598302	2	1	5	945
0.598402	2	1	4	945
0.598402	2	1	5	945
0.598502	2	1	4	945
0.598502	2	1	5	945
0.598602	2	1	4	945
0.598602	2	1	5	945
0.598702	2	1	4	945
0.598702	2	1	5	945
0.598802	2	1	4	945
0.598802	2	1	5	945
0.598902	2	1	4	945
0.598902	2	1	5	945
0.599002	2	1	4	945
0.599002	2	1	5	945
0.599102	2	1	4	945
0.599102	2	1	5	945
0.599202	2	1	4	945
0.599202	2	1	5	945
0.599302	2	1	4	945
0.599302	2	1	5	945
0.599402	2	1	4	945
0.599402	2	1	5	945
0.599502	2	1	4	945
0.599502	2	1	5	945
0.599602	2	1	4	945
0.599602	2	1	5	945
0.599702	2	1	4	945
0.599702	2	1	5	945
0.599802	2	1	4	945
0.599802	2	1	5	945
0.599902	2	1	4	945
0.599902	2	1	5	945
0.600002	2	1	4	945
0.600002	2	1	5	945
0.600102	2	1	4	945
0.600102	2	1	5	945
0.600202	2	1	4	945
0.600202	2	1	5	945
0.600302	2	1	4	945
0.600302	2	1	5	945
0.600402	2	1	4	945
0.600402	2	1	5	945
0.600502	2	1	4	945
0.600502	2	1	5	945
0.600602	2	1	4	945
0.600602	2	1	5	945
0.600702	2	1	4	945
0.600702	2	1	5	945
0.600802	2	1	4	945
0.600802	2	1	5	945
0.600902	2	1	4	945
0.600902	2	1	5	945
0.601002	2	1	4	945
0.601002	2	1	5	945
0.601102	2	1	4	945
0.601102	2	1	5	945
0.601202	2	1	4	945
0.601202	2	1	5	945
0.601302	2	1	4	945
0.601302	2	1	5	945
0.601402	2	1	4	945
0.601402	2	1	5	945
0.601502	2	1	4	945
0.601502	2	1	5	945
0.601602	2	1	4	945
0.601602	2	1	5	945
0.601702	2	1	4	945
0.601702	2	1	5	945
0.601802	2	1	4	945
0.601802	2	1	5	945
0.601902	2	1	4	945
0.601902	2	1	5	945
0.602002	2	1	4	945
0.602002	2	1	5	945
0.602102	2	1	4	945
0.602102	2	1	5	945
0.602202	2	1	4	945
0.602202	2	1	5	945
0.602302	2	1	4	945
0.602302	2	1	5	945
0.602402	2	1	4	945
0.602402	2	1	5	945
0.602502	2	1	4	945
0.602502	2	1	5	945
0.602602	2	1	4	945
0.602602	2	1	5	945
0.602702	2	1	4	945
0.602702	2	1	5	945
0.602802	2	1	4	945
0.602802	2	1	5	945
0.602902	2	1	4	945
0.602902	2	1	5	945
0.603002	2	1	4	945
0.603002	2	1	5	945
0.603102	2	1	4	945
0.603102	2	1	5	945
0.603202	2	1	4	945
0.603202	2	1	5	945
0.603302	2	1	4	945
0.603302	2	1	5	945
0.603402	2	1	4	945
0.603402	2	1	5	945
0.603502	2	1	4	945
0.603502	2	1	5	945
0.603602	2	1	4	945
0.603602	2	1	5	945
0.603702	2	1	4	945
0.603702	2	1	5	945
0.603802	2	1	4	945
0.603802	2	1	5	945
0.603902	2	1	4	945
0.603902	2	1	5	945
0.604002	2	1	4	945
0.604002	2	1	5	945
0.604102	2	1	4	945
0.604102	2	1	5	945
0.604202	2	1	4	945
0.604202	2	1	5	945
0.604302	2	1	4	945
0.604302	2	1	5	945
0.604402	2	1	4	945
0.604402	2	1	5	945
0.604502	2	1	4	945
0.604502	2	1	5	945
0.604602	2	1	4	945
0.604602	2	1	5	945
0.604702	2	1	4	945
0.604702	2	1	5	945
0.604802	2	1	4	945
0.604802	2	1	5	945
0.604902	2	1	4	945
0.604902	2	1	5	945
0.605002	2	1	4	945
0.605002	2	1	5	945
0.605102	2	1	4	945
0.605102	2	1	5	945
0.605202	2	1	4	945
0.605202	2	1	5	945
0.605302	2	1	4	945
0.605302	2	1	5	945
0.605402	2	1	4	945
0.605402	2	1	5	945
0.605502	2	1	4	945
0.605502	2	1	5	945
0.605602	2	1	4	945
0.605602	2	1	5	945
0.605702	2	1	4	945
0.605702	2	1	5	945
0.605802	2	1	4	945
0.605802	2	1	5	945
0.605902	2	1	4	945
0.605902	2	1	5	945
0.606002	2	1	4	945
0.606002	2	1	5	945
0.606102	2	1	4	945
0.606102	2	1	5	945
0.606202	2	1	4	945
0.606202	2	1	5	945
0.606302	2	1	4	945
0.606302	2	1	5	945
0.606402	2	1	4	945
0.606402	2	1	5	945
0.606502	2	1	4	945
0.606502	2	1	5	945
0.606602	2	1	4	945
0.606602	2	1	5	945
0.606702	2	1	4	945
0.606702	2	1	5	945
0.606802	2	1	4	945
0.606802	2	1	5	945
0.606902	2	1	4	945
0.606902	2	1	5	945
0.607002	2	1	4	945
0.607002	2	1	5	945
0.607102	2	1	4	945
0.607102	2	1	5	945
0.607202	2	1	4	945
0.607202	2	1	5	945
0.607302	2	1	4	945
0.607302	2	1	5	945
0.607402	2	1	4	945
0.607402	2	1	5	945
0.607502	2	1	4	945
0.607502	2	1	5	945
0.607602	2	1	4	945
0.607602	2	1	5	945
0.607702	2	1	4	945
0.607702	2	1	5	945
0.607802	2	1	4	945
0.607802	2	1	5	945
0.607902	2	1	4	945
0.607902	2	1	5	945
0.608002	2	1	4	945
0.608002	2	1	5	945
0.608102	2	1	4	945
0.608102	2	1	5	945
0.608202	2	1	4	945
0.608202	2	1	5	945
0.608302	2	1	4	945
0.608302	2	1	5	945
0.608402	2	1	4	945
0.608402	2	1	5	945
0.608502	2	1	4	945
0.608502	2	1	5	945
0.608602	2	1	4	945
0.608602	2	1	5	945
0.608702	2	1	4	945
0.608702	2	1	5	945
0.608802	2	1	4	945
0.608802	2	1	5	945
0.608902	2	1	4	945
0.608902	2	1	5	945
0.609002	2	1	4	945
0.609002	2	1	5	945
0.609102	2	1	4	945
0.609102	2	1	5	945
0.609202	2	1	4	945
0.609202	2	1	5	945
0.609302	2	1	4	945
0.609302	2	1	5	945
0.609402	2	1	4	945
0.609402	2	1	5	945
0.609502	2	1	4	945
0.609502	2	1	5	945
0.609602	2	1	4	945
0.609602	2	1	5	945
0.609702	2	1	4	945
0.609702	2	1	5	945
0.609802	2	1	4	945
0.609802	2	1	5	945
0.609902	2	1	4	945
0.609902	2	1	5	945
0.610002	2	1	4	945
0.610002	2	1	5	945
0.610102	2	1	4	945
0.610102	2	1	5	945
0.610202	2	1	4	945
0.610202	2	1	5	945
0.610302	2	1	4	945
0.610302	2	1	5	945
0.610402	2	1	4	945
0.610402	2	1	5	945
0.610502	2	1	4	945
0.610502	2	1	5	945
0.610602	2	1	4	945
0.610602	2	1	5	945
0.610702	2	1	4	945
0.610702	2	1	5	945
0.610802	2	1	4	945
0.610802	2	1	5	945
0.610902	2	1	4	945
0.610902	2	1	5	945
0.611002	2	1	4	945
0.611002	2	1	5	945
0.611102	2	1	4	945
0.611102	2	1	5	945
0.611202	2	1	4	945
0.611202	2	1	5	945
0.611302	2	1	4	945
0.611302	2	1	5	945
0.611402	2	1	4	945
0.611402	2	1	5	945
0.611502	2	1	4	945
0.611502	2	1	5	945
0.611602	2	1	4	945
0.611602	2	1	5	945
0.611702	2	1	4	945
0.611702	2	1	5	945
0.611802	2	1	4	945
0.611802	2	1	5	945
0.611902	2	1	4	945
0.611902	2	1	5	945
0.612002	2	1	4	945
0.612002	2	1	5	945
0.612102	2	1	4	945
0.612102	2	1	5	945
0.612202	2	1	4	945
0.612202	2	1	5	945
0.612302	2	1	4	945
0.612302	2	1	5	945
0.612402	2	1	4	945
0.612402	2	1	5	945
0.612502	2	1	4	945
0.612502	2	1	5	945
0.612602	2	1	4	945
0.612602	2	1	5	945
0.612702	2	1	4	945
0.612702	2	1	5	945
0.612802	2	1	4	945
0.612802	2	1	5	945
0.612902	2	1	4	945
0.612902	2	1	5	945
0.613002	2	1	4	945
0.613002	2	1	5	945
0.613102	2	1	4	945
0.613102	2	1	5	945
0.613202	2	1	4	945
0.613202	2	1	5	945
0.613302	2	1	4	945
0.613302	2	1	5	945
0.613402	2	1	4	945
0.613402	2	1	5	945
0.613502	2	1	4	945
0.613502	2	1	5	945
0.613602	2	1	4	945
0.613602	2	1	5	945
0.613702	2	1	4	945
0.613702	2	1	5	945
0.613802	2	1	4	945
0.613802	2	1	5	945
0.613902	2	1	4	945
0.613902	2	1	5	945
0.614002	2	1	4	945
0.614002	2	1	5	945
0.614102	2	1	4	945
0.614102	2	1	5	945
0.614202	2	1	4	945
0.614202	2	1	5	945
0.614302	2	1	4	945
0.614302	2	1	5	945
0.614402	2	1	4	945
0.614402	2	1	5	945
0.614502	2	1	4	945
0.614502	2	1	5	945
0.614602	2	1	4	945
0.614602	2	1	5	945
0.614702	2	1	4	945
0.614702	2	1	5	945
0.614802	2	1	4	945
0.614802	2	1	5	945
0.614902	2	1	4	945
0.614902	2	1	5	945
0.615002	2	1	4	945
0.615002	2	1	5	945
0.615102	2	1	4	945
0.615102	2	1	5	945
0.615202	2	1	4	945
0.615202	2	1	5	945
0.615302	2	1	4	945
0.615302	2	1	5	945
0.615402	2	1	4	945
0.615402	2	1	5	945
0.615502	2	1	4	945
0.615502	2	1	5	945
0.615602	2	1	4	945
0.615602	2	1	5	945
0.615702	2	1	4	945
0.615702	2	1	5	945
0.615802	2	1	4	945
0.615802	2	1	5	945
0.615902	2	1	4	945
0.615902	2	1	5	945
0.616002	2	1	4	945
0.616002	2	1	5	945
0.616102	2	1	4	945
0.616102	2	1	5	945
0.616202	2	1	4	945
0.616202	2	1	5	945
0.616302	2	1	4	945
0.616302	2	1	5	945
0.616402	2	1	4	945
0.616402	2	1	5	945
0.616502	2	1	4	945
0.616502	2	1	5	945
0.616602	2	1	4	945
0.616602	2	1	5	945
0.616702	2	1	4	945
0.616702	2	1	5	945
0.616802	2	1	4	945
0.616802	2	1	5	945
0.616902	2	1	4	945
0.616902	2	1	5	945
0.617002	2	1	4	945
0.617002	2	1	5	945
0.617102	2	1	4	945
0.617102	2	1	5	945
0.617202	2	1	4	945
0.617202	2	1	5	945
0.617302	2	1	4	945
0.617302	2	1	5	945
0.617402	2	1	4	945
0.617402	2	1	5	945
0.617502	2	1	4	945
0.617502	2	1	5	945
0.617602	2	1	4	945
0.617602	2	1	5	945
0.617702	2	1	4	945
0.617702	2	1	5	945
0.617802	2	1	4	945
0.617802	2	1	5	945
0.617902	2	1	4	945
0.617902	2	1	5	945
0.618002	2	1	4	945
0.618002	2	1	5	945
0.618102	2	1	4	945
0.618102	2	1	5	945
0.618202	2	1	4	945
0.618202	2	1	5	945
0.618302	2	1	4	945
0.618302	2	1	5	945
0.618402	2	1	4	945
0.618402	2	1	5	945
0.618502	2	1	4	945
0.618502	2	1	5	945
0.618602	2	1	4	945
0.618602	2	1	5	945
0.618702	2	1	4	945
0.618702	2	1	5	945
0.618802	2	1	4	945
0.618802	2	1	5	945
0.618902	2	1	4	945
0.618902	2	1	5	945
0.619002	2	1	4	945
0.619002	2	1	5	945
0.619102	2	1	4	945
0.619102	2	1	5	945
0.619202	2	1	4	945
0.619202	2	1	5	945
0.619302	2	1	4	945
0.619302	2	1	5	945
0.619402	2	1	4	945
0.619402	2	1	5	945
0.619502	2	1	4	945
0.619502	2	1	5	945
0.619602	2	1	4	945
0.619602	2	1	5	945
0.619702	2	1	4	945
0.619702	2	1	5	945
0.619802	2	1	4	945
0.619802	2	1	5	945
0.619902	2	1	4	945
0.619902	2	1	5	945
0.620002	2	1	4	945
0.620002	2	1	5	945
0.620102	2	1	4	945
0.620102	2	1	5	945
0.620202	2	1	4	945
0.620202	2	1	5	945
0.620302	2	1	4	945
0.620302	2	1	5	945
0.620402	2	1	4	945
0.620402	2	1	5	945
0.620502	2	1	4	945
0.620502	2	1	5	945
0.620602	2	1	4	945
0.620602	2	1	5	945
0.620702	2	1	4	945
0.620702	2	1	5	945
0.620802	2	1	4	945
0.620802	2	1	5	945
0.620902	2	1	4	945
0.620902	2	1	5	945
0.621002	2	1	4	945
0.621002	2	1	5	945
0.621102	2	1	4	945
0.621102	2	1	5	945
0.621202	2	1	4	945
0.621202	2	1	5	945
0.621302	2	1	4	945
0.621302	2	1	5	945
0.621402	2	1	4	945
0.621402	2	1	5	945
0.621502	2	1	4	945
0.621502	2	1	5	945
0.621602	2	1	4	945
0.621602	2	1	5	945
0.621702	2	1	4	945
0.621702	2	1	5	945
0.621802	2	1	4	945
0.621802	2	1	5	945
0.621902	2	1	4	945
0.621902	2	1	5	945
0.622002	2	1	4	945
0.622002	2	1	5	945
0.622102	2	1	4	945
0.622102	2	1	5	945
0.622202	2	1	4	945
0.622202	2	1	5	945
0.622302	2	1	4	945
0.622302	2	1	5	945
0.622402	2	1	4	945
0.622402	2	1	5	945
0.622502	2	1	4	945
0.622502	2	1	5	945
0.622602	2	1	4	945
0.622602	2	1	5	945
0.622702	2	1	4	945
0.622702	2	1	5	945
0.622802	2	1	4	945
0.622802	2	1	5	945
0.622902	2	1	4	945
0.622902	2	1	5	945
0.623002	2	1	4	945
0.623002	2	1	5	945
0.623102	2	1	4	945
0.623102	2	1	5	945
0.623202	2	1	4	945
0.623202	2	1	5	945
0.623302	2	1	4	945
0.623302	2	1	5	945
0.623402	2	1	4	945
0.623402	2	1	5	945
0.623502	2	1	4	945
0.623502	2	1	5	945
0.623602	2	1	4	945
0.623602	2	1	5	945
0.623702	2	1	4	945
0.623702	2	1	5	945
0.623802	2	1	4	945
0.623802	2	1	5	945
0.623902	2	1	4	945
0.623902	2	1	5	945
0.624002	2	1	4	945
0.624002	2	1	5	945
0.624102	2	1	4	945
0.624102	2	1	5	945
0.624202	2	1	4	945
0.624202	2	1	5	945
0.624302	2	1	4	945
0.624302	2	1	5	945
0.624402	2	1	4	945
0.624402	2	1	5	945
0.624502	2	1	4	945
0.624502	2	1	5	945
0.624602	2	1	4	945
0.624602	2	1	5	945
0.624702	2	1	4	945
0.624702	2	1	5	945
0.624802	2	1	4	945
0.624802	2	1	5	945
0.624902	2	1	4	945
0.624902	2	1	5	945
0.625002	2	1	4	945
0.625002	2	1	5	945
0.625102	2	1	4	945
0.625102	2	1	5	945
0.625202	2	1	4	945
0.625202	2	1	5	945
0.625302	2	1	4	945
0.625302	2	1	5	945
0.625402	2	1	4	945
0.625402	2	1	5	945
0.625502	2	1	4	945
0.625502	2	1	5	945
0.625602	2	1	4	945
0.625602	2	1	5	945
0.625702	2	1	4	945
0.625702	2	1	5	945
0.625802	2	1	4	945
0.625802	2	1	5	945
0.625902	2	1	4	945
0.625902	2	1	5	945
0.626002	2	1	4	945
0.626002	2	1	5	945
0.626102	2	1	4	945
0.626102	2	1	5	945
0.626202	2	1	4	945
0.626202	2	1	5	945
0.626302	2	1	4	945
0.626302	2	1	5	945
0.626402	2	1	4	945
0.626402	2	1	5	945
0.626502	2	1	4	945
0.626502	2	1	5	945
0.626602	2	1	4	945
0.626602	2	1	5	945
0.626702	2	1	4	945
0.626702	2	1	5	945
0.626802	2	1	4	945
0.626802	2	1	5	945
0.626902	2	1	4	945
0.626902	2	1	5	945
0.627002	2	1	4	945
0.627002	2	1	5	945
0.627102	2	1	4	945
0.627102	2	1	5	945
0.627202	2	1	4	945
0.627202	2	1	5	945
0.627302	2	1	4	945
0.627302	2	1	5	945
0.627402	2	1	4	945
0.627402	2	1	5	945
0.627502	2	1	4	945
0.627502	2	1	5	945
0.627602	2	1	4	945
0.627602	2	1	5	945
0.627702	2	1	4	945
0.627702	2	1	5	945
0.627802	2	1	4	945
0.627802	2	1	5	945
0.627902	2	1	4	945
0.627902	2	1	5	945
0.628002	2	1	4	945
0.628002	2	1	5	945
0.628102	2	1	4	945
0.628102	2	1	5	945
0.628202	2	1	4	945
0.628202	2	1	5	945
0.628302	2	1	4	945
0.628302	2	1	5	945
0.628402	2	1	4	945
0.628402	2	1	5	945
0.628502	2	1	4	945
0.628502	2	1	5	945
0.628602	2	1	4	945
0.628602	2	1	5	945
0.628702	2	1	4	945
0.628702	2	1	5	945
0.628802	2	1	4	945
0.628802	2	1	5	945
0.628902	2	1	4	945
0.628902	2	1	5	945
0.629002	2	1	4	945
0.629002	2	1	5	945
0.629102	2	1	4	945
0.629102	2	1	5	945
0.629202	2	1	4	945
0.629202	2	1	5	945
0.629302	2	1	4	945
0.629302	2	1	5	945
0.629402	2	1	4	945
0.629402	2	1	5	945
0.629502	2	1	4	945
0.629502	2	1	5	945
0.629602	2	1	4	945
0.629602	2	1	5	945
0.629702	2	1	4	945
0.629702	2	1	5	945
0.629802	2	1	4	945
0.629802	2	1	5	945
0.629902	2	1	4	945
0.629902	2	1	5	945
0.630002	2	1	4	945
0.630002	2	1	5	945
0.630102	2	1	4	945
0.630102	2	1	5	945
0.630202	2	1	4	945
0.630202	2	1	5	945
0.630302	2	1	4	945
0.630302	2	1	5	945
0.630402	2	1	4	945
0.630402	2	1	5	945
0.630502	2	1	4	945
0.630502	2	1	5	945
0.630602	2	1	4	945
0.630602	2	1	5	945
0.630702	2	1	4	945
0.630702	2	1	5	945
0.630802	2	1	4	945
0.630802	2	1	5	945
0.630902	2	1	4	945
0.630902	2	1	5	945
0.631002	2	1	4	945
0.631002	2	1	5	945
0.631102	2	1	4	945
0.631102	2	1	5	945
0.631202	2	1	4	945
0.631202	2	1	5	945
0.631302	2	1	4	945
0.631302	2	1	5	945
0.631402	2	1	4	945
0.631402	2	1	5	945
0.631502	2	1	4	945
0.631502	2	1	5	945
0.631602	2	1	4	945
0.631602	2	1	5	945
0.631702	2	1	4	945
0.631702	2	1	5	945
0.631802	2	1	4	945
0.631802	2	1	5	945
0.631902	2	1	4	945
0.631902	2	1	5	945
0.632002	2	1	4	945
0.632002	2	1	5	945
0.632102	2	1	4	945
0.632102	2	1	5	945
0.632202	2	1	4	945
0.632202	2	1	5	945
0.632302	2	1	4	945
0.632302	2	1	5	945
0.632402	2	1	4	945
0.632402	2	1	5	945
0.632502	2	1	4	945
0.632502	2	1	5	945
0.632602	2	1	4	945
0.632602	2	1	5	945
0.632702	2	1	4	945
0.632702	2	1	5	945
0.632802	2	1	4	945
0.632802	2	1	5	945
0.632902	2	1	4	945
0.632902	2	1	5	945
0.633002	2	1	4	945
0.633002	2	1	5	945
0.633102	2	1	4	945
0.633102	2	1	5	945
0.633202	2	1	4	945
0.633202	2	1	5	945
0.633302	2	1	4	945
0.633302	2	1	5	945
0.633402	2	1	4	945
0.633402	2	1	5	945
0.633502	2	1	4	945
0.633502	2	1	5	945
0.633602	2	1	4	945
0.633602	2	1	5	945
0.633702	2	1	4	945
0.633702	2	1	5	945
0.633802	2	1	4	945
0.633802	2	1	5	945
0.633902	2	1	4	945
0.633902	2	1	5	945
0.634002	2	1	4	945
0.634002	2	1	5	945
0.634102	2	1	4	945
0.634102	2	1	5	945
0.634202	2	1	4	945
0.634202	2	1	5	945
0.634302	2	1	4	945
0.634302	2	1	5	945
0.634402	2	1	4	945
0.634402	2	1	5	945
0.634502	2	1	4	945
0.634502	2	1	5	945
0.634602	2	1	4	945
0.634602	2	1	5	945
0.634702	2	1	4	945
0.634702	2	1	5	945
0.634802	2	1	4	945
0.634802	2	1	5	945
0.634902	2	1	4	945
0.634902	2	1	5	945
0.635002	2	1	4	945
0.635002	2	1	5	945
0.635102	2	1	4	945
0.635102	2	1	5	945
0.635202	2	1	4	945
0.635202	2	1	5	945
0.635302	2	1	4	945
0.635302	2	1	5	945
0.635402	2	1	4	945
0.635402	2	1	5	945
0.635502	2	1	4	945
0.635502	2	1	5	945
0.635602	2	1	4	945
0.635602	2	1	5	945
0.635702	2	1	4	945
0.635702	2	1	5	945
0.635802	2	1	4	945
0.635802	2	1	5	945
0.635902	2	1	4	945
0.635902	2	1	5	945
0.636002	2	1	4	945
0.636002	2	1	5	945
0.636102	2	1	4	945
0.636102	2	1	5	945
0.636202	2	1	4	945
0.636202	2	1	5	945
0.636302	2	1	4	945
0.636302	2	1	5	945
0.636402	2	1	4	945
0.636402	2	1	5	945
0.636502	2	1	4	945
0.636502	2	1	5	945
0.636602	2	1	4	945
0.636602	2	1	5	945
0.636702	2	1	4	945
0.636702	2	1	5	945
0.636802	2	1	4	945
0.636802	2	1	5	945
0.636902	2	1	4	945
0.636902	2	1	5	945
0.637002	2	1	4	945
0.637002	2	1	5	945
0.637102	2	1	4	945
0.637102	2	1	5	945
0.637202	2	1	4	945
0.637202	2	1	5	945
0.637302	2	1	4	945
0.637302	2	1	5	945
0.637402	2	1	4	945
0.637402	2	1	5	945
0.637502	2	1	4	945
0.637502	2	1	5	945
0.637602	2	1	4	945
0.637602	2	1	5	945
0.637702	2	1	4	945
0.637702	2	1	5	945
0.637802	2	1	4	945
0.637802	2	1	5	945
0.637902	2	1	4	945
0.637902	2	1	5	945
0.638002	2	1	4	945
0.638002	2	1	5	945
0.638102	2	1	4	945
0.638102	2	1	5	945
0.638202	2	1	4	945
0.638202	2	1	5	945
0.638302	2	1	4	945
0.638302	2	1	5	945
0.638402	2	1	4	945
0.638402	2	1	5	945
0.638502	2	1	4	945
0.638502	2	1	5	945
0.638602	2	1	4	945
0.638602	2	1	5	945
0.638702	2	1	4	945
0.638702	2	1	5	945
0.638802	2	1	4	945
0.638802	2	1	5	945
0.638902	2	1	4	945
0.638902	2	1	5	945
0.639002	2	1	4	945
0.639002	2	1	5	945
0.639102	2	1	4	945
0.639102	2	1	5	945
0.639202	2	1	4	945
0.639202	2	1	5	945
0.639302	2	1	4	945
0.639302	2	1	5	945
0.639402	2	1	4	945
0.639402	2	1	5	945
0.639502	2	1	4	945
0.639502	2	1	5	945
0.639602	2	1	4	945
0.639602	2	1	5	945
0.639702	2	1	4	945
0.639702	2	1	5	945
0.639802	2	1	4	945
0.639802	2	1	5	945
0.639902	2	1	4	945
0.639902	2	1	5	945
0.640002	2	1	4	945
0.640002	2	1	5	945
0.640102	2	1	4	945
0.640102	2	1	5	945
0.640202	2	1	4	945
0.640202	2	1	5	945
0.640302	2	1	4	945
0.640302	2	1	5	945
0.640402	2	1	4	945
0.640402	2	1	5	945
0.640502	2	1	4	945
0.640502	2	1	5	945
0.640602	2	1	4	945
0.640602	2	1	5	945
0.640702	2	1	4	945
0.640702	2	1	5	945
0.640802	2	1	4	945
0.640802	2	1	5	945
0.640902	2	1	4	945
0.640902	2	1	5	945
0.641002	2	1	4	945
0.641002	2	1	5	945
0.641102	2	1	4	945
0.641102	2	1	5	945
0.641202	2	1	4	945
0.641202	2	1	5	945
0.641302	2	1	4	945
0.641302	2	1	5	945
0.641402	2	1	4	945
0.641402	2	1	5	945
0.641502	2	1	4	945
0.641502	2	1	5	945
0.641602	2	1	4	945
0.641602	2	1	5	945
0.641702	2	1	4	945
0.641702	2	1	5	945
0.641802	2	1	4	945
0.641802	2	1	5	945
0.641902	2	1	4	945
0.641902	2	1	5	945
0.642002	2	1	4	945
0.642002	2	1	5	945
0.642102	2	1	4	945
0.642102	2	1	5	945
0.642202	2	1	4	945
0.642202	2	1	5	945
0.642302	2	1	4	945
0.642302	2	1	5	945
0.642402	2	1	4	945
0.642402	2	1	5	945
0.642502	2	1	4	945
0.642502	2	1	5	945
0.642602	2	1	4	945
0.642602	2	1	5	945
0.642702	2	1	4	945
0.642702	2	1	5	945
0.642802	2	1	4	945
0.642802	2	1	5	945
0.642902	2	1	4	945
0.642902	2	1	5	945
0.643002	2	1	4	945
0.643002	2	1	5	945
0.643102	2	1	4	945
0.643102	2	1	5	945
0.643202	2	1	4	945
0.643202	2	1	5	945
0.643302	2	1	4	945
0.643302	2	1	5	945
0.643402	2	1	4	945
0.643402	2	1	5	945
0.643502	2	1	4	945
0.643502	2	1	5	945
0.643602	2	1	4	945
0.643602	2	1	5	945
0.643702	2	1	4	945
0.643702	2	1	5	945
0.643802	2	1	4	945
0.643802	2	1	5	945
0.643902	2	1	4	945
0.643902	2	1	5	945
0.644002	2	1	4	945
0.644002	2	1	5	945
0.644102	2	1	4	945
0.644102	2	1	5	945
0.644202	2	1	4	945
0.644202	2	1	5	945
0.644302	2	1	4	945
0.644302	2	1	5	945
0.644402	2	1	4	945
0.644402	2	1	5	945
0.644502	2	1	4	945
0.644502	2	1	5	945
0.644602	2	1	4	945
0.644602	2	1	5	945
0.644702	2	1	4	945
0.644702	2	1	5	945
0.644802	2	1	4	945
0.644802	2	1	5	945
0.644902	2	1	4	945
0.644902	2	1	5	945
0.645002	2	1	4	945
0.645002	2	1	5	945
0.645102	2	1	4	945
0.645102	2	1	5	945
0.645202	2	1	4	945
0.645202	2	1	5	945
0.645302	2	1	4	945
0.645302	2	1	5	945
0.645402	2	1	4	945
0.645402	2	1	5	945
0.645502	2	1	4	945
0.645502	2	1	5	945
0.645602	2	1	4	945
0.645602	2	1	5	945
0.645702	2	1	4	945
0.645702	2	1	5	945
0.645802	2	1	4	945
0.645802	2	1	5	945
0.645902	2	1	4	945
0.645902	2	1	5	945
0.646002	2	1	4	945
0.646002	2	1	5	945
0.646102	2	1	4	945
0.646102	2	1	5	945
0.646202	2	1	4	945
0.646202	2	1	5	945
0.646302	2	1	4	945
0.646302	2	1	5	945
0.646402	2	1	4	945
0.646402	2	1	5	945
0.646502	2	1	4	945
0.646502	2	1	5	945
0.646602	2	1	4	945
0.646602	2	1	5	945
0.646702	2	1	4	945
0.646702	2	1	5	945
0.646802	2	1	4	945
0.646802	2	1	5	945
0.646902	2	1	4	945
0.646902	2	1	5	945
0.647002	2	1	4	945
0.647002	2	1	5	945
0.647102	2	1	4	945
0.647102	2	1	5	945
0.647202	2	1	4	945
0.647202	2	1	5	945
0.647302	2	1	4	945
0.647302	2	1	5	945
0.647402	2	1	4	945
0.647402	2	1	5	945
0.647502	2	1	4	945
0.647502	2	1	5	945
0.647602	2	1	4	945
0.647602	2	1	5	945
0.647702	2	1	4	945
0.647702	2	1	5	945
0.647802	2	1	4	945
0.647802	2	1	5	945
0.647902	2	1	4	945
0.647902	2	1	5	945
0.648002	2	1	4	945
0.648002	2	1	5	945
0.648102	2	1	4	945
0.648102	2	1	5	945
0.648202	2	1	4	945
0.648202	2	1	5	945
0.648302	2	1	4	945
0.648302	2	1	5	945
0.648402	2	1	4	945
0.648402	2	1	5	945
0.648502	2	1	4	945
0.648502	2	1	5	945
0.648602	2	1	4	945
0.648602	2	1	5	945
0.648702	2	1	4	945
0.648702	2	1	5	945
0.648802	2	1	4	945
0.648802	2	1	5	945
0.648902	2	1	4	945
0.648902	2	1	5	945
0.649002	2	1	4	945
0.649002	2	1	5	945
0.649102	2	1	4	945
0.649102	2	1	5	945
0.649202	2	1	4	945
0.649202	2	1	5	945
0.649302	2	1	4	945
0.649302	2	1	5	945
0.649402	2	1	4	945
0.649402	2	1	5	945
0.649502	2	1	4	945
0.649502	2	1	5	945
0.649602	2	1	4	945
0.649602	2	1	5	945
0.649702	2	1	4	945
0.649702	2	1	5	945
0.649802	2	1	4	945
0.649802	2	1	5	945
0.649902	2	1	4	945
0.649902	2	1	5	945
0.650002	2	1	4	945
0.650002	2	1	5	945
0.650102	2	1	4	945
0.650102	2	1	5	945
0.650202	2	1	4	945
0.650202	2	1	5	945
0.650302	2	1	4	945
0.650302	2	1	5	945
0.650402	2	1	4	945
0.650402	2	1	5	945
0.650502	2	1	4	945
0.650502	2	1	5	945
0.650602	2	1	4	945
0.650602	2	1	5	945
0.650702	2	1	4	945
0.650702	2	1	5	945
0.650802	2	1	4	945
0.650802	2	1	5	945
0.650902	2	1	4	945
0.650902	2	1	5	945
0.651002	2	1	4	945
0.651002	2	1	5	945
0.651102	2	1	4	945
0.651102	2	1	5	945
0.651202	2	1	4	945
0.651202	2	1	5	945
0.651302	2	1	4	945
0.651302	2	1	5	945
0.651402	2	1	4	945
0.651402	2	1	5	945
0.651502	2	1	4	945
0.651502	2	1	5	945
0.651602	2	1	4	945
0.651602	2	1	5	945
0.651702	2	1	4	945
0.651702	2	1	5	945
0.651802	2	1	4	945
0.651802	2	1	5	945
0.651902	2	1	4	945
0.651902	2	1	5	945
0.652002	2	1	4	945
0.652002	2	1	5	945
0.652102	2	1	4	945
0.652102	2	1	5	945
0.652202	2	1	4	945
0.652202	2	1	5	945
0.652302	2	1	4	945
0.652302	2	1	5	945
0.652402	2	1	4	945
0.652402	2	1	5	945
0.652502	2	1	4	945
0.652502	2	1	5	945
0.652602	2	1	4	945
0.652602	2	1	5	945
0.652702	2	1	4	945
0.652702	2	1	5	945
0.652802	2	1	4	945
0.652802	2	1	5	945
0.652902	2	1	4	945
0.652902	2	1	5	945
0.653002	2	1	4	945
0.653002	2	1	5	945
0.653102	2	1	4	945
0.653102	2	1	5	945
0.653202	2	1	4	945
0.653202	2	1	5	945
0.653302	2	1	4	945
0.653302	2	1	5	945
0.653402	2	1	4	945
0.653402	2	1	5	945
0.653502	2	1	4	945
0.653502	2	1	5	945
0.653602	2	1	4	945
0.653602	2	1	5	945
0.653702	2	1	4	945
0.653702	2	1	5	945
0.653802	2	1	4	945
0.653802	2	1	5	945
0.653902	2	1	4	945
0.653902	2	1	5	945
0.654002	2	1	4	945
0.654002	2	1	5	945
0.654102	2	1	4	945
0.654102	2	1	5	945
0.654202	2	1	4	945
0.654202	2	1	5	945
0.654302	2	1	4	945
0.654302	2	1	5	945
0.654402	2	1	4	945
0.654402	2	1	5	945
0.654502	2	1	4	945
0.654502	2	1	5	945
0.654602	2	1	4	945
0.654602	2	1	5	945
0.654702	2	1	4	945
0.654702	2	1	5	945
0.654802	2	1	4	945
0.654802	2	1	5	945
0.654902	2	1	4	945
0.654902	2	1	5	945
0.655002	2	1	4	945
0.655002	2	1	5	945
0.655102	2	1	4	945
0.655102	2	1	5	945
0.655202	2	1	4	945
0.655202	2	1	5	945
0.655302	2	1	4	945
0.655302	2	1	5	945
0.655402	2	1	4	945
0.655402	2	1	5	945
0.655502	2	1	4	945
0.655502	2	1	5	945
0.655602	2	1	4	945
0.655602	2	1	5	945
0.655702	2	1	4	945
0.655702	2	1	5	945
0.655802	2	1	4	945
0.655802	2	1	5	945
0.655902	2	1	4	945
0.655902	2	1	5	945
0.656002	2	1	4	945
0.656002	2	1	5	945
0.656102	2	1	4	945
0.656102	2	1	5	945
0.656202	2	1	4	945
0.656202	2	1	5	945
0.656302	2	1	4	945
0.656302	2	1	5	945
0.656402	2	1	4	945
0.656402	2	1	5	945
0.656502	2	1	4	945
0.656502	2	1	5	945
0.656602	2	1	4	945
0.656602	2	1	5	945
0.656702	2	1	4	945
0.656702	2	1	5	945
0.656802	2	1	4	945
0.656802	2	1	5	945
0.656902	2	1	4	945
0.656902	2	1	5	945
0.657002	2	1	4	945
0.657002	2	1	5	945
0.657102	2	1	4	945
0.657102	2	1	5	945
0.657202	2	1	4	945
0.657202	2	1	5	945
0.657302	2	1	4	945
0.657302	2	1	5	945
0.657402	2	1	4	945
0.657402	2	1	5	945
0.657502	2	1	4	945
0.657502	2	1	5	945
0.657602	2	1	4	945
0.657602	2	1	5	945
0.657702	2	1	4	945
0.657702	2	1	5	945
0.657802	2	1	4	945
0.657802	2	1	5	945
0.657902	2	1	4	945
0.657902	2	1	5	945
0.658002	2	1	4	945
0.658002	2	1	5	945
0.658102	2	1	4	945
0.658102	2	1	5	945
0.658202	2	1	4	945
0.658202	2	1	5	945
0.658302	2	1	4	945
0.658302	2	1	5	945
0.658402	2	1	4	945
0.658402	2	1	5	945
0.658502	2	1	4	945
0.658502	2	1	5	945
0.658602	2	1	4	945
0.658602	2	1	5	945
0.658702	2	1	4	945
0.658702	2	1	5	945
0.658802	2	1	4	945
0.658802	2	1	5	945
0.658902	2	1	4	945
0.658902	2	1	5	945
0.659002	2	1	4	945
0.659002	2	1	5	945
0.659102	2	1	4	945
0.659102	2	1	5	945
0.659202	2	1	4	945
0.659202	2	1	5	945
0.659302	2	1	4	945
0.659302	2	1	5	945
0.659402	2	1	4	945
0.659402	2	1	5	945
0.659502	2	1	4	945
0.659502	2	1	5	945
0.659602	2	1	4	945
0.659602	2	1	5	945
0.659702	2	1	4	945
0.659702	2	1	5	945
0.659802	2	1	4	945
0.659802	2	1	5	945
0.659902	2	1	4	945
0.659902	2	1	5	945
0.660002	2	1	4	945
0.660002	2	1	5	945
0.660102	2	1	4	945
0.660102	2	1	5	945
0.660202	2	1	4	945
0.660202	2	1	5	945
0.660302	2	1	4	945
0.660302	2	1	5	945
0.660402	2	1	4	945
0.660402	2	1	5	945
0.660502	2	1	4	945
0.660502	2	1	5	945
0.660602	2	1	4	945
0.660602	2	1	5	945
0.660702	2	1	4	945
0.660702	2	1	5	945
0.660802	2	1	4	945
0.660802	2	1	5	945
0.660902	2	1	4	945
0.660902	2	1	5	945
0.661002	2	1	4	945
0.661002	2	1	5	945
0.661102	2	1	4	945
0.661102	2	1	5	945
0.661202	2	1	4	945
0.661202	2	1	5	945
0.661302	2	1	4	945
0.661302	2	1	5	945
0.661402	2	1	4	945
0.661402	2	1	5	945
0.661502	2	1	4	945
0.661502	2	1	5	945
0.661602	2	1	4	945
0.661602	2	1	5	945
0.661702	2	1	4	945
0.661702	2	1	5	945
0.661802	2	1	4	945
0.661802	2	1	5	945
0.661902	2	1	4	945
0.661902	2	1	5	945
0.662002	2	1	4	945
0.662002	2	1	5	945
0.662102	2	1	4	945
0.662102	2	1	5	945
0.662202	2	1	4	945
0.662202	2	1	5	945
0.662302	2	1	4	945
0.662302	2	1	5	945
0.662402	2	1	4	945
0.662402	2	1	5	945
0.662502	2	1	4	945
0.662502	2	1	5	945
0.662602	2	1	4	945
0.662602	2	1	5	945
0.662702	2	1	4	945
0.662702	2	1	5	945
0.662802	2	1	4	945
0.662802	2	1	5	945
0.662902	2	1	4	945
0.662902	2	1	5	945
0.663002	2	1	4	945
0.663002	2	1	5	945
0.663102	2	1	4	945
0.663102	2	1	5	945
0.663202	2	1	4	945
0.663202	2	1	5	945
0.663302	2	1	4	945
0.663302	2	1	5	945
0.663402	2	1	4	945
0.663402	2	1	5	945
0.663502	2	1	4	945
0.663502	2	1	5	945
0.663602	2	1	4	945
0.663602	2	1	5	945
0.663702	2	1	4	945
0.663702	2	1	5	945
0.663802	2	1	4	945
0.663802	2	1	5	945
0.663902	2	1	4	945
0.663902	2	1	5	945
0.664002	2	1	4	945
0.664002	2	1	5	945
0.664102	2	1	4	945
0.664102	2	1	5	945
0.664202	2	1	4	945
0.664202	2	1	5	945
0.664302	2	1	4	945
0.664302	2	1	5	945
0.664402	2	1	4	945
0.664402	2	1	5	945
0.664502	2	1	4	945
0.664502	2	1	5	945
0.664602	2	1	4	945
0.664602	2	1	5	945
0.664702	2	1	4	945
0.664702	2	1	5	945
0.664802	2	1	4	945
0.664802	2	1	5	945
0.664902	2	1	4	945
0.664902	2	1	5	945
0.665002	2	1	4	945
0.665002	2	1	5	945
0.665102	2	1	4	945
0.665102	2	1	5	945
0.665202	2	1	4	945
0.665202	2	1	5	945
0.665302	2	1	4	945
0.665302	2	1	5	945
0.665402	2	1	4	945
0.665402	2	1	5	945
0.665502	2	1	4	945
0.665502	2	1	5	945
0.665602	2	1	4	945
0.665602	2	1	5	945
0.665702	2	1	4	945
0.665702	2	1	5	945
0.665802	2	1	4	945
0.665802	2	1	5	945
0.665902	2	1	4	945
0.665902	2	1	5	945
0.666002	2	1	4	945
0.666002	2	1	5	945
0.666102	2	1	4	945
0.666102	2	1	5	945
0.666202	2	1	4	945
0.666202	2	1	5	945
0.666302	2	1	4	945
0.666302	2	1	5	945
0.666402	2	1	4	945
0.666402	2	1	5	945
0.666502	2	1	4	945
0.666502	2	1	5	945
0.666602	2	1	4	945
0.666602	2	1	5	945
0.666702	2	1	4	945
0.666702	2	1	5	945
0.666802	2	1	4	945
0.666802	2	1	5	945
0.666902	2	1	4	945
0.666902	2	1	5	945
0.667002	2	1	4	945
0.667002	2	1	5	945
0.667102	2	1	4	945
0.667102	2	1	5	945
0.667202	2	1	4	945
0.667202	2	1	5	945
0.667302	2	1	4	945
0.667302	2	1	5	945
0.667402	2	1	4	945
0.667402	2	1	5	945
0.667502	2	1	4	945
0.667502	2	1	5	945
0.667602	2	1	4	945
0.667602	2	1	5	945
0.667702	2	1	4	945
0.667702	2	1	5	945
0.667802	2	1	4	945
0.667802	2	1	5	945
0.667902	2	1	4	945
0.667902	2	1	5	945
0.668002	2	1	4	945
0.668002	2	1	5	945
0.668102	2	1	4	945
0.668102	2	1	5	945
0.668202	2	1	4	945
0.668202	2	1	5	945
0.668302	2	1	4	945
0.668302	2	1	5	945
0.668402	2	1	4	945
0.668402	2	1	5	945
0.668502	2	1	4	945
0.668502	2	1	5	945
0.668602	2	1	4	945
0.668602	2	1	5	945
0.668702	2	1	4	945
0.668702	2	1	5	945
0.668802	2	1	4	945
0.668802	2	1	5	945
0.668902	2	1	4	945
0.668902	2	1	5	945
0.669002	2	1	4	945
0.669002	2	1	5	945
0.669102	2	1	4	945
0.669102	2	1	5	945
0.669202	2	1	4	945
0.669202	2	1	5	945
0.669302	2	1	4	945
0.669302	2	1	5	945
0.669402	2	1	4	945
0.669402	2	1	5	945
0.669502	2	1	4	945
0.669502	2	1	5	945
0.669602	2	1	4	945
0.669602	2	1	5	945
0.669702	2	1	4	945
0.669702	2	1	5	945
0.669802	2	1	4	945
0.669802	2	1	5	945
0.669902	2	1	4	945
0.669902	2	1	5	945
0.670002	2	1	4	945
0.670002	2	1	5	945
0.670102	2	1	4	945
0.670102	2	1	5	945
0.670202	2	1	4	945
0.670202	2	1	5	945
0.670302	2	1	4	945
0.670302	2	1	5	945
0.670402	2	1	4	945
0.670402	2	1	5	945
0.670502	2	1	4	945
0.670502	2	1	5	945
0.670602	2	1	4	945
0.670602	2	1	5	945
0.670702	2	1	4	945
0.670702	2	1	5	945
0.670802	2	1	4	945
0.670802	2	1	5	945
0.670902	2	1	4	945
0.670902	2	1	5	945
0.671002	2	1	4	945
0.671002	2	1	5	945
0.671102	2	1	4	945
0.671102	2	1	5	945
0.671202	2	1	4	945
0.671202	2	1	5	945
0.671302	2	1	4	945
0.671302	2	1	5	945
0.671402	2	1	4	945
0.671402	2	1	5	945
0.671502	2	1	4	945
0.671502	2	1	5	945
0.671602	2	1	4	945
0.671602	2	1	5	945
0.671702	2	1	4	945
0.671702	2	1	5	945
0.671802	2	1	4	945
0.671802	2	1	5	945
0.671902	2	1	4	945
0.671902	2	1	5	945
0.672002	2	1	4	945
0.672002	2	1	5	945
0.672102	2	1	4	945
0.672102	2	1	5	945
0.672202	2	1	4	945
0.672202	2	1	5	945
0.672302	2	1	4	945
0.672302	2	1	5	945
0.672402	2	1	4	945
0.672402	2	1	5	945
0.672502	2	1	4	945
0.672502	2	1	5	945
0.672602	2	1	4	945
0.672602	2	1	5	945
0.672702	2	1	4	945
0.672702	2	1	5	945
0.672802	2	1	4	945
0.672802	2	1	5	945
0.672902	2	1	4	945
0.672902	2	1	5	945
0.673002	2	1	4	945
0.673002	2	1	5	945
0.673102	2	1	4	945
0.673102	2	1	5	945
0.673202	2	1	4	945
0.673202	2	1	5	945
0.673302	2	1	4	945
0.673302	2	1	5	945
0.673402	2	1	4	945
0.673402	2	1	5	945
0.673502	2	1	4	945
0.673502	2	1	5	945
0.673602	2	1	4	945
0.673602	2	1	5	945
0.673702	2	1	4	945
0.673702	2	1	5	945
0.673802	2	1	4	945
0.673802	2	1	5	945
0.673902	2	1	4	945
0.673902	2	1	5	945
0.674002	2	1	4	945
0.674002	2	1	5	945
0.674102	2	1	4	945
0.674102	2	1	5	945
0.674202	2	1	4	945
0.674202	2	1	5	945
0.674302	2	1	4	945
0.674302	2	1	5	945
0.674402	2	1	4	945
0.674402	2	1	5	945
0.674502	2	1	4	945
0.674502	2	1	5	945
0.674602	2	1	4	945
0.674602	2	1	5	945
0.674702	2	1	4	945
0.674702	2	1	5	945
0.674802	2	1	4	945
0.674802	2	1	5	945
0.674902	2	1	4	945
0.674902	2	1	5	945
0.675002	2	1	4	945
0.675002	2	1	5	945
0.675102	2	1	4	945
0.675102	2	1	5	945
0.675202	2	1	4	945
0.675202	2	1	5	945
0.675302	2	1	4	945
0.675302	2	1	5	945
0.675402	2	1	4	945
0.675402	2	1	5	945
0.675502	2	1	4	945
0.675502	2	1	5	945
0.675602	2	1	4	945
0.675602	2	1	5	945
0.675702	2	1	4	945
0.675702	2	1	5	945
0.675802	2	1	4	945
0.675802	2	1	5	945
0.675902	2	1	4	945
0.675902	2	1	5	945
0.676002	2	1	4	945
0.676002	2	1	5	945
0.676102	2	1	4	945
0.676102	2	1	5	945
0.676202	2	1	4	945
0.676202	2	1	5	945
0.676302	2	1	4	945
0.676302	2	1	5	945
0.676402	2	1	4	945
0.676402	2	1	5	945
0.676502	2	1	4	945
0.676502	2	1	5	945
0.676602	2	1	4	945
0.676602	2	1	5	945
0.676702	2	1	4	945
0.676702	2	1	5	945
0.676802	2	1	4	945
0.676802	2	1	5	945
0.676902	2	1	4	945
0.676902	2	1	5	945
0.677002	2	1	4	945
0.677002	2	1	5	945
0.677102	2	1	4	945
0.677102	2	1	5	945
0.677202	2	1	4	945
0.677202	2	1	5	945
0.677302	2	1	4	945
0.677302	2	1	5	945
0.677402	2	1	4	945
0.677402	2	1	5	945
0.677502	2	1	4	945
0.677502	2	1	5	945
0.677602	2	1	4	945
0.677602	2	1	5	945
0.677702	2	1	4	945
0.677702	2	1	5	945
0.677802	2	1	4	945
0.677802	2	1	5	945
0.677902	2	1	4	945
0.677902	2	1	5	945
0.678002	2	1	4	945
0.678002	2	1	5	945
0.678102	2	1	4	945
0.678102	2	1	5	945
0.678202	2	1	4	945
0.678202	2	1	5	945
0.678302	2	1	4	945
0.678302	2	1	5	945
0.678402	2	1	4	945
0.678402	2	1	5	945
0.678502	2	1	4	945
0.678502	2	1	5	945
0.678602	2	1	4	945
0.678602	2	1	5	945
0.678702	2	1	4	945
0.678702	2	1	5	945
0.678802	2	1	4	945
0.678802	2	1	5	945
0.678902	2	1	4	945
0.678902	2	1	5	945
0.679002	2	1	4	945
0.679002	2	1	5	945
0.679102	2	1	4	945
0.679102	2	1	5	945
0.679202	2	1	4	945
0.679202	2	1	5	945
0.679302	2	1	4	945
0.679302	2	1	5	945
0.679402	2	1	4	945
0.679402	2	1	5	945
0.679502	2	1	4	945
0.679502	2	1	5	945
0.679602	2	1	4	945
0.679602	2	1	5	945
0.679702	2	1	4	945
0.679702	2	1	5	945
0.679802	2	1	4	945
0.679802	2	1	5	945
0.679902	2	1	4	945
0.679902	2	1	5	945
0.680002	2	1	4	945
0.680002	2	1	5	945
0.680102	2	1	4	945
0.680102	2	1	5	945
0.680202	2	1	4	945
0.680202	2	1	5	945
0.680302	2	1	4	945
0.680302	2	1	5	945
0.680402	2	1	4	945
0.680402	2	1	5	945
0.680502	2	1	4	945
0.680502	2	1	5	945
0.680602	2	1	4	945
0.680602	2	1	5	945
0.680702	2	1	4	945
0.680702	2	1	5	945
0.680802	2	1	4	945
0.680802	2	1	5	945
0.680902	2	1	4	945
0.680902	2	1	5	945
0.681002	2	1	4	945
0.681002	2	1	5	945
0.681102	2	1	4	945
0.681102	2	1	5	945
0.681202	2	1	4	945
0.681202	2	1	5	945
0.681302	2	1	4	945
0.681302	2	1	5	945
0.681402	2	1	4	945
0.681402	2	1	5	945
0.681502	2	1	4	945
0.681502	2	1	5	945
0.681602	2	1	4	945
0.681602	2	1	5	945
0.681702	2	1	4	945
0.681702	2	1	5	945
0.681802	2	1	4	945
0.681802	2	1	5	945
0.681902	2	1	4	945
0.681902	2	1	5	945
0.682002	2	1	4	945
0.682002	2	1	5	945
0.682102	2	1	4	945
0.682102	2	1	5	945
0.682202	2	1	4	945
0.682202	2	1	5	945
0.682302	2	1	4	945
0.682302	2	1	5	945
0.682402	2	1	4	945
0.682402	2	1	5	945
0.682502	2	1	4	945
0.682502	2	1	5	945
0.682602	2	1	4	945
0.682602	2	1	5	945
0.682702	2	1	4	945
0.682702	2	1	5	945
0.682802	2	1	4	945
0.682802	2	1	5	945
0.682902	2	1	4	945
0.682902	2	1	5	945
0.683002	2	1	4	945
0.683002	2	1	5	945
0.683102	2	1	4	945
0.683102	2	1	5	945
0.683202	2	1	4	945
0.683202	2	1	5	945
0.683302	2	1	4	945
0.683302	2	1	5	945
0.683402	2	1	4	945
0.683402	2	1	5	945
0.683502	2	1	4	945
0.683502	2	1	5	945
0.683602	2	1	4	945
0.683602	2	1	5	945
0.683702	2	1	4	945
0.683702	2	1	5	945
0.683802	2	1	4	945
0.683802	2	1	5	945
0.683902	2	1	4	945
0.683902	2	1	5	945
0.684002	2	1	4	945
0.684002	2	1	5	945
0.684102	2	1	4	945
0.684102	2	1	5	945
0.684202	2	1	4	945
0.684202	2	1	5	945
0.684302	2	1	4	945
0.684302	2	1	5	945
0.684402	2	1	4	945
0.684402	2	1	5	945
0.684502	2	1	4	945
0.684502	2	1	5	945
0.684602	2	1	4	945
0.684602	2	1	5	945
0.684702	2	1	4	945
0.684702	2	1	5	945
0.684802	2	1	4	945
0.684802	2	1	5	945
0.684902	2	1	4	945
0.684902	2	1	5	945
0.685002	2	1	4	945
0.685002	2	1	5	945
0.685102	2	1	4	945
0.685102	2	1	5	945
0.685202	2	1	4	945
0.685202	2	1	5	945
0.685302	2	1	4	945
0.685302	2	1	5	945
0.685402	2	1	4	945
0.685402	2	1	5	945
0.685502	2	1	4	945
0.685502	2	1	5	945
0.685602	2	1	4	945
0.685602	2	1	5	945
0.685702	2	1	4	945
0.685702	2	1	5	945
0.685802	2	1	4	945
0.685802	2	1	5	945
0.685902	2	1	4	945
0.685902	2	1	5	945
0.686002	2	1	4	945
0.686002	2	1	5	945
0.686102	2	1	4	945
0.686102	2	1	5	945
0.686202	2	1	4	945
0.686202	2	1	5	945
0.686302	2	1	4	945
0.686302	2	1	5	945
0.686402	2	1	4	945
0.686402	2	1	5	945
0.686502	2	1	4	945
0.686502	2	1	5	945
0.686602	2	1	4	945
0.686602	2	1	5	945
0.686702	2	1	4	945
0.686702	2	1	5	945
0.686802	2	1	4	945
0.686802	2	1	5	945
0.686902	2	1	4	945
0.686902	2	1	5	945
0.687002	2	1	4	945
0.687002	2	1	5	945
0.687102	2	1	4	945
0.687102	2	1	5	945
0.687202	2	1	4	945
0.687202	2	1	5	945
0.687302	2	1	4	945
0.687302	2	1	5	945
0.687402	2	1	4	945
0.687402	2	1	5	945
0.687502	2	1	4	945
0.687502	2	1	5	945
0.687602	2	1	4	945
0.687602	2	1	5	945
0.687702	2	1	4	945
0.687702	2	1	5	945
0.687802	2	1	4	945
0.687802	2	1	5	945
0.687902	2	1	4	945
0.687902	2	1	5	945
0.688002	2	1	4	945
0.688002	2	1	5	945
0.688102	2	1	4	945
0.688102	2	1	5	945
0.688202	2	1	4	945
0.688202	2	1	5	945
0.688302	2	1	4	945
0.688302	2	1	5	945
0.688402	2	1	4	945
0.688402	2	1	5	945
0.688502	2	1	4	945
0.688502	2	1	5	945
0.688602	2	1	4	945
0.688602	2	1	5	945
0.688702	2	1	4	945
0.688702	2	1	5	945
0.688802	2	1	4	945
0.688802	2	1	5	945
0.688902	2	1	4	945
0.688902	2	1	5	945
0.689002	2	1	4	945
0.689002	2	1	5	945
0.689102	2	1	4	945
0.689102	2	1	5	945
0.689202	2	1	4	945
0.689202	2	1	5	945
0.689302	2	1	4	945
0.689302	2	1	5	945
0.689402	2	1	4	945
0.689402	2	1	5	945
0.689502	2	1	4	945
0.689502	2	1	5	945
0.689602	2	1	4	945
0.689602	2	1	5	945
0.689702	2	1	4	945
0.689702	2	1	5	945
0.689802	2	1	4	945
0.689802	2	1	5	945
0.689902	2	1	4	945
0.689902	2	1	5	945
0.690002	2	1	4	945
0.690002	2	1	5	945
0.690102	2	1	4	945
0.690102	2	1	5	945
0.690202	2	1	4	945
0.690202	2	1	5	945
0.690302	2	1	4	945
0.690302	2	1	5	945
0.690402	2	1	4	945
0.690402	2	1	5	945
0.690502	2	1	4	945
0.690502	2	1	5	945
0.690602	2	1	4	945
0.690602	2	1	5	945
0.690702	2	1	4	945
0.690702	2	1	5	945
0.690802	2	1	4	945
0.690802	2	1	5	945
0.690902	2	1	4	945
0.690902	2	1	5	945
0.691002	2	1	4	945
0.691002	2	1	5	945
0.691102	2	1	4	945
0.691102	2	1	5	945
0.691202	2	1	4	945
0.691202	2	1	5	945
0.691302	2	1	4	945
0.691302	2	1	5	945
0.691402	2	1	4	945
0.691402	2	1	5	945
0.691502	2	1	4	945
0.691502	2	1	5	945
0.691602	2	1	4	945
0.691602	2	1	5	945
0.691702	2	1	4	945
0.691702	2	1	5	945
0.691802	2	1	4	945
0.691802	2	1	5	945
0.691902	2	1	4	945
0.691902	2	1	5	945
0.692002	2	1	4	945
0.692002	2	1	5	945
0.692102	2	1	4	945
0.692102	2	1	5	945
0.692202	2	1	4	945
0.692202	2	1	5	945
0.692302	2	1	4	945
0.692302	2	1	5	945
0.692402	2	1	4	945
0.692402	2	1	5	945
0.692502	2	1	4	945
0.692502	2	1	5	945
0.692602	2	1	4	945
0.692602	2	1	5	945
0.692702	2	1	4	945
0.692702	2	1	5	945
0.692802	2	1	4	945
0.692802	2	1	5	945
0.692902	2	1	4	945
0.692902	2	1	5	945
0.693002	2	1	4	945
0.693002	2	1	5	945
0.693102	2	1	4	945
0.693102	2	1	5	945
0.693202	2	1	4	945
0.693202	2	1	5	945
0.693302	2	1	4	945
0.693302	2	1	5	945
0.693402	2	1	4	945
0.693402	2	1	5	945
0.693502	2	1	4	945
0.693502	2	1	5	945
0.693602	2	1	4	945
0.693602	2	1	5	945
0.693702	2	1	4	945
0.693702	2	1	5	945
0.693802	2	1	4	945
0.693802	2	1	5	945
0.693902	2	1	4	945
0.693902	2	1	5	945
0.694002	2	1	4	945
0.694002	2	1	5	945
0.694102	2	1	4	945
0.694102	2	1	5	945
0.694202	2	1	4	945
0.694202	2	1	5	945
0.694302	2	1	4	945
0.694302	2	1	5	945
0.694402	2	1	4	945
0.694402	2	1	5	945
0.694502	2	1	4	945
0.694502	2	1	5	945
0.694602	2	1	4	945
0.694602	2	1	5	945
0.694702	2	1	4	945
0.694702	2	1	5	945
0.694802	2	1	4	945
0.694802	2	1	5	945
0.694902	2	1	4	945
0.694902	2	1	5	945
0.695002	2	1	4	945
0.695002	2	1	5	945
0.695102	2	1	4	945
0.695102	2	1	5	945
0.695202	2	1	4	945
0.695202	2	1	5	945
0.695302	2	1	4	945
0.695302	2	1	5	945
0.695402	2	1	4	945
0.695402	2	1	5	945
0.695502	2	1	4	945
0.695502	2	1	5	945
0.695602	2	1	4	945
0.695602	2	1	5	945
0.695702	2	1	4	945
0.695702	2	1	5	945
0.695802	2	1	4	945
0.695802	2	1	5	945
0.695902	2	1	4	945
0.695902	2	1	5	945
0.696002	2	1	4	945
0.696002	2	1	5	945
0.696102	2	1	4	945
0.696102	2	1	5	945
0.696202	2	1	4	945
0.696202	2	1	5	945
0.696302	2	1	4	945
0.696302	2	1	5	945
0.696402	2	1	4	945
0.696402	2	1	5	945
0.696502	2	1	4	945
0.696502	2	1	5	945
0.696602	2	1	4	945
0.696602	2	1	5	945
0.696702	2	1	4	945
0.696702	2	1	5	945
0.696802	2	1	4	945
0.696802	2	1	5	945
0.696902	2	1	4	945
0.696902	2	1	5	945
0.697002	2	1	4	945
0.697002	2	1	5	945
0.697102	2	1	4	945
0.697102	2	1	5	945
0.697202	2	1	4	945
0.697202	2	1	5	945
0.697302	2	1	4	945
0.697302	2	1	5	945
0.697402	2	1	4	945
0.697402	2	1	5	945
0.697502	2	1	4	945
0.697502	2	1	5	945
0.697602	2	1	4	945
0.697602	2	1	5	945
0.697702	2	1	4	945
0.697702	2	1	5	945
0.697802	2	1	4	945
0.697802	2	1	5	945
0.697902	2	1	4	945
0.697902	2	1	5	945
0.698002	2	1	4	945
0.698002	2	1	5	945
0.698102	2	1	4	945
0.698102	2	1	5	945
0.698202	2	1	4	945
0.698202	2	1	5	945
0.698302	2	1	4	945
0.698302	2	1	5	945
0.698402	2	1	4	945
0.698402	2	1	5	945
0.698502	2	1	4	945
0.698502	2	1	5	945
0.698602	2	1	4	945
0.698602	2	1	5	945
0.698702	2	1	4	945
0.698702	2	1	5	945
0.698802	2	1	4	945
0.698802	2	1	5	945
0.698902	2	1	4	945
0.698902	2	1	5	945
0.699002	2	1	4	945
0.699002	2	1	5	945
0.699102	2	1	4	945
0.699102	2	1	5	945
0.699202	2	1	4	945
0.699202	2	1	5	945
0.699302	2	1	4	945
0.699302	2	1	5	945
0.699402	2	1	4	945
0.699402	2	1	5	945
0.699502	2	1	4	945
0.699502	2	1	5	945
0.699602	2	1	4	945
0.699602	2	1	5	945
0.699702	2	1	4	945
0.699702	2	1	5	945
0.699802	2	1	4	945
0.699802	2	1	5	945
0.699902	2	1	4	945
0.699902	2	1	5	945
0.700002	2	1	4	945
0.700002	2	1	5	945
0.700102	2	1	4	945
0.700102	2	1	5	945
0.700202	2	1	4	945
0.700202	2	1	5	945
0.700302	2	1	4	945
0.700302	2	1	5	945
0.700402	2	1	4	945
0.700402	2	1	5	945
0.700502	2	1	4	945
0.700502	2	1	5	945
0.700602	2	1	4	945
0.700602	2	1	5	945
0.700702	2	1	4	945
0.700702	2	1	5	945
0.700802	2	1	4	945
0.700802	2	1	5	945
0.700902	2	1	4	945
0.700902	2	1	5	945
0.701002	2	1	4	945
0.701002	2	1	5	945
0.701102	2	1	4	945
0.701102	2	1	5	945
0.701202	2	1	4	945
0.701202	2	1	5	945
0.701302	2	1	4	945
0.701302	2	1	5	945
0.701402	2	1	4	945
0.701402	2	1	5	945
0.701502	2	1	4	945
0.701502	2	1	5	945
0.701602	2	1	4	945
0.701602	2	1	5	945
0.701702	2	1	4	945
0.701702	2	1	5	945
0.701802	2	1	4	945
0.701802	2	1	5	945
0.701902	2	1	4	945
0.701902	2	1	5	945
0.702002	2	1	4	945
0.702002	2	1	5	945
0.702102	2	1	4	945
0.702102	2	1	5	945
0.702202	2	1	4	945
0.702202	2	1	5	945
0.702302	2	1	4	945
0.702302	2	1	5	945
0.702402	2	1	4	945
0.702402	2	1	5	945
0.702502	2	1	4	945
0.702502	2	1	5	945
0.702602	2	1	4	945
0.702602	2	1	5	945
0.702702	2	1	4	945
0.702702	2	1	5	945
0.702802	2	1	4	945
0.702802	2	1	5	945
0.702902	2	1	4	945
0.702902	2	1	5	945
0.703002	2	1	4	945
0.703002	2	1	5	945
0.703102	2	1	4	945
0.703102	2	1	5	945
0.703202	2	1	4	945
0.703202	2	1	5	945
0.703302	2	1	4	945
0.703302	2	1	5	945
0.703402	2	1	4	945
0.703402	2	1	5	945
0.703502	2	1	4	945
0.703502	2	1	5	945
0.703602	2	1	4	945
0.703602	2	1	5	945
0.703702	2	1	4	945
0.703702	2	1	5	945
0.703802	2	1	4	945
0.703802	2	1	5	945
0.703902	2	1	4	945
0.703902	2	1	5	945
0.704002	2	1	4	945
0.704002	2	1	5	945
0.704102	2	1	4	945
0.704102	2	1	5	945
0.704202	2	1	4	945
0.704202	2	1	5	945
0.704302	2	1	4	945
0.704302	2	1	5	945
0.704402	2	1	4	945
0.704402	2	1	5	945
0.704502	2	1	4	945
0.704502	2	1	5	945
0.704602	2	1	4	945
0.704602	2	1	5	945
0.704702	2	1	4	945
0.704702	2	1	5	945
0.704802	2	1	4	945
0.704802	2	1	5	945
0.704902	2	1	4	945
0.704902	2	1	5	945
0.705002	2	1	4	945
0.705002	2	1	5	945
0.705102	2	1	4	945
0.705102	2	1	5	945
0.705202	2	1	4	945
0.705202	2	1	5	945
0.705302	2	1	4	945
0.705302	2	1	5	945
0.705402	2	1	4	945
0.705402	2	1	5	945
0.705502	2	1	4	945
0.705502	2	1	5	945
0.705602	2	1	4	945
0.705602	2	1	5	945
0.705702	2	1	4	945
0.705702	2	1	5	945
0.705802	2	1	4	945
0.705802	2	1	5	945
0.705902	2	1	4	945
0.705902	2	1	5	945
0.706002	2	1	4	945
0.706002	2	1	5	945
0.706102	2	1	4	945
0.706102	2	1	5	945
0.706202	2	1	4	945
0.706202	2	1	5	945
0.706302	2	1	4	945
0.706302	2	1	5	945
0.706402	2	1	4	945
0.706402	2	1	5	945
0.706502	2	1	4	945
0.706502	2	1	5	945
0.706602	2	1	4	945
0.706602	2	1	5	945
0.706702	2	1	4	945
0.706702	2	1	5	945
0.706802	2	1	4	945
0.706802	2	1	5	945
0.706902	2	1	4	945
0.706902	2	1	5	945
0.707002	2	1	4	945
0.707002	2	1	5	945
0.707102	2	1	4	945
0.707102	2	1	5	945
0.707202	2	1	4	945
0.707202	2	1	5	945
0.707302	2	1	4	945
0.707302	2	1	5	945
0.707402	2	1	4	945
0.707402	2	1	5	945
0.707502	2	1	4	945
0.707502	2	1	5	945
0.707602	2	1	4	945
0.707602	2	1	5	945
0.707702	2	1	4	945
0.707702	2	1	5	945
0.707802	2	1	4	945
0.707802	2	1	5	945
0.707902	2	1	4	945
0.707902	2	1	5	945
0.708002	2	1	4	945
0.708002	2	1	5	945
0.708102	2	1	4	945
0.708102	2	1	5	945
0.708202	2	1	4	945
0.708202	2	1	5	945
0.708302	2	1	4	945
0.708302	2	1	5	945
0.708402	2	1	4	945
0.708402	2	1	5	945
0.708502	2	1	4	945
0.708502	2	1	5	945
0.708602	2	1	4	945
0.708602	2	1	5	945
0.708702	2	1	4	945
0.708702	2	1	5	945
0.708802	2	1	4	945
0.708802	2	1	5	945
0.708902	2	1	4	945
0.708902	2	1	5	945
0.709002	2	1	4	945
0.709002	2	1	5	945
0.709102	2	1	4	945
0.709102	2	1	5	945
0.709202	2	1	4	945
0.709202	2	1	5	945
0.709302	2	1	4	945
0.709302	2	1	5	945
0.709402	2	1	4	945
0.709402	2	1	5	945
0.709502	2	1	4	945
0.709502	2	1	5	945
0.709602	2	1	4	945
0.709602	2	1	5	945
0.709702	2	1	4	945
0.709702	2	1	5	945
0.709802	2	1	4	945
0.709802	2	1	5	945
0.709902	2	1	4	945
0.709902	2	1	5	945
0.710002	2	1	4	945
0.710002	2	1	5	945
0.710102	2	1	4	945
0.710102	2	1	5	945
0.710202	2	1	4	945
0.710202	2	1	5	945
0.710302	2	1	4	945
0.710302	2	1	5	945
0.710402	2	1	4	945
0.710402	2	1	5	945
0.710502	2	1	4	945
0.710502	2	1	5	945
0.710602	2	1	4	945
0.710602	2	1	5	945
0.710702	2	1	4	945
0.710702	2	1	5	945
0.710802	2	1	4	945
0.710802	2	1	5	945
0.710902	2	1	4	945
0.710902	2	1	5	945
0.711002	2	1	4	945
0.711002	2	1	5	945
0.711102	2	1	4	945
0.711102	2	1	5	945
0.711202	2	1	4	945
0.711202	2	1	5	945
0.711302	2	1	4	945
0.711302	2	1	5	945
0.711402	2	1	4	945
0.711402	2	1	5	945
0.711502	2	1	4	945
0.711502	2	1	5	945
0.711602	2	1	4	945
0.711602	2	1	5	945
0.711702	2	1	4	945
0.711702	2	1	5	945
0.711802	2	1	4	945
0.711802	2	1	5	945
0.711902	2	1	4	945
0.711902	2	1	5	945
0.712002	2	1	4	945
0.712002	2	1	5	945
0.712102	2	1	4	945
0.712102	2	1	5	945
0.712202	2	1	4	945
0.712202	2	1	5	945
0.712302	2	1	4	945
0.712302	2	1	5	945
0.712402	2	1	4	945
0.712402	2	1	5	945
0.712502	2	1	4	945
0.712502	2	1	5	945
0.712602	2	1	4	945
0.712602	2	1	5	945
0.712702	2	1	4	945
0.712702	2	1	5	945
0.712802	2	1	4	945
0.712802	2	1	5	945
0.712902	2	1	4	945
0.712902	2	1	5	945
0.713002	2	1	4	945
0.713002	2	1	5	945
0.713102	2	1	4	945
0.713102	2	1	5	945
0.713202	2	1	4	945
0.713202	2	1	5	945
0.713302	2	1	4	945
0.713302	2	1	5	945
0.713402	2	1	4	945
0.713402	2	1	5	945
0.713502	2	1	4	945
0.713502	2	1	5	945
0.713602	2	1	4	945
0.713602	2	1	5	945
0.713702	2	1	4	945
0.713702	2	1	5	945
0.713802	2	1	4	945
0.713802	2	1	5	945
0.713902	2	1	4	945
0.713902	2	1	5	945
0.714002	2	1	4	945
0.714002	2	1	5	945
0.714102	2	1	4	945
0.714102	2	1	5	945
0.714202	2	1	4	945
0.714202	2	1	5	945
0.714302	2	1	4	945
0.714302	2	1	5	945
0.714402	2	1	4	945
0.714402	2	1	5	945
0.714502	2	1	4	945
0.714502	2	1	5	945
0.714602	2	1	4	945
0.714602	2	1	5	945
0.714702	2	1	4	945
0.714702	2	1	5	945
0.714802	2	1	4	945
0.714802	2	1	5	945
0.714902	2	1	4	945
0.714902	2	1	5	945
0.715002	2	1	4	945
0.715002	2	1	5	945
0.715102	2	1	4	945
0.715102	2	1	5	945
0.715202	2	1	4	945
0.715202	2	1	5	945
0.715302	2	1	4	945
0.715302	2	1	5	945
0.715402	2	1	4	945
0.715402	2	1	5	945
0.715502	2	1	4	945
0.715502	2	1	5	945
0.715602	2	1	4	945
0.715602	2	1	5	945
0.715702	2	1	4	945
0.715702	2	1	5	945
0.715802	2	1	4	945
0.715802	2	1	5	945
0.715902	2	1	4	945
0.715902	2	1	5	945
0.716002	2	1	4	945
0.716002	2	1	5	945
0.716102	2	1	4	945
0.716102	2	1	5	945
0.716202	2	1	4	945
0.716202	2	1	5	945
0.716302	2	1	4	945
0.716302	2	1	5	945
0.716402	2	1	4	945
0.716402	2	1	5	945
0.716502	2	1	4	945
0.716502	2	1	5	945
0.716602	2	1	4	945
0.716602	2	1	5	945
0.716702	2	1	4	945
0.716702	2	1	5	945
0.716802	2	1	4	945
0.716802	2	1	5	945
0.716902	2	1	4	945
0.716902	2	1	5	945
0.717002	2	1	4	945
0.717002	2	1	5	945
0.717102	2	1	4	945
0.717102	2	1	5	945
0.717202	2	1	4	945
0.717202	2	1	5	945
0.717302	2	1	4	945
0.717302	2	1	5	945
0.717402	2	1	4	945
0.717402	2	1	5	945
0.717502	2	1	4	945
0.717502	2	1	5	945
0.717602	2	1	4	945
0.717602	2	1	5	945
0.717702	2	1	4	945
0.717702	2	1	5	945
0.717802	2	1	4	945
0.717802	2	1	5	945
0.717902	2	1	4	945
0.717902	2	1	5	945
0.718002	2	1	4	945
0.718002	2	1	5	945
0.718102	2	1	4	945
0.718102	2	1	5	945
0.718202	2	1	4	945
0.718202	2	1	5	945
0.718302	2	1	4	945
0.718302	2	1	5	945
0.718402	2	1	4	945
0.718402	2	1	5	945
0.718502	2	1	4	945
0.718502	2	1	5	945
0.718602	2	1	4	945
0.718602	2	1	5	945
0.718702	2	1	4	945
0.718702	2	1	5	945
0.718802	2	1	4	945
0.718802	2	1	5	945
0.718902	2	1	4	945
0.718902	2	1	5	945
0.719002	2	1	4	945
0.719002	2	1	5	945
0.719102	2	1	4	945
0.719102	2	1	5	945
0.719202	2	1	4	945
0.719202	2	1	5	945
0.719302	2	1	4	945
0.719302	2	1	5	945
0.719402	2	1	4	945
0.719402	2	1	5	945
0.719502	2	1	4	945
0.719502	2	1	5	945
0.719602	2	1	4	945
0.719602	2	1	5	945
0.719702	2	1	4	945
0.719702	2	1	5	945
0.719802	2	1	4	945
0.719802	2	1	5	945
0.719902	2	1	4	945
0.719902	2	1	5	945
0.720002	2	1	4	945
0.720002	2	1	5	945
0.720102	2	1	4	945
0.720102	2	1	5	945
0.720202	2	1	4	945
0.720202	2	1	5	945
0.720302	2	1	4	945
0.720302	2	1	5	945
0.720402	2	1	4	945
0.720402	2	1	5	945
0.720502	2	1	4	945
0.720502	2	1	5	945
0.720602	2	1	4	945
0.720602	2	1	5	945
0.720702	2	1	4	945
0.720702	2	1	5	945
0.720802	2	1	4	945
0.720802	2	1	5	945
0.720902	2	1	4	945
0.720902	2	1	5	945
0.721002	2	1	4	945
0.721002	2	1	5	945
0.721102	2	1	4	945
0.721102	2	1	5	945
0.721202	2	1	4	945
0.721202	2	1	5	945
0.721302	2	1	4	945
0.721302	2	1	5	945
0.721402	2	1	4	945
0.721402	2	1	5	945
0.721502	2	1	4	945
0.721502	2	1	5	945
0.721602	2	1	4	945
0.721602	2	1	5	945
0.721702	2	1	4	945
0.721702	2	1	5	945
0.721802	2	1	4	945
0.721802	2	1	5	945
0.721902	2	1	4	945
0.721902	2	1	5	945
0.722002	2	1	4	945
0.722002	2	1	5	945
0.722102	2	1	4	945
0.722102	2	1	5	945
0.722202	2	1	4	945
0.722202	2	1	5	945
0.722302	2	1	4	945
0.722302	2	1	5	945
0.722402	2	1	4	945
0.722402	2	1	5	945
0.722502	2	1	4	945
0.722502	2	1	5	945
0.722602	2	1	4	945
0.722602	2	1	5	945
0.722702	2	1	4	945
0.722702	2	1	5	945
0.722802	2	1	4	945
0.722802	2	1	5	945
0.722902	2	1	4	945
0.722902	2	1	5	945
0.723002	2	1	4	945
0.723002	2	1	5	945
0.723102	2	1	4	945
0.723102	2	1	5	945
0.723202	2	1	4	945
0.723202	2	1	5	945
0.723302	2	1	4	945
0.723302	2	1	5	945
0.723402	2	1	4	945
0.723402	2	1	5	945
0.723502	2	1	4	945
0.723502	2	1	5	945
0.723602	2	1	4	945
0.723602	2	1	5	945
0.723702	2	1	4	945
0.723702	2	1	5	945
0.723802	2	1	4	945
0.723802	2	1	5	945
0.723902	2	1	4	945
0.723902	2	1	5	945
0.724002	2	1	4	945
0.724002	2	1	5	945
0.724102	2	1	4	945
0.724102	2	1	5	945
0.724202	2	1	4	945
0.724202	2	1	5	945
0.724302	2	1	4	945
0.724302	2	1	5	945
0.724402	2	1	4	945
0.724402	2	1	5	945
0.724502	2	1	4	945
0.724502	2	1	5	945
0.724602	2	1	4	945
0.724602	2	1	5	945
0.724702	2	1	4	945
0.724702	2	1	5	945
0.724802	2	1	4	945
0.724802	2	1	5	945
0.724902	2	1	4	945
0.724902	2	1	5	945
0.725002	2	1	4	945
0.725002	2	1	5	945
0.725102	2	1	4	945
0.725102	2	1	5	945
0.725202	2	1	4	945
0.725202	2	1	5	945
0.725302	2	1	4	945
0.725302	2	1	5	945
0.725402	2	1	4	945
0.725402	2	1	5	945
0.725502	2	1	4	945
0.725502	2	1	5	945
0.725602	2	1	4	945
0.725602	2	1	5	945
0.725702	2	1	4	945
0.725702	2	1	5	945
0.725802	2	1	4	945
0.725802	2	1	5	945
0.725902	2	1	4	945
0.725902	2	1	5	945
0.726002	2	1	4	945
0.726002	2	1	5	945
0.726102	2	1	4	945
0.726102	2	1	5	945
0.726202	2	1	4	945
0.726202	2	1	5	945
0.726302	2	1	4	945
0.726302	2	1	5	945
0.726402	2	1	4	945
0.726402	2	1	5	945
0.726502	2	1	4	945
0.726502	2	1	5	945
0.726602	2	1	4	945
0.726602	2	1	5	945
0.726702	2	1	4	945
0.726702	2	1	5	945
0.726802	2	1	4	945
0.726802	2	1	5	945
0.726902	2	1	4	945
0.726902	2	1	5	945
0.727002	2	1	4	945
0.727002	2	1	5	945
0.727102	2	1	4	945
0.727102	2	1	5	945
0.727202	2	1	4	945
0.727202	2	1	5	945
0.727302	2	1	4	945
0.727302	2	1	5	945
0.727402	2	1	4	945
0.727402	2	1	5	945
0.727502	2	1	4	945
0.727502	2	1	5	945
0.727602	2	1	4	945
0.727602	2	1	5	945
0.727702	2	1	4	945
0.727702	2	1	5	945
0.727802	2	1	4	945
0.727802	2	1	5	945
0.727902	2	1	4	945
0.727902	2	1	5	945
0.728002	2	1	4	945
0.728002	2	1	5	945
0.728102	2	1	4	945
0.728102	2	1	5	945
0.728202	2	1	4	945
0.728202	2	1	5	945
0.728302	2	1	4	945
0.728302	2	1	5	945
0.728402	2	1	4	945
0.728402	2	1	5	945
0.728502	2	1	4	945
0.728502	2	1	5	945
0.728602	2	1	4	945
0.728602	2	1	5	945
0.728702	2	1	4	945
0.728702	2	1	5	945
0.728802	2	1	4	945
0.728802	2	1	5	945
0.728902	2	1	4	945
0.728902	2	1	5	945
0.729002	2	1	4	945
0.729002	2	1	5	945
0.729102	2	1	4	945
0.729102	2	1	5	945
0.729202	2	1	4	945
0.729202	2	1	5	945
0.729302	2	1	4	945
0.729302	2	1	5	945
0.729402	2	1	4	945
0.729402	2	1	5	945
0.729502	2	1	4	945
0.729502	2	1	5	945
0.729602	2	1	4	945
0.729602	2	1	5	945
0.729702	2	1	4	945
0.729702	2	1	5	945
0.729802	2	1	4	945
0.729802	2	1	5	945
0.729902	2	1	4	945
0.729902	2	1	5	945
0.730002	2	1	4	945
0.730002	2	1	5	945
0.730102	2	1	4	945
0.730102	2	1	5	945
0.730202	2	1	4	945
0.730202	2	1	5	945
0.730302	2	1	4	945
0.730302	2	1	5	945
0.730402	2	1	4	945
0.730402	2	1	5	945
0.730502	2	1	4	945
0.730502	2	1	5	945
0.730602	2	1	4	945
0.730602	2	1	5	945
0.730702	2	1	4	945
0.730702	2	1	5	945
0.730802	2	1	4	945
0.730802	2	1	5	945
0.730902	2	1	4	945
0.730902	2	1	5	945
0.731002	2	1	4	945
0.731002	2	1	5	945
0.731102	2	1	4	945
0.731102	2	1	5	945
0.731202	2	1	4	945
0.731202	2	1	5	945
0.731302	2	1	4	945
0.731302	2	1	5	945
0.731402	2	1	4	945
0.731402	2	1	5	945
0.731502	2	1	4	945
0.731502	2	1	5	945
0.731602	2	1	4	945
0.731602	2	1	5	945
0.731702	2	1	4	945
0.731702	2	1	5	945
0.731802	2	1	4	945
0.731802	2	1	5	945
0.731902	2	1	4	945
0.731902	2	1	5	945
0.732002	2	1	4	945
0.732002	2	1	5	945
0.732102	2	1	4	945
0.732102	2	1	5	945
0.732202	2	1	4	945
0.732202	2	1	5	945
0.732302	2	1	4	945
0.732302	2	1	5	945
0.732402	2	1	4	945
0.732402	2	1	5	945
0.732502	2	1	4	945
0.732502	2	1	5	945
0.732602	2	1	4	945
0.732602	2	1	5	945
0.732702	2	1	4	945
0.732702	2	1	5	945
0.732802	2	1	4	945
0.732802	2	1	5	945
0.732902	2	1	4	945
0.732902	2	1	5	945
0.733002	2	1	4	945
0.733002	2	1	5	945
0.733102	2	1	4	945
0.733102	2	1	5	945
0.733202	2	1	4	945
0.733202	2	1	5	945
0.733302	2	1	4	945
0.733302	2	1	5	945
0.733402	2	1	4	945
0.733402	2	1	5	945
0.733502	2	1	4	945
0.733502	2	1	5	945
0.733602	2	1	4	945
0.733602	2	1	5	945
0.733702	2	1	4	945
0.733702	2	1	5	945
0.733802	2	1	4	945
0.733802	2	1	5	945
0.733902	2	1	4	945
0.733902	2	1	5	945
0.734002	2	1	4	945
0.734002	2	1	5	945
0.734102	2	1	4	945
0.734102	2	1	5	945
0.734202	2	1	4	945
0.734202	2	1	5	945
0.734302	2	1	4	945
0.734302	2	1	5	945
0.734402	2	1	4	945
0.734402	2	1	5	945
0.734502	2	1	4	945
0.734502	2	1	5	945
0.734602	2	1	4	945
0.734602	2	1	5	945
0.734702	2	1	4	945
0.734702	2	1	5	945
0.734802	2	1	4	945
0.734802	2	1	5	945
0.734902	2	1	4	945
0.734902	2	1	5	945
0.735002	2	1	4	945
0.735002	2	1	5	945
0.735102	2	1	4	945
0.735102	2	1	5	945
0.735202	2	1	4	945
0.735202	2	1	5	945
0.735302	2	1	4	945
0.735302	2	1	5	945
0.735402	2	1	4	945
0.735402	2	1	5	945
0.735502	2	1	4	945
0.735502	2	1	5	945
0.735602	2	1	4	945
0.735602	2	1	5	945
0.735702	2	1	4	945
0.735702	2	1	5	945
0.735802	2	1	4	945
0.735802	2	1	5	945
0.735902	2	1	4	945
0.735902	2	1	5	945
0.736002	2	1	4	945
0.736002	2	1	5	945
0.736102	2	1	4	945
0.736102	2	1	5	945
0.736202	2	1	4	945
0.736202	2	1	5	945
0.736302	2	1	4	945
0.736302	2	1	5	945
0.736402	2	1	4	945
0.736402	2	1	5	945
0.736502	2	1	4	945
0.736502	2	1	5	945
0.736602	2	1	4	945
0.736602	2	1	5	945
0.736702	2	1	4	945
0.736702	2	1	5	945
0.736802	2	1	4	945
0.736802	2	1	5	945
0.736902	2	1	4	945
0.736902	2	1	5	945
0.737002	2	1	4	945
0.737002	2	1	5	945
0.737102	2	1	4	945
0.737102	2	1	5	945
0.737202	2	1	4	945
0.737202	2	1	5	945
0.737302	2	1	4	945
0.737302	2	1	5	945
0.737402	2	1	4	945
0.737402	2	1	5	945
0.737502	2	1	4	945
0.737502	2	1	5	945
0.737602	2	1	4	945
0.737602	2	1	5	945
0.737702	2	1	4	945
0.737702	2	1	5	945
0.737802	2	1	4	945
0.737802	2	1	5	945
0.737902	2	1	4	945
0.737902	2	1	5	945
0.738002	2	1	4	945
0.738002	2	1	5	945
0.738102	2	1	4	945
0.738102	2	1	5	945
0.738202	2	1	4	945
0.738202	2	1	5	945
0.738302	2	1	4	945
0.738302	2	1	5	945
0.738402	2	1	4	945
0.738402	2	1	5	945
0.738502	2	1	4	945
0.738502	2	1	5	945
0.738602	2	1	4	945
0.738602	2	1	5	945
0.738702	2	1	4	945
0.738702	2	1	5	945
0.738802	2	1	4	945
0.738802	2	1	5	945
0.738902	2	1	4	945
0.738902	2	1	5	945
0.739002	2	1	4	945
0.739002	2	1	5	945
0.739102	2	1	4	945
0.739102	2	1	5	945
0.739202	2	1	4	945
0.739202	2	1	5	945
0.739302	2	1	4	945
0.739302	2	1	5	945
0.739402	2	1	4	945
0.739402	2	1	5	945
0.739502	2	1	4	945
0.739502	2	1	5	945
0.739602	2	1	4	945
0.739602	2	1	5	945
0.739702	2	1	4	945
0.739702	2	1	5	945
0.739802	2	1	4	945
0.739802	2	1	5	945
0.739902	2	1	4	945
0.739902	2	1	5	945
0.740002	2	1	4	945
0.740002	2	1	5	945
0.740102	2	1	4	945
0.740102	2	1	5	945
0.740202	2	1	4	945
0.740202	2	1	5	945
0.740302	2	1	4	945
0.740302	2	1	5	945
0.740402	2	1	4	945
0.740402	2	1	5	945
0.740502	2	1	4	945
0.740502	2	1	5	945
0.740602	2	1	4	945
0.740602	2	1	5	945
0.740702	2	1	4	945
0.740702	2	1	5	945
0.740802	2	1	4	945
0.740802	2	1	5	945
0.740902	2	1	4	945
0.740902	2	1	5	945
0.741002	2	1	4	945
0.741002	2	1	5	945
0.741102	2	1	4	945
0.741102	2	1	5	945
0.741202	2	1	4	945
0.741202	2	1	5	945
0.741302	2	1	4	945
0.741302	2	1	5	945
0.741402	2	1	4	945
0.741402	2	1	5	945
0.741502	2	1	4	945
0.741502	2	1	5	945
0.741602	2	1	4	945
0.741602	2	1	5	945
0.741702	2	1	4	945
0.741702	2	1	5	945
0.741802	2	1	4	945
0.741802	2	1	5	945
0.741902	2	1	4	945
0.741902	2	1	5	945
0.742002	2	1	4	945
0.742002	2	1	5	945
0.742102	2	1	4	945
0.742102	2	1	5	945
0.742202	2	1	4	945
0.742202	2	1	5	945
0.742302	2	1	4	945
0.742302	2	1	5	945
0.742402	2	1	4	945
0.742402	2	1	5	945
0.742502	2	1	4	945
0.742502	2	1	5	945
0.742602	2	1	4	945
0.742602	2	1	5	945
0.742702	2	1	4	945
0.742702	2	1	5	945
0.742802	2	1	4	945
0.742802	2	1	5	945
0.742902	2	1	4	945
0.742902	2	1	5	945
0.743002	2	1	4	945
0.743002	2	1	5	945
0.743102	2	1	4	945
0.743102	2	1	5	945
0.743202	2	1	4	945
0.743202	2	1	5	945
0.743302	2	1	4	945
0.743302	2	1	5	945
0.743402	2	1	4	945
0.743402	2	1	5	945
0.743502	2	1	4	945
0.743502	2	1	5	945
0.743602	2	1	4	945
0.743602	2	1	5	945
0.743702	2	1	4	945
0.743702	2	1	5	945
0.743802	2	1	4	945
0.743802	2	1	5	945
0.743902	2	1	4	945
0.743902	2	1	5	945
0.744002	2	1	4	945
0.744002	2	1	5	945
0.744102	2	1	4	945
0.744102	2	1	5	945
0.744202	2	1	4	945
0.744202	2	1	5	945
0.744302	2	1	4	945
0.744302	2	1	5	945
0.744402	2	1	4	945
0.744402	2	1	5	945
0.744502	2	1	4	945
0.744502	2	1	5	945
0.744602	2	1	4	945
0.744602	2	1	5	945
0.744702	2	1	4	945
0.744702	2	1	5	945
0.744802	2	1	4	945
0.744802	2	1	5	945
0.744902	2	1	4	945
0.744902	2	1	5	945
0.745002	2	1	4	945
0.745002	2	1	5	945
0.745102	2	1	4	945
0.745102	2	1	5	945
0.745202	2	1	4	945
0.745202	2	1	5	945
0.745302	2	1	4	945
0.745302	2	1	5	945
0.745402	2	1	4	945
0.745402	2	1	5	945
0.745502	2	1	4	945
0.745502	2	1	5	945
0.745602	2	1	4	945
0.745602	2	1	5	945
0.745702	2	1	4	945
0.745702	2	1	5	945
0.745802	2	1	4	945
0.745802	2	1	5	945
0.745902	2	1	4	945
0.745902	2	1	5	945
0.746002	2	1	4	945
0.746002	2	1	5	945
0.746102	2	1	4	945
0.746102	2	1	5	945
0.746202	2	1	4	945
0.746202	2	1	5	945
0.746302	2	1	4	945
0.746302	2	1	5	945
0.746402	2	1	4	945
0.746402	2	1	5	945
0.746502	2	1	4	945
0.746502	2	1	5	945
0.746602	2	1	4	945
0.746602	2	1	5	945
0.746702	2	1	4	945
0.746702	2	1	5	945
0.746802	2	1	4	945
0.746802	2	1	5	945
0.746902	2	1	4	945
0.746902	2	1	5	945
0.747002	2	1	4	945
0.747002	2	1	5	945
0.747102	2	1	4	945
0.747102	2	1	5	945
0.747202	2	1	4	945
0.747202	2	1	5	945
0.747302	2	1	4	945
0.747302	2	1	5	945
0.747402	2	1	4	945
0.747402	2	1	5	945
0.747502	2	1	4	945
0.747502	2	1	5	945
0.747602	2	1	4	945
0.747602	2	1	5	945
0.747702	2	1	4	945
0.747702	2	1	5	945
0.747802	2	1	4	945
0.747802	2	1	5	945
0.747902	2	1	4	945
0.747902	2	1	5	945
0.748002	2	1	4	945
0.748002	2	1	5	945
0.748102	2	1	4	945
0.748102	2	1	5	945
0.748202	2	1	4	945
0.748202	2	1	5	945
0.748302	2	1	4	945
0.748302	2	1	5	945
0.748402	2	1	4	945
0.748402	2	1	5	945
0.748502	2	1	4	945
0.748502	2	1	5	945
0.748602	2	1	4	945
0.748602	2	1	5	945
0.748702	2	1	4	945
0.748702	2	1	5	945
0.748802	2	1	4	945
0.748802	2	1	5	945
0.748902	2	1	4	945
0.748902	2	1	5	945
0.749002	2	1	4	945
0.749002	2	1	5	945
0.749102	2	1	4	945
0.749102	2	1	5	945
0.749202	2	1	4	945
0.749202	2	1	5	945
0.749302	2	1	4	945
0.749302	2	1	5	945
0.749402	2	1	4	945
0.749402	2	1	5	945
0.749502	2	1	4	945
0.749502	2	1	5	945
0.749602	2	1	4	945
0.749602	2	1	5	945
0.749702	2	1	4	945
0.749702	2	1	5	945
0.749802	2	1	4	945
0.749802	2	1	5	945
0.749902	2	1	4	945
0.749902	2	1	5	945
0.750002	2	1	4	945
0.750002	2	1	5	945
0.750102	2	1	4	945
0.750102	2	1	5	945
0.750202	2	1	4	945
0.750202	2	1	5	945
0.750302	2	1	4	945
0.750302	2	1	5	945
0.750402	2	1	4	945
0.750402	2	1	5	945
0.750502	2	1	4	945
0.750502	2	1	5	945
0.750602	2	1	4	945
0.750602	2	1	5	945
0.750702	2	1	4	945
0.750702	2	1	5	945
0.750802	2	1	4	945
0.750802	2	1	5	945
0.750902	2	1	4	945
0.750902	2	1	5	945
0.751002	2	1	4	945
0.751002	2	1	5	945
0.751102	2	1	4	945
0.751102	2	1	5	945
0.751202	2	1	4	945
0.751202	2	1	5	945
0.751302	2	1	4	945
0.751302	2	1	5	945
0.751402	2	1	4	945
0.751402	2	1	5	945
0.751502	2	1	4	945
0.751502	2	1	5	945
0.751602	2	1	4	945
0.751602	2	1	5	945
0.751702	2	1	4	945
0.751702	2	1	5	945
0.751802	2	1	4	945
0.751802	2	1	5	945
0.751902	2	1	4	945
0.751902	2	1	5	945
0.752002	2	1	4	945
0.752002	2	1	5	945
0.752102	2	1	4	945
0.752102	2	1	5	945
0.752202	2	1	4	945
0.752202	2	1	5	945
0.752302	2	1	4	945
0.752302	2	1	5	945
0.752402	2	1	4	945
0.752402	2	1	5	945
0.752502	2	1	4	945
0.752502	2	1	5	945
0.752602	2	1	4	945
0.752602	2	1	5	945
0.752702	2	1	4	945
0.752702	2	1	5	945
0.752802	2	1	4	945
0.752802	2	1	5	945
0.752902	2	1	4	945
0.752902	2	1	5	945
0.753002	2	1	4	945
0.753002	2	1	5	945
0.753102	2	1	4	945
0.753102	2	1	5	945
0.753202	2	1	4	945
0.753202	2	1	5	945
0.753302	2	1	4	945
0.753302	2	1	5	945
0.753402	2	1	4	945
0.753402	2	1	5	945
0.753502	2	1	4	945
0.753502	2	1	5	945
0.753602	2	1	4	945
0.753602	2	1	5	945
0.753702	2	1	4	945
0.753702	2	1	5	945
0.753802	2	1	4	945
0.753802	2	1	5	945
0.753902	2	1	4	945
0.753902	2	1	5	945
0.754002	2	1	4	945
0.754002	2	1	5	945
0.754102	2	1	4	945
0.754102	2	1	5	945
0.754202	2	1	4	945
0.754202	2	1	5	945
0.754302	2	1	4	945
0.754302	2	1	5	945
0.754402	2	1	4	945
0.754402	2	1	5	945
0.754502	2	1	4	945
0.754502	2	1	5	945
0.754602	2	1	4	945
0.754602	2	1	5	945
0.754702	2	1	4	945
0.754702	2	1	5	945
0.754802	2	1	4	945
0.754802	2	1	5	945
0.754902	2	1	4	945
0.754902	2	1	5	945
0.755002	2	1	4	945
0.755002	2	1	5	945
0.755102	2	1	4	945
0.755102	2	1	5	945
0.755202	2	1	4	945
0.755202	2	1	5	945
0.755302	2	1	4	945
0.755302	2	1	5	945
0.755402	2	1	4	945
0.755402	2	1	5	945
0.755502	2	1	4	945
0.755502	2	1	5	945
0.755602	2	1	4	945
0.755602	2	1	5	945
0.755702	2	1	4	945
0.755702	2	1	5	945
0.755802	2	1	4	945
0.755802	2	1	5	945
0.755902	2	1	4	945
0.755902	2	1	5	945
0.756002	2	1	4	945
0.756002	2	1	5	945
0.756102	2	1	4	945
0.756102	2	1	5	945
0.756202	2	1	4	945
0.756202	2	1	5	945
0.756302	2	1	4	945
0.756302	2	1	5	945
0.756402	2	1	4	945
0.756402	2	1	5	945
0.756502	2	1	4	945
0.756502	2	1	5	945
0.756602	2	1	4	945
0.756602	2	1	5	945
0.756702	2	1	4	945
0.756702	2	1	5	945
0.756802	2	1	4	945
0.756802	2	1	5	945
0.756902	2	1	4	945
0.756902	2	1	5	945
0.757002	2	1	4	945
0.757002	2	1	5	945
0.757102	2	1	4	945
0.757102	2	1	5	945
0.757202	2	1	4	945
0.757202	2	1	5	945
0.757302	2	1	4	945
0.757302	2	1	5	945
0.757402	2	1	4	945
0.757402	2	1	5	945
0.757502	2	1	4	945
0.757502	2	1	5	945
0.757602	2	1	4	945
0.757602	2	1	5	945
0.757702	2	1	4	945
0.757702	2	1	5	945
0.757802	2	1	4	945
0.757802	2	1	5	945
0.757902	2	1	4	945
0.757902	2	1	5	945
0.758002	2	1	4	945
0.758002	2	1	5	945
0.758102	2	1	4	945
0.758102	2	1	5	945
0.758202	2	1	4	945
0.758202	2	1	5	945
0.758302	2	1	4	945
0.758302	2	1	5	945
0.758402	2	1	4	945
0.758402	2	1	5	945
0.758502	2	1	4	945
0.758502	2	1	5	945
0.758602	2	1	4	945
0.758602	2	1	5	945
0.758702	2	1	4	945
0.758702	2	1	5	945
0.758802	2	1	4	945
0.758802	2	1	5	945
0.758902	2	1	4	945
0.758902	2	1	5	945
0.759002	2	1	4	945
0.759002	2	1	5	945
0.759102	2	1	4	945
0.759102	2	1	5	945
0.759202	2	1	4	945
0.759202	2	1	5	945
0.759302	2	1	4	945
0.759302	2	1	5	945
0.759402	2	1	4	945
0.759402	2	1	5	945
0.759502	2	1	4	945
0.759502	2	1	5	945
0.759602	2	1	4	945
0.759602	2	1	5	945
0.759702	2	1	4	945
0.759702	2	1	5	945
0.759802	2	1	4	945
0.759802	2	1	5	945
0.759902	2	1	4	945
0.759902	2	1	5	945
0.760002	2	1	4	945
0.760002	2	1	5	945
0.760102	2	1	4	945
0.760102	2	1	5	945
0.760202	2	1	4	945
0.760202	2	1	5	945
0.760302	2	1	4	945
0.760302	2	1	5	945
0.760402	2	1	4	945
0.760402	2	1	5	945
0.760502	2	1	4	945
0.760502	2	1	5	945
0.760602	2	1	4	945
0.760602	2	1	5	945
0.760702	2	1	4	945
0.760702	2	1	5	945
0.760802	2	1	4	945
0.760802	2	1	5	945
0.760902	2	1	4	945
0.760902	2	1	5	945
0.761002	2	1	4	945
0.761002	2	1	5	945
0.761102	2	1	4	945
0.761102	2	1	5	945
0.761202	2	1	4	945
0.761202	2	1	5	945
0.761302	2	1	4	945
0.761302	2	1	5	945
0.761402	2	1	4	945
0.761402	2	1	5	945
0.761502	2	1	4	945
0.761502	2	1	5	945
0.761602	2	1	4	945
0.761602	2	1	5	945
0.761702	2	1	4	945
0.761702	2	1	5	945
0.761802	2	1	4	945
0.761802	2	1	5	945
0.761902	2	1	4	945
0.761902	2	1	5	945
0.762002	2	1	4	945
0.762002	2	1	5	945
0.762102	2	1	4	945
0.762102	2	1	5	945
0.762202	2	1	4	945
0.762202	2	1	5	945
0.762302	2	1	4	945
0.762302	2	1	5	945
0.762402	2	1	4	945
0.762402	2	1	5	945
0.762502	2	1	4	945
0.762502	2	1	5	945
0.762602	2	1	4	945
0.762602	2	1	5	945
0.762702	2	1	4	945
0.762702	2	1	5	945
0.762802	2	1	4	945
0.762802	2	1	5	945
0.762902	2	1	4	945
0.762902	2	1	5	945
0.763002	2	1	4	945
0.763002	2	1	5	945
0.763102	2	1	4	945
0.763102	2	1	5	945
0.763202	2	1	4	945
0.763202	2	1	5	945
0.763302	2	1	4	945
0.763302	2	1	5	945
0.763402	2	1	4	945
0.763402	2	1	5	945
0.763502	2	1	4	945
0.763502	2	1	5	945
0.763602	2	1	4	945
0.763602	2	1	5	945
0.763702	2	1	4	945
0.763702	2	1	5	945
0.763802	2	1	4	945
0.763802	2	1	5	945
0.763902	2	1	4	945
0.763902	2	1	5	945
0.764002	2	1	4	945
0.764002	2	1	5	945
0.764102	2	1	4	945
0.764102	2	1	5	945
0.764202	2	1	4	945
0.764202	2	1	5	945
0.764302	2	1	4	945
0.764302	2	1	5	945
0.764402	2	1	4	945
0.764402	2	1	5	945
0.764502	2	1	4	945
0.764502	2	1	5	945
0.764602	2	1	4	945
0.764602	2	1	5	945
0.764702	2	1	4	945
0.764702	2	1	5	945
0.764802	2	1	4	945
0.764802	2	1	5	945
0.764902	2	1	4	945
0.764902	2	1	5	945
0.765002	2	1	4	945
0.765002	2	1	5	945
0.765102	2	1	4	945
0.765102	2	1	5	945
0.765202	2	1	4	945
0.765202	2	1	5	945
0.765302	2	1	4	945
0.765302	2	1	5	945
0.765402	2	1	4	945
0.765402	2	1	5	945
0.765502	2	1	4	945
0.765502	2	1	5	945
0.765602	2	1	4	945
0.765602	2	1	5	945
0.765702	2	1	4	945
0.765702	2	1	5	945
0.765802	2	1	4	945
0.765802	2	1	5	945
0.765902	2	1	4	945
0.765902	2	1	5	945
0.766002	2	1	4	945
0.766002	2	1	5	945
0.766102	2	1	4	945
0.766102	2	1	5	945
0.766202	2	1	4	945
0.766202	2	1	5	945
0.766302	2	1	4	945
0.766302	2	1	5	945
0.766402	2	1	4	945
0.766402	2	1	5	945
0.766502	2	1	4	945
0.766502	2	1	5	945
0.766602	2	1	4	945
0.766602	2	1	5	945
0.766702	2	1	4	945
0.766702	2	1	5	945
0.766802	2	1	4	945
0.766802	2	1	5	945
0.766902	2	1	4	945
0.766902	2	1	5	945
0.767002	2	1	4	945
0.767002	2	1	5	945
0.767102	2	1	4	945
0.767102	2	1	5	945
0.767202	2	1	4	945
0.767202	2	1	5	945
0.767302	2	1	4	945
0.767302	2	1	5	945
0.767402	2	1	4	945
0.767402	2	1	5	945
0.767502	2	1	4	945
0.767502	2	1	5	945
0.767602	2	1	4	945
0.767602	2	1	5	945
0.767702	2	1	4	945
0.767702	2	1	5	945
0.767802	2	1	4	945
0.767802	2	1	5	945
0.767902	2	1	4	945
0.767902	2	1	5	945
0.768002	2	1	4	945
0.768002	2	1	5	945
0.768102	2	1	4	945
0.768102	2	1	5	945
0.768202	2	1	4	945
0.768202	2	1	5	945
0.768302	2	1	4	945
0.768302	2	1	5	945
0.768402	2	1	4	945
0.768402	2	1	5	945
0.768502	2	1	4	945
0.768502	2	1	5	945
0.768602	2	1	4	945
0.768602	2	1	5	945
0.768702	2	1	4	945
0.768702	2	1	5	945
0.768802	2	1	4	945
0.768802	2	1	5	945
0.768902	2	1	4	945
0.768902	2	1	5	945
0.769002	2	1	4	945
0.769002	2	1	5	945
0.769102	2	1	4	945
0.769102	2	1	5	945
0.769202	2	1	4	945
0.769202	2	1	5	945
0.769302	2	1	4	945
0.769302	2	1	5	945
0.769402	2	1	4	945
0.769402	2	1	5	945
0.769502	2	1	4	945
0.769502	2	1	5	945
0.769602	2	1	4	945
0.769602	2	1	5	945
0.769702	2	1	4	945
0.769702	2	1	5	945
0.769802	2	1	4	945
0.769802	2	1	5	945
0.769902	2	1	4	945
0.769902	2	1	5	945
0.770002	2	1	4	945
0.770002	2	1	5	945
0.770102	2	1	4	945
0.770102	2	1	5	945
0.770202	2	1	4	945
0.770202	2	1	5	945
0.770302	2	1	4	945
0.770302	2	1	5	945
0.770402	2	1	4	945
0.770402	2	1	5	945
0.770502	2	1	4	945
0.770502	2	1	5	945
0.770602	2	1	4	945
0.770602	2	1	5	945
0.770702	2	1	4	945
0.770702	2	1	5	945
0.770802	2	1	4	945
0.770802	2	1	5	945
0.770902	2	1	4	945
0.770902	2	1	5	945
0.771002	2	1	4	945
0.771002	2	1	5	945
0.771102	2	1	4	945
0.771102	2	1	5	945
0.771202	2	1	4	945
0.771202	2	1	5	945
0.771302	2	1	4	945
0.771302	2	1	5	945
0.771402	2	1	4	945
0.771402	2	1	5	945
0.771502	2	1	4	945
0.771502	2	1	5	945
0.771602	2	1	4	945
0.771602	2	1	5	945
0.771702	2	1	4	945
0.771702	2	1	5	945
0.771802	2	1	4	945
0.771802	2	1	5	945
0.771902	2	1	4	945
0.771902	2	1	5	945
0.772002	2	1	4	945
0.772002	2	1	5	945
0.772102	2	1	4	945
0.772102	2	1	5	945
0.772202	2	1	4	945
0.772202	2	1	5	945
0.772302	2	1	4	945
0.772302	2	1	5	945
0.772402	2	1	4	945
0.772402	2	1	5	945
0.772502	2	1	4	945
0.772502	2	1	5	945
0.772602	2	1	4	945
0.772602	2	1	5	945
0.772702	2	1	4	945
0.772702	2	1	5	945
0.772802	2	1	4	945
0.772802	2	1	5	945
0.772902	2	1	4	945
0.772902	2	1	5	945
0.773002	2	1	4	945
0.773002	2	1	5	945
0.773102	2	1	4	945
0.773102	2	1	5	945
0.773202	2	1	4	945
0.773202	2	1	5	945
0.773302	2	1	4	945
0.773302	2	1	5	945
0.773402	2	1	4	945
0.773402	2	1	5	945
0.773502	2	1	4	945
0.773502	2	1	5	945
0.773602	2	1	4	945
0.773602	2	1	5	945
0.773702	2	1	4	945
0.773702	2	1	5	945
0.773802	2	1	4	945
0.773802	2	1	5	945
0.773902	2	1	4	945
0.773902	2	1	5	945
0.774002	2	1	4	945
0.774002	2	1	5	945
0.774102	2	1	4	945
0.774102	2	1	5	945
0.774202	2	1	4	945
0.774202	2	1	5	945
0.774302	2	1	4	945
0.774302	2	1	5	945
0.774402	2	1	4	945
0.774402	2	1	5	945
0.774502	2	1	4	945
0.774502	2	1	5	945
0.774602	2	1	4	945
0.774602	2	1	5	945
0.774702	2	1	4	945
0.774702	2	1	5	945
0.774802	2	1	4	945
0.774802	2	1	5	945
0.774902	2	1	4	945
0.774902	2	1	5	945
0.775002	2	1	4	945
0.775002	2	1	5	945
0.775102	2	1	4	945
0.775102	2	1	5	945
0.775202	2	1	4	945
0.775202	2	1	5	945
0.775302	2	1	4	945
0.775302	2	1	5	945
0.775402	2	1	4	945
0.775402	2	1	5	945
0.775502	2	1	4	945
0.775502	2	1	5	945
0.775602	2	1	4	945
0.775602	2	1	5	945
0.775702	2	1	4	945
0.775702	2	1	5	945
0.775802	2	1	4	945
0.775802	2	1	5	945
0.775902	2	1	4	945
0.775902	2	1	5	945
0.776002	2	1	4	945
0.776002	2	1	5	945
0.776102	2	1	4	945
0.776102	2	1	5	945
0.776202	2	1	4	945
0.776202	2	1	5	945
0.776302	2	1	4	945
0.776302	2	1	5	945
0.776402	2	1	4	945
0.776402	2	1	5	945
0.776502	2	1	4	945
0.776502	2	1	5	945
0.776602	2	1	4	945
0.776602	2	1	5	945
0.776702	2	1	4	945
0.776702	2	1	5	945
0.776802	2	1	4	945
0.776802	2	1	5	945
0.776902	2	1	4	945
0.776902	2	1	5	945
0.777002	2	1	4	945
0.777002	2	1	5	945
0.777102	2	1	4	945
0.777102	2	1	5	945
0.777202	2	1	4	945
0.777202	2	1	5	945
0.777302	2	1	4	945
0.777302	2	1	5	945
0.777402	2	1	4	945
0.777402	2	1	5	945
0.777502	2	1	4	945
0.777502	2	1	5	945
0.777602	2	1	4	945
0.777602	2	1	5	945
0.777702	2	1	4	945
0.777702	2	1	5	945
0.777802	2	1	4	945
0.777802	2	1	5	945
0.777902	2	1	4	945
0.777902	2	1	5	945
0.778002	2	1	4	945
0.778002	2	1	5	945
0.778102	2	1	4	945
0.778102	2	1	5	945
0.778202	2	1	4	945
0.778202	2	1	5	945
0.778302	2	1	4	945
0.778302	2	1	5	945
0.778402	2	1	4	945
0.778402	2	1	5	945
0.778502	2	1	4	945
0.778502	2	1	5	945
0.778602	2	1	4	945
0.778602	2	1	5	945
0.778702	2	1	4	945
0.778702	2	1	5	945
0.778802	2	1	4	945
0.778802	2	1	5	945
0.778902	2	1	4	945
0.778902	2	1	5	945
0.779002	2	1	4	945
0.779002	2	1	5	945
0.779102	2	1	4	945
0.779102	2	1	5	945
0.779202	2	1	4	945
0.779202	2	1	5	945
0.779302	2	1	4	945
0.779302	2	1	5	945
0.779402	2	1	4	945
0.779402	2	1	5	945
0.779502	2	1	4	945
0.779502	2	1	5	945
0.779602	2	1	4	945
0.779602	2	1	5	945
0.779702	2	1	4	945
0.779702	2	1	5	945
0.779802	2	1	4	945
0.779802	2	1	5	945
0.779902	2	1	4	945
0.779902	2	1	5	945
0.780002	2	1	4	945
0.780002	2	1	5	945
0.780102	2	1	4	945
0.780102	2	1	5	945
0.780202	2	1	4	945
0.780202	2	1	5	945
0.780302	2	1	4	945
0.780302	2	1	5	945
0.780402	2	1	4	945
0.780402	2	1	5	945
0.780502	2	1	4	945
0.780502	2	1	5	945
0.780602	2	1	4	945
0.780602	2	1	5	945
0.780702	2	1	4	945
0.780702	2	1	5	945
0.780802	2	1	4	945
0.780802	2	1	5	945
0.780902	2	1	4	945
0.780902	2	1	5	945
0.781002	2	1	4	945
0.781002	2	1	5	945
0.781102	2	1	4	945
0.781102	2	1	5	945
0.781202	2	1	4	945
0.781202	2	1	5	945
0.781302	2	1	4	945
0.781302	2	1	5	945
0.781402	2	1	4	945
0.781402	2	1	5	945
0.781502	2	1	4	945
0.781502	2	1	5	945
0.781602	2	1	4	945
0.781602	2	1	5	945
0.781702	2	1	4	945
0.781702	2	1	5	945
0.781802	2	1	4	945
0.781802	2	1	5	945
0.781902	2	1	4	945
0.781902	2	1	5	945
0.782002	2	1	4	945
0.782002	2	1	5	945
0.782102	2	1	4	945
0.782102	2	1	5	945
0.782202	2	1	4	945
0.782202	2	1	5	945
0.782302	2	1	4	945
0.782302	2	1	5	945
0.782402	2	1	4	945
0.782402	2	1	5	945
0.782502	2	1	4	945
0.782502	2	1	5	945
0.782602	2	1	4	945
0.782602	2	1	5	945
0.782702	2	1	4	945
0.782702	2	1	5	945
0.782802	2	1	4	945
0.782802	2	1	5	945
0.782902	2	1	4	945
0.782902	2	1	5	945
0.783002	2	1	4	945
0.783002	2	1	5	945
0.783102	2	1	4	945
0.783102	2	1	5	945
0.783202	2	1	4	945
0.783202	2	1	5	945
0.783302	2	1	4	945
0.783302	2	1	5	945
0.783402	2	1	4	945
0.783402	2	1	5	945
0.783502	2	1	4	945
0.783502	2	1	5	945
0.783602	2	1	4	945
0.783602	2	1	5	945
0.783702	2	1	4	945
0.783702	2	1	5	945
0.783802	2	1	4	945
0.783802	2	1	5	945
0.783902	2	1	4	945
0.783902	2	1	5	945
0.784002	2	1	4	945
0.784002	2	1	5	945
0.784102	2	1	4	945
0.784102	2	1	5	945
0.784202	2	1	4	945
0.784202	2	1	5	945
0.784302	2	1	4	945
0.784302	2	1	5	945
0.784402	2	1	4	945
0.784402	2	1	5	945
0.784502	2	1	4	945
0.784502	2	1	5	945
0.784602	2	1	4	945
0.784602	2	1	5	945
0.784702	2	1	4	945
0.784702	2	1	5	945
0.784802	2	1	4	945
0.784802	2	1	5	945
0.784902	2	1	4	945
0.784902	2	1	5	945
0.785002	2	1	4	945
0.785002	2	1	5	945
0.785102	2	1	4	945
0.785102	2	1	5	945
0.785202	2	1	4	945
0.785202	2	1	5	945
0.785302	2	1	4	945
0.785302	2	1	5	945
0.785402	2	1	4	945
0.785402	2	1	5	945
0.785502	2	1	4	945
0.785502	2	1	5	945
0.785602	2	1	4	945
0.785602	2	1	5	945
0.785702	2	1	4	945
0.785702	2	1	5	945
0.785802	2	1	4	945
0.785802	2	1	5	945
0.785902	2	1	4	945
0.785902	2	1	5	945
0.786002	2	1	4	945
0.786002	2	1	5	945
0.786102	2	1	4	945
0.786102	2	1	5	945
0.786202	2	1	4	945
0.786202	2	1	5	945
0.786302	2	1	4	945
0.786302	2	1	5	945
0.786402	2	1	4	945
0.786402	2	1	5	945
0.786502	2	1	4	945
0.786502	2	1	5	945
0.786602	2	1	4	945
0.786602	2	1	5	945
0.786702	2	1	4	945
0.786702	2	1	5	945
0.786802	2	1	4	945
0.786802	2	1	5	945
0.786902	2	1	4	945
0.786902	2	1	5	945
0.787002	2	1	4	945
0.787002	2	1	5	945
0.787102	2	1	4	945
0.787102	2	1	5	945
0.787202	2	1	4	945
0.787202	2	1	5	945
0.787302	2	1	4	945
0.787302	2	1	5	945
0.787402	2	1	4	945
0.787402	2	1	5	945
0.787502	2	1	4	945
0.787502	2	1	5	945
0.787602	2	1	4	945
0.787602	2	1	5	945
0.787702	2	1	4	945
0.787702	2	1	5	945
0.787802	2	1	4	945
0.787802	2	1	5	945
0.787902	2	1	4	945
0.787902	2	1	5	945
0.788002	2	1	4	945
0.788002	2	1	5	945
0.788102	2	1	4	945
0.788102	2	1	5	945
0.788202	2	1	4	945
0.788202	2	1	5	945
0.788302	2	1	4	945
0.788302	2	1	5	945
0.788402	2	1	4	945
0.788402	2	1	5	945
0.788502	2	1	4	945
0.788502	2	1	5	945
0.788602	2	1	4	945
0.788602	2	1	5	945
0.788702	2	1	4	945
0.788702	2	1	5	945
0.788802	2	1	4	945
0.788802	2	1	5	945
0.788902	2	1	4	945
0.788902	2	1	5	945
0.789002	2	1	4	945
0.789002	2	1	5	945
0.789102	2	1	4	945
0.789102	2	1	5	945
0.789202	2	1	4	945
0.789202	2	1	5	945
0.789302	2	1	4	945
0.789302	2	1	5	945
0.789402	2	1	4	945
0.789402	2	1	5	945
0.789502	2	1	4	945
0.789502	2	1	5	945
0.789602	2	1	4	945
0.789602	2	1	5	945
0.789702	2	1	4	945
0.789702	2	1	5	945
0.789802	2	1	4	945
0.789802	2	1	5	945
0.789902	2	1	4	945
0.789902	2	1	5	945
0.790002	2	1	4	945
0.790002	2	1	5	945
0.790102	2	1	4	945
0.790102	2	1	5	945
0.790202	2	1	4	945
0.790202	2	1	5	945
0.790302	2	1	4	945
0.790302	2	1	5	945
0.790402	2	1	4	945
0.790402	2	1	5	945
0.790502	2	1	4	945
0.790502	2	1	5	945
0.790602	2	1	4	945
0.790602	2	1	5	945
0.790702	2	1	4	945
0.790702	2	1	5	945
0.790802	2	1	4	945
0.790802	2	1	5	945
0.790902	2	1	4	945
0.790902	2	1	5	945
0.791002	2	1	4	945
0.791002	2	1	5	945
0.791102	2	1	4	945
0.791102	2	1	5	945
0.791202	2	1	4	945
0.791202	2	1	5	945
0.791302	2	1	4	945
0.791302	2	1	5	945
0.791402	2	1	4	945
0.791402	2	1	5	945
0.791502	2	1	4	945
0.791502	2	1	5	945
0.791602	2	1	4	945
0.791602	2	1	5	945
0.791702	2	1	4	945
0.791702	2	1	5	945
0.791802	2	1	4	945
0.791802	2	1	5	945
0.791902	2	1	4	945
0.791902	2	1	5	945
0.792002	2	1	4	945
0.792002	2	1	5	945
0.792102	2	1	4	945
0.792102	2	1	5	945
0.792202	2	1	4	945
0.792202	2	1	5	945
0.792302	2	1	4	945
0.792302	2	1	5	945
0.792402	2	1	4	945
0.792402	2	1	5	945
0.792502	2	1	4	945
0.792502	2	1	5	945
0.792602	2	1	4	945
0.792602	2	1	5	945
0.792702	2	1	4	945
0.792702	2	1	5	945
0.792802	2	1	4	945
0.792802	2	1	5	945
0.792902	2	1	4	945
0.792902	2	1	5	945
0.793002	2	1	4	945
0.793002	2	1	5	945
0.793102	2	1	4	945
0.793102	2	1	5	945
0.793202	2	1	4	945
0.793202	2	1	5	945
0.793302	2	1	4	945
0.793302	2	1	5	945
0.793402	2	1	4	945
0.793402	2	1	5	945
0.793502	2	1	4	945
0.793502	2	1	5	945
0.793602	2	1	4	945
0.793602	2	1	5	945
0.793702	2	1	4	945
0.793702	2	1	5	945
0.793802	2	1	4	945
0.793802	2	1	5	945
0.793902	2	1	4	945
0.793902	2	1	5	945
0.794002	2	1	4	945
0.794002	2	1	5	945
0.794102	2	1	4	945
0.794102	2	1	5	945
0.794202	2	1	4	945
0.794202	2	1	5	945
0.794302	2	1	4	945
0.794302	2	1	5	945
0.794402	2	1	4	945
0.794402	2	1	5	945
0.794502	2	1	4	945
0.794502	2	1	5	945
0.794602	2	1	4	945
0.794602	2	1	5	945
0.794702	2	1	4	945
0.794702	2	1	5	945
0.794802	2	1	4	945
0.794802	2	1	5	945
0.794902	2	1	4	945
0.794902	2	1	5	945
0.795002	2	1	4	945
0.795002	2	1	5	945
0.795102	2	1	4	945
0.795102	2	1	5	945
0.795202	2	1	4	945
0.795202	2	1	5	945
0.795302	2	1	4	945
0.795302	2	1	5	945
0.795402	2	1	4	945
0.795402	2	1	5	945
0.795502	2	1	4	945
0.795502	2	1	5	945
0.795602	2	1	4	945
0.795602	2	1	5	945
0.795702	2	1	4	945
0.795702	2	1	5	945
0.795802	2	1	4	945
0.795802	2	1	5	945
0.795902	2	1	4	945
0.795902	2	1	5	945
0.796002	2	1	4	945
0.796002	2	1	5	945
0.796102	2	1	4	945
0.796102	2	1	5	945
0.796202	2	1	4	945
0.796202	2	1	5	945
0.796302	2	1	4	945
0.796302	2	1	5	945
0.796402	2	1	4	945
0.796402	2	1	5	945
0.796502	2	1	4	945
0.796502	2	1	5	945
0.796602	2	1	4	945
0.796602	2	1	5	945
0.796702	2	1	4	945
0.796702	2	1	5	945
0.796802	2	1	4	945
0.796802	2	1	5	945
0.796902	2	1	4	945
0.796902	2	1	5	945
0.797002	2	1	4	945
0.797002	2	1	5	945
0.797102	2	1	4	945
0.797102	2	1	5	945
0.797202	2	1	4	945
0.797202	2	1	5	945
0.797302	2	1	4	945
0.797302	2	1	5	945
0.797402	2	1	4	945
0.797402	2	1	5	945
0.797502	2	1	4	945
0.797502	2	1	5	945
0.797602	2	1	4	945
0.797602	2	1	5	945
0.797702	2	1	4	945
0.797702	2	1	5	945
0.797802	2	1	4	945
0.797802	2	1	5	945
0.797902	2	1	4	945
0.797902	2	1	5	945
0.798002	2	1	4	945
0.798002	2	1	5	945
0.798102	2	1	4	945
0.798102	2	1	5	945
0.798202	2	1	4	945
0.798202	2	1	5	945
0.798302	2	1	4	945
0.798302	2	1	5	945
0.798402	2	1	4	945
0.798402	2	1	5	945
0.798502	2	1	4	945
0.798502	2	1	5	945
0.798602	2	1	4	945
0.798602	2	1	5	945
0.798702	2	1	4	945
0.798702	2	1	5	945
0.798802	2	1	4	945
0.798802	2	1	5	945
0.798902	2	1	4	945
0.798902	2	1	5	945
0.799002	2	1	4	945
0.799002	2	1	5	945
0.799102	2	1	4	945
0.799102	2	1	5	945
0.799202	2	1	4	945
0.799202	2	1	5	945
0.799302	2	1	4	945
0.799302	2	1	5	945
0.799402	2	1	4	945
0.799402	2	1	5	945
0.799502	2	1	4	945
0.799502	2	1	5	945
0.799602	2	1	4	945
0.799602	2	1	5	945
0.799702	2	1	4	945
0.799702	2	1	5	945
0.799802	2	1	4	945
0.799802	2	1	5	945
0.799902	2	1	4	945
0.799902	2	1	5	945
0.800002	2	1	4	945
0.800002	2	1	5	945
0.800102	2	1	4	945
0.800102	2	1	5	945
0.800202	2	1	4	945
0.800202	2	1	5	945
0.800302	2	1	4	945
0.800302	2	1	5	945
0.800402	2	1	4	945
0.800402	2	1	5	945
0.800502	2	1	4	945
0.800502	2	1	5	945
0.800602	2	1	4	945
0.800602	2	1	5	945
0.800702	2	1	4	945
0.800702	2	1	5	945
0.800802	2	1	4	945
0.800802	2	1	5	945
0.800902	2	1	4	945
0.800902	2	1	5	945
0.801002	2	1	4	945
0.801002	2	1	5	945
0.801102	2	1	4	945
0.801102	2	1	5	945
0.801202	2	1	4	945
0.801202	2	1	5	945
0.801302	2	1	4	945
0.801302	2	1	5	945
0.801402	2	1	4	945
0.801402	2	1	5	945
0.801502	2	1	4	945
0.801502	2	1	5	945
0.801602	2	1	4	945
0.801602	2	1	5	945
0.801702	2	1	4	945
0.801702	2	1	5	945
0.801802	2	1	4	945
0.801802	2	1	5	945
0.801902	2	1	4	945
0.801902	2	1	5	945
0.802002	2	1	4	945
0.802002	2	1	5	945
0.802102	2	1	4	945
0.802102	2	1	5	945
0.802202	2	1	4	945
0.802202	2	1	5	945
0.802302	2	1	4	945
0.802302	2	1	5	945
0.802402	2	1	4	945
0.802402	2	1	5	945
0.802502	2	1	4	945
0.802502	2	1	5	945
0.802602	2	1	4	945
0.802602	2	1	5	945
0.802702	2	1	4	945
0.802702	2	1	5	945
0.802802	2	1	4	945
0.802802	2	1	5	945
0.802902	2	1	4	945
0.802902	2	1	5	945
0.803002	2	1	4	945
0.803002	2	1	5	945
0.803102	2	1	4	945
0.803102	2	1	5	945
0.803202	2	1	4	945
0.803202	2	1	5	945
0.803302	2	1	4	945
0.803302	2	1	5	945
0.803402	2	1	4	945
0.803402	2	1	5	945
0.803502	2	1	4	945
0.803502	2	1	5	945
0.803602	2	1	4	945
0.803602	2	1	5	945
0.803702	2	1	4	945
0.803702	2	1	5	945
0.803802	2	1	4	945
0.803802	2	1	5	945
0.803902	2	1	4	945
0.803902	2	1	5	945
0.804002	2	1	4	945
0.804002	2	1	5	945
0.804102	2	1	4	945
0.804102	2	1	5	945
0.804202	2	1	4	945
0.804202	2	1	5	945
0.804302	2	1	4	945
0.804302	2	1	5	945
0.804402	2	1	4	945
0.804402	2	1	5	945
0.804502	2	1	4	945
0.804502	2	1	5	945
0.804602	2	1	4	945
0.804602	2	1	5	945
0.804702	2	1	4	945
0.804702	2	1	5	945
0.804802	2	1	4	945
0.804802	2	1	5	945
0.804902	2	1	4	945
0.804902	2	1	5	945
0.805002	2	1	4	945
0.805002	2	1	5	945
0.805102	2	1	4	945
0.805102	2	1	5	945
0.805202	2	1	4	945
0.805202	2	1	5	945
0.805302	2	1	4	945
0.805302	2	1	5	945
0.805402	2	1	4	945
0.805402	2	1	5	945
0.805502	2	1	4	945
0.805502	2	1	5	945
0.805602	2	1	4	945
0.805602	2	1	5	945
0.805702	2	1	4	945
0.805702	2	1	5	945
0.805802	2	1	4	945
0.805802	2	1	5	945
0.805902	2	1	4	945
0.805902	2	1	5	945
0.806002	2	1	4	945
0.806002	2	1	5	945
0.806102	2	1	4	945
0.806102	2	1	5	945
0.806202	2	1	4	945
0.806202	2	1	5	945
0.806302	2	1	4	945
0.806302	2	1	5	945
0.806402	2	1	4	945
0.806402	2	1	5	945
0.806502	2	1	4	945
0.806502	2	1	5	945
0.806602	2	1	4	945
0.806602	2	1	5	945
0.806702	2	1	4	945
0.806702	2	1	5	945
0.806802	2	1	4	945
0.806802	2	1	5	945
0.806902	2	1	4	945
0.806902	2	1	5	945
0.807002	2	1	4	945
0.807002	2	1	5	945
0.807102	2	1	4	945
0.807102	2	1	5	945
0.807202	2	1	4	945
0.807202	2	1	5	945
0.807302	2	1	4	945
0.807302	2	1	5	945
0.807402	2	1	4	945
0.807402	2	1	5	945
0.807502	2	1	4	945
0.807502	2	1	5	945
0.807602	2	1	4	945
0.807602	2	1	5	945
0.807702	2	1	4	945
0.807702	2	1	5	945
0.807802	2	1	4	945
0.807802	2	1	5	945
0.807902	2	1	4	945
0.807902	2	1	5	945
0.808002	2	1	4	945
0.808002	2	1	5	945
0.808102	2	1	4	945
0.808102	2	1	5	945
0.808202	2	1	4	945
0.808202	2	1	5	945
0.808302	2	1	4	945
0.808302	2	1	5	945
0.808402	2	1	4	945
0.808402	2	1	5	945
0.808502	2	1	4	945
0.808502	2	1	5	945
0.808602	2	1	4	945
0.808602	2	1	5	945
0.808702	2	1	4	945
0.808702	2	1	5	945
0.808802	2	1	4	945
0.808802	2	1	5	945
0.808902	2	1	4	945
0.808902	2	1	5	945
0.809002	2	1	4	945
0.809002	2	1	5	945
0.809102	2	1	4	945
0.809102	2	1	5	945
0.809202	2	1	4	945
0.809202	2	1	5	945
0.809302	2	1	4	945
0.809302	2	1	5	945
0.809402	2	1	4	945
0.809402	2	1	5	945
0.809502	2	1	4	945
0.809502	2	1	5	945
0.809602	2	1	4	945
0.809602	2	1	5	945
0.809702	2	1	4	945
0.809702	2	1	5	945
0.809802	2	1	4	945
0.809802	2	1	5	945
0.809902	2	1	4	945
0.809902	2	1	5	945
0.810002	2	1	4	945
0.810002	2	1	5	945
0.810102	2	1	4	945
0.810102	2	1	5	945
0.810202	2	1	4	945
0.810202	2	1	5	945
0.810302	2	1	4	945
0.810302	2	1	5	945
0.810402	2	1	4	945
0.810402	2	1	5	945
0.810502	2	1	4	945
0.810502	2	1	5	945
0.810602	2	1	4	945
0.810602	2	1	5	945
0.810702	2	1	4	945
0.810702	2	1	5	945
0.810802	2	1	4	945
0.810802	2	1	5	945
0.810902	2	1	4	945
0.810902	2	1	5	945
0.811002	2	1	4	945
0.811002	2	1	5	945
0.811102	2	1	4	945
0.811102	2	1	5	945
0.811202	2	1	4	945
0.811202	2	1	5	945
0.811302	2	1	4	945
0.811302	2	1	5	945
0.811402	2	1	4	945
0.811402	2	1	5	945
0.811502	2	1	4	945
0.811502	2	1	5	945
0.811602	2	1	4	945
0.811602	2	1	5	945
0.811702	2	1	4	945
0.811702	2	1	5	945
0.811802	2	1	4	945
0.811802	2	1	5	945
0.811902	2	1	4	945
0.811902	2	1	5	945
0.812002	2	1	4	945
0.812002	2	1	5	945
0.812102	2	1	4	945
0.812102	2	1	5	945
0.812202	2	1	4	945
0.812202	2	1	5	945
0.812302	2	1	4	945
0.812302	2	1	5	945
0.812402	2	1	4	945
0.812402	2	1	5	945
0.812502	2	1	4	945
0.812502	2	1	5	945
0.812602	2	1	4	945
0.812602	2	1	5	945
0.812702	2	1	4	945
0.812702	2	1	5	945
0.812802	2	1	4	945
0.812802	2	1	5	945
0.812902	2	1	4	945
0.812902	2	1	5	945
0.813002	2	1	4	945
0.813002	2	1	5	945
0.813102	2	1	4	945
0.813102	2	1	5	945
0.813202	2	1	4	945
0.813202	2	1	5	945
0.813302	2	1	4	945
0.813302	2	1	5	945
0.813402	2	1	4	945
0.813402	2	1	5	945
0.813502	2	1	4	945
0.813502	2	1	5	945
0.813602	2	1	4	945
0.813602	2	1	5	945
0.813702	2	1	4	945
0.813702	2	1	5	945
0.813802	2	1	4	945
0.813802	2	1	5	945
0.813902	2	1	4	945
0.813902	2	1	5	945
0.814002	2	1	4	945
0.814002	2	1	5	945
0.814102	2	1	4	945
0.814102	2	1	5	945
0.814202	2	1	4	945
0.814202	2	1	5	945
0.814302	2	1	4	945
0.814302	2	1	5	945
0.814402	2	1	4	945
0.814402	2	1	5	945
0.814502	2	1	4	945
0.814502	2	1	5	945
0.814602	2	1	4	945
0.814602	2	1	5	945
0.814702	2	1	4	945
0.814702	2	1	5	945
0.814802	2	1	4	945
0.814802	2	1	5	945
0.814902	2	1	4	945
0.814902	2	1	5	945
0.815002	2	1	4	945
0.815002	2	1	5	945
0.815102	2	1	4	945
0.815102	2	1	5	945
0.815202	2	1	4	945
0.815202	2	1	5	945
0.815302	2	1	4	945
0.815302	2	1	5	945
0.815402	2	1	4	945
0.815402	2	1	5	945
0.815502	2	1	4	945
0.815502	2	1	5	945
0.815602	2	1	4	945
0.815602	2	1	5	945
0.815702	2	1	4	945
0.815702	2	1	5	945
0.815802	2	1	4	945
0.815802	2	1	5	945
0.815902	2	1	4	945
0.815902	2	1	5	945
0.816002	2	1	4	945
0.816002	2	1	5	945
0.816102	2	1	4	945
0.816102	2	1	5	945
0.816202	2	1	4	945
0.816202	2	1	5	945
0.816302	2	1	4	945
0.816302	2	1	5	945
0.816402	2	1	4	945
0.816402	2	1	5	945
0.816502	2	1	4	945
0.816502	2	1	5	945
0.816602	2	1	4	945
0.816602	2	1	5	945
0.816702	2	1	4	945
0.816702	2	1	5	945
0.816802	2	1	4	945
0.816802	2	1	5	945
0.816902	2	1	4	945
0.816902	2	1	5	945
0.817002	2	1	4	945
0.817002	2	1	5	945
0.817102	2	1	4	945
0.817102	2	1	5	945
0.817202	2	1	4	945
0.817202	2	1	5	945
0.817302	2	1	4	945
0.817302	2	1	5	945
0.817402	2	1	4	945
0.817402	2	1	5	945
0.817502	2	1	4	945
0.817502	2	1	5	945
0.817602	2	1	4	945
0.817602	2	1	5	945
0.817702	2	1	4	945
0.817702	2	1	5	945
0.817802	2	1	4	945
0.817802	2	1	5	945
0.817902	2	1	4	945
0.817902	2	1	5	945
0.818002	2	1	4	945
0.818002	2	1	5	945
0.818102	2	1	4	945
0.818102	2	1	5	945
0.818202	2	1	4	945
0.818202	2	1	5	945
0.818302	2	1	4	945
0.818302	2	1	5	945
0.818402	2	1	4	945
0.818402	2	1	5	945
0.818502	2	1	4	945
0.818502	2	1	5	945
0.818602	2	1	4	945
0.818602	2	1	5	945
0.818702	2	1	4	945
0.818702	2	1	5	945
0.818802	2	1	4	945
0.818802	2	1	5	945
0.818902	2	1	4	945
0.818902	2	1	5	945
0.819002	2	1	4	945
0.819002	2	1	5	945
0.819102	2	1	4	945
0.819102	2	1	5	945
0.819202	2	1	4	945
0.819202	2	1	5	945
0.819302	2	1	4	945
0.819302	2	1	5	945
0.819402	2	1	4	945
0.819402	2	1	5	945
0.819502	2	1	4	945
0.819502	2	1	5	945
0.819602	2	1	4	945
0.819602	2	1	5	945
0.819702	2	1	4	945
0.819702	2	1	5	945
0.819802	2	1	4	945
0.819802	2	1	5	945
0.819902	2	1	4	945
0.819902	2	1	5	945
0.820002	2	1	4	945
0.820002	2	1	5	945
0.820102	2	1	4	945
0.820102	2	1	5	945
0.820202	2	1	4	945
0.820202	2	1	5	945
0.820302	2	1	4	945
0.820302	2	1	5	945
0.820402	2	1	4	945
0.820402	2	1	5	945
0.820502	2	1	4	945
0.820502	2	1	5	945
0.820602	2	1	4	945
0.820602	2	1	5	945
0.820702	2	1	4	945
0.820702	2	1	5	945
0.820802	2	1	4	945
0.820802	2	1	5	945
0.820902	2	1	4	945
0.820902	2	1	5	945
0.821002	2	1	4	945
0.821002	2	1	5	945
0.821102	2	1	4	945
0.821102	2	1	5	945
0.821202	2	1	4	945
0.821202	2	1	5	945
0.821302	2	1	4	945
0.821302	2	1	5	945
0.821402	2	1	4	945
0.821402	2	1	5	945
0.821502	2	1	4	945
0.821502	2	1	5	945
0.821602	2	1	4	945
0.821602	2	1	5	945
0.821702	2	1	4	945
0.821702	2	1	5	945
0.821802	2	1	4	945
0.821802	2	1	5	945
0.821902	2	1	4	945
0.821902	2	1	5	945
0.822002	2	1	4	945
0.822002	2	1	5	945
0.822102	2	1	4	945
0.822102	2	1	5	945
0.822202	2	1	4	945
0.822202	2	1	5	945
0.822302	2	1	4	945
0.822302	2	1	5	945
0.822402	2	1	4	945
0.822402	2	1	5	945
0.822502	2	1	4	945
0.822502	2	1	5	945
0.822602	2	1	4	945
0.822602	2	1	5	945
0.822702	2	1	4	945
0.822702	2	1	5	945
0.822802	2	1	4	945
0.822802	2	1	5	945
0.822902	2	1	4	945
0.822902	2	1	5	945
0.823002	2	1	4	945
0.823002	2	1	5	945
0.823102	2	1	4	945
0.823102	2	1	5	945
0.823202	2	1	4	945
0.823202	2	1	5	945
0.823302	2	1	4	945
0.823302	2	1	5	945
0.823402	2	1	4	945
0.823402	2	1	5	945
0.823502	2	1	4	945
0.823502	2	1	5	945
0.823602	2	1	4	945
0.823602	2	1	5	945
0.823702	2	1	4	945
0.823702	2	1	5	945
0.823802	2	1	4	945
0.823802	2	1	5	945
0.823902	2	1	4	945
0.823902	2	1	5	945
0.824002	2	1	4	945
0.824002	2	1	5	945
0.824102	2	1	4	945
0.824102	2	1	5	945
0.824202	2	1	4	945
0.824202	2	1	5	945
0.824302	2	1	4	945
0.824302	2	1	5	945
0.824402	2	1	4	945
0.824402	2	1	5	945
0.824502	2	1	4	945
0.824502	2	1	5	945
0.824602	2	1	4	945
0.824602	2	1	5	945
0.824702	2	1	4	945
0.824702	2	1	5	945
0.824802	2	1	4	945
0.824802	2	1	5	945
0.824902	2	1	4	945
0.824902	2	1	5	945
0.825002	2	1	4	945
0.825002	2	1	5	945
0.825102	2	1	4	945
0.825102	2	1	5	945
0.825202	2	1	4	945
0.825202	2	1	5	945
0.825302	2	1	4	945
0.825302	2	1	5	945
0.825402	2	1	4	945
0.825402	2	1	5	945
0.825502	2	1	4	945
0.825502	2	1	5	945
0.825602	2	1	4	945
0.825602	2	1	5	945
0.825702	2	1	4	945
0.825702	2	1	5	945
0.825802	2	1	4	945
0.825802	2	1	5	945
0.825902	2	1	4	945
0.825902	2	1	5	945
0.826002	2	1	4	945
0.826002	2	1	5	945
0.826102	2	1	4	945
0.826102	2	1	5	945
0.826202	2	1	4	945
0.826202	2	1	5	945
0.826302	2	1	4	945
0.826302	2	1	5	945
0.826402	2	1	4	945
0.826402	2	1	5	945
0.826502	2	1	4	945
0.826502	2	1	5	945
0.826602	2	1	4	945
0.826602	2	1	5	945
0.826702	2	1	4	945
0.826702	2	1	5	945
0.826802	2	1	4	945
0.826802	2	1	5	945
0.826902	2	1	4	945
0.826902	2	1	5	945
0.827002	2	1	4	945
0.827002	2	1	5	945
0.827102	2	1	4	945
0.827102	2	1	5	945
0.827202	2	1	4	945
0.827202	2	1	5	945
0.827302	2	1	4	945
0.827302	2	1	5	945
0.827402	2	1	4	945
0.827402	2	1	5	945
0.827502	2	1	4	945
0.827502	2	1	5	945
0.827602	2	1	4	945
0.827602	2	1	5	945
0.827702	2	1	4	945
0.827702	2	1	5	945
0.827802	2	1	4	945
0.827802	2	1	5	945
0.827902	2	1	4	945
0.827902	2	1	5	945
0.828002	2	1	4	945
0.828002	2	1	5	945
0.828102	2	1	4	945
0.828102	2	1	5	945
0.828202	2	1	4	945
0.828202	2	1	5	945
0.828302	2	1	4	945
0.828302	2	1	5	945
0.828402	2	1	4	945
0.828402	2	1	5	945
0.828502	2	1	4	945
0.828502	2	1	5	945
0.828602	2	1	4	945
0.828602	2	1	5	945
0.828702	2	1	4	945
0.828702	2	1	5	945
0.828802	2	1	4	945
0.828802	2	1	5	945
0.828902	2	1	4	945
0.828902	2	1	5	945
0.829002	2	1	4	945
0.829002	2	1	5	945
0.829102	2	1	4	945
0.829102	2	1	5	945
0.829202	2	1	4	945
0.829202	2	1	5	945
0.829302	2	1	4	945
0.829302	2	1	5	945
0.829402	2	1	4	945
0.829402	2	1	5	945
0.829502	2	1	4	945
0.829502	2	1	5	945
0.829602	2	1	4	945
0.829602	2	1	5	945
0.829702	2	1	4	945
0.829702	2	1	5	945
0.829802	2	1	4	945
0.829802	2	1	5	945
0.829902	2	1	4	945
0.829902	2	1	5	945
0.830002	2	1	4	945
0.830002	2	1	5	945
0.830102	2	1	4	945
0.830102	2	1	5	945
0.830202	2	1	4	945
0.830202	2	1	5	945
0.830302	2	1	4	945
0.830302	2	1	5	945
0.830402	2	1	4	945
0.830402	2	1	5	945
0.830502	2	1	4	945
0.830502	2	1	5	945
0.830602	2	1	4	945
0.830602	2	1	5	945
0.830702	2	1	4	945
0.830702	2	1	5	945
0.830802	2	1	4	945
0.830802	2	1	5	945
0.830902	2	1	4	945
0.830902	2	1	5	945
0.831002	2	1	4	945
0.831002	2	1	5	945
0.831102	2	1	4	945
0.831102	2	1	5	945
0.831202	2	1	4	945
0.831202	2	1	5	945
0.831302	2	1	4	945
0.831302	2	1	5	945
0.831402	2	1	4	945
0.831402	2	1	5	945
0.831502	2	1	4	945
0.831502	2	1	5	945
0.831602	2	1	4	945
0.831602	2	1	5	945
0.831702	2	1	4	945
0.831702	2	1	5	945
0.831802	2	1	4	945
0.831802	2	1	5	945
0.831902	2	1	4	945
0.831902	2	1	5	945
0.832002	2	1	4	945
0.832002	2	1	5	945
0.832102	2	1	4	945
0.832102	2	1	5	945
0.832202	2	1	4	945
0.832202	2	1	5	945
0.832302	2	1	4	945
0.832302	2	1	5	945
0.832402	2	1	4	945
0.832402	2	1	5	945
0.832502	2	1	4	945
0.832502	2	1	5	945
0.832602	2	1	4	945
0.832602	2	1	5	945
0.832702	2	1	4	945
0.832702	2	1	5	945
0.832802	2	1	4	945
0.832802	2	1	5	945
0.832902	2	1	4	945
0.832902	2	1	5	945
0.833002	2	1	4	945
0.833002	2	1	5	945
0.833102	2	1	4	945
0.833102	2	1	5	945
0.833202	2	1	4	945
0.833202	2	1	5	945
0.833302	2	1	4	945
0.833302	2	1	5	945
0.833402	2	1	4	945
0.833402	2	1	5	945
0.833502	2	1	4	945
0.833502	2	1	5	945
0.833602	2	1	4	945
0.833602	2	1	5	945
0.833702	2	1	4	945
0.833702	2	1	5	945
0.833802	2	1	4	945
0.833802	2	1	5	945
0.833902	2	1	4	945
0.833902	2	1	5	945
0.834002	2	1	4	945
0.834002	2	1	5	945
0.834102	2	1	4	945
0.834102	2	1	5	945
0.834202	2	1	4	945
0.834202	2	1	5	945
0.834302	2	1	4	945
0.834302	2	1	5	945
0.834402	2	1	4	945
0.834402	2	1	5	945
0.834502	2	1	4	945
0.834502	2	1	5	945
0.834602	2	1	4	945
0.834602	2	1	5	945
0.834702	2	1	4	945
0.834702	2	1	5	945
0.834802	2	1	4	945
0.834802	2	1	5	945
0.834902	2	1	4	945
0.834902	2	1	5	945
0.835002	2	1	4	945
0.835002	2	1	5	945
0.835102	2	1	4	945
0.835102	2	1	5	945
0.835202	2	1	4	945
0.835202	2	1	5	945
0.835302	2	1	4	945
0.835302	2	1	5	945
0.835402	2	1	4	945
0.835402	2	1	5	945
0.835502	2	1	4	945
0.835502	2	1	5	945
0.835602	2	1	4	945
0.835602	2	1	5	945
0.835702	2	1	4	945
0.835702	2	1	5	945
0.835802	2	1	4	945
0.835802	2	1	5	945
0.835902	2	1	4	945
0.835902	2	1	5	945
0.836002	2	1	4	945
0.836002	2	1	5	945
0.836102	2	1	4	945
0.836102	2	1	5	945
0.836202	2	1	4	945
0.836202	2	1	5	945
0.836302	2	1	4	945
0.836302	2	1	5	945
0.836402	2	1	4	945
0.836402	2	1	5	945
0.836502	2	1	4	945
0.836502	2	1	5	945
0.836602	2	1	4	945
0.836602	2	1	5	945
0.836702	2	1	4	945
0.836702	2	1	5	945
0.836802	2	1	4	945
0.836802	2	1	5	945
0.836902	2	1	4	945
0.836902	2	1	5	945
0.837002	2	1	4	945
0.837002	2	1	5	945
0.837102	2	1	4	945
0.837102	2	1	5	945
0.837202	2	1	4	945
0.837202	2	1	5	945
0.837302	2	1	4	945
0.837302	2	1	5	945
0.837402	2	1	4	945
0.837402	2	1	5	945
0.837502	2	1	4	945
0.837502	2	1	5	945
0.837602	2	1	4	945
0.837602	2	1	5	945
0.837702	2	1	4	945
0.837702	2	1	5	945
0.837802	2	1	4	945
0.837802	2	1	5	945
0.837902	2	1	4	945
0.837902	2	1	5	945
0.838002	2	1	4	945
0.838002	2	1	5	945
0.838102	2	1	4	945
0.838102	2	1	5	945
0.838202	2	1	4	945
0.838202	2	1	5	945
0.838302	2	1	4	945
0.838302	2	1	5	945
0.838402	2	1	4	945
0.838402	2	1	5	945
0.838502	2	1	4	945
0.838502	2	1	5	945
0.838602	2	1	4	945
0.838602	2	1	5	945
0.838702	2	1	4	945
0.838702	2	1	5	945
0.838802	2	1	4	945
0.838802	2	1	5	945
0.838902	2	1	4	945
0.838902	2	1	5	945
0.839002	2	1	4	945
0.839002	2	1	5	945
0.839102	2	1	4	945
0.839102	2	1	5	945
0.839202	2	1	4	945
0.839202	2	1	5	945
0.839302	2	1	4	945
0.839302	2	1	5	945
0.839402	2	1	4	945
0.839402	2	1	5	945
0.839502	2	1	4	945
0.839502	2	1	5	945
0.839602	2	1	4	945
0.839602	2	1	5	945
0.839702	2	1	4	945
0.839702	2	1	5	945
0.839802	2	1	4	945
0.839802	2	1	5	945
0.839902	2	1	4	945
0.839902	2	1	5	945
0.840002	2	1	4	945
0.840002	2	1	5	945
0.840102	2	1	4	945
0.840102	2	1	5	945
0.840202	2	1	4	945
0.840202	2	1	5	945
0.840302	2	1	4	945
0.840302	2	1	5	945
0.840402	2	1	4	945
0.840402	2	1	5	945
0.840502	2	1	4	945
0.840502	2	1	5	945
0.840602	2	1	4	945
0.840602	2	1	5	945
0.840702	2	1	4	945
0.840702	2	1	5	945
0.840802	2	1	4	945
0.840802	2	1	5	945
0.840902	2	1	4	945
0.840902	2	1	5	945
0.841002	2	1	4	945
0.841002	2	1	5	945
0.841102	2	1	4	945
0.841102	2	1	5	945
0.841202	2	1	4	945
0.841202	2	1	5	945
0.841302	2	1	4	945
0.841302	2	1	5	945
0.841402	2	1	4	945
0.841402	2	1	5	945
0.841502	2	1	4	945
0.841502	2	1	5	945
0.841602	2	1	4	945
0.841602	2	1	5	945
0.841702	2	1	4	945
0.841702	2	1	5	945
0.841802	2	1	4	945
0.841802	2	1	5	945
0.841902	2	1	4	945
0.841902	2	1	5	945
0.842002	2	1	4	945
0.842002	2	1	5	945
0.842102	2	1	4	945
0.842102	2	1	5	945
0.842202	2	1	4	945
0.842202	2	1	5	945
0.842302	2	1	4	945
0.842302	2	1	5	945
0.842402	2	1	4	945
0.842402	2	1	5	945
0.842502	2	1	4	945
0.842502	2	1	5	945
0.842602	2	1	4	945
0.842602	2	1	5	945
0.842702	2	1	4	945
0.842702	2	1	5	945
0.842802	2	1	4	945
0.842802	2	1	5	945
0.842902	2	1	4	945
0.842902	2	1	5	945
0.843002	2	1	4	945
0.843002	2	1	5	945
0.843102	2	1	4	945
0.843102	2	1	5	945
0.843202	2	1	4	945
0.843202	2	1	5	945
0.843302	2	1	4	945
0.843302	2	1	5	945
0.843402	2	1	4	945
0.843402	2	1	5	945
0.843502	2	1	4	945
0.843502	2	1	5	945
0.843602	2	1	4	945
0.843602	2	1	5	945
0.843702	2	1	4	945
0.843702	2	1	5	945
0.843802	2	1	4	945
0.843802	2	1	5	945
0.843902	2	1	4	945
0.843902	2	1	5	945
0.844002	2	1	4	945
0.844002	2	1	5	945
0.844102	2	1	4	945
0.844102	2	1	5	945
0.844202	2	1	4	945
0.844202	2	1	5	945
0.844302	2	1	4	945
0.844302	2	1	5	945
0.844402	2	1	4	945
0.844402	2	1	5	945
0.844502	2	1	4	945
0.844502	2	1	5	945
0.844602	2	1	4	945
0.844602	2	1	5	945
0.844702	2	1	4	945
0.844702	2	1	5	945
0.844802	2	1	4	945
0.844802	2	1	5	945
0.844902	2	1	4	945
0.844902	2	1	5	945
0.845002	2	1	4	945
0.845002	2	1	5	945
0.845102	2	1	4	945
0.845102	2	1	5	945
0.845202	2	1	4	945
0.845202	2	1	5	945
0.845302	2	1	4	945
0.845302	2	1	5	945
0.845402	2	1	4	945
0.845402	2	1	5	945
0.845502	2	1	4	945
0.845502	2	1	5	945
0.845602	2	1	4	945
0.845602	2	1	5	945
0.845702	2	1	4	945
0.845702	2	1	5	945
0.845802	2	1	4	945
0.845802	2	1	5	945
0.845902	2	1	4	945
0.845902	2	1	5	945
0.846002	2	1	4	945
0.846002	2	1	5	945
0.846102	2	1	4	945
0.846102	2	1	5	945
0.846202	2	1	4	945
0.846202	2	1	5	945
0.846302	2	1	4	945
0.846302	2	1	5	945
0.846402	2	1	4	945
0.846402	2	1	5	945
0.846502	2	1	4	945
0.846502	2	1	5	945
0.846602	2	1	4	945
0.846602	2	1	5	945
0.846702	2	1	4	945
0.846702	2	1	5	945
0.846802	2	1	4	945
0.846802	2	1	5	945
0.846902	2	1	4	945
0.846902	2	1	5	945
0.847002	2	1	4	945
0.847002	2	1	5	945
0.847102	2	1	4	945
0.847102	2	1	5	945
0.847202	2	1	4	945
0.847202	2	1	5	945
0.847302	2	1	4	945
0.847302	2	1	5	945
0.847402	2	1	4	945
0.847402	2	1	5	945
0.847502	2	1	4	945
0.847502	2	1	5	945
0.847602	2	1	4	945
0.847602	2	1	5	945
0.847702	2	1	4	945
0.847702	2	1	5	945
0.847802	2	1	4	945
0.847802	2	1	5	945
0.847902	2	1	4	945
0.847902	2	1	5	945
0.848002	2	1	4	945
0.848002	2	1	5	945
0.848102	2	1	4	945
0.848102	2	1	5	945
0.848202	2	1	4	945
0.848202	2	1	5	945
0.848302	2	1	4	945
0.848302	2	1	5	945
0.848402	2	1	4	945
0.848402	2	1	5	945
0.848502	2	1	4	945
0.848502	2	1	5	945
0.848602	2	1	4	945
0.848602	2	1	5	945
0.848702	2	1	4	945
0.848702	2	1	5	945
0.848802	2	1	4	945
0.848802	2	1	5	945
0.848902	2	1	4	945
0.848902	2	1	5	945
0.849002	2	1	4	945
0.849002	2	1	5	945
0.849102	2	1	4	945
0.849102	2	1	5	945
0.849202	2	1	4	945
0.849202	2	1	5	945
0.849302	2	1	4	945
0.849302	2	1	5	945
0.849402	2	1	4	945
0.849402	2	1	5	945
0.849502	2	1	4	945
0.849502	2	1	5	945
0.849602	2	1	4	945
0.849602	2	1	5	945
0.849702	2	1	4	945
0.849702	2	1	5	945
0.849802	2	1	4	945
0.849802	2	1	5	945
0.849902	2	1	4	945
0.849902	2	1	5	945
0.850002	2	1	4	945
0.850002	2	1	5	945
0.850102	2	1	4	945
0.850102	2	1	5	945
0.850202	2	1	4	945
0.850202	2	1	5	945
0.850302	2	1	4	945
0.850302	2	1	5	945
0.850402	2	1	4	945
0.850402	2	1	5	945
0.850502	2	1	4	945
0.850502	2	1	5	945
0.850602	2	1	4	945
0.850602	2	1	5	945
0.850702	2	1	4	945
0.850702	2	1	5	945
0.850802	2	1	4	945
0.850802	2	1	5	945
0.850902	2	1	4	945
0.850902	2	1	5	945
0.851002	2	1	4	945
0.851002	2	1	5	945
0.851102	2	1	4	945
0.851102	2	1	5	945
0.851202	2	1	4	945
0.851202	2	1	5	945
0.851302	2	1	4	945
0.851302	2	1	5	945
0.851402	2	1	4	945
0.851402	2	1	5	945
0.851502	2	1	4	945
0.851502	2	1	5	945
0.851602	2	1	4	945
0.851602	2	1	5	945
0.851702	2	1	4	945
0.851702	2	1	5	945
0.851802	2	1	4	945
0.851802	2	1	5	945
0.851902	2	1	4	945
0.851902	2	1	5	945
0.852002	2	1	4	945
0.852002	2	1	5	945
0.852102	2	1	4	945
0.852102	2	1	5	945
0.852202	2	1	4	945
0.852202	2	1	5	945
0.852302	2	1	4	945
0.852302	2	1	5	945
0.852402	2	1	4	945
0.852402	2	1	5	945
0.852502	2	1	4	945
0.852502	2	1	5	945
0.852602	2	1	4	945
0.852602	2	1	5	945
0.852702	2	1	4	945
0.852702	2	1	5	945
0.852802	2	1	4	945
0.852802	2	1	5	945
0.852902	2	1	4	945
0.852902	2	1	5	945
0.853002	2	1	4	945
0.853002	2	1	5	945
0.853102	2	1	4	945
0.853102	2	1	5	945
0.853202	2	1	4	945
0.853202	2	1	5	945
0.853302	2	1	4	945
0.853302	2	1	5	945
0.853402	2	1	4	945
0.853402	2	1	5	945
0.853502	2	1	4	945
0.853502	2	1	5	945
0.853602	2	1	4	945
0.853602	2	1	5	945
0.853702	2	1	4	945
0.853702	2	1	5	945
0.853802	2	1	4	945
0.853802	2	1	5	945
0.853902	2	1	4	945
0.853902	2	1	5	945
0.854002	2	1	4	945
0.854002	2	1	5	945
0.854102	2	1	4	945
0.854102	2	1	5	945
0.854202	2	1	4	945
0.854202	2	1	5	945
0.854302	2	1	4	945
0.854302	2	1	5	945
0.854402	2	1	4	945
0.854402	2	1	5	945
0.854502	2	1	4	945
0.854502	2	1	5	945
0.854602	2	1	4	945
0.854602	2	1	5	945
0.854702	2	1	4	945
0.854702	2	1	5	945
0.854802	2	1	4	945
0.854802	2	1	5	945
0.854902	2	1	4	945
0.854902	2	1	5	945
0.855002	2	1	4	945
0.855002	2	1	5	945
0.855102	2	1	4	945
0.855102	2	1	5	945
0.855202	2	1	4	945
0.855202	2	1	5	945
0.855302	2	1	4	945
0.855302	2	1	5	945
0.855402	2	1	4	945
0.855402	2	1	5	945
0.855502	2	1	4	945
0.855502	2	1	5	945
0.855602	2	1	4	945
0.855602	2	1	5	945
0.855702	2	1	4	945
0.855702	2	1	5	945
0.855802	2	1	4	945
0.855802	2	1	5	945
0.855902	2	1	4	945
0.855902	2	1	5	945
0.856002	2	1	4	945
0.856002	2	1	5	945
0.856102	2	1	4	945
0.856102	2	1	5	945
0.856202	2	1	4	945
0.856202	2	1	5	945
0.856302	2	1	4	945
0.856302	2	1	5	945
0.856402	2	1	4	945
0.856402	2	1	5	945
0.856502	2	1	4	945
0.856502	2	1	5	945
0.856602	2	1	4	945
0.856602	2	1	5	945
0.856702	2	1	4	945
0.856702	2	1	5	945
0.856802	2	1	4	945
0.856802	2	1	5	945
0.856902	2	1	4	945
0.856902	2	1	5	945
0.857002	2	1	4	945
0.857002	2	1	5	945
0.857102	2	1	4	945
0.857102	2	1	5	945
0.857202	2	1	4	945
0.857202	2	1	5	945
0.857302	2	1	4	945
0.857302	2	1	5	945
0.857402	2	1	4	945
0.857402	2	1	5	945
0.857502	2	1	4	945
0.857502	2	1	5	945
0.857602	2	1	4	945
0.857602	2	1	5	945
0.857702	2	1	4	945
0.857702	2	1	5	945
0.857802	2	1	4	945
0.857802	2	1	5	945
0.857902	2	1	4	945
0.857902	2	1	5	945
0.858002	2	1	4	945
0.858002	2	1	5	945
0.858102	2	1	4	945
0.858102	2	1	5	945
0.858202	2	1	4	945
0.858202	2	1	5	945
0.858302	2	1	4	945
0.858302	2	1	5	945
0.858402	2	1	4	945
0.858402	2	1	5	945
0.858502	2	1	4	945
0.858502	2	1	5	945
0.858602	2	1	4	945
0.858602	2	1	5	945
0.858702	2	1	4	945
0.858702	2	1	5	945
0.858802	2	1	4	945
0.858802	2	1	5	945
0.858902	2	1	4	945
0.858902	2	1	5	945
0.859002	2	1	4	945
0.859002	2	1	5	945
0.859102	2	1	4	945
0.859102	2	1	5	945
0.859202	2	1	4	945
0.859202	2	1	5	945
0.859302	2	1	4	945
0.859302	2	1	5	945
0.859402	2	1	4	945
0.859402	2	1	5	945
0.859502	2	1	4	945
0.859502	2	1	5	945
0.859602	2	1	4	945
0.859602	2	1	5	945
0.859702	2	1	4	945
0.859702	2	1	5	945
0.859802	2	1	4	945
0.859802	2	1	5	945
0.859902	2	1	4	945
0.859902	2	1	5	945
0.860002	2	1	4	945
0.860002	2	1	5	945
0.860102	2	1	4	945
0.860102	2	1	5	945
0.860202	2	1	4	945
0.860202	2	1	5	945
0.860302	2	1	4	945
0.860302	2	1	5	945
0.860402	2	1	4	945
0.860402	2	1	5	945
0.860502	2	1	4	945
0.860502	2	1	5	945
0.860602	2	1	4	945
0.860602	2	1	5	945
0.860702	2	1	4	945
0.860702	2	1	5	945
0.860802	2	1	4	945
0.860802	2	1	5	945
0.860902	2	1	4	945
0.860902	2	1	5	945
0.861002	2	1	4	945
0.861002	2	1	5	945
0.861102	2	1	4	945
0.861102	2	1	5	945
0.861202	2	1	4	945
0.861202	2	1	5	945
0.861302	2	1	4	945
0.861302	2	1	5	945
0.861402	2	1	4	945
0.861402	2	1	5	945
0.861502	2	1	4	945
0.861502	2	1	5	945
0.861602	2	1	4	945
0.861602	2	1	5	945
0.861702	2	1	4	945
0.861702	2	1	5	945
0.861802	2	1	4	945
0.861802	2	1	5	945
0.861902	2	1	4	945
0.861902	2	1	5	945
0.862002	2	1	4	945
0.862002	2	1	5	945
0.862102	2	1	4	945
0.862102	2	1	5	945
0.862202	2	1	4	945
0.862202	2	1	5	945
0.862302	2	1	4	945
0.862302	2	1	5	945
0.862402	2	1	4	945
0.862402	2	1	5	945
0.862502	2	1	4	945
0.862502	2	1	5	945
0.862602	2	1	4	945
0.862602	2	1	5	945
0.862702	2	1	4	945
0.862702	2	1	5	945
0.862802	2	1	4	945
0.862802	2	1	5	945
0.862902	2	1	4	945
0.862902	2	1	5	945
0.863002	2	1	4	945
0.863002	2	1	5	945
0.863102	2	1	4	945
0.863102	2	1	5	945
0.863202	2	1	4	945
0.863202	2	1	5	945
0.863302	2	1	4	945
0.863302	2	1	5	945
0.863402	2	1	4	945
0.863402	2	1	5	945
0.863502	2	1	4	945
0.863502	2	1	5	945
0.863602	2	1	4	945
0.863602	2	1	5	945
0.863702	2	1	4	945
0.863702	2	1	5	945
0.863802	2	1	4	945
0.863802	2	1	5	945
0.863902	2	1	4	945
0.863902	2	1	5	945
0.864002	2	1	4	945
0.864002	2	1	5	945
0.864102	2	1	4	945
0.864102	2	1	5	945
0.864202	2	1	4	945
0.864202	2	1	5	945
0.864302	2	1	4	945
0.864302	2	1	5	945
0.864402	2	1	4	945
0.864402	2	1	5	945
0.864502	2	1	4	945
0.864502	2	1	5	945
0.864602	2	1	4	945
0.864602	2	1	5	945
0.864702	2	1	4	945
0.864702	2	1	5	945
0.864802	2	1	4	945
0.864802	2	1	5	945
0.864902	2	1	4	945
0.864902	2	1	5	945
0.865002	2	1	4	945
0.865002	2	1	5	945
0.865102	2	1	4	945
0.865102	2	1	5	945
0.865202	2	1	4	945
0.865202	2	1	5	945
0.865302	2	1	4	945
0.865302	2	1	5	945
0.865402	2	1	4	945
0.865402	2	1	5	945
0.865502	2	1	4	945
0.865502	2	1	5	945
0.865602	2	1	4	945
0.865602	2	1	5	945
0.865702	2	1	4	945
0.865702	2	1	5	945
0.865802	2	1	4	945
0.865802	2	1	5	945
0.865902	2	1	4	945
0.865902	2	1	5	945
0.866002	2	1	4	945
0.866002	2	1	5	945
0.866102	2	1	4	945
0.866102	2	1	5	945
0.866202	2	1	4	945
0.866202	2	1	5	945
0.866302	2	1	4	945
0.866302	2	1	5	945
0.866402	2	1	4	945
0.866402	2	1	5	945
0.866502	2	1	4	945
0.866502	2	1	5	945
0.866602	2	1	4	945
0.866602	2	1	5	945
0.866702	2	1	4	945
0.866702	2	1	5	945
0.866802	2	1	4	945
0.866802	2	1	5	945
0.866902	2	1	4	945
0.866902	2	1	5	945
0.867002	2	1	4	945
0.867002	2	1	5	945
0.867102	2	1	4	945
0.867102	2	1	5	945
0.867202	2	1	4	945
0.867202	2	1	5	945
0.867302	2	1	4	945
0.867302	2	1	5	945
0.867402	2	1	4	945
0.867402	2	1	5	945
0.867502	2	1	4	945
0.867502	2	1	5	945
0.867602	2	1	4	945
0.867602	2	1	5	945
0.867702	2	1	4	945
0.867702	2	1	5	945
0.867802	2	1	4	945
0.867802	2	1	5	945
0.867902	2	1	4	945
0.867902	2	1	5	945
0.868002	2	1	4	945
0.868002	2	1	5	945
0.868102	2	1	4	945
0.868102	2	1	5	945
0.868202	2	1	4	945
0.868202	2	1	5	945
0.868302	2	1	4	945
0.868302	2	1	5	945
0.868402	2	1	4	945
0.868402	2	1	5	945
0.868502	2	1	4	945
0.868502	2	1	5	945
0.868602	2	1	4	945
0.868602	2	1	5	945
0.868702	2	1	4	945
0.868702	2	1	5	945
0.868802	2	1	4	945
0.868802	2	1	5	945
0.868902	2	1	4	945
0.868902	2	1	5	945
0.869002	2	1	4	945
0.869002	2	1	5	945
0.869102	2	1	4	945
0.869102	2	1	5	945
0.869202	2	1	4	945
0.869202	2	1	5	945
0.869302	2	1	4	945
0.869302	2	1	5	945
0.869402	2	1	4	945
0.869402	2	1	5	945
0.869502	2	1	4	945
0.869502	2	1	5	945
0.869602	2	1	4	945
0.869602	2	1	5	945
0.869702	2	1	4	945
0.869702	2	1	5	945
0.869802	2	1	4	945
0.869802	2	1	5	945
0.869902	2	1	4	945
0.869902	2	1	5	945
0.870002	2	1	4	945
0.870002	2	1	5	945
0.870102	2	1	4	945
0.870102	2	1	5	945
0.870202	2	1	4	945
0.870202	2	1	5	945
0.870302	2	1	4	945
0.870302	2	1	5	945
0.870402	2	1	4	945
0.870402	2	1	5	945
0.870502	2	1	4	945
0.870502	2	1	5	945
0.870602	2	1	4	945
0.870602	2	1	5	945
0.870702	2	1	4	945
0.870702	2	1	5	945
0.870802	2	1	4	945
0.870802	2	1	5	945
0.870902	2	1	4	945
0.870902	2	1	5	945
0.871002	2	1	4	945
0.871002	2	1	5	945
0.871102	2	1	4	945
0.871102	2	1	5	945
0.871202	2	1	4	945
0.871202	2	1	5	945
0.871302	2	1	4	945
0.871302	2	1	5	945
0.871402	2	1	4	945
0.871402	2	1	5	945
0.871502	2	1	4	945
0.871502	2	1	5	945
0.871602	2	1	4	945
0.871602	2	1	5	945
0.871702	2	1	4	945
0.871702	2	1	5	945
0.871802	2	1	4	945
0.871802	2	1	5	945
0.871902	2	1	4	945
0.871902	2	1	5	945
0.872002	2	1	4	945
0.872002	2	1	5	945
0.872102	2	1	4	945
0.872102	2	1	5	945
0.872202	2	1	4	945
0.872202	2	1	5	945
0.872302	2	1	4	945
0.872302	2	1	5	945
0.872402	2	1	4	945
0.872402	2	1	5	945
0.872502	2	1	4	945
0.872502	2	1	5	945
0.872602	2	1	4	945
0.872602	2	1	5	945
0.872702	2	1	4	945
0.872702	2	1	5	945
0.872802	2	1	4	945
0.872802	2	1	5	945
0.872902	2	1	4	945
0.872902	2	1	5	945
0.873002	2	1	4	945
0.873002	2	1	5	945
0.873102	2	1	4	945
0.873102	2	1	5	945
0.873202	2	1	4	945
0.873202	2	1	5	945
0.873302	2	1	4	945
0.873302	2	1	5	945
0.873402	2	1	4	945
0.873402	2	1	5	945
0.873502	2	1	4	945
0.873502	2	1	5	945
0.873602	2	1	4	945
0.873602	2	1	5	945
0.873702	2	1	4	945
0.873702	2	1	5	945
0.873802	2	1	4	945
0.873802	2	1	5	945
0.873902	2	1	4	945
0.873902	2	1	5	945
0.874002	2	1	4	945
0.874002	2	1	5	945
0.874102	2	1	4	945
0.874102	2	1	5	945
0.874202	2	1	4	945
0.874202	2	1	5	945
0.874302	2	1	4	945
0.874302	2	1	5	945
0.874402	2	1	4	945
0.874402	2	1	5	945
0.874502	2	1	4	945
0.874502	2	1	5	945
0.874602	2	1	4	945
0.874602	2	1	5	945
0.874702	2	1	4	945
0.874702	2	1	5	945
0.874802	2	1	4	945
0.874802	2	1	5	945
0.874902	2	1	4	945
0.874902	2	1	5	945
0.875002	2	1	4	945
0.875002	2	1	5	945
0.875102	2	1	4	945
0.875102	2	1	5	945
0.875202	2	1	4	945
0.875202	2	1	5	945
0.875302	2	1	4	945
0.875302	2	1	5	945
0.875402	2	1	4	945
0.875402	2	1	5	945
0.875502	2	1	4	945
0.875502	2	1	5	945
0.875602	2	1	4	945
0.875602	2	1	5	945
0.875702	2	1	4	945
0.875702	2	1	5	945
0.875802	2	1	4	945
0.875802	2	1	5	945
0.875902	2	1	4	945
0.875902	2	1	5	945
0.876002	2	1	4	945
0.876002	2	1	5	945
0.876102	2	1	4	945
0.876102	2	1	5	945
0.876202	2	1	4	945
0.876202	2	1	5	945
0.876302	2	1	4	945
0.876302	2	1	5	945
0.876402	2	1	4	945
0.876402	2	1	5	945
0.876502	2	1	4	945
0.876502	2	1	5	945
0.876602	2	1	4	945
0.876602	2	1	5	945
0.876702	2	1	4	945
0.876702	2	1	5	945
0.876802	2	1	4	945
0.876802	2	1	5	945
0.876902	2	1	4	945
0.876902	2	1	5	945
0.877002	2	1	4	945
0.877002	2	1	5	945
0.877102	2	1	4	945
0.877102	2	1	5	945
0.877202	2	1	4	945
0.877202	2	1	5	945
0.877302	2	1	4	945
0.877302	2	1	5	945
0.877402	2	1	4	945
0.877402	2	1	5	945
0.877502	2	1	4	945
0.877502	2	1	5	945
0.877602	2	1	4	945
0.877602	2	1	5	945
0.877702	2	1	4	945
0.877702	2	1	5	945
0.877802	2	1	4	945
0.877802	2	1	5	945
0.877902	2	1	4	945
0.877902	2	1	5	945
0.878002	2	1	4	945
0.878002	2	1	5	945
0.878102	2	1	4	945
0.878102	2	1	5	945
0.878202	2	1	4	945
0.878202	2	1	5	945
0.878302	2	1	4	945
0.878302	2	1	5	945
0.878402	2	1	4	945
0.878402	2	1	5	945
0.878502	2	1	4	945
0.878502	2	1	5	945
0.878602	2	1	4	945
0.878602	2	1	5	945
0.878702	2	1	4	945
0.878702	2	1	5	945
0.878802	2	1	4	945
0.878802	2	1	5	945
0.878902	2	1	4	945
0.878902	2	1	5	945
0.879002	2	1	4	945
0.879002	2	1	5	945
0.879102	2	1	4	945
0.879102	2	1	5	945
0.879202	2	1	4	945
0.879202	2	1	5	945
0.879302	2	1	4	945
0.879302	2	1	5	945
0.879402	2	1	4	945
0.879402	2	1	5	945
0.879502	2	1	4	945
0.879502	2	1	5	945
0.879602	2	1	4	945
0.879602	2	1	5	945
0.879702	2	1	4	945
0.879702	2	1	5	945
0.879802	2	1	4	945
0.879802	2	1	5	945
0.879902	2	1	4	945
0.879902	2	1	5	945
0.880002	2	1	4	945
0.880002	2	1	5	945
0.880102	2	1	4	945
0.880102	2	1	5	945
0.880202	2	1	4	945
0.880202	2	1	5	945
0.880302	2	1	4	945
0.880302	2	1	5	945
0.880402	2	1	4	945
0.880402	2	1	5	945
0.880502	2	1	4	945
0.880502	2	1	5	945
0.880602	2	1	4	945
0.880602	2	1	5	945
0.880702	2	1	4	945
0.880702	2	1	5	945
0.880802	2	1	4	945
0.880802	2	1	5	945
0.880902	2	1	4	945
0.880902	2	1	5	945
0.881002	2	1	4	945
0.881002	2	1	5	945
0.881102	2	1	4	945
0.881102	2	1	5	945
0.881202	2	1	4	945
0.881202	2	1	5	945
0.881302	2	1	4	945
0.881302	2	1	5	945
0.881402	2	1	4	945
0.881402	2	1	5	945
0.881502	2	1	4	945
0.881502	2	1	5	945
0.881602	2	1	4	945
0.881602	2	1	5	945
0.881702	2	1	4	945
0.881702	2	1	5	945
0.881802	2	1	4	945
0.881802	2	1	5	945
0.881902	2	1	4	945
0.881902	2	1	5	945
0.882002	2	1	4	945
0.882002	2	1	5	945
0.882102	2	1	4	945
0.882102	2	1	5	945
0.882202	2	1	4	945
0.882202	2	1	5	945
0.882302	2	1	4	945
0.882302	2	1	5	945
0.882402	2	1	4	945
0.882402	2	1	5	945
0.882502	2	1	4	945
0.882502	2	1	5	945
0.882602	2	1	4	945
0.882602	2	1	5	945
0.882702	2	1	4	945
0.882702	2	1	5	945
0.882802	2	1	4	945
0.882802	2	1	5	945
0.882902	2	1	4	945
0.882902	2	1	5	945
0.883002	2	1	4	945
0.883002	2	1	5	945
0.883102	2	1	4	945
0.883102	2	1	5	945
0.883202	2	1	4	945
0.883202	2	1	5	945
0.883302	2	1	4	945
0.883302	2	1	5	945
0.883402	2	1	4	945
0.883402	2	1	5	945
0.883502	2	1	4	945
0.883502	2	1	5	945
0.883602	2	1	4	945
0.883602	2	1	5	945
0.883702	2	1	4	945
0.883702	2	1	5	945
0.883802	2	1	4	945
0.883802	2	1	5	945
0.883902	2	1	4	945
0.883902	2	1	5	945
0.884002	2	1	4	945
0.884002	2	1	5	945
0.884102	2	1	4	945
0.884102	2	1	5	945
0.884202	2	1	4	945
0.884202	2	1	5	945
0.884302	2	1	4	945
0.884302	2	1	5	945
0.884402	2	1	4	945
0.884402	2	1	5	945
0.884502	2	1	4	945
0.884502	2	1	5	945
0.884602	2	1	4	945
0.884602	2	1	5	945
0.884702	2	1	4	945
0.884702	2	1	5	945
0.884802	2	1	4	945
0.884802	2	1	5	945
0.884902	2	1	4	945
0.884902	2	1	5	945
0.885002	2	1	4	945
0.885002	2	1	5	945
0.885102	2	1	4	945
0.885102	2	1	5	945
0.885202	2	1	4	945
0.885202	2	1	5	945
0.885302	2	1	4	945
0.885302	2	1	5	945
0.885402	2	1	4	945
0.885402	2	1	5	945
0.885502	2	1	4	945
0.885502	2	1	5	945
0.885602	2	1	4	945
0.885602	2	1	5	945
0.885702	2	1	4	945
0.885702	2	1	5	945
0.885802	2	1	4	945
0.885802	2	1	5	945
0.885902	2	1	4	945
0.885902	2	1	5	945
0.886002	2	1	4	945
0.886002	2	1	5	945
0.886102	2	1	4	945
0.886102	2	1	5	945
0.886202	2	1	4	945
0.886202	2	1	5	945
0.886302	2	1	4	945
0.886302	2	1	5	945
0.886402	2	1	4	945
0.886402	2	1	5	945
0.886502	2	1	4	945
0.886502	2	1	5	945
0.886602	2	1	4	945
0.886602	2	1	5	945
0.886702	2	1	4	945
0.886702	2	1	5	945
0.886802	2	1	4	945
0.886802	2	1	5	945
0.886902	2	1	4	945
0.886902	2	1	5	945
0.887002	2	1	4	945
0.887002	2	1	5	945
0.887102	2	1	4	945
0.887102	2	1	5	945
0.887202	2	1	4	945
0.887202	2	1	5	945
0.887302	2	1	4	945
0.887302	2	1	5	945
0.887402	2	1	4	945
0.887402	2	1	5	945
0.887502	2	1	4	945
0.887502	2	1	5	945
0.887602	2	1	4	945
0.887602	2	1	5	945
0.887702	2	1	4	945
0.887702	2	1	5	945
0.887802	2	1	4	945
0.887802	2	1	5	945
0.887902	2	1	4	945
0.887902	2	1	5	945
0.888002	2	1	4	945
0.888002	2	1	5	945
0.888102	2	1	4	945
0.888102	2	1	5	945
0.888202	2	1	4	945
0.888202	2	1	5	945
0.888302	2	1	4	945
0.888302	2	1	5	945
0.888402	2	1	4	945
0.888402	2	1	5	945
0.888502	2	1	4	945
0.888502	2	1	5	945
0.888602	2	1	4	945
0.888602	2	1	5	945
0.888702	2	1	4	945
0.888702	2	1	5	945
0.888802	2	1	4	945
0.888802	2	1	5	945
0.888902	2	1	4	945
0.888902	2	1	5	945
0.889002	2	1	4	945
0.889002	2	1	5	945
0.889102	2	1	4	945
0.889102	2	1	5	945
0.889202	2	1	4	945
0.889202	2	1	5	945
0.889302	2	1	4	945
0.889302	2	1	5	945
0.889402	2	1	4	945
0.889402	2	1	5	945
0.889502	2	1	4	945
0.889502	2	1	5	945
0.889602	2	1	4	945
0.889602	2	1	5	945
0.889702	2	1	4	945
0.889702	2	1	5	945
0.889802	2	1	4	945
0.889802	2	1	5	945
0.889902	2	1	4	945
0.889902	2	1	5	945
0.890002	2	1	4	945
0.890002	2	1	5	945
0.890102	2	1	4	945
0.890102	2	1	5	945
0.890202	2	1	4	945
0.890202	2	1	5	945
0.890302	2	1	4	945
0.890302	2	1	5	945
0.890402	2	1	4	945
0.890402	2	1	5	945
0.890502	2	1	4	945
0.890502	2	1	5	945
0.890602	2	1	4	945
0.890602	2	1	5	945
0.890702	2	1	4	945
0.890702	2	1	5	945
0.890802	2	1	4	945
0.890802	2	1	5	945
0.890902	2	1	4	945
0.890902	2	1	5	945
0.891002	2	1	4	945
0.891002	2	1	5	945
0.891102	2	1	4	945
0.891102	2	1	5	945
0.891202	2	1	4	945
0.891202	2	1	5	945
0.891302	2	1	4	945
0.891302	2	1	5	945
0.891402	2	1	4	945
0.891402	2	1	5	945
0.891502	2	1	4	945
0.891502	2	1	5	945
0.891602	2	1	4	945
0.891602	2	1	5	945
0.891702	2	1	4	945
0.891702	2	1	5	945
0.891802	2	1	4	945
0.891802	2	1	5	945
0.891902	2	1	4	945
0.891902	2	1	5	945
0.892002	2	1	4	945
0.892002	2	1	5	945
0.892102	2	1	4	945
0.892102	2	1	5	945
0.892202	2	1	4	945
0.892202	2	1	5	945
0.892302	2	1	4	945
0.892302	2	1	5	945
0.892402	2	1	4	945
0.892402	2	1	5	945
0.892502	2	1	4	945
0.892502	2	1	5	945
0.892602	2	1	4	945
0.892602	2	1	5	945
0.892702	2	1	4	945
0.892702	2	1	5	945
0.892802	2	1	4	945
0.892802	2	1	5	945
0.892902	2	1	4	945
0.892902	2	1	5	945
0.893002	2	1	4	945
0.893002	2	1	5	945
0.893102	2	1	4	945
0.893102	2	1	5	945
0.893202	2	1	4	945
0.893202	2	1	5	945
0.893302	2	1	4	945
0.893302	2	1	5	945
0.893402	2	1	4	945
0.893402	2	1	5	945
0.893502	2	1	4	945
0.893502	2	1	5	945
0.893602	2	1	4	945
0.893602	2	1	5	945
0.893702	2	1	4	945
0.893702	2	1	5	945
0.893802	2	1	4	945
0.893802	2	1	5	945
0.893902	2	1	4	945
0.893902	2	1	5	945
0.894002	2	1	4	945
0.894002	2	1	5	945
0.894102	2	1	4	945
0.894102	2	1	5	945
0.894202	2	1	4	945
0.894202	2	1	5	945
0.894302	2	1	4	945
0.894302	2	1	5	945
0.894402	2	1	4	945
0.894402	2	1	5	945
0.894502	2	1	4	945
0.894502	2	1	5	945
0.894602	2	1	4	945
0.894602	2	1	5	945
0.894702	2	1	4	945
0.894702	2	1	5	945
0.894802	2	1	4	945
0.894802	2	1	5	945
0.894902	2	1	4	945
0.894902	2	1	5	945
0.895002	2	1	4	945
0.895002	2	1	5	945
0.895102	2	1	4	945
0.895102	2	1	5	945
0.895202	2	1	4	945
0.895202	2	1	5	945
0.895302	2	1	4	945
0.895302	2	1	5	945
0.895402	2	1	4	945
0.895402	2	1	5	945
0.895502	2	1	4	945
0.895502	2	1	5	945
0.895602	2	1	4	945
0.895602	2	1	5	945
0.895702	2	1	4	945
0.895702	2	1	5	945
0.895802	2	1	4	945
0.895802	2	1	5	945
0.895902	2	1	4	945
0.895902	2	1	5	945
0.896002	2	1	4	945
0.896002	2	1	5	945
0.896102	2	1	4	945
0.896102	2	1	5	945
0.896202	2	1	4	945
0.896202	2	1	5	945
0.896302	2	1	4	945
0.896302	2	1	5	945
0.896402	2	1	4	945
0.896402	2	1	5	945
0.896502	2	1	4	945
0.896502	2	1	5	945
0.896602	2	1	4	945
0.896602	2	1	5	945
0.896702	2	1	4	945
0.896702	2	1	5	945
0.896802	2	1	4	945
0.896802	2	1	5	945
0.896902	2	1	4	945
0.896902	2	1	5	945
0.897002	2	1	4	945
0.897002	2	1	5	945
0.897102	2	1	4	945
0.897102	2	1	5	945
0.897202	2	1	4	945
0.897202	2	1	5	945
0.897302	2	1	4	945
0.897302	2	1	5	945
0.897402	2	1	4	945
0.897402	2	1	5	945
0.897502	2	1	4	945
0.897502	2	1	5	945
0.897602	2	1	4	945
0.897602	2	1	5	945
0.897702	2	1	4	945
0.897702	2	1	5	945
0.897802	2	1	4	945
0.897802	2	1	5	945
0.897902	2	1	4	945
0.897902	2	1	5	945
0.898002	2	1	4	945
0.898002	2	1	5	945
0.898102	2	1	4	945
0.898102	2	1	5	945
0.898202	2	1	4	945
0.898202	2	1	5	945
0.898302	2	1	4	945
0.898302	2	1	5	945
0.898402	2	1	4	945
0.898402	2	1	5	945
0.898502	2	1	4	945
0.898502	2	1	5	945
0.898602	2	1	4	945
0.898602	2	1	5	945
0.898702	2	1	4	945
0.898702	2	1	5	945
0.898802	2	1	4	945
0.898802	2	1	5	945
0.898902	2	1	4	945
0.898902	2	1	5	945
0.899002	2	1	4	945
0.899002	2	1	5	945
0.899102	2	1	4	945
0.899102	2	1	5	945
0.899202	2	1	4	945
0.899202	2	1	5	945
0.899302	2	1	4	945
0.899302	2	1	5	945
0.899402	2	1	4	945
0.899402	2	1	5	945
0.899502	2	1	4	945
0.899502	2	1	5	945
0.899602	2	1	4	945
0.899602	2	1	5	945
0.899702	2	1	4	945
0.899702	2	1	5	945
0.899802	2	1	4	945
0.899802	2	1	5	945
0.899902	2	1	4	945
0.899902	2	1	5	945
0.900002	2	1	4	945
0.900002	2	1	5	945
0.900102	2	1	4	945
0.900102	2	1	5	945
0.900202	2	1	4	945
0.900202	2	1	5	945
0.900302	2	1	4	945
0.900302	2	1	5	945
0.900402	2	1	4	945
0.900402	2	1	5	945
0.900502	2	1	4	945
0.900502	2	1	5	945
0.900602	2	1	4	945
0.900602	2	1	5	945
0.900702	2	1	4	945
0.900702	2	1	5	945
0.900802	2	1	4	945
0.900802	2	1	5	945
0.900902	2	1	4	945
0.900902	2	1	5	945
0.901002	2	1	4	945
0.901002	2	1	5	945
0.901102	2	1	4	945
0.901102	2	1	5	945
0.901202	2	1	4	945
0.901202	2	1	5	945
0.901302	2	1	4	945
0.901302	2	1	5	945
0.901402	2	1	4	945
0.901402	2	1	5	945
0.901502	2	1	4	945
0.901502	2	1	5	945
0.901602	2	1	4	945
0.901602	2	1	5	945
0.901702	2	1	4	945
0.901702	2	1	5	945
0.901802	2	1	4	945
0.901802	2	1	5	945
0.901902	2	1	4	945
0.901902	2	1	5	945
0.902002	2	1	4	945
0.902002	2	1	5	945
0.902102	2	1	4	945
0.902102	2	1	5	945
0.902202	2	1	4	945
0.902202	2	1	5	945
0.902302	2	1	4	945
0.902302	2	1	5	945
0.902402	2	1	4	945
0.902402	2	1	5	945
0.902502	2	1	4	945
0.902502	2	1	5	945
0.902602	2	1	4	945
0.902602	2	1	5	945
0.902702	2	1	4	945
0.902702	2	1	5	945
0.902802	2	1	4	945
0.902802	2	1	5	945
0.902902	2	1	4	945
0.902902	2	1	5	945
0.903002	2	1	4	945
0.903002	2	1	5	945
0.903102	2	1	4	945
0.903102	2	1	5	945
0.903202	2	1	4	945
0.903202	2	1	5	945
0.903302	2	1	4	945
0.903302	2	1	5	945
0.903402	2	1	4	945
0.903402	2	1	5	945
0.903502	2	1	4	945
0.903502	2	1	5	945
0.903602	2	1	4	945
0.903602	2	1	5	945
0.903702	2	1	4	945
0.903702	2	1	5	945
0.903802	2	1	4	945
0.903802	2	1	5	945
0.903902	2	1	4	945
0.903902	2	1	5	945
0.904002	2	1	4	945
0.904002	2	1	5	945
0.904102	2	1	4	945
0.904102	2	1	5	945
0.904202	2	1	4	945
0.904202	2	1	5	945
0.904302	2	1	4	945
0.904302	2	1	5	945
0.904402	2	1	4	945
0.904402	2	1	5	945
0.904502	2	1	4	945
0.904502	2	1	5	945
0.904602	2	1	4	945
0.904602	2	1	5	945
0.904702	2	1	4	945
0.904702	2	1	5	945
0.904802	2	1	4	945
0.904802	2	1	5	945
0.904902	2	1	4	945
0.904902	2	1	5	945
0.905002	2	1	4	945
0.905002	2	1	5	945
0.905102	2	1	4	945
0.905102	2	1	5	945
0.905202	2	1	4	945
0.905202	2	1	5	945
0.905302	2	1	4	945
0.905302	2	1	5	945
0.905402	2	1	4	945
0.905402	2	1	5	945
0.905502	2	1	4	945
0.905502	2	1	5	945
0.905602	2	1	4	945
0.905602	2	1	5	945
0.905702	2	1	4	945
0.905702	2	1	5	945
0.905802	2	1	4	945
0.905802	2	1	5	945
0.905902	2	1	4	945
0.905902	2	1	5	945
0.906002	2	1	4	945
0.906002	2	1	5	945
0.906102	2	1	4	945
0.906102	2	1	5	945
0.906202	2	1	4	945
0.906202	2	1	5	945
0.906302	2	1	4	945
0.906302	2	1	5	945
0.906402	2	1	4	945
0.906402	2	1	5	945
0.906502	2	1	4	945
0.906502	2	1	5	945
0.906602	2	1	4	945
0.906602	2	1	5	945
0.906702	2	1	4	945
0.906702	2	1	5	945
0.906802	2	1	4	945
0.906802	2	1	5	945
0.906902	2	1	4	945
0.906902	2	1	5	945
0.907002	2	1	4	945
0.907002	2	1	5	945
0.907102	2	1	4	945
0.907102	2	1	5	945
0.907202	2	1	4	945
0.907202	2	1	5	945
0.907302	2	1	4	945
0.907302	2	1	5	945
0.907402	2	1	4	945
0.907402	2	1	5	945
0.907502	2	1	4	945
0.907502	2	1	5	945
0.907602	2	1	4	945
0.907602	2	1	5	945
0.907702	2	1	4	945
0.907702	2	1	5	945
0.907802	2	1	4	945
0.907802	2	1	5	945
0.907902	2	1	4	945
0.907902	2	1	5	945
0.908002	2	1	4	945
0.908002	2	1	5	945
0.908102	2	1	4	945
0.908102	2	1	5	945
0.908202	2	1	4	945
0.908202	2	1	5	945
0.908302	2	1	4	945
0.908302	2	1	5	945
0.908402	2	1	4	945
0.908402	2	1	5	945
0.908502	2	1	4	945
0.908502	2	1	5	945
0.908602	2	1	4	945
0.908602	2	1	5	945
0.908702	2	1	4	945
0.908702	2	1	5	945
0.908802	2	1	4	945
0.908802	2	1	5	945
0.908902	2	1	4	945
0.908902	2	1	5	945
0.909002	2	1	4	945
0.909002	2	1	5	945
0.909102	2	1	4	945
0.909102	2	1	5	945
0.909202	2	1	4	945
0.909202	2	1	5	945
0.909302	2	1	4	945
0.909302	2	1	5	945
0.909402	2	1	4	945
0.909402	2	1	5	945
0.909502	2	1	4	945
0.909502	2	1	5	945
0.909602	2	1	4	945
0.909602	2	1	5	945
0.909702	2	1	4	945
0.909702	2	1	5	945
0.909802	2	1	4	945
0.909802	2	1	5	945
0.909902	2	1	4	945
0.909902	2	1	5	945
0.910002	2	1	4	945
0.910002	2	1	5	945
0.910102	2	1	4	945
0.910102	2	1	5	945
0.910202	2	1	4	945
0.910202	2	1	5	945
0.910302	2	1	4	945
0.910302	2	1	5	945
0.910402	2	1	4	945
0.910402	2	1	5	945
0.910502	2	1	4	945
0.910502	2	1	5	945
0.910602	2	1	4	945
0.910602	2	1	5	945
0.910702	2	1	4	945
0.910702	2	1	5	945
0.910802	2	1	4	945
0.910802	2	1	5	945
0.910902	2	1	4	945
0.910902	2	1	5	945
0.911002	2	1	4	945
0.911002	2	1	5	945
0.911102	2	1	4	945
0.911102	2	1	5	945
0.911202	2	1	4	945
0.911202	2	1	5	945
0.911302	2	1	4	945
0.911302	2	1	5	945
0.911402	2	1	4	945
0.911402	2	1	5	945
0.911502	2	1	4	945
0.911502	2	1	5	945
0.911602	2	1	4	945
0.911602	2	1	5	945
0.911702	2	1	4	945
0.911702	2	1	5	945
0.911802	2	1	4	945
0.911802	2	1	5	945
0.911902	2	1	4	945
0.911902	2	1	5	945
0.912002	2	1	4	945
0.912002	2	1	5	945
0.912102	2	1	4	945
0.912102	2	1	5	945
0.912202	2	1	4	945
0.912202	2	1	5	945
0.912302	2	1	4	945
0.912302	2	1	5	945
0.912402	2	1	4	945
0.912402	2	1	5	945
0.912502	2	1	4	945
0.912502	2	1	5	945
0.912602	2	1	4	945
0.912602	2	1	5	945
0.912702	2	1	4	945
0.912702	2	1	5	945
0.912802	2	1	4	945
0.912802	2	1	5	945
0.912902	2	1	4	945
0.912902	2	1	5	945
0.913002	2	1	4	945
0.913002	2	1	5	945
0.913102	2	1	4	945
0.913102	2	1	5	945
0.913202	2	1	4	945
0.913202	2	1	5	945
0.913302	2	1	4	945
0.913302	2	1	5	945
0.913402	2	1	4	945
0.913402	2	1	5	945
0.913502	2	1	4	945
0.913502	2	1	5	945
0.913602	2	1	4	945
0.913602	2	1	5	945
0.913702	2	1	4	945
0.913702	2	1	5	945
0.913802	2	1	4	945
0.913802	2	1	5	945
0.913902	2	1	4	945
0.913902	2	1	5	945
0.914002	2	1	4	945
0.914002	2	1	5	945
0.914102	2	1	4	945
0.914102	2	1	5	945
0.914202	2	1	4	945
0.914202	2	1	5	945
0.914302	2	1	4	945
0.914302	2	1	5	945
0.914402	2	1	4	945
0.914402	2	1	5	945
0.914502	2	1	4	945
0.914502	2	1	5	945
0.914602	2	1	4	945
0.914602	2	1	5	945
0.914702	2	1	4	945
0.914702	2	1	5	945
0.914802	2	1	4	945
0.914802	2	1	5	945
0.914902	2	1	4	945
0.914902	2	1	5	945
0.915002	2	1	4	945
0.915002	2	1	5	945
0.915102	2	1	4	945
0.915102	2	1	5	945
0.915202	2	1	4	945
0.915202	2	1	5	945
0.915302	2	1	4	945
0.915302	2	1	5	945
0.915402	2	1	4	945
0.915402	2	1	5	945
0.915502	2	1	4	945
0.915502	2	1	5	945
0.915602	2	1	4	945
0.915602	2	1	5	945
0.915702	2	1	4	945
0.915702	2	1	5	945
0.915802	2	1	4	945
0.915802	2	1	5	945
0.915902	2	1	4	945
0.915902	2	1	5	945
0.916002	2	1	4	945
0.916002	2	1	5	945
0.916102	2	1	4	945
0.916102	2	1	5	945
0.916202	2	1	4	945
0.916202	2	1	5	945
0.916302	2	1	4	945
0.916302	2	1	5	945
0.916402	2	1	4	945
0.916402	2	1	5	945
0.916502	2	1	4	945
0.916502	2	1	5	945
0.916602	2	1	4	945
0.916602	2	1	5	945
0.916702	2	1	4	945
0.916702	2	1	5	945
0.916802	2	1	4	945
0.916802	2	1	5	945
0.916902	2	1	4	945
0.916902	2	1	5	945
0.917002	2	1	4	945
0.917002	2	1	5	945
0.917102	2	1	4	945
0.917102	2	1	5	945
0.917202	2	1	4	945
0.917202	2	1	5	945
0.917302	2	1	4	945
0.917302	2	1	5	945
0.917402	2	1	4	945
0.917402	2	1	5	945
0.917502	2	1	4	945
0.917502	2	1	5	945
0.917602	2	1	4	945
0.917602	2	1	5	945
0.917702	2	1	4	945
0.917702	2	1	5	945
0.917802	2	1	4	945
0.917802	2	1	5	945
0.917902	2	1	4	945
0.917902	2	1	5	945
0.918002	2	1	4	945
0.918002	2	1	5	945
0.918102	2	1	4	945
0.918102	2	1	5	945
0.918202	2	1	4	945
0.918202	2	1	5	945
0.918302	2	1	4	945
0.918302	2	1	5	945
0.918402	2	1	4	945
0.918402	2	1	5	945
0.918502	2	1	4	945
0.918502	2	1	5	945
0.918602	2	1	4	945
0.918602	2	1	5	945
0.918702	2	1	4	945
0.918702	2	1	5	945
0.918802	2	1	4	945
0.918802	2	1	5	945
0.918902	2	1	4	945
0.918902	2	1	5	945
0.919002	2	1	4	945
0.919002	2	1	5	945
0.919102	2	1	4	945
0.919102	2	1	5	945
0.919202	2	1	4	945
0.919202	2	1	5	945
0.919302	2	1	4	945
0.919302	2	1	5	945
0.919402	2	1	4	945
0.919402	2	1	5	945
0.919502	2	1	4	945
0.919502	2	1	5	945
0.919602	2	1	4	945
0.919602	2	1	5	945
0.919702	2	1	4	945
0.919702	2	1	5	945
0.919802	2	1	4	945
0.919802	2	1	5	945
0.919902	2	1	4	945
0.919902	2	1	5	945
0.920002	2	1	4	945
0.920002	2	1	5	945
0.920102	2	1	4	945
0.920102	2	1	5	945
0.920202	2	1	4	945
0.920202	2	1	5	945
0.920302	2	1	4	945
0.920302	2	1	5	945
0.920402	2	1	4	945
0.920402	2	1	5	945
0.920502	2	1	4	945
0.920502	2	1	5	945
0.920602	2	1	4	945
0.920602	2	1	5	945
0.920702	2	1	4	945
0.920702	2	1	5	945
0.920802	2	1	4	945
0.920802	2	1	5	945
0.920902	2	1	4	945
0.920902	2	1	5	945
0.921002	2	1	4	945
0.921002	2	1	5	945
0.921102	2	1	4	945
0.921102	2	1	5	945
0.921202	2	1	4	945
0.921202	2	1	5	945
0.921302	2	1	4	945
0.921302	2	1	5	945
0.921402	2	1	4	945
0.921402	2	1	5	945
0.921502	2	1	4	945
0.921502	2	1	5	945
0.921602	2	1	4	945
0.921602	2	1	5	945
0.921702	2	1	4	945
0.921702	2	1	5	945
0.921802	2	1	4	945
0.921802	2	1	5	945
0.921902	2	1	4	945
0.921902	2	1	5	945
0.922002	2	1	4	945
0.922002	2	1	5	945
0.922102	2	1	4	945
0.922102	2	1	5	945
0.922202	2	1	4	945
0.922202	2	1	5	945
0.922302	2	1	4	945
0.922302	2	1	5	945
0.922402	2	1	4	945
0.922402	2	1	5	945
0.922502	2	1	4	945
0.922502	2	1	5	945
0.922602	2	1	4	945
0.922602	2	1	5	945
0.922702	2	1	4	945
0.922702	2	1	5	945
0.922802	2	1	4	945
0.922802	2	1	5	945
0.922902	2	1	4	945
0.922902	2	1	5	945
0.923002	2	1	4	945
0.923002	2	1	5	945
0.923102	2	1	4	945
0.923102	2	1	5	945
0.923202	2	1	4	945
0.923202	2	1	5	945
0.923302	2	1	4	945
0.923302	2	1	5	945
0.923402	2	1	4	945
0.923402	2	1	5	945
0.923502	2	1	4	945
0.923502	2	1	5	945
0.923602	2	1	4	945
0.923602	2	1	5	945
0.923702	2	1	4	945
0.923702	2	1	5	945
0.923802	2	1	4	945
0.923802	2	1	5	945
0.923902	2	1	4	945
0.923902	2	1	5	945
0.924002	2	1	4	945
0.924002	2	1	5	945
0.924102	2	1	4	945
0.924102	2	1	5	945
0.924202	2	1	4	945
0.924202	2	1	5	945
0.924302	2	1	4	945
0.924302	2	1	5	945
0.924402	2	1	4	945
0.924402	2	1	5	945
0.924502	2	1	4	945
0.924502	2	1	5	945
0.924602	2	1	4	945
0.924602	2	1	5	945
0.924702	2	1	4	945
0.924702	2	1	5	945
0.924802	2	1	4	945
0.924802	2	1	5	945
0.924902	2	1	4	945
0.924902	2	1	5	945
0.925002	2	1	4	945
0.925002	2	1	5	945
0.925102	2	1	4	945
0.925102	2	1	5	945
0.925202	2	1	4	945
0.925202	2	1	5	945
0.925302	2	1	4	945
0.925302	2	1	5	945
0.925402	2	1	4	945
0.925402	2	1	5	945
0.925502	2	1	4	945
0.925502	2	1	5	945
0.925602	2	1	4	945
0.925602	2	1	5	945
0.925702	2	1	4	945
0.925702	2	1	5	945
0.925802	2	1	4	945
0.925802	2	1	5	945
0.925902	2	1	4	945
0.925902	2	1	5	945
0.926002	2	1	4	945
0.926002	2	1	5	945
0.926102	2	1	4	945
0.926102	2	1	5	945
0.926202	2	1	4	945
0.926202	2	1	5	945
0.926302	2	1	4	945
0.926302	2	1	5	945
0.926402	2	1	4	945
0.926402	2	1	5	945
0.926502	2	1	4	945
0.926502	2	1	5	945
0.926602	2	1	4	945
0.926602	2	1	5	945
0.926702	2	1	4	945
0.926702	2	1	5	945
0.926802	2	1	4	945
0.926802	2	1	5	945
0.926902	2	1	4	945
0.926902	2	1	5	945
0.927002	2	1	4	945
0.927002	2	1	5	945
0.927102	2	1	4	945
0.927102	2	1	5	945
0.927202	2	1	4	945
0.927202	2	1	5	945
0.927302	2	1	4	945
0.927302	2	1	5	945
0.927402	2	1	4	945
0.927402	2	1	5	945
0.927502	2	1	4	945
0.927502	2	1	5	945
0.927602	2	1	4	945
0.927602	2	1	5	945
0.927702	2	1	4	945
0.927702	2	1	5	945
0.927802	2	1	4	945
0.927802	2	1	5	945
0.927902	2	1	4	945
0.927902	2	1	5	945
0.928002	2	1	4	945
0.928002	2	1	5	945
0.928102	2	1	4	945
0.928102	2	1	5	945
0.928202	2	1	4	945
0.928202	2	1	5	945
0.928302	2	1	4	945
0.928302	2	1	5	945
0.928402	2	1	4	945
0.928402	2	1	5	945
0.928502	2	1	4	945
0.928502	2	1	5	945
0.928602	2	1	4	945
0.928602	2	1	5	945
0.928702	2	1	4	945
0.928702	2	1	5	945
0.928802	2	1	4	945
0.928802	2	1	5	945
0.928902	2	1	4	945
0.928902	2	1	5	945
0.929002	2	1	4	945
0.929002	2	1	5	945
0.929102	2	1	4	945
0.929102	2	1	5	945
0.929202	2	1	4	945
0.929202	2	1	5	945
0.929302	2	1	4	945
0.929302	2	1	5	945
0.929402	2	1	4	945
0.929402	2	1	5	945
0.929502	2	1	4	945
0.929502	2	1	5	945
0.929602	2	1	4	945
0.929602	2	1	5	945
0.929702	2	1	4	945
0.929702	2	1	5	945
0.929802	2	1	4	945
0.929802	2	1	5	945
0.929902	2	1	4	945
0.929902	2	1	5	945
0.930002	2	1	4	945
0.930002	2	1	5	945
0.930102	2	1	4	945
0.930102	2	1	5	945
0.930202	2	1	4	945
0.930202	2	1	5	945
0.930302	2	1	4	945
0.930302	2	1	5	945
0.930402	2	1	4	945
0.930402	2	1	5	945
0.930502	2	1	4	945
0.930502	2	1	5	945
0.930602	2	1	4	945
0.930602	2	1	5	945
0.930702	2	1	4	945
0.930702	2	1	5	945
0.930802	2	1	4	945
0.930802	2	1	5	945
0.930902	2	1	4	945
0.930902	2	1	5	945
0.931002	2	1	4	945
0.931002	2	1	5	945
0.931102	2	1	4	945
0.931102	2	1	5	945
0.931202	2	1	4	945
0.931202	2	1	5	945
0.931302	2	1	4	945
0.931302	2	1	5	945
0.931402	2	1	4	945
0.931402	2	1	5	945
0.931502	2	1	4	945
0.931502	2	1	5	945
0.931602	2	1	4	945
0.931602	2	1	5	945
0.931702	2	1	4	945
0.931702	2	1	5	945
0.931802	2	1	4	945
0.931802	2	1	5	945
0.931902	2	1	4	945
0.931902	2	1	5	945
0.932002	2	1	4	945
0.932002	2	1	5	945
0.932102	2	1	4	945
0.932102	2	1	5	945
0.932202	2	1	4	945
0.932202	2	1	5	945
0.932302	2	1	4	945
0.932302	2	1	5	945
0.932402	2	1	4	945
0.932402	2	1	5	945
0.932502	2	1	4	945
0.932502	2	1	5	945
0.932602	2	1	4	945
0.932602	2	1	5	945
0.932702	2	1	4	945
0.932702	2	1	5	945
0.932802	2	1	4	945
0.932802	2	1	5	945
0.932902	2	1	4	945
0.932902	2	1	5	945
0.933002	2	1	4	945
0.933002	2	1	5	945
0.933102	2	1	4	945
0.933102	2	1	5	945
0.933202	2	1	4	945
0.933202	2	1	5	945
0.933302	2	1	4	945
0.933302	2	1	5	945
0.933402	2	1	4	945
0.933402	2	1	5	945
0.933502	2	1	4	945
0.933502	2	1	5	945
0.933602	2	1	4	945
0.933602	2	1	5	945
0.933702	2	1	4	945
0.933702	2	1	5	945
0.933802	2	1	4	945
0.933802	2	1	5	945
0.933902	2	1	4	945
0.933902	2	1	5	945
0.934002	2	1	4	945
0.934002	2	1	5	945
0.934102	2	1	4	945
0.934102	2	1	5	945
0.934202	2	1	4	945
0.934202	2	1	5	945
0.934302	2	1	4	945
0.934302	2	1	5	945
0.934402	2	1	4	945
0.934402	2	1	5	945
0.934502	2	1	4	945
0.934502	2	1	5	945
0.934602	2	1	4	945
0.934602	2	1	5	945
0.934702	2	1	4	945
0.934702	2	1	5	945
0.934802	2	1	4	945
0.934802	2	1	5	945
0.934902	2	1	4	945
0.934902	2	1	5	945
0.935002	2	1	4	945
0.935002	2	1	5	945
0.935102	2	1	4	945
0.935102	2	1	5	945
0.935202	2	1	4	945
0.935202	2	1	5	945
0.935302	2	1	4	945
0.935302	2	1	5	945
0.935402	2	1	4	945
0.935402	2	1	5	945
0.935502	2	1	4	945
0.935502	2	1	5	945
0.935602	2	1	4	945
0.935602	2	1	5	945
0.935702	2	1	4	945
0.935702	2	1	5	945
0.935802	2	1	4	945
0.935802	2	1	5	945
0.935902	2	1	4	945
0.935902	2	1	5	945
0.936002	2	1	4	945
0.936002	2	1	5	945
0.936102	2	1	4	945
0.936102	2	1	5	945
0.936202	2	1	4	945
0.936202	2	1	5	945
0.936302	2	1	4	945
0.936302	2	1	5	945
0.936402	2	1	4	945
0.936402	2	1	5	945
0.936502	2	1	4	945
0.936502	2	1	5	945
0.936602	2	1	4	945
0.936602	2	1	5	945
0.936702	2	1	4	945
0.936702	2	1	5	945
0.936802	2	1	4	945
0.936802	2	1	5	945
0.936902	2	1	4	945
0.936902	2	1	5	945
0.937002	2	1	4	945
0.937002	2	1	5	945
0.937102	2	1	4	945
0.937102	2	1	5	945
0.937202	2	1	4	945
0.937202	2	1	5	945
0.937302	2	1	4	945
0.937302	2	1	5	945
0.937402	2	1	4	945
0.937402	2	1	5	945
0.937502	2	1	4	945
0.937502	2	1	5	945
0.937602	2	1	4	945
0.937602	2	1	5	945
0.937702	2	1	4	945
0.937702	2	1	5	945
0.937802	2	1	4	945
0.937802	2	1	5	945
0.937902	2	1	4	945
0.937902	2	1	5	945
0.938002	2	1	4	945
0.938002	2	1	5	945
0.938102	2	1	4	945
0.938102	2	1	5	945
0.938202	2	1	4	945
0.938202	2	1	5	945
0.938302	2	1	4	945
0.938302	2	1	5	945
0.938402	2	1	4	945
0.938402	2	1	5	945
0.938502	2	1	4	945
0.938502	2	1	5	945
0.938602	2	1	4	945
0.938602	2	1	5	945
0.938702	2	1	4	945
0.938702	2	1	5	945
0.938802	2	1	4	945
0.938802	2	1	5	945
0.938902	2	1	4	945
0.938902	2	1	5	945
0.939002	2	1	4	945
0.939002	2	1	5	945
0.939102	2	1	4	945
0.939102	2	1	5	945
0.939202	2	1	4	945
0.939202	2	1	5	945
0.939302	2	1	4	945
0.939302	2	1	5	945
0.939402	2	1	4	945
0.939402	2	1	5	945
0.939502	2	1	4	945
0.939502	2	1	5	945
0.939602	2	1	4	945
0.939602	2	1	5	945
0.939702	2	1	4	945
0.939702	2	1	5	945
0.939802	2	1	4	945
0.939802	2	1	5	945
0.939902	2	1	4	945
0.939902	2	1	5	945
0.940002	2	1	4	945
0.940002	2	1	5	945
0.940102	2	1	4	945
0.940102	2	1	5	945
0.940202	2	1	4	945
0.940202	2	1	5	945
0.940302	2	1	4	945
0.940302	2	1	5	945
0.940402	2	1	4	945
0.940402	2	1	5	945
0.940502	2	1	4	945
0.940502	2	1	5	945
0.940602	2	1	4	945
0.940602	2	1	5	945
0.940702	2	1	4	945
0.940702	2	1	5	945
0.940802	2	1	4	945
0.940802	2	1	5	945
0.940902	2	1	4	945
0.940902	2	1	5	945
0.941002	2	1	4	945
0.941002	2	1	5	945
0.941102	2	1	4	945
0.941102	2	1	5	945
0.941202	2	1	4	945
0.941202	2	1	5	945
0.941302	2	1	4	945
0.941302	2	1	5	945
0.941402	2	1	4	945
0.941402	2	1	5	945
0.941502	2	1	4	945
0.941502	2	1	5	945
0.941602	2	1	4	945
0.941602	2	1	5	945
0.941702	2	1	4	945
0.941702	2	1	5	945
0.941802	2	1	4	945
0.941802	2	1	5	945
0.941902	2	1	4	945
0.941902	2	1	5	945
0.942002	2	1	4	945
0.942002	2	1	5	945
0.942102	2	1	4	945
0.942102	2	1	5	945
0.942202	2	1	4	945
0.942202	2	1	5	945
0.942302	2	1	4	945
0.942302	2	1	5	945
0.942402	2	1	4	945
0.942402	2	1	5	945
0.942502	2	1	4	945
0.942502	2	1	5	945
0.942602	2	1	4	945
0.942602	2	1	5	945
0.942702	2	1	4	945
0.942702	2	1	5	945
0.942802	2	1	4	945
0.942802	2	1	5	945
0.942902	2	1	4	945
0.942902	2	1	5	945
0.943002	2	1	4	945
0.943002	2	1	5	945
0.943102	2	1	4	945
0.943102	2	1	5	945
0.943202	2	1	4	945
0.943202	2	1	5	945
0.943302	2	1	4	945
0.943302	2	1	5	945
0.943402	2	1	4	945
0.943402	2	1	5	945
0.943502	2	1	4	945
0.943502	2	1	5	945
0.943602	2	1	4	945
0.943602	2	1	5	945
0.943702	2	1	4	945
0.943702	2	1	5	945
0.943802	2	1	4	945
0.943802	2	1	5	945
0.943902	2	1	4	945
0.943902	2	1	5	945
0.944002	2	1	4	945
0.944002	2	1	5	945
0.944102	2	1	4	945
0.944102	2	1	5	945
0.944202	2	1	4	945
0.944202	2	1	5	945
0.944302	2	1	4	945
0.944302	2	1	5	945
0.944402	2	1	4	945
0.944402	2	1	5	945
0.944502	2	1	4	945
0.944502	2	1	5	945
0.944602	2	1	4	945
0.944602	2	1	5	945
0.944702	2	1	4	945
0.944702	2	1	5	945
0.944802	2	1	4	945
0.944802	2	1	5	945
0.944902	2	1	4	945
0.944902	2	1	5	945
0.945002	2	1	4	945
0.945002	2	1	5	945
0.945102	2	1	4	945
0.945102	2	1	5	945
0.945202	2	1	4	945
0.945202	2	1	5	945
0.945302	2	1	4	945
0.945302	2	1	5	945
0.945402	2	1	4	945
0.945402	2	1	5	945
0.945502	2	1	4	945
0.945502	2	1	5	945
0.945602	2	1	4	945
0.945602	2	1	5	945
0.945702	2	1	4	945
0.945702	2	1	5	945
0.945802	2	1	4	945
0.945802	2	1	5	945
0.945902	2	1	4	945
0.945902	2	1	5	945
0.946002	2	1	4	945
0.946002	2	1	5	945
0.946102	2	1	4	945
0.946102	2	1	5	945
0.946202	2	1	4	945
0.946202	2	1	5	945
0.946302	2	1	4	945
0.946302	2	1	5	945
0.946402	2	1	4	945
0.946402	2	1	5	945
0.946502	2	1	4	945
0.946502	2	1	5	945
0.946602	2	1	4	945
0.946602	2	1	5	945
0.946702	2	1	4	945
0.946702	2	1	5	945
0.946802	2	1	4	945
0.946802	2	1	5	945
0.946902	2	1	4	945
0.946902	2	1	5	945
0.947002	2	1	4	945
0.947002	2	1	5	945
0.947102	2	1	4	945
0.947102	2	1	5	945
0.947202	2	1	4	945
0.947202	2	1	5	945
0.947302	2	1	4	945
0.947302	2	1	5	945
0.947402	2	1	4	945
0.947402	2	1	5	945
0.947502	2	1	4	945
0.947502	2	1	5	945
0.947602	2	1	4	945
0.947602	2	1	5	945
0.947702	2	1	4	945
0.947702	2	1	5	945
0.947802	2	1	4	945
0.947802	2	1	5	945
0.947902	2	1	4	945
0.947902	2	1	5	945
0.948002	2	1	4	945
0.948002	2	1	5	945
0.948102	2	1	4	945
0.948102	2	1	5	945
0.948202	2	1	4	945
0.948202	2	1	5	945
0.948302	2	1	4	945
0.948302	2	1	5	945
0.948402	2	1	4	945
0.948402	2	1	5	945
0.948502	2	1	4	945
0.948502	2	1	5	945
0.948602	2	1	4	945
0.948602	2	1	5	945
0.948702	2	1	4	945
0.948702	2	1	5	945
0.948802	2	1	4	945
0.948802	2	1	5	945
0.948902	2	1	4	945
0.948902	2	1	5	945
0.949002	2	1	4	945
0.949002	2	1	5	945
0.949102	2	1	4	945
0.949102	2	1	5	945
0.949202	2	1	4	945
0.949202	2	1	5	945
0.949302	2	1	4	945
0.949302	2	1	5	945
0.949402	2	1	4	945
0.949402	2	1	5	945
0.949502	2	1	4	945
0.949502	2	1	5	945
0.949602	2	1	4	945
0.949602	2	1	5	945
0.949702	2	1	4	945
0.949702	2	1	5	945
0.949802	2	1	4	945
0.949802	2	1	5	945
0.949902	2	1	4	945
0.949902	2	1	5	945
0.950002	2	1	4	945
0.950002	2	1	5	945
0.950102	2	1	4	945
0.950102	2	1	5	945
0.950202	2	1	4	945
0.950202	2	1	5	945
0.950302	2	1	4	945
0.950302	2	1	5	945
0.950402	2	1	4	945
0.950402	2	1	5	945
0.950502	2	1	4	945
0.950502	2	1	5	945
0.950602	2	1	4	945
0.950602	2	1	5	945
0.950702	2	1	4	945
0.950702	2	1	5	945
0.950802	2	1	4	945
0.950802	2	1	5	945
0.950902	2	1	4	945
0.950902	2	1	5	945
0.951002	2	1	4	945
0.951002	2	1	5	945
0.951102	2	1	4	945
0.951102	2	1	5	945
0.951202	2	1	4	945
0.951202	2	1	5	945
0.951302	2	1	4	945
0.951302	2	1	5	945
0.951402	2	1	4	945
0.951402	2	1	5	945
0.951502	2	1	4	945
0.951502	2	1	5	945
0.951602	2	1	4	945
0.951602	2	1	5	945
0.951702	2	1	4	945
0.951702	2	1	5	945
0.951802	2	1	4	945
0.951802	2	1	5	945
0.951902	2	1	4	945
0.951902	2	1	5	945
0.952002	2	1	4	945
0.952002	2	1	5	945
0.952102	2	1	4	945
0.952102	2	1	5	945
0.952202	2	1	4	945
0.952202	2	1	5	945
0.952302	2	1	4	945
0.952302	2	1	5	945
0.952402	2	1	4	945
0.952402	2	1	5	945
0.952502	2	1	4	945
0.952502	2	1	5	945
0.952602	2	1	4	945
0.952602	2	1	5	945
0.952702	2	1	4	945
0.952702	2	1	5	945
0.952802	2	1	4	945
0.952802	2	1	5	945
0.952902	2	1	4	945
0.952902	2	1	5	945
0.953002	2	1	4	945
0.953002	2	1	5	945
0.953102	2	1	4	945
0.953102	2	1	5	945
0.953202	2	1	4	945
0.953202	2	1	5	945
0.953302	2	1	4	945
0.953302	2	1	5	945
0.953402	2	1	4	945
0.953402	2	1	5	945
0.953502	2	1	4	945
0.953502	2	1	5	945
0.953602	2	1	4	945
0.953602	2	1	5	945
0.953702	2	1	4	945
0.953702	2	1	5	945
0.953802	2	1	4	945
0.953802	2	1	5	945
0.953902	2	1	4	945
0.953902	2	1	5	945
0.954002	2	1	4	945
0.954002	2	1	5	945
0.954102	2	1	4	945
0.954102	2	1	5	945
0.954202	2	1	4	945
0.954202	2	1	5	945
0.954302	2	1	4	945
0.954302	2	1	5	945
0.954402	2	1	4	945
0.954402	2	1	5	945
0.954502	2	1	4	945
0.954502	2	1	5	945
0.954602	2	1	4	945
0.954602	2	1	5	945
0.954702	2	1	4	945
0.954702	2	1	5	945
0.954802	2	1	4	945
0.954802	2	1	5	945
0.954902	2	1	4	945
0.954902	2	1	5	945
0.955002	2	1	4	945
0.955002	2	1	5	945
0.955102	2	1	4	945
0.955102	2	1	5	945
0.955202	2	1	4	945
0.955202	2	1	5	945
0.955302	2	1	4	945
0.955302	2	1	5	945
0.955402	2	1	4	945
0.955402	2	1	5	945
0.955502	2	1	4	945
0.955502	2	1	5	945
0.955602	2	1	4	945
0.955602	2	1	5	945
0.955702	2	1	4	945
0.955702	2	1	5	945
0.955802	2	1	4	945
0.955802	2	1	5	945
0.955902	2	1	4	945
0.955902	2	1	5	945
0.956002	2	1	4	945
0.956002	2	1	5	945
0.956102	2	1	4	945
0.956102	2	1	5	945
0.956202	2	1	4	945
0.956202	2	1	5	945
0.956302	2	1	4	945
0.956302	2	1	5	945
0.956402	2	1	4	945
0.956402	2	1	5	945
0.956502	2	1	4	945
0.956502	2	1	5	945
0.956602	2	1	4	945
0.956602	2	1	5	945
0.956702	2	1	4	945
0.956702	2	1	5	945
0.956802	2	1	4	945
0.956802	2	1	5	945
0.956902	2	1	4	945
0.956902	2	1	5	945
0.957002	2	1	4	945
0.957002	2	1	5	945
0.957102	2	1	4	945
0.957102	2	1	5	945
0.957202	2	1	4	945
0.957202	2	1	5	945
0.957302	2	1	4	945
0.957302	2	1	5	945
0.957402	2	1	4	945
0.957402	2	1	5	945
0.957502	2	1	4	945
0.957502	2	1	5	945
0.957602	2	1	4	945
0.957602	2	1	5	945
0.957702	2	1	4	945
0.957702	2	1	5	945
0.957802	2	1	4	945
0.957802	2	1	5	945
0.957902	2	1	4	945
0.957902	2	1	5	945
0.958002	2	1	4	945
0.958002	2	1	5	945
0.958102	2	1	4	945
0.958102	2	1	5	945
0.958202	2	1	4	945
0.958202	2	1	5	945
0.958302	2	1	4	945
0.958302	2	1	5	945
0.958402	2	1	4	945
0.958402	2	1	5	945
0.958502	2	1	4	945
0.958502	2	1	5	945
0.958602	2	1	4	945
0.958602	2	1	5	945
0.958702	2	1	4	945
0.958702	2	1	5	945
0.958802	2	1	4	945
0.958802	2	1	5	945
0.958902	2	1	4	945
0.958902	2	1	5	945
0.959002	2	1	4	945
0.959002	2	1	5	945
0.959102	2	1	4	945
0.959102	2	1	5	945
0.959202	2	1	4	945
0.959202	2	1	5	945
0.959302	2	1	4	945
0.959302	2	1	5	945
0.959402	2	1	4	945
0.959402	2	1	5	945
0.959502	2	1	4	945
0.959502	2	1	5	945
0.959602	2	1	4	945
0.959602	2	1	5	945
0.959702	2	1	4	945
0.959702	2	1	5	945
0.959802	2	1	4	945
0.959802	2	1	5	945
0.959902	2	1	4	945
0.959902	2	1	5	945
0.960002	2	1	4	945
0.960002	2	1	5	945
0.960102	2	1	4	945
0.960102	2	1	5	945
0.960202	2	1	4	945
0.960202	2	1	5	945
0.960302	2	1	4	945
0.960302	2	1	5	945
0.960402	2	1	4	945
0.960402	2	1	5	945
0.960502	2	1	4	945
0.960502	2	1	5	945
0.960602	2	1	4	945
0.960602	2	1	5	945
0.960702	2	1	4	945
0.960702	2	1	5	945
0.960802	2	1	4	945
0.960802	2	1	5	945
0.960902	2	1	4	945
0.960902	2	1	5	945
0.961002	2	1	4	945
0.961002	2	1	5	945
0.961102	2	1	4	945
0.961102	2	1	5	945
0.961202	2	1	4	945
0.961202	2	1	5	945
0.961302	2	1	4	945
0.961302	2	1	5	945
0.961402	2	1	4	945
0.961402	2	1	5	945
0.961502	2	1	4	945
0.961502	2	1	5	945
0.961602	2	1	4	945
0.961602	2	1	5	945
0.961702	2	1	4	945
0.961702	2	1	5	945
0.961802	2	1	4	945
0.961802	2	1	5	945
0.961902	2	1	4	945
0.961902	2	1	5	945
0.962002	2	1	4	945
0.962002	2	1	5	945
0.962102	2	1	4	945
0.962102	2	1	5	945
0.962202	2	1	4	945
0.962202	2	1	5	945
0.962302	2	1	4	945
0.962302	2	1	5	945
0.962402	2	1	4	945
0.962402	2	1	5	945
0.962502	2	1	4	945
0.962502	2	1	5	945
0.962602	2	1	4	945
0.962602	2	1	5	945
0.962702	2	1	4	945
0.962702	2	1	5	945
0.962802	2	1	4	945
0.962802	2	1	5	945
0.962902	2	1	4	945
0.962902	2	1	5	945
0.963002	2	1	4	945
0.963002	2	1	5	945
0.963102	2	1	4	945
0.963102	2	1	5	945
0.963202	2	1	4	945
0.963202	2	1	5	945
0.963302	2	1	4	945
0.963302	2	1	5	945
0.963402	2	1	4	945
0.963402	2	1	5	945
0.963502	2	1	4	945
0.963502	2	1	5	945
0.963602	2	1	4	945
0.963602	2	1	5	945
0.963702	2	1	4	945
0.963702	2	1	5	945
0.963802	2	1	4	945
0.963802	2	1	5	945
0.963902	2	1	4	945
0.963902	2	1	5	945
0.964002	2	1	4	945
0.964002	2	1	5	945
0.964102	2	1	4	945
0.964102	2	1	5	945
0.964202	2	1	4	945
0.964202	2	1	5	945
0.964302	2	1	4	945
0.964302	2	1	5	945
0.964402	2	1	4	945
0.964402	2	1	5	945
0.964502	2	1	4	945
0.964502	2	1	5	945
0.964602	2	1	4	945
0.964602	2	1	5	945
0.964702	2	1	4	945
0.964702	2	1	5	945
0.964802	2	1	4	945
0.964802	2	1	5	945
0.964902	2	1	4	945
0.964902	2	1	5	945
0.965002	2	1	4	945
0.965002	2	1	5	945
0.965102	2	1	4	945
0.965102	2	1	5	945
0.965202	2	1	4	945
0.965202	2	1	5	945
0.965302	2	1	4	945
0.965302	2	1	5	945
0.965402	2	1	4	945
0.965402	2	1	5	945
0.965502	2	1	4	945
0.965502	2	1	5	945
0.965602	2	1	4	945
0.965602	2	1	5	945
0.965702	2	1	4	945
0.965702	2	1	5	945
0.965802	2	1	4	945
0.965802	2	1	5	945
0.965902	2	1	4	945
0.965902	2	1	5	945
0.966002	2	1	4	945
0.966002	2	1	5	945
0.966102	2	1	4	945
0.966102	2	1	5	945
0.966202	2	1	4	945
0.966202	2	1	5	945
0.966302	2	1	4	945
0.966302	2	1	5	945
0.966402	2	1	4	945
0.966402	2	1	5	945
0.966502	2	1	4	945
0.966502	2	1	5	945
0.966602	2	1	4	945
0.966602	2	1	5	945
0.966702	2	1	4	945
0.966702	2	1	5	945
0.966802	2	1	4	945
0.966802	2	1	5	945
0.966902	2	1	4	945
0.966902	2	1	5	945
0.967002	2	1	4	945
0.967002	2	1	5	945
0.967102	2	1	4	945
0.967102	2	1	5	945
0.967202	2	1	4	945
0.967202	2	1	5	945
0.967302	2	1	4	945
0.967302	2	1	5	945
0.967402	2	1	4	945
0.967402	2	1	5	945
0.967502	2	1	4	945
0.967502	2	1	5	945
0.967602	2	1	4	945
0.967602	2	1	5	945
0.967702	2	1	4	945
0.967702	2	1	5	945
0.967802	2	1	4	945
0.967802	2	1	5	945
0.967902	2	1	4	945
0.967902	2	1	5	945
0.968002	2	1	4	945
0.968002	2	1	5	945
0.968102	2	1	4	945
0.968102	2	1	5	945
0.968202	2	1	4	945
0.968202	2	1	5	945
0.968302	2	1	4	945
0.968302	2	1	5	945
0.968402	2	1	4	945
0.968402	2	1	5	945
0.968502	2	1	4	945
0.968502	2	1	5	945
0.968602	2	1	4	945
0.968602	2	1	5	945
0.968702	2	1	4	945
0.968702	2	1	5	945
0.968802	2	1	4	945
0.968802	2	1	5	945
0.968902	2	1	4	945
0.968902	2	1	5	945
0.969002	2	1	4	945
0.969002	2	1	5	945
0.969102	2	1	4	945
0.969102	2	1	5	945
0.969202	2	1	4	945
0.969202	2	1	5	945
0.969302	2	1	4	945
0.969302	2	1	5	945
0.969402	2	1	4	945
0.969402	2	1	5	945
0.969502	2	1	4	945
0.969502	2	1	5	945
0.969602	2	1	4	945
0.969602	2	1	5	945
0.969702	2	1	4	945
0.969702	2	1	5	945
0.969802	2	1	4	945
0.969802	2	1	5	945
0.969902	2	1	4	945
0.969902	2	1	5	945
0.970002	2	1	4	945
0.970002	2	1	5	945
0.970102	2	1	4	945
0.970102	2	1	5	945
0.970202	2	1	4	945
0.970202	2	1	5	945
0.970302	2	1	4	945
0.970302	2	1	5	945
0.970402	2	1	4	945
0.970402	2	1	5	945
0.970502	2	1	4	945
0.970502	2	1	5	945
0.970602	2	1	4	945
0.970602	2	1	5	945
0.970702	2	1	4	945
0.970702	2	1	5	945
0.970802	2	1	4	945
0.970802	2	1	5	945
0.970902	2	1	4	945
0.970902	2	1	5	945
0.971002	2	1	4	945
0.971002	2	1	5	945
0.971102	2	1	4	945
0.971102	2	1	5	945
0.971202	2	1	4	945
0.971202	2	1	5	945
0.971302	2	1	4	945
0.971302	2	1	5	945
0.971402	2	1	4	945
0.971402	2	1	5	945
0.971502	2	1	4	945
0.971502	2	1	5	945
0.971602	2	1	4	945
0.971602	2	1	5	945
0.971702	2	1	4	945
0.971702	2	1	5	945
0.971802	2	1	4	945
0.971802	2	1	5	945
0.971902	2	1	4	945
0.971902	2	1	5	945
0.972002	2	1	4	945
0.972002	2	1	5	945
0.972102	2	1	4	945
0.972102	2	1	5	945
0.972202	2	1	4	945
0.972202	2	1	5	945
0.972302	2	1	4	945
0.972302	2	1	5	945
0.972402	2	1	4	945
0.972402	2	1	5	945
0.972502	2	1	4	945
0.972502	2	1	5	945
0.972602	2	1	4	945
0.972602	2	1	5	945
0.972702	2	1	4	945
0.972702	2	1	5	945
0.972802	2	1	4	945
0.972802	2	1	5	945
0.972902	2	1	4	945
0.972902	2	1	5	945
0.973002	2	1	4	945
0.973002	2	1	5	945
0.973102	2	1	4	945
0.973102	2	1	5	945
0.973202	2	1	4	945
0.973202	2	1	5	945
0.973302	2	1	4	945
0.973302	2	1	5	945
0.973402	2	1	4	945
0.973402	2	1	5	945
0.973502	2	1	4	945
0.973502	2	1	5	945
0.973602	2	1	4	945
0.973602	2	1	5	945
0.973702	2	1	4	945
0.973702	2	1	5	945
0.973802	2	1	4	945
0.973802	2	1	5	945
0.973902	2	1	4	945
0.973902	2	1	5	945
0.974002	2	1	4	945
0.974002	2	1	5	945
0.974102	2	1	4	945
0.974102	2	1	5	945
0.974202	2	1	4	945
0.974202	2	1	5	945
0.974302	2	1	4	945
0.974302	2	1	5	945
0.974402	2	1	4	945
0.974402	2	1	5	945
0.974502	2	1	4	945
0.974502	2	1	5	945
0.974602	2	1	4	945
0.974602	2	1	5	945
0.974702	2	1	4	945
0.974702	2	1	5	945
0.974802	2	1	4	945
0.974802	2	1	5	945
0.974902	2	1	4	945
0.974902	2	1	5	945
0.975002	2	1	4	945
0.975002	2	1	5	945
0.975102	2	1	4	945
0.975102	2	1	5	945
0.975202	2	1	4	945
0.975202	2	1	5	945
0.975302	2	1	4	945
0.975302	2	1	5	945
0.975402	2	1	4	945
0.975402	2	1	5	945
0.975502	2	1	4	945
0.975502	2	1	5	945
0.975602	2	1	4	945
0.975602	2	1	5	945
0.975702	2	1	4	945
0.975702	2	1	5	945
0.975802	2	1	4	945
0.975802	2	1	5	945
0.975902	2	1	4	945
0.975902	2	1	5	945
0.976002	2	1	4	945
0.976002	2	1	5	945
0.976102	2	1	4	945
0.976102	2	1	5	945
0.976202	2	1	4	945
0.976202	2	1	5	945
0.976302	2	1	4	945
0.976302	2	1	5	945
0.976402	2	1	4	945
0.976402	2	1	5	945
0.976502	2	1	4	945
0.976502	2	1	5	945
0.976602	2	1	4	945
0.976602	2	1	5	945
0.976702	2	1	4	945
0.976702	2	1	5	945
0.976802	2	1	4	945
0.976802	2	1	5	945
0.976902	2	1	4	945
0.976902	2	1	5	945
0.977002	2	1	4	945
0.977002	2	1	5	945
0.977102	2	1	4	945
0.977102	2	1	5	945
0.977202	2	1	4	945
0.977202	2	1	5	945
0.977302	2	1	4	945
0.977302	2	1	5	945
0.977402	2	1	4	945
0.977402	2	1	5	945
0.977502	2	1	4	945
0.977502	2	1	5	945
0.977602	2	1	4	945
0.977602	2	1	5	945
0.977702	2	1	4	945
0.977702	2	1	5	945
0.977802	2	1	4	945
0.977802	2	1	5	945
0.977902	2	1	4	945
0.977902	2	1	5	945
0.978002	2	1	4	945
0.978002	2	1	5	945
0.978102	2	1	4	945
0.978102	2	1	5	945
0.978202	2	1	4	945
0.978202	2	1	5	945
0.978302	2	1	4	945
0.978302	2	1	5	945
0.978402	2	1	4	945
0.978402	2	1	5	945
0.978502	2	1	4	945
0.978502	2	1	5	945
0.978602	2	1	4	945
0.978602	2	1	5	945
0.978702	2	1	4	945
0.978702	2	1	5	945
0.978802	2	1	4	945
0.978802	2	1	5	945
0.978902	2	1	4	945
0.978902	2	1	5	945
0.979002	2	1	4	945
0.979002	2	1	5	945
0.979102	2	1	4	945
0.979102	2	1	5	945
0.979202	2	1	4	945
0.979202	2	1	5	945
0.979302	2	1	4	945
0.979302	2	1	5	945
0.979402	2	1	4	945
0.979402	2	1	5	945
0.979502	2	1	4	945
0.979502	2	1	5	945
0.979602	2	1	4	945
0.979602	2	1	5	945
0.979702	2	1	4	945
0.979702	2	1	5	945
0.979802	2	1	4	945
0.979802	2	1	5	945
0.979902	2	1	4	945
0.979902	2	1	5	945
0.980002	2	1	4	945
0.980002	2	1	5	945
0.980102	2	1	4	945
0.980102	2	1	5	945
0.980202	2	1	4	945
0.980202	2	1	5	945
0.980302	2	1	4	945
0.980302	2	1	5	945
0.980402	2	1	4	945
0.980402	2	1	5	945
0.980502	2	1	4	945
0.980502	2	1	5	945
0.980602	2	1	4	945
0.980602	2	1	5	945
0.980702	2	1	4	945
0.980702	2	1	5	945
0.980802	2	1	4	945
0.980802	2	1	5	945
0.980902	2	1	4	945
0.980902	2	1	5	945
0.981002	2	1	4	945
0.981002	2	1	5	945
0.981102	2	1	4	945
0.981102	2	1	5	945
0.981202	2	1	4	945
0.981202	2	1	5	945
0.981302	2	1	4	945
0.981302	2	1	5	945
0.981402	2	1	4	945
0.981402	2	1	5	945
0.981502	2	1	4	945
0.981502	2	1	5	945
0.981602	2	1	4	945
0.981602	2	1	5	945
0.981702	2	1	4	945
0.981702	2	1	5	945
0.981802	2	1	4	945
0.981802	2	1	5	945
0.981902	2	1	4	945
0.981902	2	1	5	945
0.982002	2	1	4	945
0.982002	2	1	5	945
0.982102	2	1	4	945
0.982102	2	1	5	945
0.982202	2	1	4	945
0.982202	2	1	5	945
0.982302	2	1	4	945
0.982302	2	1	5	945
0.982402	2	1	4	945
0.982402	2	1	5	945
0.982502	2	1	4	945
0.982502	2	1	5	945
0.982602	2	1	4	945
0.982602	2	1	5	945
0.982702	2	1	4	945
0.982702	2	1	5	945
0.982802	2	1	4	945
0.982802	2	1	5	945
0.982902	2	1	4	945
0.982902	2	1	5	945
0.983002	2	1	4	945
0.983002	2	1	5	945
0.983102	2	1	4	945
0.983102	2	1	5	945
0.983202	2	1	4	945
0.983202	2	1	5	945
0.983302	2	1	4	945
0.983302	2	1	5	945
0.983402	2	1	4	945
0.983402	2	1	5	945
0.983502	2	1	4	945
0.983502	2	1	5	945
0.983602	2	1	4	945
0.983602	2	1	5	945
0.983702	2	1	4	945
0.983702	2	1	5	945
0.983802	2	1	4	945
0.983802	2	1	5	945
0.983902	2	1	4	945
0.983902	2	1	5	945
0.984002	2	1	4	945
0.984002	2	1	5	945
0.984102	2	1	4	945
0.984102	2	1	5	945
0.984202	2	1	4	945
0.984202	2	1	5	945
0.984302	2	1	4	945
0.984302	2	1	5	945
0.984402	2	1	4	945
0.984402	2	1	5	945
0.984502	2	1	4	945
0.984502	2	1	5	945
0.984602	2	1	4	945
0.984602	2	1	5	945
0.984702	2	1	4	945
0.984702	2	1	5	945
0.984802	2	1	4	945
0.984802	2	1	5	945
0.984902	2	1	4	945
0.984902	2	1	5	945
0.985002	2	1	4	945
0.985002	2	1	5	945
0.985102	2	1	4	945
0.985102	2	1	5	945
0.985202	2	1	4	945
0.985202	2	1	5	945
0.985302	2	1	4	945
0.985302	2	1	5	945
0.985402	2	1	4	945
0.985402	2	1	5	945
0.985502	2	1	4	945
0.985502	2	1	5	945
0.985602	2	1	4	945
0.985602	2	1	5	945
0.985702	2	1	4	945
0.985702	2	1	5	945
0.985802	2	1	4	945
0.985802	2	1	5	945
0.985902	2	1	4	945
0.985902	2	1	5	945
0.986002	2	1	4	945
0.986002	2	1	5	945
0.986102	2	1	4	945
0.986102	2	1	5	945
0.986202	2	1	4	945
0.986202	2	1	5	945
0.986302	2	1	4	945
0.986302	2	1	5	945
0.986402	2	1	4	945
0.986402	2	1	5	945
0.986502	2	1	4	945
0.986502	2	1	5	945
0.986602	2	1	4	945
0.986602	2	1	5	945
0.986702	2	1	4	945
0.986702	2	1	5	945
0.986802	2	1	4	945
0.986802	2	1	5	945
0.986902	2	1	4	945
0.986902	2	1	5	945
0.987002	2	1	4	945
0.987002	2	1	5	945
0.987102	2	1	4	945
0.987102	2	1	5	945
0.987202	2	1	4	945
0.987202	2	1	5	945
0.987302	2	1	4	945
0.987302	2	1	5	945
0.987402	2	1	4	945
0.987402	2	1	5	945
0.987502	2	1	4	945
0.987502	2	1	5	945
0.987602	2	1	4	945
0.987602	2	1	5	945
0.987702	2	1	4	945
0.987702	2	1	5	945
0.987802	2	1	4	945
0.987802	2	1	5	945
0.987902	2	1	4	945
0.987902	2	1	5	945
0.988002	2	1	4	945
0.988002	2	1	5	945
0.988102	2	1	4	945
0.988102	2	1	5	945
0.988202	2	1	4	945
0.988202	2	1	5	945
0.988302	2	1	4	945
0.988302	2	1	5	945
0.988402	2	1	4	945
0.988402	2	1	5	945
0.988502	2	1	4	945
0.988502	2	1	5	945
0.988602	2	1	4	945
0.988602	2	1	5	945
0.988702	2	1	4	945
0.988702	2	1	5	945
0.988802	2	1	4	945
0.988802	2	1	5	945
0.988902	2	1	4	945
0.988902	2	1	5	945
0.989002	2	1	4	945
0.989002	2	1	5	945
0.989102	2	1	4	945
0.989102	2	1	5	945
0.989202	2	1	4	945
0.989202	2	1	5	945
0.989302	2	1	4	945
0.989302	2	1	5	945
0.989402	2	1	4	945
0.989402	2	1	5	945
0.989502	2	1	4	945
0.989502	2	1	5	945
0.989602	2	1	4	945
0.989602	2	1	5	945
0.989702	2	1	4	945
0.989702	2	1	5	945
0.989802	2	1	4	945
0.989802	2	1	5	945
0.989902	2	1	4	945
0.989902	2	1	5	945
0.990002	2	1	4	945
0.990002	2	1	5	945
0.990102	2	1	4	945
0.990102	2	1	5	945
0.990202	2	1	4	945
0.990202	2	1	5	945
0.990302	2	1	4	945
0.990302	2	1	5	945
0.990402	2	1	4	945
0.990402	2	1	5	945
0.990502	2	1	4	945
0.990502	2	1	5	945
0.990602	2	1	4	945
0.990602	2	1	5	945
0.990702	2	1	4	945
0.990702	2	1	5	945
0.990802	2	1	4	945
0.990802	2	1	5	945
0.990902	2	1	4	945
0.990902	2	1	5	945
0.991002	2	1	4	945
0.991002	2	1	5	945
0.991102	2	1	4	945
0.991102	2	1	5	945
0.991202	2	1	4	945
0.991202	2	1	5	945
0.991302	2	1	4	945
0.991302	2	1	5	945
0.991402	2	1	4	945
0.991402	2	1	5	945
0.991502	2	1	4	945
0.991502	2	1	5	945
0.991602	2	1	4	945
0.991602	2	1	5	945
0.991702	2	1	4	945
0.991702	2	1	5	945
0.991802	2	1	4	945
0.991802	2	1	5	945
0.991902	2	1	4	945
0.991902	2	1	5	945
0.992002	2	1	4	945
0.992002	2	1	5	945
0.992102	2	1	4	945
0.992102	2	1	5	945
0.992202	2	1	4	945
0.992202	2	1	5	945
0.992302	2	1	4	945
0.992302	2	1	5	945
0.992402	2	1	4	945
0.992402	2	1	5	945
0.992502	2	1	4	945
0.992502	2	1	5	945
0.992602	2	1	4	945
0.992602	2	1	5	945
0.992702	2	1	4	945
0.992702	2	1	5	945
0.992802	2	1	4	945
0.992802	2	1	5	945
0.992902	2	1	4	945
0.992902	2	1	5	945
0.993002	2	1	4	945
0.993002	2	1	5	945
0.993102	2	1	4	945
0.993102	2	1	5	945
0.993202	2	1	4	945
0.993202	2	1	5	945
0.993302	2	1	4	945
0.993302	2	1	5	945
0.993402	2	1	4	945
0.993402	2	1	5	945
0.993502	2	1	4	945
0.993502	2	1	5	945
0.993602	2	1	4	945
0.993602	2	1	5	945
0.993702	2	1	4	945
0.993702	2	1	5	945
0.993802	2	1	4	945
0.993802	2	1	5	945
0.993902	2	1	4	945
0.993902	2	1	5	945
0.994002	2	1	4	945
0.994002	2	1	5	945
0.994102	2	1	4	945
0.994102	2	1	5	945
0.994202	2	1	4	945
0.994202	2	1	5	945
0.994302	2	1	4	945
0.994302	2	1	5	945
0.994402	2	1	4	945
0.994402	2	1	5	945
0.994502	2	1	4	945
0.994502	2	1	5	945
0.994602	2	1	4	945
0.994602	2	1	5	945
0.994702	2	1	4	945
0.994702	2	1	5	945
0.994802	2	1	4	945
0.994802	2	1	5	945
0.994902	2	1	4	945
0.994902	2	1	5	945
0.995002	2	1	4	945
0.995002	2	1	5	945
0.995102	2	1	4	945
0.995102	2	1	5	945
0.995202	2	1	4	945
0.995202	2	1	5	945
0.995302	2	1	4	945
0.995302	2	1	5	945
0.995402	2	1	4	945
0.995402	2	1	5	945
0.995502	2	1	4	945
0.995502	2	1	5	945
0.995602	2	1	4	945
0.995602	2	1	5	945
0.995702	2	1	4	945
0.995702	2	1	5	945
0.995802	2	1	4	945
0.995802	2	1	5	945
0.995902	2	1	4	945
0.995902	2	1	5	945
0.996002	2	1	4	945
0.996002	2	1	5	945
0.996102	2	1	4	945
0.996102	2	1	5	945
0.996202	2	1	4	945
0.996202	2	1	5	945
0.996302	2	1	4	945
0.996302	2	1	5	945
0.996402	2	1	4	945
0.996402	2	1	5	945
0.996502	2	1	4	945
0.996502	2	1	5	945
0.996602	2	1	4	945
0.996602	2	1	5	945
0.996702	2	1	4	945
0.996702	2	1	5	945
0.996802	2	1	4	945
0.996802	2	1	5	945
0.996902	2	1	4	945
0.996902	2	1	5	945
0.997002	2	1	4	945
0.997002	2	1	5	945
0.997102	2	1	4	945
0.997102	2	1	5	945
0.997202	2	1	4	945
0.997202	2	1	5	945
0.997302	2	1	4	945
0.997302	2	1	5	945
0.997402	2	1	4	945
0.997402	2	1	5	945
0.997502	2	1	4	945
0.997502	2	1	5	945
0.997602	2	1	4	945
0.997602	2	1	5	945
0.997702	2	1	4	945
0.997702	2	1	5	945
0.997802	2	1	4	945
0.997802	2	1	5	945
0.997902	2	1	4	945
0.997902	2	1	5	945
0.998002	2	1	4	945
0.998002	2	1	5	945
0.998102	2	1	4	945
0.998102	2	1	5	945
0.998202	2	1	4	945
0.998202	2	1	5	945
0.998302	2	1	4	945
0.998302	2	1	5	945
0.998402	2	1	4	945
0.998402	2	1	5	945
0.998502	2	1	4	945
0.998502	2	1	5	945
0.998602	2	1	4	945
0.998602	2	1	5	945
0.998702	2	1	4	945
0.998702	2	1	5	945
0.998802	2	1	4	945
0.998802	2	1	5	945
0.998902	2	1	4	945
0.998902	2	1	5	945
0.999002	2	1	4	945
0.999002	2	1	5	945
0.999102	2	1	4	945
0.999102	2	1	5	945
0.999202	2	1	4	945
0.999202	2	1	5	945
0.999302	2	1	4	945
0.999302	2	1	5	945
0.999402	2	1	4	945
0.999402	2	1	5	945
0.999502	2	1	4	945
0.999502	2	1	5	945
0.999602	2	1	4	945
0.999602	2	1	5	945
0.999702	2	1	4	945
0.999702	2	1	5	945
0.999802	2	1	4	945
0.999802	2	1	5	945
0.999902	2	1	4	945
0.999902	2	1	5	945
1	2	1	4	945
1	2	1	5	945
1.0001	2	1	4	945
1.0001	2	1	5	945
1.0002	2	1	4	945
1.0002	2	1	5	945
1.0003	2	1	4	945
1.0003	2	1	5	945
1.0004	2	1	4	945
1.0004	2	1	5	945
1.0005	2	1	4	945
1.0005	2	1	5	945
1.0006	2	1	4	945
1.0006	2	1	5	945
1.0007	2	1	4	945
1.0007	2	1	5	945
1.0008	2	1	4	945
1.0008	2	1	5	945
1.0009	2	1	4	945
1.0009	2	1	5	945
1.001	2	1	4	945
1.001	2	1	5	945
1.0011	2	1	4	945
1.0011	2	1	5	945
1.0012	2	1	4	945
1.0012	2	1	5	945
1.0013	2	1	4	945
1.0013	2	1	5	945
1.0014	2	1	4	945
1.0014	2	1	5	945
1.0015	2	1	4	945
1.0015	2	1	5	945
1.0016	2	1	4	945
1.0016	2	1	5	945
1.0017	2	1	4	945
1.0017	2	1	5	945
1.0018	2	1	4	945
1.0018	2	1	5	945
1.0019	2	1	4	945
1.0019	2	1	5	945
1.002	2	1	4	945
1.002	2	1	5	945
1.0021	2	1	4	945
1.0021	2	1	5	945
1.0022	2	1	4	945
1.0022	2	1	5	945
1.0023	2	1	4	945
1.0023	2	1	5	945
1.0024	2	1	4	945
1.0024	2	1	5	945
1.0025	2	1	4	945
1.0025	2	1	5	945
1.0026	2	1	4	945
1.0026	2	1	5	945
1.0027	2	1	4	945
1.0027	2	1	5	945
1.0028	2	1	4	945
1.0028	2	1	5	945
1.0029	2	1	4	945
1.0029	2	1	5	945
1.003	2	1	4	945
1.003	2	1	5	945
1.0031	2	1	4	945
1.0031	2	1	5	945
1.0032	2	1	4	945
1.0032	2	1	5	945
1.0033	2	1	4	945
1.0033	2	1	5	945
1.0034	2	1	4	945
1.0034	2	1	5	945
1.0035	2	1	4	945
1.0035	2	1	5	945
1.0036	2	1	4	945
1.0036	2	1	5	945
1.0037	2	1	4	945
1.0037	2	1	5	945
1.0038	2	1	4	945
1.0038	2	1	5	945
1.0039	2	1	4	945
1.0039	2	1	5	945
1.004	2	1	4	945
1.004	2	1	5	945
1.0041	2	1	4	945
1.0041	2	1	5	945
1.0042	2	1	4	945
1.0042	2	1	5	945
1.0043	2	1	4	945
1.0043	2	1	5	945
1.0044	2	1	4	945
1.0044	2	1	5	945
1.0045	2	1	4	945
1.0045	2	1	5	945
1.0046	2	1	4	945
1.0046	2	1	5	945
1.0047	2	1	4	945
1.0047	2	1	5	945
1.0048	2	1	4	945
1.0048	2	1	5	945
1.0049	2	1	4	945
1.0049	2	1	5	945
1.005	2	1	4	945
1.005	2	1	5	945
1.0051	2	1	4	945
1.0051	2	1	5	945
1.0052	2	1	4	945
1.0052	2	1	5	945
1.0053	2	1	4	945
1.0053	2	1	5	945
1.0054	2	1	4	945
1.0054	2	1	5	945
1.0055	2	1	4	945
1.0055	2	1	5	945
1.0056	2	1	4	945
1.0056	2	1	5	945
1.0057	2	1	4	945
1.0057	2	1	5	945
1.0058	2	1	4	945
1.0058	2	1	5	945
1.0059	2	1	4	945
1.0059	2	1	5	945
1.006	2	1	4	945
1.006	2	1	5	945
1.0061	2	1	4	945
1.0061	2	1	5	945
1.0062	2	1	4	945
1.0062	2	1	5	945
1.0063	2	1	4	945
1.0063	2	1	5	945
1.0064	2	1	4	945
1.0064	2	1	5	945
1.0065	2	1	4	945
1.0065	2	1	5	945
1.0066	2	1	4	945
1.0066	2	1	5	945
1.0067	2	1	4	945
1.0067	2	1	5	945
1.0068	2	1	4	945
1.0068	2	1	5	945
1.0069	2	1	4	945
1.0069	2	1	5	945
1.007	2	1	4	945
1.007	2	1	5	945
1.0071	2	1	4	945
1.0071	2	1	5	945
1.0072	2	1	4	945
1.0072	2	1	5	945
1.0073	2	1	4	945
1.0073	2	1	5	945
1.0074	2	1	4	945
1.0074	2	1	5	945
1.0075	2	1	4	945
1.0075	2	1	5	945
1.0076	2	1	4	945
1.0076	2	1	5	945
1.0077	2	1	4	945
1.0077	2	1	5	945
1.0078	2	1	4	945
1.0078	2	1	5	945
1.0079	2	1	4	945
1.0079	2	1	5	945
1.008	2	1	4	945
1.008	2	1	5	945
1.0081	2	1	4	945
1.0081	2	1	5	945
1.0082	2	1	4	945
1.0082	2	1	5	945
1.0083	2	1	4	945
1.0083	2	1	5	945
1.0084	2	1	4	945
1.0084	2	1	5	945
1.0085	2	1	4	945
1.0085	2	1	5	945
1.0086	2	1	4	945
1.0086	2	1	5	945
1.0087	2	1	4	945
1.0087	2	1	5	945
1.0088	2	1	4	945
1.0088	2	1	5	945
1.0089	2	1	4	945
1.0089	2	1	5	945
1.009	2	1	4	945
1.009	2	1	5	945
1.0091	2	1	4	945
1.0091	2	1	5	945
1.0092	2	1	4	945
1.0092	2	1	5	945
1.0093	2	1	4	945
1.0093	2	1	5	945
1.0094	2	1	4	945
1.0094	2	1	5	945
1.0095	2	1	4	945
1.0095	2	1	5	945
1.0096	2	1	4	945
1.0096	2	1	5	945
1.0097	2	1	4	945
1.0097	2	1	5	945
1.0098	2	1	4	945
1.0098	2	1	5	945
1.0099	2	1	4	945
1.0099	2	1	5	945
1.01	2	1	4	945
1.01	2	1	5	945
1.0101	2	1	4	945
1.0101	2	1	5	945
1.0102	2	1	4	945
1.0102	2	1	5	945
1.0103	2	1	4	945
1.0103	2	1	5	945
1.0104	2	1	4	945
1.0104	2	1	5	945
1.0105	2	1	4	945
1.0105	2	1	5	945
1.0106	2	1	4	945
1.0106	2	1	5	945
1.0107	2	1	4	945
1.0107	2	1	5	945
1.0108	2	1	4	945
1.0108	2	1	5	945
1.0109	2	1	4	945
1.0109	2	1	5	945
1.011	2	1	4	945
1.011	2	1	5	945
1.0111	2	1	4	945
1.0111	2	1	5	945
1.0112	2	1	4	945
1.0112	2	1	5	945
1.0113	2	1	4	945
1.0113	2	1	5	945
1.0114	2	1	4	945
1.0114	2	1	5	945
1.0115	2	1	4	945
1.0115	2	1	5	945
1.0116	2	1	4	945
1.0116	2	1	5	945
1.0117	2	1	4	945
1.0117	2	1	5	945
1.0118	2	1	4	945
1.0118	2	1	5	945
1.0119	2	1	4	945
1.0119	2	1	5	945
1.012	2	1	4	945
1.012	2	1	5	945
1.0121	2	1	4	945
1.0121	2	1	5	945
1.0122	2	1	4	945
1.0122	2	1	5	945
1.0123	2	1	4	945
1.0123	2	1	5	945
1.0124	2	1	4	945
1.0124	2	1	5	945
1.0125	2	1	4	945
1.0125	2	1	5	945
1.0126	2	1	4	945
1.0126	2	1	5	945
1.0127	2	1	4	945
1.0127	2	1	5	945
1.0128	2	1	4	945
1.0128	2	1	5	945
1.0129	2	1	4	945
1.0129	2	1	5	945
1.013	2	1	4	945
1.013	2	1	5	945
1.0131	2	1	4	945
1.0131	2	1	5	945
1.0132	2	1	4	945
1.0132	2	1	5	945
1.0133	2	1	4	945
1.0133	2	1	5	945
1.0134	2	1	4	945
1.0134	2	1	5	945
1.0135	2	1	4	945
1.0135	2	1	5	945
1.0136	2	1	4	945
1.0136	2	1	5	945
1.0137	2	1	4	945
1.0137	2	1	5	945
1.0138	2	1	4	945
1.0138	2	1	5	945
1.0139	2	1	4	945
1.0139	2	1	5	945
1.014	2	1	4	945
1.014	2	1	5	945
1.0141	2	1	4	945
1.0141	2	1	5	945
1.0142	2	1	4	945
1.0142	2	1	5	945
1.0143	2	1	4	945
1.0143	2	1	5	945
1.0144	2	1	4	945
1.0144	2	1	5	945
1.0145	2	1	4	945
1.0145	2	1	5	945
1.0146	2	1	4	945
1.0146	2	1	5	945
1.0147	2	1	4	945
1.0147	2	1	5	945
1.0148	2	1	4	945
1.0148	2	1	5	945
1.0149	2	1	4	945
1.0149	2	1	5	945
1.015	2	1	4	945
1.015	2	1	5	945
1.0151	2	1	4	945
1.0151	2	1	5	945
1.0152	2	1	4	945
1.0152	2	1	5	945
1.0153	2	1	4	945
1.0153	2	1	5	945
1.0154	2	1	4	945
1.0154	2	1	5	945
1.0155	2	1	4	945
1.0155	2	1	5	945
1.0156	2	1	4	945
1.0156	2	1	5	945
1.0157	2	1	4	945
1.0157	2	1	5	945
1.0158	2	1	4	945
1.0158	2	1	5	945
1.0159	2	1	4	945
1.0159	2	1	5	945
1.016	2	1	4	945
1.016	2	1	5	945
1.0161	2	1	4	945
1.0161	2	1	5	945
1.0162	2	1	4	945
1.0162	2	1	5	945
1.0163	2	1	4	945
1.0163	2	1	5	945
1.0164	2	1	4	945
1.0164	2	1	5	945
1.0165	2	1	4	945
1.0165	2	1	5	945
1.0166	2	1	4	945
1.0166	2	1	5	945
1.0167	2	1	4	945
1.0167	2	1	5	945
1.0168	2	1	4	945
1.0168	2	1	5	945
1.0169	2	1	4	945
1.0169	2	1	5	945
1.017	2	1	4	945
1.017	2	1	5	945
1.0171	2	1	4	945
1.0171	2	1	5	945
1.0172	2	1	4	945
1.0172	2	1	5	945
1.0173	2	1	4	945
1.0173	2	1	5	945
1.0174	2	1	4	945
1.0174	2	1	5	945
1.0175	2	1	4	945
1.0175	2	1	5	945
1.0176	2	1	4	945
1.0176	2	1	5	945
1.0177	2	1	4	945
1.0177	2	1	5	945
1.0178	2	1	4	945
1.0178	2	1	5	945
1.0179	2	1	4	945
1.0179	2	1	5	945
1.018	2	1	4	945
1.018	2	1	5	945
1.0181	2	1	4	945
1.0181	2	1	5	945
1.0182	2	1	4	945
1.0182	2	1	5	945
1.0183	2	1	4	945
1.0183	2	1	5	945
1.0184	2	1	4	945
1.0184	2	1	5	945
1.0185	2	1	4	945
1.0185	2	1	5	945
1.0186	2	1	4	945
1.0186	2	1	5	945
1.0187	2	1	4	945
1.0187	2	1	5	945
1.0188	2	1	4	945
1.0188	2	1	5	945
1.0189	2	1	4	945
1.0189	2	1	5	945
1.019	2	1	4	945
1.019	2	1	5	945
1.0191	2	1	4	945
1.0191	2	1	5	945
1.0192	2	1	4	945
1.0192	2	1	5	945
1.0193	2	1	4	945
1.0193	2	1	5	945
1.0194	2	1	4	945
1.0194	2	1	5	945
1.0195	2	1	4	945
1.0195	2	1	5	945
1.0196	2	1	4	945
1.0196	2	1	5	945
1.0197	2	1	4	945
1.0197	2	1	5	945
1.0198	2	1	4	945
1.0198	2	1	5	945
1.0199	2	1	4	945
1.0199	2	1	5	945
1.02	2	1	4	945
1.02	2	1	5	945
1.0201	2	1	4	945
1.0201	2	1	5	945
1.0202	2	1	4	945
1.0202	2	1	5	945
1.0203	2	1	4	945
1.0203	2	1	5	945
1.0204	2	1	4	945
1.0204	2	1	5	945
1.0205	2	1	4	945
1.0205	2	1	5	945
1.0206	2	1	4	945
1.0206	2	1	5	945
1.0207	2	1	4	945
1.0207	2	1	5	945
1.0208	2	1	4	945
1.0208	2	1	5	945
1.0209	2	1	4	945
1.0209	2	1	5	945
1.021	2	1	4	945
1.021	2	1	5	945
1.0211	2	1	4	945
1.0211	2	1	5	945
1.0212	2	1	4	945
1.0212	2	1	5	945
1.0213	2	1	4	945
1.0213	2	1	5	945
1.0214	2	1	4	945
1.0214	2	1	5	945
1.0215	2	1	4	945
1.0215	2	1	5	945
1.0216	2	1	4	945
1.0216	2	1	5	945
1.0217	2	1	4	945
1.0217	2	1	5	945
1.0218	2	1	4	945
1.0218	2	1	5	945
1.0219	2	1	4	945
1.0219	2	1	5	945
1.022	2	1	4	945
1.022	2	1	5	945
1.0221	2	1	4	945
1.0221	2	1	5	945
1.0222	2	1	4	945
1.0222	2	1	5	945
1.0223	2	1	4	945
1.0223	2	1	5	945
1.0224	2	1	4	945
1.0224	2	1	5	945
1.0225	2	1	4	945
1.0225	2	1	5	945
1.0226	2	1	4	945
1.0226	2	1	5	945
1.0227	2	1	4	945
1.0227	2	1	5	945
1.0228	2	1	4	945
1.0228	2	1	5	945
1.0229	2	1	4	945
1.0229	2	1	5	945
1.023	2	1	4	945
1.023	2	1	5	945
1.0231	2	1	4	945
1.0231	2	1	5	945
1.0232	2	1	4	945
1.0232	2	1	5	945
1.0233	2	1	4	945
1.0233	2	1	5	945
1.0234	2	1	4	945
1.0234	2	1	5	945
1.0235	2	1	4	945
1.0235	2	1	5	945
1.0236	2	1	4	945
1.0236	2	1	5	945
1.0237	2	1	4	945
1.0237	2	1	5	945
1.0238	2	1	4	945
1.0238	2	1	5	945
1.0239	2	1	4	945
1.0239	2	1	5	945
1.024	2	1	4	945
1.024	2	1	5	945
1.0241	2	1	4	945
1.0241	2	1	5	945
1.0242	2	1	4	945
1.0242	2	1	5	945
1.0243	2	1	4	945
1.0243	2	1	5	945
1.0244	2	1	4	945
1.0244	2	1	5	945
1.0245	2	1	4	945
1.0245	2	1	5	945
1.0246	2	1	4	945
1.0246	2	1	5	945
1.0247	2	1	4	945
1.0247	2	1	5	945
1.0248	2	1	4	945
1.0248	2	1	5	945
1.0249	2	1	4	945
1.0249	2	1	5	945
1.025	2	1	4	945
1.025	2	1	5	945
1.0251	2	1	4	945
1.0251	2	1	5	945
1.0252	2	1	4	945
1.0252	2	1	5	945
1.0253	2	1	4	945
1.0253	2	1	5	945
1.0254	2	1	4	945
1.0254	2	1	5	945
1.0255	2	1	4	945
1.0255	2	1	5	945
1.0256	2	1	4	945
1.0256	2	1	5	945
1.0257	2	1	4	945
1.0257	2	1	5	945
1.0258	2	1	4	945
1.0258	2	1	5	945
1.0259	2	1	4	945
1.0259	2	1	5	945
1.026	2	1	4	945
1.026	2	1	5	945
1.0261	2	1	4	945
1.0261	2	1	5	945
1.0262	2	1	4	945
1.0262	2	1	5	945
1.0263	2	1	4	945
1.0263	2	1	5	945
1.0264	2	1	4	945
1.0264	2	1	5	945
1.0265	2	1	4	945
1.0265	2	1	5	945
1.0266	2	1	4	945
1.0266	2	1	5	945
1.0267	2	1	4	945
1.0267	2	1	5	945
1.0268	2	1	4	945
1.0268	2	1	5	945
1.0269	2	1	4	945
1.0269	2	1	5	945
1.027	2	1	4	945
1.027	2	1	5	945
1.0271	2	1	4	945
1.0271	2	1	5	945
1.0272	2	1	4	945
1.0272	2	1	5	945
1.0273	2	1	4	945
1.0273	2	1	5	945
1.0274	2	1	4	945
1.0274	2	1	5	945
1.0275	2	1	4	945
1.0275	2	1	5	945
1.0276	2	1	4	945
1.0276	2	1	5	945
1.0277	2	1	4	945
1.0277	2	1	5	945
1.0278	2	1	4	945
1.0278	2	1	5	945
1.0279	2	1	4	945
1.0279	2	1	5	945
1.028	2	1	4	945
1.028	2	1	5	945
1.0281	2	1	4	945
1.0281	2	1	5	945
1.0282	2	1	4	945
1.0282	2	1	5	945
1.0283	2	1	4	945
1.0283	2	1	5	945
1.0284	2	1	4	945
1.0284	2	1	5	945
1.0285	2	1	4	945
1.0285	2	1	5	945
1.0286	2	1	4	945
1.0286	2	1	5	945
1.0287	2	1	4	945
1.0287	2	1	5	945
1.0288	2	1	4	945
1.0288	2	1	5	945
1.0289	2	1	4	945
1.0289	2	1	5	945
1.029	2	1	4	945
1.029	2	1	5	945
1.0291	2	1	4	945
1.0291	2	1	5	945
1.0292	2	1	4	945
1.0292	2	1	5	945
1.0293	2	1	4	945
1.0293	2	1	5	945
1.0294	2	1	4	945
1.0294	2	1	5	945
1.0295	2	1	4	945
1.0295	2	1	5	945
1.0296	2	1	4	945
1.0296	2	1	5	945
1.0297	2	1	4	945
1.0297	2	1	5	945
1.0298	2	1	4	945
1.0298	2	1	5	945
1.0299	2	1	4	945
1.0299	2	1	5	945
1.03	2	1	4	945
1.03	2	1	5	945
1.0301	2	1	4	945
1.0301	2	1	5	945
1.0302	2	1	4	945
1.0302	2	1	5	945
1.0303	2	1	4	945
1.0303	2	1	5	945
1.0304	2	1	4	945
1.0304	2	1	5	945
1.0305	2	1	4	945
1.0305	2	1	5	945
1.0306	2	1	4	945
1.0306	2	1	5	945
1.0307	2	1	4	945
1.0307	2	1	5	945
1.0308	2	1	4	945
1.0308	2	1	5	945
1.0309	2	1	4	945
1.0309	2	1	5	945
1.031	2	1	4	945
1.031	2	1	5	945
1.0311	2	1	4	945
1.0311	2	1	5	945
1.0312	2	1	4	945
1.0312	2	1	5	945
1.0313	2	1	4	945
1.0313	2	1	5	945
1.0314	2	1	4	945
1.0314	2	1	5	945
1.0315	2	1	4	945
1.0315	2	1	5	945
1.0316	2	1	4	945
1.0316	2	1	5	945
1.0317	2	1	4	945
1.0317	2	1	5	945
1.0318	2	1	4	945
1.0318	2	1	5	945
1.0319	2	1	4	945
1.0319	2	1	5	945
1.032	2	1	4	945
1.032	2	1	5	945
1.0321	2	1	4	945
1.0321	2	1	5	945
1.0322	2	1	4	945
1.0322	2	1	5	945
1.0323	2	1	4	945
1.0323	2	1	5	945
1.0324	2	1	4	945
1.0324	2	1	5	945
1.0325	2	1	4	945
1.0325	2	1	5	945
1.0326	2	1	4	945
1.0326	2	1	5	945
1.0327	2	1	4	945
1.0327	2	1	5	945
1.0328	2	1	4	945
1.0328	2	1	5	945
1.0329	2	1	4	945
1.0329	2	1	5	945
1.033	2	1	4	945
1.033	2	1	5	945
1.0331	2	1	4	945
1.0331	2	1	5	945
1.0332	2	1	4	945
1.0332	2	1	5	945
1.0333	2	1	4	945
1.0333	2	1	5	945
1.0334	2	1	4	945
1.0334	2	1	5	945
1.0335	2	1	4	945
1.0335	2	1	5	945
1.0336	2	1	4	945
1.0336	2	1	5	945
1.0337	2	1	4	945
1.0337	2	1	5	945
1.0338	2	1	4	945
1.0338	2	1	5	945
1.0339	2	1	4	945
1.0339	2	1	5	945
1.034	2	1	4	945
1.034	2	1	5	945
1.0341	2	1	4	945
1.0341	2	1	5	945
1.0342	2	1	4	945
1.0342	2	1	5	945
1.0343	2	1	4	945
1.0343	2	1	5	945
1.0344	2	1	4	945
1.0344	2	1	5	945
1.0345	2	1	4	945
1.0345	2	1	5	945
1.0346	2	1	4	945
1.0346	2	1	5	945
1.0347	2	1	4	945
1.0347	2	1	5	945
1.0348	2	1	4	945
1.0348	2	1	5	945
1.0349	2	1	4	945
1.0349	2	1	5	945
1.035	2	1	4	945
1.035	2	1	5	945
1.0351	2	1	4	945
1.0351	2	1	5	945
1.0352	2	1	4	945
1.0352	2	1	5	945
1.0353	2	1	4	945
1.0353	2	1	5	945
1.0354	2	1	4	945
1.0354	2	1	5	945
1.0355	2	1	4	945
1.0355	2	1	5	945
1.0356	2	1	4	945
1.0356	2	1	5	945
1.0357	2	1	4	945
1.0357	2	1	5	945
1.0358	2	1	4	945
1.0358	2	1	5	945
1.0359	2	1	4	945
1.0359	2	1	5	945
1.036	2	1	4	945
1.036	2	1	5	945
1.0361	2	1	4	945
1.0361	2	1	5	945
1.0362	2	1	4	945
1.0362	2	1	5	945
1.0363	2	1	4	945
1.0363	2	1	5	945
1.0364	2	1	4	945
1.0364	2	1	5	945
1.0365	2	1	4	945
1.0365	2	1	5	945
1.0366	2	1	4	945
1.0366	2	1	5	945
1.0367	2	1	4	945
1.0367	2	1	5	945
1.0368	2	1	4	945
1.0368	2	1	5	945
1.0369	2	1	4	945
1.0369	2	1	5	945
1.037	2	1	4	945
1.037	2	1	5	945
1.0371	2	1	4	945
1.0371	2	1	5	945
1.0372	2	1	4	945
1.0372	2	1	5	945
1.0373	2	1	4	945
1.0373	2	1	5	945
1.0374	2	1	4	945
1.0374	2	1	5	945
1.0375	2	1	4	945
1.0375	2	1	5	945
1.0376	2	1	4	945
1.0376	2	1	5	945
1.0377	2	1	4	945
1.0377	2	1	5	945
1.0378	2	1	4	945
1.0378	2	1	5	945
1.0379	2	1	4	945
1.0379	2	1	5	945
1.038	2	1	4	945
1.038	2	1	5	945
1.0381	2	1	4	945
1.0381	2	1	5	945
1.0382	2	1	4	945
1.0382	2	1	5	945
1.0383	2	1	4	945
1.0383	2	1	5	945
1.0384	2	1	4	945
1.0384	2	1	5	945
1.0385	2	1	4	945
1.0385	2	1	5	945
1.0386	2	1	4	945
1.0386	2	1	5	945
1.0387	2	1	4	945
1.0387	2	1	5	945
1.0388	2	1	4	945
1.0388	2	1	5	945
1.0389	2	1	4	945
1.0389	2	1	5	945
1.039	2	1	4	945
1.039	2	1	5	945
1.0391	2	1	4	945
1.0391	2	1	5	945
1.0392	2	1	4	945
1.0392	2	1	5	945
1.0393	2	1	4	945
1.0393	2	1	5	945
1.0394	2	1	4	945
1.0394	2	1	5	945
1.0395	2	1	4	945
1.0395	2	1	5	945
1.0396	2	1	4	945
1.0396	2	1	5	945
1.0397	2	1	4	945
1.0397	2	1	5	945
1.0398	2	1	4	945
1.0398	2	1	5	945
1.0399	2	1	4	945
1.0399	2	1	5	945
1.04	2	1	4	945
1.04	2	1	5	945
1.0401	2	1	4	945
1.0401	2	1	5	945
1.0402	2	1	4	945
1.0402	2	1	5	945
1.0403	2	1	4	945
1.0403	2	1	5	945
1.0404	2	1	4	945
1.0404	2	1	5	945
1.0405	2	1	4	945
1.0405	2	1	5	945
1.0406	2	1	4	945
1.0406	2	1	5	945
1.0407	2	1	4	945
1.0407	2	1	5	945
1.0408	2	1	4	945
1.0408	2	1	5	945
1.0409	2	1	4	945
1.0409	2	1	5	945
1.041	2	1	4	945
1.041	2	1	5	945
1.0411	2	1	4	945
1.0411	2	1	5	945
1.0412	2	1	4	945
1.0412	2	1	5	945
1.0413	2	1	4	945
1.0413	2	1	5	945
1.0414	2	1	4	945
1.0414	2	1	5	945
1.0415	2	1	4	945
1.0415	2	1	5	945
1.0416	2	1	4	945
1.0416	2	1	5	945
1.0417	2	1	4	945
1.0417	2	1	5	945
1.0418	2	1	4	945
1.0418	2	1	5	945
1.0419	2	1	4	945
1.0419	2	1	5	945
1.042	2	1	4	945
1.042	2	1	5	945
1.0421	2	1	4	945
1.0421	2	1	5	945
1.0422	2	1	4	945
1.0422	2	1	5	945
1.0423	2	1	4	945
1.0423	2	1	5	945
1.0424	2	1	4	945
1.0424	2	1	5	945
1.0425	2	1	4	945
1.0425	2	1	5	945
1.0426	2	1	4	945
1.0426	2	1	5	945
1.0427	2	1	4	945
1.0427	2	1	5	945
1.0428	2	1	4	945
1.0428	2	1	5	945
1.0429	2	1	4	945
1.0429	2	1	5	945
1.043	2	1	4	945
1.043	2	1	5	945
1.0431	2	1	4	945
1.0431	2	1	5	945
1.0432	2	1	4	945
1.0432	2	1	5	945
1.0433	2	1	4	945
1.0433	2	1	5	945
1.0434	2	1	4	945
1.0434	2	1	5	945
1.0435	2	1	4	945
1.0435	2	1	5	945
1.0436	2	1	4	945
1.0436	2	1	5	945
1.0437	2	1	4	945
1.0437	2	1	5	945
1.0438	2	1	4	945
1.0438	2	1	5	945
1.0439	2	1	4	945
1.0439	2	1	5	945
1.044	2	1	4	945
1.044	2	1	5	945
1.0441	2	1	4	945
1.0441	2	1	5	945
1.0442	2	1	4	945
1.0442	2	1	5	945
1.0443	2	1	4	945
1.0443	2	1	5	945
1.0444	2	1	4	945
1.0444	2	1	5	945
1.0445	2	1	4	945
1.0445	2	1	5	945
1.0446	2	1	4	945
1.0446	2	1	5	945
1.0447	2	1	4	945
1.0447	2	1	5	945
1.0448	2	1	4	945
1.0448	2	1	5	945
1.0449	2	1	4	945
1.0449	2	1	5	945
1.045	2	1	4	945
1.045	2	1	5	945
1.0451	2	1	4	945
1.0451	2	1	5	945
1.0452	2	1	4	945
1.0452	2	1	5	945
1.0453	2	1	4	945
1.0453	2	1	5	945
1.0454	2	1	4	945
1.0454	2	1	5	945
1.0455	2	1	4	945
1.0455	2	1	5	945
1.0456	2	1	4	945
1.0456	2	1	5	945
1.0457	2	1	4	945
1.0457	2	1	5	945
1.0458	2	1	4	945
1.0458	2	1	5	945
1.0459	2	1	4	945
1.0459	2	1	5	945
1.046	2	1	4	945
1.046	2	1	5	945
1.0461	2	1	4	945
1.0461	2	1	5	945
1.0462	2	1	4	945
1.0462	2	1	5	945
1.0463	2	1	4	945
1.0463	2	1	5	945
1.0464	2	1	4	945
1.0464	2	1	5	945
1.0465	2	1	4	945
1.0465	2	1	5	945
1.0466	2	1	4	945
1.0466	2	1	5	945
1.0467	2	1	4	945
1.0467	2	1	5	945
1.0468	2	1	4	945
1.0468	2	1	5	945
1.0469	2	1	4	945
1.0469	2	1	5	945
1.047	2	1	4	945
1.047	2	1	5	945
1.0471	2	1	4	945
1.0471	2	1	5	945
1.0472	2	1	4	945
1.0472	2	1	5	945
1.0473	2	1	4	945
1.0473	2	1	5	945
1.0474	2	1	4	945
1.0474	2	1	5	945
1.0475	2	1	4	945
1.0475	2	1	5	945
1.0476	2	1	4	945
1.0476	2	1	5	945
1.0477	2	1	4	945
1.0477	2	1	5	945
1.0478	2	1	4	945
1.0478	2	1	5	945
1.0479	2	1	4	945
1.0479	2	1	5	945
1.048	2	1	4	945
1.048	2	1	5	945
1.0481	2	1	4	945
1.0481	2	1	5	945
1.0482	2	1	4	945
1.0482	2	1	5	945
1.0483	2	1	4	945
1.0483	2	1	5	945
1.0484	2	1	4	945
1.0484	2	1	5	945
1.0485	2	1	4	945
1.0485	2	1	5	945
1.0486	2	1	4	945
1.0486	2	1	5	945
1.0487	2	1	4	945
1.0487	2	1	5	945
1.0488	2	1	4	945
1.0488	2	1	5	945
1.0489	2	1	4	945
1.0489	2	1	5	945
1.049	2	1	4	945
1.049	2	1	5	945
1.0491	2	1	4	945
1.0491	2	1	5	945
1.0492	2	1	4	945
1.0492	2	1	5	945
1.0493	2	1	4	945
1.0493	2	1	5	945
1.0494	2	1	4	945
1.0494	2	1	5	945
1.0495	2	1	4	945
1.0495	2	1	5	945
1.0496	2	1	4	945
1.0496	2	1	5	945
1.0497	2	1	4	945
1.0497	2	1	5	945
1.0498	2	1	4	945
1.0498	2	1	5	945
1.0499	2	1	4	945
1.0499	2	1	5	945
1.05	2	1	4	945
1.05	2	1	5	945
1.0501	2	1	4	945
1.0501	2	1	5	945
1.0502	2	1	4	945
1.0502	2	1	5	945
1.0503	2	1	4	945
1.0503	2	1	5	945
1.0504	2	1	4	945
1.0504	2	1	5	945
1.0505	2	1	4	945
1.0505	2	1	5	945
1.0506	2	1	4	945
1.0506	2	1	5	945
1.0507	2	1	4	945
1.0507	2	1	5	945
1.0508	2	1	4	945
1.0508	2	1	5	945
1.0509	2	1	4	945
1.0509	2	1	5	945
1.051	2	1	4	945
1.051	2	1	5	945
1.0511	2	1	4	945
1.0511	2	1	5	945
1.0512	2	1	4	945
1.0512	2	1	5	945
1.0513	2	1	4	945
1.0513	2	1	5	945
1.0514	2	1	4	945
1.0514	2	1	5	945
1.0515	2	1	4	945
1.0515	2	1	5	945
1.0516	2	1	4	945
1.0516	2	1	5	945
1.0517	2	1	4	945
1.0517	2	1	5	945
1.0518	2	1	4	945
1.0518	2	1	5	945
1.0519	2	1	4	945
1.0519	2	1	5	945
1.052	2	1	4	945
1.052	2	1	5	945
1.0521	2	1	4	945
1.0521	2	1	5	945
1.0522	2	1	4	945
1.0522	2	1	5	945
1.0523	2	1	4	945
1.0523	2	1	5	945
1.0524	2	1	4	945
1.0524	2	1	5	945
1.0525	2	1	4	945
1.0525	2	1	5	945
1.0526	2	1	4	945
1.0526	2	1	5	945
1.0527	2	1	4	945
1.0527	2	1	5	945
1.0528	2	1	4	945
1.0528	2	1	5	945
1.0529	2	1	4	945
1.0529	2	1	5	945
1.053	2	1	4	945
1.053	2	1	5	945
1.0531	2	1	4	945
1.0531	2	1	5	945
1.0532	2	1	4	945
1.0532	2	1	5	945
1.0533	2	1	4	945
1.0533	2	1	5	945
1.0534	2	1	4	945
1.0534	2	1	5	945
1.0535	2	1	4	945
1.0535	2	1	5	945
1.0536	2	1	4	945
1.0536	2	1	5	945
1.0537	2	1	4	945
1.0537	2	1	5	945
1.0538	2	1	4	945
1.0538	2	1	5	945
1.0539	2	1	4	945
1.0539	2	1	5	945
1.054	2	1	4	945
1.054	2	1	5	945
1.0541	2	1	4	945
1.0541	2	1	5	945
1.0542	2	1	4	945
1.0542	2	1	5	945
1.0543	2	1	4	945
1.0543	2	1	5	945
1.0544	2	1	4	945
1.0544	2	1	5	945
1.0545	2	1	4	945
1.0545	2	1	5	945
1.0546	2	1	4	945
1.0546	2	1	5	945
1.0547	2	1	4	945
1.0547	2	1	5	945
1.0548	2	1	4	945
1.0548	2	1	5	945
1.0549	2	1	4	945
1.0549	2	1	5	945
1.055	2	1	4	945
1.055	2	1	5	945
1.0551	2	1	4	945
1.0551	2	1	5	945
1.0552	2	1	4	945
1.0552	2	1	5	945
1.0553	2	1	4	945
1.0553	2	1	5	945
1.0554	2	1	4	945
1.0554	2	1	5	945
1.0555	2	1	4	945
1.0555	2	1	5	945
1.0556	2	1	4	945
1.0556	2	1	5	945
1.0557	2	1	4	945
1.0557	2	1	5	945
1.0558	2	1	4	945
1.0558	2	1	5	945
1.0559	2	1	4	945
1.0559	2	1	5	945
1.056	2	1	4	945
1.056	2	1	5	945
1.0561	2	1	4	945
1.0561	2	1	5	945
1.0562	2	1	4	945
1.0562	2	1	5	945
1.0563	2	1	4	945
1.0563	2	1	5	945
1.0564	2	1	4	945
1.0564	2	1	5	945
1.0565	2	1	4	945
1.0565	2	1	5	945
1.0566	2	1	4	945
1.0566	2	1	5	945
1.0567	2	1	4	945
1.0567	2	1	5	945
1.0568	2	1	4	945
1.0568	2	1	5	945
1.0569	2	1	4	945
1.0569	2	1	5	945
1.057	2	1	4	945
1.057	2	1	5	945
1.0571	2	1	4	945
1.0571	2	1	5	945
1.0572	2	1	4	945
1.0572	2	1	5	945
1.0573	2	1	4	945
1.0573	2	1	5	945
1.0574	2	1	4	945
1.0574	2	1	5	945
1.0575	2	1	4	945
1.0575	2	1	5	945
1.0576	2	1	4	945
1.0576	2	1	5	945
1.0577	2	1	4	945
1.0577	2	1	5	945
1.0578	2	1	4	945
1.0578	2	1	5	945
1.0579	2	1	4	945
1.0579	2	1	5	945
1.058	2	1	4	945
1.058	2	1	5	945
1.0581	2	1	4	945
1.0581	2	1	5	945
1.0582	2	1	4	945
1.0582	2	1	5	945
1.0583	2	1	4	945
1.0583	2	1	5	945
1.0584	2	1	4	945
1.0584	2	1	5	945
1.0585	2	1	4	945
1.0585	2	1	5	945
1.0586	2	1	4	945
1.0586	2	1	5	945
1.0587	2	1	4	945
1.0587	2	1	5	945
1.0588	2	1	4	945
1.0588	2	1	5	945
1.0589	2	1	4	945
1.0589	2	1	5	945
1.059	2	1	4	945
1.059	2	1	5	945
1.0591	2	1	4	945
1.0591	2	1	5	945
1.0592	2	1	4	945
1.0592	2	1	5	945
1.0593	2	1	4	945
1.0593	2	1	5	945
1.0594	2	1	4	945
1.0594	2	1	5	945
1.0595	2	1	4	945
1.0595	2	1	5	945
1.0596	2	1	4	945
1.0596	2	1	5	945
1.0597	2	1	4	945
1.0597	2	1	5	945
1.0598	2	1	4	945
1.0598	2	1	5	945
1.0599	2	1	4	945
1.0599	2	1	5	945
1.06	2	1	4	945
1.06	2	1	5	945
1.0601	2	1	4	945
1.0601	2	1	5	945
1.0602	2	1	4	945
1.0602	2	1	5	945
1.0603	2	1	4	945
1.0603	2	1	5	945
1.0604	2	1	4	945
1.0604	2	1	5	945
1.0605	2	1	4	945
1.0605	2	1	5	945
1.0606	2	1	4	945
1.0606	2	1	5	945
1.0607	2	1	4	945
1.0607	2	1	5	945
1.0608	2	1	4	945
1.0608	2	1	5	945
1.0609	2	1	4	945
1.0609	2	1	5	945
1.061	2	1	4	945
1.061	2	1	5	945
1.0611	2	1	4	945
1.0611	2	1	5	945
1.0612	2	1	4	945
1.0612	2	1	5	945
1.0613	2	1	4	945
1.0613	2	1	5	945
1.0614	2	1	4	945
1.0614	2	1	5	945
1.0615	2	1	4	945
1.0615	2	1	5	945
1.0616	2	1	4	945
1.0616	2	1	5	945
1.0617	2	1	4	945
1.0617	2	1	5	945
1.0618	2	1	4	945
1.0618	2	1	5	945
1.0619	2	1	4	945
1.0619	2	1	5	945
1.062	2	1	4	945
1.062	2	1	5	945
1.0621	2	1	4	945
1.0621	2	1	5	945
1.0622	2	1	4	945
1.0622	2	1	5	945
1.0623	2	1	4	945
1.0623	2	1	5	945
1.0624	2	1	4	945
1.0624	2	1	5	945
1.0625	2	1	4	945
1.0625	2	1	5	945
1.0626	2	1	4	945
1.0626	2	1	5	945
1.0627	2	1	4	945
1.0627	2	1	5	945
1.0628	2	1	4	945
1.0628	2	1	5	945
1.0629	2	1	4	945
1.0629	2	1	5	945
1.063	2	1	4	945
1.063	2	1	5	945
1.0631	2	1	4	945
1.0631	2	1	5	945
1.0632	2	1	4	945
1.0632	2	1	5	945
1.0633	2	1	4	945
1.0633	2	1	5	945
1.0634	2	1	4	945
1.0634	2	1	5	945
1.0635	2	1	4	945
1.0635	2	1	5	945
1.0636	2	1	4	945
1.0636	2	1	5	945
1.0637	2	1	4	945
1.0637	2	1	5	945
1.0638	2	1	4	945
1.0638	2	1	5	945
1.0639	2	1	4	945
1.0639	2	1	5	945
1.064	2	1	4	945
1.064	2	1	5	945
1.0641	2	1	4	945
1.0641	2	1	5	945
1.0642	2	1	4	945
1.0642	2	1	5	945
1.0643	2	1	4	945
1.0643	2	1	5	945
1.0644	2	1	4	945
1.0644	2	1	5	945
1.0645	2	1	4	945
1.0645	2	1	5	945
1.0646	2	1	4	945
1.0646	2	1	5	945
1.0647	2	1	4	945
1.0647	2	1	5	945
1.0648	2	1	4	945
1.0648	2	1	5	945
1.0649	2	1	4	945
1.0649	2	1	5	945
1.065	2	1	4	945
1.065	2	1	5	945
1.0651	2	1	4	945
1.0651	2	1	5	945
1.0652	2	1	4	945
1.0652	2	1	5	945
1.0653	2	1	4	945
1.0653	2	1	5	945
1.0654	2	1	4	945
1.0654	2	1	5	945
1.0655	2	1	4	945
1.0655	2	1	5	945
1.0656	2	1	4	945
1.0656	2	1	5	945
1.0657	2	1	4	945
1.0657	2	1	5	945
1.0658	2	1	4	945
1.0658	2	1	5	945
1.0659	2	1	4	945
1.0659	2	1	5	945
1.066	2	1	4	945
1.066	2	1	5	945
1.0661	2	1	4	945
1.0661	2	1	5	945
1.0662	2	1	4	945
1.0662	2	1	5	945
1.0663	2	1	4	945
1.0663	2	1	5	945
1.0664	2	1	4	945
1.0664	2	1	5	945
1.0665	2	1	4	945
1.0665	2	1	5	945
1.0666	2	1	4	945
1.0666	2	1	5	945
1.0667	2	1	4	945
1.0667	2	1	5	945
1.0668	2	1	4	945
1.0668	2	1	5	945
1.0669	2	1	4	945
1.0669	2	1	5	945
1.067	2	1	4	945
1.067	2	1	5	945
1.0671	2	1	4	945
1.0671	2	1	5	945
1.0672	2	1	4	945
1.0672	2	1	5	945
1.0673	2	1	4	945
1.0673	2	1	5	945
1.0674	2	1	4	945
1.0674	2	1	5	945
1.0675	2	1	4	945
1.0675	2	1	5	945
1.0676	2	1	4	945
1.0676	2	1	5	945
1.0677	2	1	4	945
1.0677	2	1	5	945
1.0678	2	1	4	945
1.0678	2	1	5	945
1.0679	2	1	4	945
1.0679	2	1	5	945
1.068	2	1	4	945
1.068	2	1	5	945
1.0681	2	1	4	945
1.0681	2	1	5	945
1.0682	2	1	4	945
1.0682	2	1	5	945
1.0683	2	1	4	945
1.0683	2	1	5	945
1.0684	2	1	4	945
1.0684	2	1	5	945
1.0685	2	1	4	945
1.0685	2	1	5	945
1.0686	2	1	4	945
1.0686	2	1	5	945
1.0687	2	1	4	945
1.0687	2	1	5	945
1.0688	2	1	4	945
1.0688	2	1	5	945
1.0689	2	1	4	945
1.0689	2	1	5	945
1.069	2	1	4	945
1.069	2	1	5	945
1.0691	2	1	4	945
1.0691	2	1	5	945
1.0692	2	1	4	945
1.0692	2	1	5	945
1.0693	2	1	4	945
1.0693	2	1	5	945
1.0694	2	1	4	945
1.0694	2	1	5	945
1.0695	2	1	4	945
1.0695	2	1	5	945
1.0696	2	1	4	945
1.0696	2	1	5	945
1.0697	2	1	4	945
1.0697	2	1	5	945
1.0698	2	1	4	945
1.0698	2	1	5	945
1.0699	2	1	4	945
1.0699	2	1	5	945
1.07	2	1	4	945
1.07	2	1	5	945
1.0701	2	1	4	945
1.0701	2	1	5	945
1.0702	2	1	4	945
1.0702	2	1	5	945
1.0703	2	1	4	945
1.0703	2	1	5	945
1.0704	2	1	4	945
1.0704	2	1	5	945
1.0705	2	1	4	945
1.0705	2	1	5	945
1.0706	2	1	4	945
1.0706	2	1	5	945
1.0707	2	1	4	945
1.0707	2	1	5	945
1.0708	2	1	4	945
1.0708	2	1	5	945
1.0709	2	1	4	945
1.0709	2	1	5	945
1.071	2	1	4	945
1.071	2	1	5	945
1.0711	2	1	4	945
1.0711	2	1	5	945
1.0712	2	1	4	945
1.0712	2	1	5	945
1.0713	2	1	4	945
1.0713	2	1	5	945
1.0714	2	1	4	945
1.0714	2	1	5	945
1.0715	2	1	4	945
1.0715	2	1	5	945
1.0716	2	1	4	945
1.0716	2	1	5	945
1.0717	2	1	4	945
1.0717	2	1	5	945
1.0718	2	1	4	945
1.0718	2	1	5	945
1.0719	2	1	4	945
1.0719	2	1	5	945
1.072	2	1	4	945
1.072	2	1	5	945
1.0721	2	1	4	945
1.0721	2	1	5	945
1.0722	2	1	4	945
1.0722	2	1	5	945
1.0723	2	1	4	945
1.0723	2	1	5	945
1.0724	2	1	4	945
1.0724	2	1	5	945
1.0725	2	1	4	945
1.0725	2	1	5	945
1.0726	2	1	4	945
1.0726	2	1	5	945
1.0727	2	1	4	945
1.0727	2	1	5	945
1.0728	2	1	4	945
1.0728	2	1	5	945
1.0729	2	1	4	945
1.0729	2	1	5	945
1.073	2	1	4	945
1.073	2	1	5	945
1.0731	2	1	4	945
1.0731	2	1	5	945
1.0732	2	1	4	945
1.0732	2	1	5	945
1.0733	2	1	4	945
1.0733	2	1	5	945
1.0734	2	1	4	945
1.0734	2	1	5	945
1.0735	2	1	4	945
1.0735	2	1	5	945
1.0736	2	1	4	945
1.0736	2	1	5	945
1.0737	2	1	4	945
1.0737	2	1	5	945
1.0738	2	1	4	945
1.0738	2	1	5	945
1.0739	2	1	4	945
1.0739	2	1	5	945
1.074	2	1	4	945
1.074	2	1	5	945
1.0741	2	1	4	945
1.0741	2	1	5	945
1.0742	2	1	4	945
1.0742	2	1	5	945
1.0743	2	1	4	945
1.0743	2	1	5	945
1.0744	2	1	4	945
1.0744	2	1	5	945
1.0745	2	1	4	945
1.0745	2	1	5	945
1.0746	2	1	4	945
1.0746	2	1	5	945
1.0747	2	1	4	945
1.0747	2	1	5	945
1.0748	2	1	4	945
1.0748	2	1	5	945
1.0749	2	1	4	945
1.0749	2	1	5	945
1.075	2	1	4	945
1.075	2	1	5	945
1.0751	2	1	4	945
1.0751	2	1	5	945
1.0752	2	1	4	945
1.0752	2	1	5	945
1.0753	2	1	4	945
1.0753	2	1	5	945
1.0754	2	1	4	945
1.0754	2	1	5	945
1.0755	2	1	4	945
1.0755	2	1	5	945
1.0756	2	1	4	945
1.0756	2	1	5	945
1.0757	2	1	4	945
1.0757	2	1	5	945
1.0758	2	1	4	945
1.0758	2	1	5	945
1.0759	2	1	4	945
1.0759	2	1	5	945
1.076	2	1	4	945
1.076	2	1	5	945
1.0761	2	1	4	945
1.0761	2	1	5	945
1.0762	2	1	4	945
1.0762	2	1	5	945
1.0763	2	1	4	945
1.0763	2	1	5	945
1.0764	2	1	4	945
1.0764	2	1	5	945
1.0765	2	1	4	945
1.0765	2	1	5	945
1.0766	2	1	4	945
1.0766	2	1	5	945
1.0767	2	1	4	945
1.0767	2	1	5	945
1.0768	2	1	4	945
1.0768	2	1	5	945
1.0769	2	1	4	945
1.0769	2	1	5	945
1.077	2	1	4	945
1.077	2	1	5	945
1.0771	2	1	4	945
1.0771	2	1	5	945
1.0772	2	1	4	945
1.0772	2	1	5	945
1.0773	2	1	4	945
1.0773	2	1	5	945
1.0774	2	1	4	945
1.0774	2	1	5	945
1.0775	2	1	4	945
1.0775	2	1	5	945
1.0776	2	1	4	945
1.0776	2	1	5	945
1.0777	2	1	4	945
1.0777	2	1	5	945
1.0778	2	1	4	945
1.0778	2	1	5	945
1.0779	2	1	4	945
1.0779	2	1	5	945
1.078	2	1	4	945
1.078	2	1	5	945
1.0781	2	1	4	945
1.0781	2	1	5	945
1.0782	2	1	4	945
1.0782	2	1	5	945
1.0783	2	1	4	945
1.0783	2	1	5	945
1.0784	2	1	4	945
1.0784	2	1	5	945
1.0785	2	1	4	945
1.0785	2	1	5	945
1.0786	2	1	4	945
1.0786	2	1	5	945
1.0787	2	1	4	945
1.0787	2	1	5	945
1.0788	2	1	4	945
1.0788	2	1	5	945
1.0789	2	1	4	945
1.0789	2	1	5	945
1.079	2	1	4	945
1.079	2	1	5	945
1.0791	2	1	4	945
1.0791	2	1	5	945
1.0792	2	1	4	945
1.0792	2	1	5	945
1.0793	2	1	4	945
1.0793	2	1	5	945
1.0794	2	1	4	945
1.0794	2	1	5	945
1.0795	2	1	4	945
1.0795	2	1	5	945
1.0796	2	1	4	945
1.0796	2	1	5	945
1.0797	2	1	4	945
1.0797	2	1	5	945
1.0798	2	1	4	945
1.0798	2	1	5	945
1.0799	2	1	4	945
1.0799	2	1	5	945
1.08	2	1	4	945
1.08	2	1	5	945
1.0801	2	1	4	945
1.0801	2	1	5	945
1.0802	2	1	4	945
1.0802	2	1	5	945
1.0803	2	1	4	945
1.0803	2	1	5	945
1.0804	2	1	4	945
1.0804	2	1	5	945
1.0805	2	1	4	945
1.0805	2	1	5	945
1.0806	2	1	4	945
1.0806	2	1	5	945
1.0807	2	1	4	945
1.0807	2	1	5	945
1.0808	2	1	4	945
1.0808	2	1	5	945
1.0809	2	1	4	945
1.0809	2	1	5	945
1.081	2	1	4	945
1.081	2	1	5	945
1.0811	2	1	4	945
1.0811	2	1	5	945
1.0812	2	1	4	945
1.0812	2	1	5	945
1.0813	2	1	4	945
1.0813	2	1	5	945
1.0814	2	1	4	945
1.0814	2	1	5	945
1.0815	2	1	4	945
1.0815	2	1	5	945
1.0816	2	1	4	945
1.0816	2	1	5	945
1.0817	2	1	4	945
1.0817	2	1	5	945
1.0818	2	1	4	945
1.0818	2	1	5	945
1.0819	2	1	4	945
1.0819	2	1	5	945
1.082	2	1	4	945
1.082	2	1	5	945
1.0821	2	1	4	945
1.0821	2	1	5	945
1.0822	2	1	4	945
1.0822	2	1	5	945
1.0823	2	1	4	945
1.0823	2	1	5	945
1.0824	2	1	4	945
1.0824	2	1	5	945
1.0825	2	1	4	945
1.0825	2	1	5	945
1.0826	2	1	4	945
1.0826	2	1	5	945
1.0827	2	1	4	945
1.0827	2	1	5	945
1.0828	2	1	4	945
1.0828	2	1	5	945
1.0829	2	1	4	945
1.0829	2	1	5	945
1.083	2	1	4	945
1.083	2	1	5	945
1.0831	2	1	4	945
1.0831	2	1	5	945
1.0832	2	1	4	945
1.0832	2	1	5	945
1.0833	2	1	4	945
1.0833	2	1	5	945
1.0834	2	1	4	945
1.0834	2	1	5	945
1.0835	2	1	4	945
1.0835	2	1	5	945
1.0836	2	1	4	945
1.0836	2	1	5	945
1.0837	2	1	4	945
1.0837	2	1	5	945
1.0838	2	1	4	945
1.0838	2	1	5	945
1.0839	2	1	4	945
1.0839	2	1	5	945
1.084	2	1	4	945
1.084	2	1	5	945
1.0841	2	1	4	945
1.0841	2	1	5	945
1.0842	2	1	4	945
1.0842	2	1	5	945
1.0843	2	1	4	945
1.0843	2	1	5	945
1.0844	2	1	4	945
1.0844	2	1	5	945
1.0845	2	1	4	945
1.0845	2	1	5	945
1.0846	2	1	4	945
1.0846	2	1	5	945
1.0847	2	1	4	945
1.0847	2	1	5	945
1.0848	2	1	4	945
1.0848	2	1	5	945
1.0849	2	1	4	945
1.0849	2	1	5	945
1.085	2	1	4	945
1.085	2	1	5	945
1.0851	2	1	4	945
1.0851	2	1	5	945
1.0852	2	1	4	945
1.0852	2	1	5	945
1.0853	2	1	4	945
1.0853	2	1	5	945
1.0854	2	1	4	945
1.0854	2	1	5	945
1.0855	2	1	4	945
1.0855	2	1	5	945
1.0856	2	1	4	945
1.0856	2	1	5	945
1.0857	2	1	4	945
1.0857	2	1	5	945
1.0858	2	1	4	945
1.0858	2	1	5	945
1.0859	2	1	4	945
1.0859	2	1	5	945
1.086	2	1	4	945
1.086	2	1	5	945
1.0861	2	1	4	945
1.0861	2	1	5	945
1.0862	2	1	4	945
1.0862	2	1	5	945
1.0863	2	1	4	945
1.0863	2	1	5	945
1.0864	2	1	4	945
1.0864	2	1	5	945
1.0865	2	1	4	945
1.0865	2	1	5	945
1.0866	2	1	4	945
1.0866	2	1	5	945
1.0867	2	1	4	945
1.0867	2	1	5	945
1.0868	2	1	4	945
1.0868	2	1	5	945
1.0869	2	1	4	945
1.0869	2	1	5	945
1.087	2	1	4	945
1.087	2	1	5	945
1.0871	2	1	4	945
1.0871	2	1	5	945
1.0872	2	1	4	945
1.0872	2	1	5	945
1.0873	2	1	4	945
1.0873	2	1	5	945
1.0874	2	1	4	945
1.0874	2	1	5	945
1.0875	2	1	4	945
1.0875	2	1	5	945
1.0876	2	1	4	945
1.0876	2	1	5	945
1.0877	2	1	4	945
1.0877	2	1	5	945
1.0878	2	1	4	945
1.0878	2	1	5	945
1.0879	2	1	4	945
1.0879	2	1	5	945
1.088	2	1	4	945
1.088	2	1	5	945
1.0881	2	1	4	945
1.0881	2	1	5	945
1.0882	2	1	4	945
1.0882	2	1	5	945
1.0883	2	1	4	945
1.0883	2	1	5	945
1.0884	2	1	4	945
1.0884	2	1	5	945
1.0885	2	1	4	945
1.0885	2	1	5	945
1.0886	2	1	4	945
1.0886	2	1	5	945
1.0887	2	1	4	945
1.0887	2	1	5	945
1.0888	2	1	4	945
1.0888	2	1	5	945
1.0889	2	1	4	945
1.0889	2	1	5	945
1.089	2	1	4	945
1.089	2	1	5	945
1.0891	2	1	4	945
1.0891	2	1	5	945
1.0892	2	1	4	945
1.0892	2	1	5	945
1.0893	2	1	4	945
1.0893	2	1	5	945
1.0894	2	1	4	945
1.0894	2	1	5	945
1.0895	2	1	4	945
1.0895	2	1	5	945
1.0896	2	1	4	945
1.0896	2	1	5	945
1.0897	2	1	4	945
1.0897	2	1	5	945
1.0898	2	1	4	945
1.0898	2	1	5	945
1.0899	2	1	4	945
1.0899	2	1	5	945
1.09	2	1	4	945
1.09	2	1	5	945
1.0901	2	1	4	945
1.0901	2	1	5	945
1.0902	2	1	4	945
1.0902	2	1	5	945
1.0903	2	1	4	945
1.0903	2	1	5	945
1.0904	2	1	4	945
1.0904	2	1	5	945
1.0905	2	1	4	945
1.0905	2	1	5	945
1.0906	2	1	4	945
1.0906	2	1	5	945
1.0907	2	1	4	945
1.0907	2	1	5	945
1.0908	2	1	4	945
1.0908	2	1	5	945
1.0909	2	1	4	945
1.0909	2	1	5	945
1.091	2	1	4	945
1.091	2	1	5	945
1.0911	2	1	4	945
1.0911	2	1	5	945
1.0912	2	1	4	945
1.0912	2	1	5	945
1.0913	2	1	4	945
1.0913	2	1	5	945
1.0914	2	1	4	945
1.0914	2	1	5	945
1.0915	2	1	4	945
1.0915	2	1	5	945
1.0916	2	1	4	945
1.0916	2	1	5	945
1.0917	2	1	4	945
1.0917	2	1	5	945
1.0918	2	1	4	945
1.0918	2	1	5	945
1.0919	2	1	4	945
1.0919	2	1	5	945
1.092	2	1	4	945
1.092	2	1	5	945
1.0921	2	1	4	945
1.0921	2	1	5	945
1.0922	2	1	4	945
1.0922	2	1	5	945
1.0923	2	1	4	945
1.0923	2	1	5	945
1.0924	2	1	4	945
1.0924	2	1	5	945
1.0925	2	1	4	945
1.0925	2	1	5	945
1.0926	2	1	4	945
1.0926	2	1	5	945
1.0927	2	1	4	945
1.0927	2	1	5	945
1.0928	2	1	4	945
1.0928	2	1	5	945
1.0929	2	1	4	945
1.0929	2	1	5	945
1.093	2	1	4	945
1.093	2	1	5	945
1.0931	2	1	4	945
1.0931	2	1	5	945
1.0932	2	1	4	945
1.0932	2	1	5	945
1.0933	2	1	4	945
1.0933	2	1	5	945
1.0934	2	1	4	945
1.0934	2	1	5	945
1.0935	2	1	4	945
1.0935	2	1	5	945
1.0936	2	1	4	945
1.0936	2	1	5	945
1.0937	2	1	4	945
1.0937	2	1	5	945
1.0938	2	1	4	945
1.0938	2	1	5	945
1.0939	2	1	4	945
1.0939	2	1	5	945
1.094	2	1	4	945
1.094	2	1	5	945
1.0941	2	1	4	945
1.0941	2	1	5	945
1.0942	2	1	4	945
1.0942	2	1	5	945
1.0943	2	1	4	945
1.0943	2	1	5	945
1.0944	2	1	4	945
1.0944	2	1	5	945
1.0945	2	1	4	945
1.0945	2	1	5	945
1.0946	2	1	4	945
1.0946	2	1	5	945
1.0947	2	1	4	945
1.0947	2	1	5	945
1.0948	2	1	4	945
1.0948	2	1	5	945
1.0949	2	1	4	945
1.0949	2	1	5	945
1.095	2	1	4	945
1.095	2	1	5	945
1.0951	2	1	4	945
1.0951	2	1	5	945
1.0952	2	1	4	945
1.0952	2	1	5	945
1.0953	2	1	4	945
1.0953	2	1	5	945
1.0954	2	1	4	945
1.0954	2	1	5	945
1.0955	2	1	4	945
1.0955	2	1	5	945
1.0956	2	1	4	945
1.0956	2	1	5	945
1.0957	2	1	4	945
1.0957	2	1	5	945
1.0958	2	1	4	945
1.0958	2	1	5	945
1.0959	2	1	4	945
1.0959	2	1	5	945
1.096	2	1	4	945
1.096	2	1	5	945
1.0961	2	1	4	945
1.0961	2	1	5	945
1.0962	2	1	4	945
1.0962	2	1	5	945
1.0963	2	1	4	945
1.0963	2	1	5	945
1.0964	2	1	4	945
1.0964	2	1	5	945
1.0965	2	1	4	945
1.0965	2	1	5	945
1.0966	2	1	4	945
1.0966	2	1	5	945
1.0967	2	1	4	945
1.0967	2	1	5	945
1.0968	2	1	4	945
1.0968	2	1	5	945
1.0969	2	1	4	945
1.0969	2	1	5	945
1.097	2	1	4	945
1.097	2	1	5	945
1.0971	2	1	4	945
1.0971	2	1	5	945
1.0972	2	1	4	945
1.0972	2	1	5	945
1.0973	2	1	4	945
1.0973	2	1	5	945
1.0974	2	1	4	945
1.0974	2	1	5	945
1.0975	2	1	4	945
1.0975	2	1	5	945
1.0976	2	1	4	945
1.0976	2	1	5	945
1.0977	2	1	4	945
1.0977	2	1	5	945
1.0978	2	1	4	945
1.0978	2	1	5	945
1.0979	2	1	4	945
1.0979	2	1	5	945
1.098	2	1	4	945
1.098	2	1	5	945
1.0981	2	1	4	945
1.0981	2	1	5	945
1.0982	2	1	4	945
1.0982	2	1	5	945
1.0983	2	1	4	945
1.0983	2	1	5	945
1.0984	2	1	4	945
1.0984	2	1	5	945
1.0985	2	1	4	945
1.0985	2	1	5	945
1.0986	2	1	4	945
1.0986	2	1	5	945
1.0987	2	1	4	945
1.0987	2	1	5	945
1.0988	2	1	4	945
1.0988	2	1	5	945
1.0989	2	1	4	945
1.0989	2	1	5	945
1.099	2	1	4	945
1.099	2	1	5	945
1.0991	2	1	4	945
1.0991	2	1	5	945
1.0992	2	1	4	945
1.0992	2	1	5	945
1.0993	2	1	4	945
1.0993	2	1	5	945
1.0994	2	1	4	945
1.0994	2	1	5	945
1.0995	2	1	4	945
1.0995	2	1	5	945
1.0996	2	1	4	945
1.0996	2	1	5	945
1.0997	2	1	4	945
1.0997	2	1	5	945
1.0998	2	1	4	945
1.0998	2	1	5	945
1.0999	2	1	4	945
1.0999	2	1	5	945
1.1	2	1	4	945
1.1	2	1	5	945
1.1001	2	1	4	945
1.1001	2	1	5	945
1.1002	2	1	4	945
1.1002	2	1	5	945
1.1003	2	1	4	945
1.1003	2	1	5	945
1.1004	2	1	4	945
1.1004	2	1	5	945
1.1005	2	1	4	945
1.1005	2	1	5	945
1.1006	2	1	4	945
1.1006	2	1	5	945
1.1007	2	1	4	945
1.1007	2	1	5	945
1.1008	2	1	4	945
1.1008	2	1	5	945
1.1009	2	1	4	945
1.1009	2	1	5	945
1.101	2	1	4	945
1.101	2	1	5	945
1.1011	2	1	4	945
1.1011	2	1	5	945
1.1012	2	1	4	945
1.1012	2	1	5	945
1.1013	2	1	4	945
1.1013	2	1	5	945
1.1014	2	1	4	945
1.1014	2	1	5	945
1.1015	2	1	4	945
1.1015	2	1	5	945
1.1016	2	1	4	945
1.1016	2	1	5	945
1.1017	2	1	4	945
1.1017	2	1	5	945
1.1018	2	1	4	945
1.1018	2	1	5	945
1.1019	2	1	4	945
1.1019	2	1	5	945
1.102	2	1	4	945
1.102	2	1	5	945
1.1021	2	1	4	945
1.1021	2	1	5	945
1.1022	2	1	4	945
1.1022	2	1	5	945
1.1023	2	1	4	945
1.1023	2	1	5	945
1.1024	2	1	4	945
1.1024	2	1	5	945
1.1025	2	1	4	945
1.1025	2	1	5	945
1.1026	2	1	4	945
1.1026	2	1	5	945
1.1027	2	1	4	945
1.1027	2	1	5	945
1.1028	2	1	4	945
1.1028	2	1	5	945
1.1029	2	1	4	945
1.1029	2	1	5	945
1.103	2	1	4	945
1.103	2	1	5	945
1.1031	2	1	4	945
1.1031	2	1	5	945
1.1032	2	1	4	945
1.1032	2	1	5	945
1.1033	2	1	4	945
1.1033	2	1	5	945
1.1034	2	1	4	945
1.1034	2	1	5	945
1.1035	2	1	4	945
1.1035	2	1	5	945
1.1036	2	1	4	945
1.1036	2	1	5	945
1.1037	2	1	4	945
1.1037	2	1	5	945
1.1038	2	1	4	945
1.1038	2	1	5	945
1.1039	2	1	4	945
1.1039	2	1	5	945
1.104	2	1	4	945
1.104	2	1	5	945
1.1041	2	1	4	945
1.1041	2	1	5	945
1.1042	2	1	4	945
1.1042	2	1	5	945
1.1043	2	1	4	945
1.1043	2	1	5	945
1.1044	2	1	4	945
1.1044	2	1	5	945
1.1045	2	1	4	945
1.1045	2	1	5	945
1.1046	2	1	4	945
1.1046	2	1	5	945
1.1047	2	1	4	945
1.1047	2	1	5	945
1.1048	2	1	4	945
1.1048	2	1	5	945
1.1049	2	1	4	945
1.1049	2	1	5	945
1.105	2	1	4	945
1.105	2	1	5	945
1.1051	2	1	4	945
1.1051	2	1	5	945
1.1052	2	1	4	945
1.1052	2	1	5	945
1.1053	2	1	4	945
1.1053	2	1	5	945
1.1054	2	1	4	945
1.1054	2	1	5	945
1.1055	2	1	4	945
1.1055	2	1	5	945
1.1056	2	1	4	945
1.1056	2	1	5	945
1.1057	2	1	4	945
1.1057	2	1	5	945
1.1058	2	1	4	945
1.1058	2	1	5	945
1.1059	2	1	4	945
1.1059	2	1	5	945
1.106	2	1	4	945
1.106	2	1	5	945
1.1061	2	1	4	945
1.1061	2	1	5	945
1.1062	2	1	4	945
1.1062	2	1	5	945
1.1063	2	1	4	945
1.1063	2	1	5	945
1.1064	2	1	4	945
1.1064	2	1	5	945
1.1065	2	1	4	945
1.1065	2	1	5	945
1.1066	2	1	4	945
1.1066	2	1	5	945
1.1067	2	1	4	945
1.1067	2	1	5	945
1.1068	2	1	4	945
1.1068	2	1	5	945
1.1069	2	1	4	945
1.1069	2	1	5	945
1.107	2	1	4	945
1.107	2	1	5	945
1.1071	2	1	4	945
1.1071	2	1	5	945
1.1072	2	1	4	945
1.1072	2	1	5	945
1.1073	2	1	4	945
1.1073	2	1	5	945
1.1074	2	1	4	945
1.1074	2	1	5	945
1.1075	2	1	4	945
1.1075	2	1	5	945
1.1076	2	1	4	945
1.1076	2	1	5	945
1.1077	2	1	4	945
1.1077	2	1	5	945
1.1078	2	1	4	945
1.1078	2	1	5	945
1.1079	2	1	4	945
1.1079	2	1	5	945
1.108	2	1	4	945
1.108	2	1	5	945
1.1081	2	1	4	945
1.1081	2	1	5	945
1.1082	2	1	4	945
1.1082	2	1	5	945
1.1083	2	1	4	945
1.1083	2	1	5	945
1.1084	2	1	4	945
1.1084	2	1	5	945
1.1085	2	1	4	945
1.1085	2	1	5	945
1.1086	2	1	4	945
1.1086	2	1	5	945
1.1087	2	1	4	945
1.1087	2	1	5	945
1.1088	2	1	4	945
1.1088	2	1	5	945
1.1089	2	1	4	945
1.1089	2	1	5	945
1.109	2	1	4	945
1.109	2	1	5	945
1.1091	2	1	4	945
1.1091	2	1	5	945
1.1092	2	1	4	945
1.1092	2	1	5	945
1.1093	2	1	4	945
1.1093	2	1	5	945
1.1094	2	1	4	945
1.1094	2	1	5	945
1.1095	2	1	4	945
1.1095	2	1	5	945
1.1096	2	1	4	945
1.1096	2	1	5	945
1.1097	2	1	4	945
1.1097	2	1	5	945
1.1098	2	1	4	945
1.1098	2	1	5	945
1.1099	2	1	4	945
1.1099	2	1	5	945
1.11	2	1	4	945
1.11	2	1	5	945
1.1101	2	1	4	945
1.1101	2	1	5	945
1.1102	2	1	4	945
1.1102	2	1	5	945
1.1103	2	1	4	945
1.1103	2	1	5	945
1.1104	2	1	4	945
1.1104	2	1	5	945
1.1105	2	1	4	945
1.1105	2	1	5	945
1.1106	2	1	4	945
1.1106	2	1	5	945
1.1107	2	1	4	945
1.1107	2	1	5	945
1.1108	2	1	4	945
1.1108	2	1	5	945
1.1109	2	1	4	945
1.1109	2	1	5	945
1.111	2	1	4	945
1.111	2	1	5	945
1.1111	2	1	4	945
1.1111	2	1	5	945
1.1112	2	1	4	945
1.1112	2	1	5	945
1.1113	2	1	4	945
1.1113	2	1	5	945
1.1114	2	1	4	945
1.1114	2	1	5	945
1.1115	2	1	4	945
1.1115	2	1	5	945
1.1116	2	1	4	945
1.1116	2	1	5	945
1.1117	2	1	4	945
1.1117	2	1	5	945
1.1118	2	1	4	945
1.1118	2	1	5	945
1.1119	2	1	4	945
1.1119	2	1	5	945
1.112	2	1	4	945
1.112	2	1	5	945
1.1121	2	1	4	945
1.1121	2	1	5	945
1.1122	2	1	4	945
1.1122	2	1	5	945
1.1123	2	1	4	945
1.1123	2	1	5	945
1.1124	2	1	4	945
1.1124	2	1	5	945
1.1125	2	1	4	945
1.1125	2	1	5	945
1.1126	2	1	4	945
1.1126	2	1	5	945
1.1127	2	1	4	945
1.1127	2	1	5	945
1.1128	2	1	4	945
1.1128	2	1	5	945
1.1129	2	1	4	945
1.1129	2	1	5	945
1.113	2	1	4	945
1.113	2	1	5	945
1.1131	2	1	4	945
1.1131	2	1	5	945
1.1132	2	1	4	945
1.1132	2	1	5	945
1.1133	2	1	4	945
1.1133	2	1	5	945
1.1134	2	1	4	945
1.1134	2	1	5	945
1.1135	2	1	4	945
1.1135	2	1	5	945
1.1136	2	1	4	945
1.1136	2	1	5	945
1.1137	2	1	4	945
1.1137	2	1	5	945
1.1138	2	1	4	945
1.1138	2	1	5	945
1.1139	2	1	4	945
1.1139	2	1	5	945
1.114	2	1	4	945
1.114	2	1	5	945
1.1141	2	1	4	945
1.1141	2	1	5	945
1.1142	2	1	4	945
1.1142	2	1	5	945
1.1143	2	1	4	945
1.1143	2	1	5	945
1.1144	2	1	4	945
1.1144	2	1	5	945
1.1145	2	1	4	945
1.1145	2	1	5	945
1.1146	2	1	4	945
1.1146	2	1	5	945
1.1147	2	1	4	945
1.1147	2	1	5	945
1.1148	2	1	4	945
1.1148	2	1	5	945
1.1149	2	1	4	945
1.1149	2	1	5	945
1.115	2	1	4	945
1.115	2	1	5	945
1.1151	2	1	4	945
1.1151	2	1	5	945
1.1152	2	1	4	945
1.1152	2	1	5	945
1.1153	2	1	4	945
1.1153	2	1	5	945
1.1154	2	1	4	945
1.1154	2	1	5	945
1.1155	2	1	4	945
1.1155	2	1	5	945
1.1156	2	1	4	945
1.1156	2	1	5	945
1.1157	2	1	4	945
1.1157	2	1	5	945
1.1158	2	1	4	945
1.1158	2	1	5	945
1.1159	2	1	4	945
1.1159	2	1	5	945
1.116	2	1	4	945
1.116	2	1	5	945
1.1161	2	1	4	945
1.1161	2	1	5	945
1.1162	2	1	4	945
1.1162	2	1	5	945
1.1163	2	1	4	945
1.1163	2	1	5	945
1.1164	2	1	4	945
1.1164	2	1	5	945
1.1165	2	1	4	945
1.1165	2	1	5	945
1.1166	2	1	4	945
1.1166	2	1	5	945
1.1167	2	1	4	945
1.1167	2	1	5	945
1.1168	2	1	4	945
1.1168	2	1	5	945
1.1169	2	1	4	945
1.1169	2	1	5	945
1.117	2	1	4	945
1.117	2	1	5	945
1.1171	2	1	4	945
1.1171	2	1	5	945
1.1172	2	1	4	945
1.1172	2	1	5	945
1.1173	2	1	4	945
1.1173	2	1	5	945
1.1174	2	1	4	945
1.1174	2	1	5	945
1.1175	2	1	4	945
1.1175	2	1	5	945
1.1176	2	1	4	945
1.1176	2	1	5	945
1.1177	2	1	4	945
1.1177	2	1	5	945
1.1178	2	1	4	945
1.1178	2	1	5	945
1.1179	2	1	4	945
1.1179	2	1	5	945
1.118	2	1	4	945
1.118	2	1	5	945
1.1181	2	1	4	945
1.1181	2	1	5	945
1.1182	2	1	4	945
1.1182	2	1	5	945
1.1183	2	1	4	945
1.1183	2	1	5	945
1.1184	2	1	4	945
1.1184	2	1	5	945
1.1185	2	1	4	945
1.1185	2	1	5	945
1.1186	2	1	4	945
1.1186	2	1	5	945
1.1187	2	1	4	945
1.1187	2	1	5	945
1.1188	2	1	4	945
1.1188	2	1	5	945
1.1189	2	1	4	945
1.1189	2	1	5	945
1.119	2	1	4	945
1.119	2	1	5	945
1.1191	2	1	4	945
1.1191	2	1	5	945
1.1192	2	1	4	945
1.1192	2	1	5	945
1.1193	2	1	4	945
1.1193	2	1	5	945
1.1194	2	1	4	945
1.1194	2	1	5	945
1.1195	2	1	4	945
1.1195	2	1	5	945
1.1196	2	1	4	945
1.1196	2	1	5	945
1.1197	2	1	4	945
1.1197	2	1	5	945
1.1198	2	1	4	945
1.1198	2	1	5	945
1.1199	2	1	4	945
1.1199	2	1	5	945
1.12	2	1	4	945
1.12	2	1	5	945
1.1201	2	1	4	945
1.1201	2	1	5	945
1.1202	2	1	4	945
1.1202	2	1	5	945
1.1203	2	1	4	945
1.1203	2	1	5	945
1.1204	2	1	4	945
1.1204	2	1	5	945
1.1205	2	1	4	945
1.1205	2	1	5	945
1.1206	2	1	4	945
1.1206	2	1	5	945
1.1207	2	1	4	945
1.1207	2	1	5	945
1.1208	2	1	4	945
1.1208	2	1	5	945
1.1209	2	1	4	945
1.1209	2	1	5	945
1.121	2	1	4	945
1.121	2	1	5	945
1.1211	2	1	4	945
1.1211	2	1	5	945
1.1212	2	1	4	945
1.1212	2	1	5	945
1.1213	2	1	4	945
1.1213	2	1	5	945
1.1214	2	1	4	945
1.1214	2	1	5	945
1.1215	2	1	4	945
1.1215	2	1	5	945
1.1216	2	1	4	945
1.1216	2	1	5	945
1.1217	2	1	4	945
1.1217	2	1	5	945
1.1218	2	1	4	945
1.1218	2	1	5	945
1.1219	2	1	4	945
1.1219	2	1	5	945
1.122	2	1	4	945
1.122	2	1	5	945
1.1221	2	1	4	945
1.1221	2	1	5	945
1.1222	2	1	4	945
1.1222	2	1	5	945
1.1223	2	1	4	945
1.1223	2	1	5	945
1.1224	2	1	4	945
1.1224	2	1	5	945
1.1225	2	1	4	945
1.1225	2	1	5	945
1.1226	2	1	4	945
1.1226	2	1	5	945
1.1227	2	1	4	945
1.1227	2	1	5	945
1.1228	2	1	4	945
1.1228	2	1	5	945
1.1229	2	1	4	945
1.1229	2	1	5	945
1.123	2	1	4	945
1.123	2	1	5	945
1.1231	2	1	4	945
1.1231	2	1	5	945
1.1232	2	1	4	945
1.1232	2	1	5	945
1.1233	2	1	4	945
1.1233	2	1	5	945
1.1234	2	1	4	945
1.1234	2	1	5	945
1.1235	2	1	4	945
1.1235	2	1	5	945
1.1236	2	1	4	945
1.1236	2	1	5	945
1.1237	2	1	4	945
1.1237	2	1	5	945
1.1238	2	1	4	945
1.1238	2	1	5	945
1.1239	2	1	4	945
1.1239	2	1	5	945
1.124	2	1	4	945
1.124	2	1	5	945
1.1241	2	1	4	945
1.1241	2	1	5	945
1.1242	2	1	4	945
1.1242	2	1	5	945
1.1243	2	1	4	945
1.1243	2	1	5	945
1.1244	2	1	4	945
1.1244	2	1	5	945
1.1245	2	1	4	945
1.1245	2	1	5	945
1.1246	2	1	4	945
1.1246	2	1	5	945
1.1247	2	1	4	945
1.1247	2	1	5	945
1.1248	2	1	4	945
1.1248	2	1	5	945
1.1249	2	1	4	945
1.1249	2	1	5	945
1.125	2	1	4	945
1.125	2	1	5	945
1.1251	2	1	4	945
1.1251	2	1	5	945
1.1252	2	1	4	945
1.1252	2	1	5	945
1.1253	2	1	4	945
1.1253	2	1	5	945
1.1254	2	1	4	945
1.1254	2	1	5	945
1.1255	2	1	4	945
1.1255	2	1	5	945
1.1256	2	1	4	945
1.1256	2	1	5	945
1.1257	2	1	4	945
1.1257	2	1	5	945
1.1258	2	1	4	945
1.1258	2	1	5	945
1.1259	2	1	4	945
1.1259	2	1	5	945
1.126	2	1	4	945
1.126	2	1	5	945
1.1261	2	1	4	945
1.1261	2	1	5	945
1.1262	2	1	4	945
1.1262	2	1	5	945
1.1263	2	1	4	945
1.1263	2	1	5	945
1.1264	2	1	4	945
1.1264	2	1	5	945
1.1265	2	1	4	945
1.1265	2	1	5	945
1.1266	2	1	4	945
1.1266	2	1	5	945
1.1267	2	1	4	945
1.1267	2	1	5	945
1.1268	2	1	4	945
1.1268	2	1	5	945
1.1269	2	1	4	945
1.1269	2	1	5	945
1.127	2	1	4	945
1.127	2	1	5	945
1.1271	2	1	4	945
1.1271	2	1	5	945
1.1272	2	1	4	945
1.1272	2	1	5	945
1.1273	2	1	4	945
1.1273	2	1	5	945
1.1274	2	1	4	945
1.1274	2	1	5	945
1.1275	2	1	4	945
1.1275	2	1	5	945
1.1276	2	1	4	945
1.1276	2	1	5	945
1.1277	2	1	4	945
1.1277	2	1	5	945
1.1278	2	1	4	945
1.1278	2	1	5	945
1.1279	2	1	4	945
1.1279	2	1	5	945
1.128	2	1	4	945
1.128	2	1	5	945
1.1281	2	1	4	945
1.1281	2	1	5	945
1.1282	2	1	4	945
1.1282	2	1	5	945
1.1283	2	1	4	945
1.1283	2	1	5	945
1.1284	2	1	4	945
1.1284	2	1	5	945
1.1285	2	1	4	945
1.1285	2	1	5	945
1.1286	2	1	4	945
1.1286	2	1	5	945
1.1287	2	1	4	945
1.1287	2	1	5	945
1.1288	2	1	4	945
1.1288	2	1	5	945
1.1289	2	1	4	945
1.1289	2	1	5	945
1.129	2	1	4	945
1.129	2	1	5	945
1.1291	2	1	4	945
1.1291	2	1	5	945
1.1292	2	1	4	945
1.1292	2	1	5	945
1.1293	2	1	4	945
1.1293	2	1	5	945
1.1294	2	1	4	945
1.1294	2	1	5	945
1.1295	2	1	4	945
1.1295	2	1	5	945
1.1296	2	1	4	945
1.1296	2	1	5	945
1.1297	2	1	4	945
1.1297	2	1	5	945
1.1298	2	1	4	945
1.1298	2	1	5	945
1.1299	2	1	4	945
1.1299	2	1	5	945
1.13	2	1	4	945
1.13	2	1	5	945
1.1301	2	1	4	945
1.1301	2	1	5	945
1.1302	2	1	4	945
1.1302	2	1	5	945
1.1303	2	1	4	945
1.1303	2	1	5	945
1.1304	2	1	4	945
1.1304	2	1	5	945
1.1305	2	1	4	945
1.1305	2	1	5	945
1.1306	2	1	4	945
1.1306	2	1	5	945
1.1307	2	1	4	945
1.1307	2	1	5	945
1.1308	2	1	4	945
1.1308	2	1	5	945
1.1309	2	1	4	945
1.1309	2	1	5	945
1.131	2	1	4	945
1.131	2	1	5	945
1.1311	2	1	4	945
1.1311	2	1	5	945
1.1312	2	1	4	945
1.1312	2	1	5	945
1.1313	2	1	4	945
1.1313	2	1	5	945
1.1314	2	1	4	945
1.1314	2	1	5	945
1.1315	2	1	4	945
1.1315	2	1	5	945
1.1316	2	1	4	945
1.1316	2	1	5	945
1.1317	2	1	4	945
1.1317	2	1	5	945
1.1318	2	1	4	945
1.1318	2	1	5	945
1.1319	2	1	4	945
1.1319	2	1	5	945
1.132	2	1	4	945
1.132	2	1	5	945
1.1321	2	1	4	945
1.1321	2	1	5	945
1.1322	2	1	4	945
1.1322	2	1	5	945
1.1323	2	1	4	945
1.1323	2	1	5	945
1.1324	2	1	4	945
1.1324	2	1	5	945
1.1325	2	1	4	945
1.1325	2	1	5	945
1.1326	2	1	4	945
1.1326	2	1	5	945
1.1327	2	1	4	945
1.1327	2	1	5	945
1.1328	2	1	4	945
1.1328	2	1	5	945
1.1329	2	1	4	945
1.1329	2	1	5	945
1.133	2	1	4	945
1.133	2	1	5	945
1.1331	2	1	4	945
1.1331	2	1	5	945
1.1332	2	1	4	945
1.1332	2	1	5	945
1.1333	2	1	4	945
1.1333	2	1	5	945
1.1334	2	1	4	945
1.1334	2	1	5	945
1.1335	2	1	4	945
1.1335	2	1	5	945
1.1336	2	1	4	945
1.1336	2	1	5	945
1.1337	2	1	4	945
1.1337	2	1	5	945
1.1338	2	1	4	945
1.1338	2	1	5	945
1.1339	2	1	4	945
1.1339	2	1	5	945
1.134	2	1	4	945
1.134	2	1	5	945
1.1341	2	1	4	945
1.1341	2	1	5	945
1.1342	2	1	4	945
1.1342	2	1	5	945
1.1343	2	1	4	945
1.1343	2	1	5	945
1.1344	2	1	4	945
1.1344	2	1	5	945
1.1345	2	1	4	945
1.1345	2	1	5	945
1.1346	2	1	4	945
1.1346	2	1	5	945
1.1347	2	1	4	945
1.1347	2	1	5	945
1.1348	2	1	4	945
1.1348	2	1	5	945
1.1349	2	1	4	945
1.1349	2	1	5	945
1.135	2	1	4	945
1.135	2	1	5	945
1.1351	2	1	4	945
1.1351	2	1	5	945
1.1352	2	1	4	945
1.1352	2	1	5	945
1.1353	2	1	4	945
1.1353	2	1	5	945
1.1354	2	1	4	945
1.1354	2	1	5	945
1.1355	2	1	4	945
1.1355	2	1	5	945
1.1356	2	1	4	945
1.1356	2	1	5	945
1.1357	2	1	4	945
1.1357	2	1	5	945
1.1358	2	1	4	945
1.1358	2	1	5	945
1.1359	2	1	4	945
1.1359	2	1	5	945
1.136	2	1	4	945
1.136	2	1	5	945
1.1361	2	1	4	945
1.1361	2	1	5	945
1.1362	2	1	4	945
1.1362	2	1	5	945
1.1363	2	1	4	945
1.1363	2	1	5	945
1.1364	2	1	4	945
1.1364	2	1	5	945
1.1365	2	1	4	945
1.1365	2	1	5	945
1.1366	2	1	4	945
1.1366	2	1	5	945
1.1367	2	1	4	945
1.1367	2	1	5	945
1.1368	2	1	4	945
1.1368	2	1	5	945
1.1369	2	1	4	945
1.1369	2	1	5	945
1.137	2	1	4	945
1.137	2	1	5	945
1.1371	2	1	4	945
1.1371	2	1	5	945
1.1372	2	1	4	945
1.1372	2	1	5	945
1.1373	2	1	4	945
1.1373	2	1	5	945
1.1374	2	1	4	945
1.1374	2	1	5	945
1.1375	2	1	4	945
1.1375	2	1	5	945
1.1376	2	1	4	945
1.1376	2	1	5	945
1.1377	2	1	4	945
1.1377	2	1	5	945
1.1378	2	1	4	945
1.1378	2	1	5	945
1.1379	2	1	4	945
1.1379	2	1	5	945
1.138	2	1	4	945
1.138	2	1	5	945
1.1381	2	1	4	945
1.1381	2	1	5	945
1.1382	2	1	4	945
1.1382	2	1	5	945
1.1383	2	1	4	945
1.1383	2	1	5	945
1.1384	2	1	4	945
1.1384	2	1	5	945
1.1385	2	1	4	945
1.1385	2	1	5	945
1.1386	2	1	4	945
1.1386	2	1	5	945
1.1387	2	1	4	945
1.1387	2	1	5	945
1.1388	2	1	4	945
1.1388	2	1	5	945
1.1389	2	1	4	945
1.1389	2	1	5	945
1.139	2	1	4	945
1.139	2	1	5	945
1.1391	2	1	4	945
1.1391	2	1	5	945
1.1392	2	1	4	945
1.1392	2	1	5	945
1.1393	2	1	4	945
1.1393	2	1	5	945
1.1394	2	1	4	945
1.1394	2	1	5	945
1.1395	2	1	4	945
1.1395	2	1	5	945
1.1396	2	1	4	945
1.1396	2	1	5	945
1.1397	2	1	4	945
1.1397	2	1	5	945
1.1398	2	1	4	945
1.1398	2	1	5	945
1.1399	2	1	4	945
1.1399	2	1	5	945
1.14	2	1	4	945
1.14	2	1	5	945
1.1401	2	1	4	945
1.1401	2	1	5	945
1.1402	2	1	4	945
1.1402	2	1	5	945
1.1403	2	1	4	945
1.1403	2	1	5	945
1.1404	2	1	4	945
1.1404	2	1	5	945
1.1405	2	1	4	945
1.1405	2	1	5	945
1.1406	2	1	4	945
1.1406	2	1	5	945
1.1407	2	1	4	945
1.1407	2	1	5	945
1.1408	2	1	4	945
1.1408	2	1	5	945
1.1409	2	1	4	945
1.1409	2	1	5	945
1.141	2	1	4	945
1.141	2	1	5	945
1.1411	2	1	4	945
1.1411	2	1	5	945
1.1412	2	1	4	945
1.1412	2	1	5	945
1.1413	2	1	4	945
1.1413	2	1	5	945
1.1414	2	1	4	945
1.1414	2	1	5	945
1.1415	2	1	4	945
1.1415	2	1	5	945
1.1416	2	1	4	945
1.1416	2	1	5	945
1.1417	2	1	4	945
1.1417	2	1	5	945
1.1418	2	1	4	945
1.1418	2	1	5	945
1.1419	2	1	4	945
1.1419	2	1	5	945
1.142	2	1	4	945
1.142	2	1	5	945
1.1421	2	1	4	945
1.1421	2	1	5	945
1.1422	2	1	4	945
1.1422	2	1	5	945
1.1423	2	1	4	945
1.1423	2	1	5	945
1.1424	2	1	4	945
1.1424	2	1	5	945
1.1425	2	1	4	945
1.1425	2	1	5	945
1.1426	2	1	4	945
1.1426	2	1	5	945
1.1427	2	1	4	945
1.1427	2	1	5	945
1.1428	2	1	4	945
1.1428	2	1	5	945
1.1429	2	1	4	945
1.1429	2	1	5	945
1.143	2	1	4	945
1.143	2	1	5	945
1.1431	2	1	4	945
1.1431	2	1	5	945
1.1432	2	1	4	945
1.1432	2	1	5	945
1.1433	2	1	4	945
1.1433	2	1	5	945
1.1434	2	1	4	945
1.1434	2	1	5	945
1.1435	2	1	4	945
1.1435	2	1	5	945
1.1436	2	1	4	945
1.1436	2	1	5	945
1.1437	2	1	4	945
1.1437	2	1	5	945
1.1438	2	1	4	945
1.1438	2	1	5	945
1.1439	2	1	4	945
1.1439	2	1	5	945
1.144	2	1	4	945
1.144	2	1	5	945
1.1441	2	1	4	945
1.1441	2	1	5	945
1.1442	2	1	4	945
1.1442	2	1	5	945
1.1443	2	1	4	945
1.1443	2	1	5	945
1.1444	2	1	4	945
1.1444	2	1	5	945
1.1445	2	1	4	945
1.1445	2	1	5	945
1.1446	2	1	4	945
1.1446	2	1	5	945
1.1447	2	1	4	945
1.1447	2	1	5	945
1.1448	2	1	4	945
1.1448	2	1	5	945
1.1449	2	1	4	945
1.1449	2	1	5	945
1.145	2	1	4	945
1.145	2	1	5	945
1.1451	2	1	4	945
1.1451	2	1	5	945
1.1452	2	1	4	945
1.1452	2	1	5	945
1.1453	2	1	4	945
1.1453	2	1	5	945
1.1454	2	1	4	945
1.1454	2	1	5	945
1.1455	2	1	4	945
1.1455	2	1	5	945
1.1456	2	1	4	945
1.1456	2	1	5	945
1.1457	2	1	4	945
1.1457	2	1	5	945
1.1458	2	1	4	945
1.1458	2	1	5	945
1.1459	2	1	4	945
1.1459	2	1	5	945
1.146	2	1	4	945
1.146	2	1	5	945
1.1461	2	1	4	945
1.1461	2	1	5	945
1.1462	2	1	4	945
1.1462	2	1	5	945
1.1463	2	1	4	945
1.1463	2	1	5	945
1.1464	2	1	4	945
1.1464	2	1	5	945
1.1465	2	1	4	945
1.1465	2	1	5	945
1.1466	2	1	4	945
1.1466	2	1	5	945
1.1467	2	1	4	945
1.1467	2	1	5	945
1.1468	2	1	4	945
1.1468	2	1	5	945
1.1469	2	1	4	945
1.1469	2	1	5	945
1.147	2	1	4	945
1.147	2	1	5	945
1.1471	2	1	4	945
1.1471	2	1	5	945
1.1472	2	1	4	945
1.1472	2	1	5	945
1.1473	2	1	4	945
1.1473	2	1	5	945
1.1474	2	1	4	945
1.1474	2	1	5	945
1.1475	2	1	4	945
1.1475	2	1	5	945
1.1476	2	1	4	945
1.1476	2	1	5	945
1.1477	2	1	4	945
1.1477	2	1	5	945
1.1478	2	1	4	945
1.1478	2	1	5	945
1.1479	2	1	4	945
1.1479	2	1	5	945
1.148	2	1	4	945
1.148	2	1	5	945
1.1481	2	1	4	945
1.1481	2	1	5	945
1.1482	2	1	4	945
1.1482	2	1	5	945
1.1483	2	1	4	945
1.1483	2	1	5	945
1.1484	2	1	4	945
1.1484	2	1	5	945
1.1485	2	1	4	945
1.1485	2	1	5	945
1.1486	2	1	4	945
1.1486	2	1	5	945
1.1487	2	1	4	945
1.1487	2	1	5	945
1.1488	2	1	4	945
1.1488	2	1	5	945
1.1489	2	1	4	945
1.1489	2	1	5	945
1.149	2	1	4	945
1.149	2	1	5	945
1.1491	2	1	4	945
1.1491	2	1	5	945
1.1492	2	1	4	945
1.1492	2	1	5	945
1.1493	2	1	4	945
1.1493	2	1	5	945
1.1494	2	1	4	945
1.1494	2	1	5	945
1.1495	2	1	4	945
1.1495	2	1	5	945
1.1496	2	1	4	945
1.1496	2	1	5	945
1.1497	2	1	4	945
1.1497	2	1	5	945
1.1498	2	1	4	945
1.1498	2	1	5	945
1.1499	2	1	4	945
1.1499	2	1	5	945
1.15	2	1	4	945
1.15	2	1	5	945
1.1501	2	1	4	945
1.1501	2	1	5	945
1.1502	2	1	4	945
1.1502	2	1	5	945
1.1503	2	1	4	945
1.1503	2	1	5	945
1.1504	2	1	4	945
1.1504	2	1	5	945
1.1505	2	1	4	945
1.1505	2	1	5	945
1.1506	2	1	4	945
1.1506	2	1	5	945
1.1507	2	1	4	945
1.1507	2	1	5	945
1.1508	2	1	4	945
1.1508	2	1	5	945
1.1509	2	1	4	945
1.1509	2	1	5	945
1.151	2	1	4	945
1.151	2	1	5	945
1.1511	2	1	4	945
1.1511	2	1	5	945
1.1512	2	1	4	945
1.1512	2	1	5	945
1.1513	2	1	4	945
1.1513	2	1	5	945
1.1514	2	1	4	945
1.1514	2	1	5	945
1.1515	2	1	4	945
1.1515	2	1	5	945
1.1516	2	1	4	945
1.1516	2	1	5	945
1.1517	2	1	4	945
1.1517	2	1	5	945
1.1518	2	1	4	945
1.1518	2	1	5	945
1.1519	2	1	4	945
1.1519	2	1	5	945
1.152	2	1	4	945
1.152	2	1	5	945
1.1521	2	1	4	945
1.1521	2	1	5	945
1.1522	2	1	4	945
1.1522	2	1	5	945
1.1523	2	1	4	945
1.1523	2	1	5	945
1.1524	2	1	4	945
1.1524	2	1	5	945
1.1525	2	1	4	945
1.1525	2	1	5	945
1.1526	2	1	4	945
1.1526	2	1	5	945
1.1527	2	1	4	945
1.1527	2	1	5	945
1.1528	2	1	4	945
1.1528	2	1	5	945
1.1529	2	1	4	945
1.1529	2	1	5	945
1.153	2	1	4	945
1.153	2	1	5	945
1.1531	2	1	4	945
1.1531	2	1	5	945
1.1532	2	1	4	945
1.1532	2	1	5	945
1.1533	2	1	4	945
1.1533	2	1	5	945
1.1534	2	1	4	945
1.1534	2	1	5	945
1.1535	2	1	4	945
1.1535	2	1	5	945
1.1536	2	1	4	945
1.1536	2	1	5	945
1.1537	2	1	4	945
1.1537	2	1	5	945
1.1538	2	1	4	945
1.1538	2	1	5	945
1.1539	2	1	4	945
1.1539	2	1	5	945
1.154	2	1	4	945
1.154	2	1	5	945
1.1541	2	1	4	945
1.1541	2	1	5	945
1.1542	2	1	4	945
1.1542	2	1	5	945
1.1543	2	1	4	945
1.1543	2	1	5	945
1.1544	2	1	4	945
1.1544	2	1	5	945
1.1545	2	1	4	945
1.1545	2	1	5	945
1.1546	2	1	4	945
1.1546	2	1	5	945
1.1547	2	1	4	945
1.1547	2	1	5	945
1.1548	2	1	4	945
1.1548	2	1	5	945
1.1549	2	1	4	945
1.1549	2	1	5	945
1.155	2	1	4	945
1.155	2	1	5	945
1.1551	2	1	4	945
1.1551	2	1	5	945
1.1552	2	1	4	945
1.1552	2	1	5	945
1.1553	2	1	4	945
1.1553	2	1	5	945
1.1554	2	1	4	945
1.1554	2	1	5	945
1.1555	2	1	4	945
1.1555	2	1	5	945
1.1556	2	1	4	945
1.1556	2	1	5	945
1.1557	2	1	4	945
1.1557	2	1	5	945
1.1558	2	1	4	945
1.1558	2	1	5	945
1.1559	2	1	4	945
1.1559	2	1	5	945
1.156	2	1	4	945
1.156	2	1	5	945
1.1561	2	1	4	945
1.1561	2	1	5	945
1.1562	2	1	4	945
1.1562	2	1	5	945
1.1563	2	1	4	945
1.1563	2	1	5	945
1.1564	2	1	4	945
1.1564	2	1	5	945
1.1565	2	1	4	945
1.1565	2	1	5	945
1.1566	2	1	4	945
1.1566	2	1	5	945
1.1567	2	1	4	945
1.1567	2	1	5	945
1.1568	2	1	4	945
1.1568	2	1	5	945
1.1569	2	1	4	945
1.1569	2	1	5	945
1.157	2	1	4	945
1.157	2	1	5	945
1.1571	2	1	4	945
1.1571	2	1	5	945
1.1572	2	1	4	945
1.1572	2	1	5	945
1.1573	2	1	4	945
1.1573	2	1	5	945
1.1574	2	1	4	945
1.1574	2	1	5	945
1.1575	2	1	4	945
1.1575	2	1	5	945
1.1576	2	1	4	945
1.1576	2	1	5	945
1.1577	2	1	4	945
1.1577	2	1	5	945
1.1578	2	1	4	945
1.1578	2	1	5	945
1.1579	2	1	4	945
1.1579	2	1	5	945
1.158	2	1	4	945
1.158	2	1	5	945
1.1581	2	1	4	945
1.1581	2	1	5	945
1.1582	2	1	4	945
1.1582	2	1	5	945
1.1583	2	1	4	945
1.1583	2	1	5	945
1.1584	2	1	4	945
1.1584	2	1	5	945
1.1585	2	1	4	945
1.1585	2	1	5	945
1.1586	2	1	4	945
1.1586	2	1	5	945
1.1587	2	1	4	945
1.1587	2	1	5	945
1.1588	2	1	4	945
1.1588	2	1	5	945
1.1589	2	1	4	945
1.1589	2	1	5	945
1.159	2	1	4	945
1.159	2	1	5	945
1.1591	2	1	4	945
1.1591	2	1	5	945
1.1592	2	1	4	945
1.1592	2	1	5	945
1.1593	2	1	4	945
1.1593	2	1	5	945
1.1594	2	1	4	945
1.1594	2	1	5	945
1.1595	2	1	4	945
1.1595	2	1	5	945
1.1596	2	1	4	945
1.1596	2	1	5	945
1.1597	2	1	4	945
1.1597	2	1	5	945
1.1598	2	1	4	945
1.1598	2	1	5	945
1.1599	2	1	4	945
1.1599	2	1	5	945
1.16	2	1	4	945
1.16	2	1	5	945
1.1601	2	1	4	945
1.1601	2	1	5	945
1.1602	2	1	4	945
1.1602	2	1	5	945
1.1603	2	1	4	945
1.1603	2	1	5	945
1.1604	2	1	4	945
1.1604	2	1	5	945
1.1605	2	1	4	945
1.1605	2	1	5	945
1.1606	2	1	4	945
1.1606	2	1	5	945
1.1607	2	1	4	945
1.1607	2	1	5	945
1.1608	2	1	4	945
1.1608	2	1	5	945
1.1609	2	1	4	945
1.1609	2	1	5	945
1.161	2	1	4	945
1.161	2	1	5	945
1.1611	2	1	4	945
1.1611	2	1	5	945
1.1612	2	1	4	945
1.1612	2	1	5	945
1.1613	2	1	4	945
1.1613	2	1	5	945
1.1614	2	1	4	945
1.1614	2	1	5	945
1.1615	2	1	4	945
1.1615	2	1	5	945
1.1616	2	1	4	945
1.1616	2	1	5	945
1.1617	2	1	4	945
1.1617	2	1	5	945
1.1618	2	1	4	945
1.1618	2	1	5	945
1.1619	2	1	4	945
1.1619	2	1	5	945
1.162	2	1	4	945
1.162	2	1	5	945
1.1621	2	1	4	945
1.1621	2	1	5	945
1.1622	2	1	4	945
1.1622	2	1	5	945
1.1623	2	1	4	945
1.1623	2	1	5	945
1.1624	2	1	4	945
1.1624	2	1	5	945
1.1625	2	1	4	945
1.1625	2	1	5	945
1.1626	2	1	4	945
1.1626	2	1	5	945
1.1627	2	1	4	945
1.1627	2	1	5	945
1.1628	2	1	4	945
1.1628	2	1	5	945
1.1629	2	1	4	945
1.1629	2	1	5	945
1.163	2	1	4	945
1.163	2	1	5	945
1.1631	2	1	4	945
1.1631	2	1	5	945
1.1632	2	1	4	945
1.1632	2	1	5	945
1.1633	2	1	4	945
1.1633	2	1	5	945
1.1634	2	1	4	945
1.1634	2	1	5	945
1.1635	2	1	4	945
1.1635	2	1	5	945
1.1636	2	1	4	945
1.1636	2	1	5	945
1.1637	2	1	4	945
1.1637	2	1	5	945
1.1638	2	1	4	945
1.1638	2	1	5	945
1.1639	2	1	4	945
1.1639	2	1	5	945
1.164	2	1	4	945
1.164	2	1	5	945
1.1641	2	1	4	945
1.1641	2	1	5	945
1.1642	2	1	4	945
1.1642	2	1	5	945
1.1643	2	1	4	945
1.1643	2	1	5	945
1.1644	2	1	4	945
1.1644	2	1	5	945
1.1645	2	1	4	945
1.1645	2	1	5	945
1.1646	2	1	4	945
1.1646	2	1	5	945
1.1647	2	1	4	945
1.1647	2	1	5	945
1.1648	2	1	4	945
1.1648	2	1	5	945
1.1649	2	1	4	945
1.1649	2	1	5	945
1.165	2	1	4	945
1.165	2	1	5	945
1.1651	2	1	4	945
1.1651	2	1	5	945
1.1652	2	1	4	945
1.1652	2	1	5	945
1.1653	2	1	4	945
1.1653	2	1	5	945
1.1654	2	1	4	945
1.1654	2	1	5	945
1.1655	2	1	4	945
1.1655	2	1	5	945
1.1656	2	1	4	945
1.1656	2	1	5	945
1.1657	2	1	4	945
1.1657	2	1	5	945
1.1658	2	1	4	945
1.1658	2	1	5	945
1.1659	2	1	4	945
1.1659	2	1	5	945
1.166	2	1	4	945
1.166	2	1	5	945
1.1661	2	1	4	945
1.1661	2	1	5	945
1.1662	2	1	4	945
1.1662	2	1	5	945
1.1663	2	1	4	945
1.1663	2	1	5	945
1.1664	2	1	4	945
1.1664	2	1	5	945
1.1665	2	1	4	945
1.1665	2	1	5	945
1.1666	2	1	4	945
1.1666	2	1	5	945
1.1667	2	1	4	945
1.1667	2	1	5	945
1.1668	2	1	4	945
1.1668	2	1	5	945
1.1669	2	1	4	945
1.1669	2	1	5	945
1.167	2	1	4	945
1.167	2	1	5	945
1.1671	2	1	4	945
1.1671	2	1	5	945
1.1672	2	1	4	945
1.1672	2	1	5	945
1.1673	2	1	4	945
1.1673	2	1	5	945
1.1674	2	1	4	945
1.1674	2	1	5	945
1.1675	2	1	4	945
1.1675	2	1	5	945
1.1676	2	1	4	945
1.1676	2	1	5	945
1.1677	2	1	4	945
1.1677	2	1	5	945
1.1678	2	1	4	945
1.1678	2	1	5	945
1.1679	2	1	4	945
1.1679	2	1	5	945
1.168	2	1	4	945
1.168	2	1	5	945
1.1681	2	1	4	945
1.1681	2	1	5	945
1.1682	2	1	4	945
1.1682	2	1	5	945
1.1683	2	1	4	945
1.1683	2	1	5	945
1.1684	2	1	4	945
1.1684	2	1	5	945
1.1685	2	1	4	945
1.1685	2	1	5	945
1.1686	2	1	4	945
1.1686	2	1	5	945
1.1687	2	1	4	945
1.1687	2	1	5	945
1.1688	2	1	4	945
1.1688	2	1	5	945
1.1689	2	1	4	945
1.1689	2	1	5	945
1.169	2	1	4	945
1.169	2	1	5	945
1.1691	2	1	4	945
1.1691	2	1	5	945
1.1692	2	1	4	945
1.1692	2	1	5	945
1.1693	2	1	4	945
1.1693	2	1	5	945
1.1694	2	1	4	945
1.1694	2	1	5	945
1.1695	2	1	4	945
1.1695	2	1	5	945
1.1696	2	1	4	945
1.1696	2	1	5	945
1.1697	2	1	4	945
1.1697	2	1	5	945
1.1698	2	1	4	945
1.1698	2	1	5	945
1.1699	2	1	4	945
1.1699	2	1	5	945
1.17	2	1	4	945
1.17	2	1	5	945
1.1701	2	1	4	945
1.1701	2	1	5	945
1.1702	2	1	4	945
1.1702	2	1	5	945
1.1703	2	1	4	945
1.1703	2	1	5	945
1.1704	2	1	4	945
1.1704	2	1	5	945
1.1705	2	1	4	945
1.1705	2	1	5	945
1.1706	2	1	4	945
1.1706	2	1	5	945
1.1707	2	1	4	945
1.1707	2	1	5	945
1.1708	2	1	4	945
1.1708	2	1	5	945
1.1709	2	1	4	945
1.1709	2	1	5	945
1.171	2	1	4	945
1.171	2	1	5	945
1.1711	2	1	4	945
1.1711	2	1	5	945
1.1712	2	1	4	945
1.1712	2	1	5	945
1.1713	2	1	4	945
1.1713	2	1	5	945
1.1714	2	1	4	945
1.1714	2	1	5	945
1.1715	2	1	4	945
1.1715	2	1	5	945
1.1716	2	1	4	945
1.1716	2	1	5	945
1.1717	2	1	4	945
1.1717	2	1	5	945
1.1718	2	1	4	945
1.1718	2	1	5	945
1.1719	2	1	4	945
1.1719	2	1	5	945
1.172	2	1	4	945
1.172	2	1	5	945
1.1721	2	1	4	945
1.1721	2	1	5	945
1.1722	2	1	4	945
1.1722	2	1	5	945
1.1723	2	1	4	945
1.1723	2	1	5	945
1.1724	2	1	4	945
1.1724	2	1	5	945
1.1725	2	1	4	945
1.1725	2	1	5	945
1.1726	2	1	4	945
1.1726	2	1	5	945
1.1727	2	1	4	945
1.1727	2	1	5	945
1.1728	2	1	4	945
1.1728	2	1	5	945
1.1729	2	1	4	945
1.1729	2	1	5	945
1.173	2	1	4	945
1.173	2	1	5	945
1.1731	2	1	4	945
1.1731	2	1	5	945
1.1732	2	1	4	945
1.1732	2	1	5	945
1.1733	2	1	4	945
1.1733	2	1	5	945
1.1734	2	1	4	945
1.1734	2	1	5	945
1.1735	2	1	4	945
1.1735	2	1	5	945
1.1736	2	1	4	945
1.1736	2	1	5	945
1.1737	2	1	4	945
1.1737	2	1	5	945
1.1738	2	1	4	945
1.1738	2	1	5	945
1.1739	2	1	4	945
1.1739	2	1	5	945
1.174	2	1	4	945
1.174	2	1	5	945
1.1741	2	1	4	945
1.1741	2	1	5	945
1.1742	2	1	4	945
1.1742	2	1	5	945
1.1743	2	1	4	945
1.1743	2	1	5	945
1.1744	2	1	4	945
1.1744	2	1	5	945
1.1745	2	1	4	945
1.1745	2	1	5	945
1.1746	2	1	4	945
1.1746	2	1	5	945
1.1747	2	1	4	945
1.1747	2	1	5	945
1.1748	2	1	4	945
1.1748	2	1	5	945
1.1749	2	1	4	945
1.1749	2	1	5	945
1.175	2	1	4	945
1.175	2	1	5	945
1.1751	2	1	4	945
1.1751	2	1	5	945
1.1752	2	1	4	945
1.1752	2	1	5	945
1.1753	2	1	4	945
1.1753	2	1	5	945
1.1754	2	1	4	945
1.1754	2	1	5	945
1.1755	2	1	4	945
1.1755	2	1	5	945
1.1756	2	1	4	945
1.1756	2	1	5	945
1.1757	2	1	4	945
1.1757	2	1	5	945
1.1758	2	1	4	945
1.1758	2	1	5	945
1.1759	2	1	4	945
1.1759	2	1	5	945
1.176	2	1	4	945
1.176	2	1	5	945
1.1761	2	1	4	945
1.1761	2	1	5	945
1.1762	2	1	4	945
1.1762	2	1	5	945
1.1763	2	1	4	945
1.1763	2	1	5	945
1.1764	2	1	4	945
1.1764	2	1	5	945
1.1765	2	1	4	945
1.1765	2	1	5	945
1.1766	2	1	4	945
1.1766	2	1	5	945
1.1767	2	1	4	945
1.1767	2	1	5	945
1.1768	2	1	4	945
1.1768	2	1	5	945
1.1769	2	1	4	945
1.1769	2	1	5	945
1.177	2	1	4	945
1.177	2	1	5	945
1.1771	2	1	4	945
1.1771	2	1	5	945
1.1772	2	1	4	945
1.1772	2	1	5	945
1.1773	2	1	4	945
1.1773	2	1	5	945
1.1774	2	1	4	945
1.1774	2	1	5	945
1.1775	2	1	4	945
1.1775	2	1	5	945
1.1776	2	1	4	945
1.1776	2	1	5	945
1.1777	2	1	4	945
1.1777	2	1	5	945
1.1778	2	1	4	945
1.1778	2	1	5	945
1.1779	2	1	4	945
1.1779	2	1	5	945
1.178	2	1	4	945
1.178	2	1	5	945
1.1781	2	1	4	945
1.1781	2	1	5	945
1.1782	2	1	4	945
1.1782	2	1	5	945
1.1783	2	1	4	945
1.1783	2	1	5	945
1.1784	2	1	4	945
1.1784	2	1	5	945
1.1785	2	1	4	945
1.1785	2	1	5	945
1.1786	2	1	4	945
1.1786	2	1	5	945
1.1787	2	1	4	945
1.1787	2	1	5	945
1.1788	2	1	4	945
1.1788	2	1	5	945
1.1789	2	1	4	945
1.1789	2	1	5	945
1.179	2	1	4	945
1.179	2	1	5	945
1.1791	2	1	4	945
1.1791	2	1	5	945
1.1792	2	1	4	945
1.1792	2	1	5	945
1.1793	2	1	4	945
1.1793	2	1	5	945
1.1794	2	1	4	945
1.1794	2	1	5	945
1.1795	2	1	4	945
1.1795	2	1	5	945
1.1796	2	1	4	945
1.1796	2	1	5	945
1.1797	2	1	4	945
1.1797	2	1	5	945
1.1798	2	1	4	945
1.1798	2	1	5	945
1.1799	2	1	4	945
1.1799	2	1	5	945
1.18	2	1	4	945
1.18	2	1	5	945
1.1801	2	1	4	945
1.1801	2	1	5	945
1.1802	2	1	4	945
1.1802	2	1	5	945
1.1803	2	1	4	945
1.1803	2	1	5	945
1.1804	2	1	4	945
1.1804	2	1	5	945
1.1805	2	1	4	945
1.1805	2	1	5	945
1.1806	2	1	4	945
1.1806	2	1	5	945
1.1807	2	1	4	945
1.1807	2	1	5	945
1.1808	2	1	4	945
1.1808	2	1	5	945
1.1809	2	1	4	945
1.1809	2	1	5	945
1.181	2	1	4	945
1.181	2	1	5	945
1.1811	2	1	4	945
1.1811	2	1	5	945
1.1812	2	1	4	945
1.1812	2	1	5	945
1.1813	2	1	4	945
1.1813	2	1	5	945
1.1814	2	1	4	945
1.1814	2	1	5	945
1.1815	2	1	4	945
1.1815	2	1	5	945
1.1816	2	1	4	945
1.1816	2	1	5	945
1.1817	2	1	4	945
1.1817	2	1	5	945
1.1818	2	1	4	945
1.1818	2	1	5	945
1.1819	2	1	4	945
1.1819	2	1	5	945
1.182	2	1	4	945
1.182	2	1	5	945
1.1821	2	1	4	945
1.1821	2	1	5	945
1.1822	2	1	4	945
1.1822	2	1	5	945
1.1823	2	1	4	945
1.1823	2	1	5	945
1.1824	2	1	4	945
1.1824	2	1	5	945
1.1825	2	1	4	945
1.1825	2	1	5	945
1.1826	2	1	4	945
1.1826	2	1	5	945
1.1827	2	1	4	945
1.1827	2	1	5	945
1.1828	2	1	4	945
1.1828	2	1	5	945
1.1829	2	1	4	945
1.1829	2	1	5	945
1.183	2	1	4	945
1.183	2	1	5	945
1.1831	2	1	4	945
1.1831	2	1	5	945
1.1832	2	1	4	945
1.1832	2	1	5	945
1.1833	2	1	4	945
1.1833	2	1	5	945
1.1834	2	1	4	945
1.1834	2	1	5	945
1.1835	2	1	4	945
1.1835	2	1	5	945
1.1836	2	1	4	945
1.1836	2	1	5	945
1.1837	2	1	4	945
1.1837	2	1	5	945
1.1838	2	1	4	945
1.1838	2	1	5	945
1.1839	2	1	4	945
1.1839	2	1	5	945
1.184	2	1	4	945
1.184	2	1	5	945
1.1841	2	1	4	945
1.1841	2	1	5	945
1.1842	2	1	4	945
1.1842	2	1	5	945
1.1843	2	1	4	945
1.1843	2	1	5	945
1.1844	2	1	4	945
1.1844	2	1	5	945
1.1845	2	1	4	945
1.1845	2	1	5	945
1.1846	2	1	4	945
1.1846	2	1	5	945
1.1847	2	1	4	945
1.1847	2	1	5	945
1.1848	2	1	4	945
1.1848	2	1	5	945
1.1849	2	1	4	945
1.1849	2	1	5	945
1.185	2	1	4	945
1.185	2	1	5	945
1.1851	2	1	4	945
1.1851	2	1	5	945
1.1852	2	1	4	945
1.1852	2	1	5	945
1.1853	2	1	4	945
1.1853	2	1	5	945
1.1854	2	1	4	945
1.1854	2	1	5	945
1.1855	2	1	4	945
1.1855	2	1	5	945
1.1856	2	1	4	945
1.1856	2	1	5	945
1.1857	2	1	4	945
1.1857	2	1	5	945
1.1858	2	1	4	945
1.1858	2	1	5	945
1.1859	2	1	4	945
1.1859	2	1	5	945
1.186	2	1	4	945
1.186	2	1	5	945
1.1861	2	1	4	945
1.1861	2	1	5	945
1.1862	2	1	4	945
1.1862	2	1	5	945
1.1863	2	1	4	945
1.1863	2	1	5	945
1.1864	2	1	4	945
1.1864	2	1	5	945
1.1865	2	1	4	945
1.1865	2	1	5	945
1.1866	2	1	4	945
1.1866	2	1	5	945
1.1867	2	1	4	945
1.1867	2	1	5	945
1.1868	2	1	4	945
1.1868	2	1	5	945
1.1869	2	1	4	945
1.1869	2	1	5	945
1.187	2	1	4	945
1.187	2	1	5	945
1.1871	2	1	4	945
1.1871	2	1	5	945
1.1872	2	1	4	945
1.1872	2	1	5	945
1.1873	2	1	4	945
1.1873	2	1	5	945
1.1874	2	1	4	945
1.1874	2	1	5	945
1.1875	2	1	4	945
1.1875	2	1	5	945
1.1876	2	1	4	945
1.1876	2	1	5	945
1.1877	2	1	4	945
1.1877	2	1	5	945
1.1878	2	1	4	945
1.1878	2	1	5	945
1.1879	2	1	4	945
1.1879	2	1	5	945
1.188	2	1	4	945
1.188	2	1	5	945
1.1881	2	1	4	945
1.1881	2	1	5	945
1.1882	2	1	4	945
1.1882	2	1	5	945
1.1883	2	1	4	945
1.1883	2	1	5	945
1.1884	2	1	4	945
1.1884	2	1	5	945
1.1885	2	1	4	945
1.1885	2	1	5	945
1.1886	2	1	4	945
1.1886	2	1	5	945
1.1887	2	1	4	945
1.1887	2	1	5	945
1.1888	2	1	4	945
1.1888	2	1	5	945
1.1889	2	1	4	945
1.1889	2	1	5	945
1.189	2	1	4	945
1.189	2	1	5	945
1.1891	2	1	4	945
1.1891	2	1	5	945
1.1892	2	1	4	945
1.1892	2	1	5	945
1.1893	2	1	4	945
1.1893	2	1	5	945
1.1894	2	1	4	945
1.1894	2	1	5	945
1.1895	2	1	4	945
1.1895	2	1	5	945
1.1896	2	1	4	945
1.1896	2	1	5	945
1.1897	2	1	4	945
1.1897	2	1	5	945
1.1898	2	1	4	945
1.1898	2	1	5	945
1.1899	2	1	4	945
1.1899	2	1	5	945
1.19	2	1	4	945
1.19	2	1	5	945
1.1901	2	1	4	945
1.1901	2	1	5	945
1.1902	2	1	4	945
1.1902	2	1	5	945
1.1903	2	1	4	945
1.1903	2	1	5	945
1.1904	2	1	4	945
1.1904	2	1	5	945
1.1905	2	1	4	945
1.1905	2	1	5	945
1.1906	2	1	4	945
1.1906	2	1	5	945
1.1907	2	1	4	945
1.1907	2	1	5	945
1.1908	2	1	4	945
1.1908	2	1	5	945
1.1909	2	1	4	945
1.1909	2	1	5	945
1.191	2	1	4	945
1.191	2	1	5	945
1.1911	2	1	4	945
1.1911	2	1	5	945
1.1912	2	1	4	945
1.1912	2	1	5	945
1.1913	2	1	4	945
1.1913	2	1	5	945
1.1914	2	1	4	945
1.1914	2	1	5	945
1.1915	2	1	4	945
1.1915	2	1	5	945
1.1916	2	1	4	945
1.1916	2	1	5	945
1.1917	2	1	4	945
1.1917	2	1	5	945
1.1918	2	1	4	945
1.1918	2	1	5	945
1.1919	2	1	4	945
1.1919	2	1	5	945
1.192	2	1	4	945
1.192	2	1	5	945
1.1921	2	1	4	945
1.1921	2	1	5	945
1.1922	2	1	4	945
1.1922	2	1	5	945
1.1923	2	1	4	945
1.1923	2	1	5	945
1.1924	2	1	4	945
1.1924	2	1	5	945
1.1925	2	1	4	945
1.1925	2	1	5	945
1.1926	2	1	4	945
1.1926	2	1	5	945
1.1927	2	1	4	945
1.1927	2	1	5	945
1.1928	2	1	4	945
1.1928	2	1	5	945
1.1929	2	1	4	945
1.1929	2	1	5	945
1.193	2	1	4	945
1.193	2	1	5	945
1.1931	2	1	4	945
1.1931	2	1	5	945
1.1932	2	1	4	945
1.1932	2	1	5	945
1.1933	2	1	4	945
1.1933	2	1	5	945
1.1934	2	1	4	945
1.1934	2	1	5	945
1.1935	2	1	4	945
1.1935	2	1	5	945
1.1936	2	1	4	945
1.1936	2	1	5	945
1.1937	2	1	4	945
1.1937	2	1	5	945
1.1938	2	1	4	945
1.1938	2	1	5	945
1.1939	2	1	4	945
1.1939	2	1	5	945
1.194	2	1	4	945
1.194	2	1	5	945
1.1941	2	1	4	945
1.1941	2	1	5	945
1.1942	2	1	4	945
1.1942	2	1	5	945
1.1943	2	1	4	945
1.1943	2	1	5	945
1.1944	2	1	4	945
1.1944	2	1	5	945
1.1945	2	1	4	945
1.1945	2	1	5	945
1.1946	2	1	4	945
1.1946	2	1	5	945
1.1947	2	1	4	945
1.1947	2	1	5	945
1.1948	2	1	4	945
1.1948	2	1	5	945
1.1949	2	1	4	945
1.1949	2	1	5	945
1.195	2	1	4	945
1.195	2	1	5	945
1.1951	2	1	4	945
1.1951	2	1	5	945
1.1952	2	1	4	945
1.1952	2	1	5	945
1.1953	2	1	4	945
1.1953	2	1	5	945
1.1954	2	1	4	945
1.1954	2	1	5	945
1.1955	2	1	4	945
1.1955	2	1	5	945
1.1956	2	1	4	945
1.1956	2	1	5	945
1.1957	2	1	4	945
1.1957	2	1	5	945
1.1958	2	1	4	945
1.1958	2	1	5	945
1.1959	2	1	4	945
1.1959	2	1	5	945
1.196	2	1	4	945
1.196	2	1	5	945
1.1961	2	1	4	945
1.1961	2	1	5	945
1.1962	2	1	4	945
1.1962	2	1	5	945
1.1963	2	1	4	945
1.1963	2	1	5	945
1.1964	2	1	4	945
1.1964	2	1	5	945
1.1965	2	1	4	945
1.1965	2	1	5	945
1.1966	2	1	4	945
1.1966	2	1	5	945
1.1967	2	1	4	945
1.1967	2	1	5	945
1.1968	2	1	4	945
1.1968	2	1	5	945
1.1969	2	1	4	945
1.1969	2	1	5	945
1.197	2	1	4	945
1.197	2	1	5	945
1.1971	2	1	4	945
1.1971	2	1	5	945
1.1972	2	1	4	945
1.1972	2	1	5	945
1.1973	2	1	4	945
1.1973	2	1	5	945
1.1974	2	1	4	945
1.1974	2	1	5	945
1.1975	2	1	4	945
1.1975	2	1	5	945
1.1976	2	1	4	945
1.1976	2	1	5	945
1.1977	2	1	4	945
1.1977	2	1	5	945
1.1978	2	1	4	945
1.1978	2	1	5	945
1.1979	2	1	4	945
1.1979	2	1	5	945
1.198	2	1	4	945
1.198	2	1	5	945
1.1981	2	1	4	945
1.1981	2	1	5	945
1.1982	2	1	4	945
1.1982	2	1	5	945
1.1983	2	1	4	945
1.1983	2	1	5	945
1.1984	2	1	4	945
1.1984	2	1	5	945
1.1985	2	1	4	945
1.1985	2	1	5	945
1.1986	2	1	4	945
1.1986	2	1	5	945
1.1987	2	1	4	945
1.1987	2	1	5	945
1.1988	2	1	4	945
1.1988	2	1	5	945
1.1989	2	1	4	945
1.1989	2	1	5	945
1.199	2	1	4	945
1.199	2	1	5	945
1.1991	2	1	4	945
1.1991	2	1	5	945
1.1992	2	1	4	945
1.1992	2	1	5	945
1.1993	2	1	4	945
1.1993	2	1	5	945
1.1994	2	1	4	945
1.1994	2	1	5	945
1.1995	2	1	4	945
1.1995	2	1	5	945
1.1996	2	1	4	945
1.1996	2	1	5	945
1.1997	2	1	4	945
1.1997	2	1	5	945
1.1998	2	1	4	945
1.1998	2	1	5	945
1.1999	2	1	4	945
1.1999	2	1	5	945
1.2	2	1	4	945
1.2	2	1	5	945
1.2001	2	1	4	945
1.2001	2	1	5	945
1.2002	2	1	4	945
1.2002	2	1	5	945
1.2003	2	1	4	945
1.2003	2	1	5	945
1.2004	2	1	4	945
1.2004	2	1	5	945
1.2005	2	1	4	945
1.2005	2	1	5	945
1.2006	2	1	4	945
1.2006	2	1	5	945
1.2007	2	1	4	945
1.2007	2	1	5	945
1.2008	2	1	4	945
1.2008	2	1	5	945
1.2009	2	1	4	945
1.2009	2	1	5	945
1.201	2	1	4	945
1.201	2	1	5	945
1.2011	2	1	4	945
1.2011	2	1	5	945
1.2012	2	1	4	945
1.2012	2	1	5	945
1.2013	2	1	4	945
1.2013	2	1	5	945
1.2014	2	1	4	945
1.2014	2	1	5	945
1.2015	2	1	4	945
1.2015	2	1	5	945
1.2016	2	1	4	945
1.2016	2	1	5	945
1.2017	2	1	4	945
1.2017	2	1	5	945
1.2018	2	1	4	945
1.2018	2	1	5	945
1.2019	2	1	4	945
1.2019	2	1	5	945
1.202	2	1	4	945
1.202	2	1	5	945
1.2021	2	1	4	945
1.2021	2	1	5	945
1.2022	2	1	4	945
1.2022	2	1	5	945
1.2023	2	1	4	945
1.2023	2	1	5	945
1.2024	2	1	4	945
1.2024	2	1	5	945
1.2025	2	1	4	945
1.2025	2	1	5	945
1.2026	2	1	4	945
1.2026	2	1	5	945
1.2027	2	1	4	945
1.2027	2	1	5	945
1.2028	2	1	4	945
1.2028	2	1	5	945
1.2029	2	1	4	945
1.2029	2	1	5	945
1.203	2	1	4	945
1.203	2	1	5	945
1.2031	2	1	4	945
1.2031	2	1	5	945
1.2032	2	1	4	945
1.2032	2	1	5	945
1.2033	2	1	4	945
1.2033	2	1	5	945
1.2034	2	1	4	945
1.2034	2	1	5	945
1.2035	2	1	4	945
1.2035	2	1	5	945
1.2036	2	1	4	945
1.2036	2	1	5	945
1.2037	2	1	4	945
1.2037	2	1	5	945
1.2038	2	1	4	945
1.2038	2	1	5	945
1.2039	2	1	4	945
1.2039	2	1	5	945
1.204	2	1	4	945
1.204	2	1	5	945
1.2041	2	1	4	945
1.2041	2	1	5	945
1.2042	2	1	4	945
1.2042	2	1	5	945
1.2043	2	1	4	945
1.2043	2	1	5	945
1.2044	2	1	4	945
1.2044	2	1	5	945
1.2045	2	1	4	945
1.2045	2	1	5	945
1.2046	2	1	4	945
1.2046	2	1	5	945
1.2047	2	1	4	945
1.2047	2	1	5	945
1.2048	2	1	4	945
1.2048	2	1	5	945
1.2049	2	1	4	945
1.2049	2	1	5	945
1.205	2	1	4	945
1.205	2	1	5	945
1.2051	2	1	4	945
1.2051	2	1	5	945
1.2052	2	1	4	945
1.2052	2	1	5	945
1.2053	2	1	4	945
1.2053	2	1	5	945
1.2054	2	1	4	945
1.2054	2	1	5	945
1.2055	2	1	4	945
1.2055	2	1	5	945
1.2056	2	1	4	945
1.2056	2	1	5	945
1.2057	2	1	4	945
1.2057	2	1	5	945
1.2058	2	1	4	945
1.2058	2	1	5	945
1.2059	2	1	4	945
1.2059	2	1	5	945
1.206	2	1	4	945
1.206	2	1	5	945
1.2061	2	1	4	945
1.2061	2	1	5	945
1.2062	2	1	4	945
1.2062	2	1	5	945
1.2063	2	1	4	945
1.2063	2	1	5	945
1.2064	2	1	4	945
1.2064	2	1	5	945
1.2065	2	1	4	945
1.2065	2	1	5	945
1.2066	2	1	4	945
1.2066	2	1	5	945
1.2067	2	1	4	945
1.2067	2	1	5	945
1.2068	2	1	4	945
1.2068	2	1	5	945
1.2069	2	1	4	945
1.2069	2	1	5	945
1.207	2	1	4	945
1.207	2	1	5	945
1.2071	2	1	4	945
1.2071	2	1	5	945
1.2072	2	1	4	945
1.2072	2	1	5	945
1.2073	2	1	4	945
1.2073	2	1	5	945
1.2074	2	1	4	945
1.2074	2	1	5	945
1.2075	2	1	4	945
1.2075	2	1	5	945
1.2076	2	1	4	945
1.2076	2	1	5	945
1.2077	2	1	4	945
1.2077	2	1	5	945
1.2078	2	1	4	945
1.2078	2	1	5	945
1.2079	2	1	4	945
1.2079	2	1	5	945
1.208	2	1	4	945
1.208	2	1	5	945
1.2081	2	1	4	945
1.2081	2	1	5	945
1.2082	2	1	4	945
1.2082	2	1	5	945
1.2083	2	1	4	945
1.2083	2	1	5	945
1.2084	2	1	4	945
1.2084	2	1	5	945
1.2085	2	1	4	945
1.2085	2	1	5	945
1.2086	2	1	4	945
1.2086	2	1	5	945
1.2087	2	1	4	945
1.2087	2	1	5	945
1.2088	2	1	4	945
1.2088	2	1	5	945
1.2089	2	1	4	945
1.2089	2	1	5	945
1.209	2	1	4	945
1.209	2	1	5	945
1.2091	2	1	4	945
1.2091	2	1	5	945
1.2092	2	1	4	945
1.2092	2	1	5	945
1.2093	2	1	4	945
1.2093	2	1	5	945
1.2094	2	1	4	945
1.2094	2	1	5	945
1.2095	2	1	4	945
1.2095	2	1	5	945
1.2096	2	1	4	945
1.2096	2	1	5	945
1.2097	2	1	4	945
1.2097	2	1	5	945
1.2098	2	1	4	945
1.2098	2	1	5	945
1.2099	2	1	4	945
1.2099	2	1	5	945
1.21	2	1	4	945
1.21	2	1	5	945
1.2101	2	1	4	945
1.2101	2	1	5	945
1.2102	2	1	4	945
1.2102	2	1	5	945
1.2103	2	1	4	945
1.2103	2	1	5	945
1.2104	2	1	4	945
1.2104	2	1	5	945
1.2105	2	1	4	945
1.2105	2	1	5	945
1.2106	2	1	4	945
1.2106	2	1	5	945
1.2107	2	1	4	945
1.2107	2	1	5	945
1.2108	2	1	4	945
1.2108	2	1	5	945
1.2109	2	1	4	945
1.2109	2	1	5	945
1.211	2	1	4	945
1.211	2	1	5	945
1.2111	2	1	4	945
1.2111	2	1	5	945
1.2112	2	1	4	945
1.2112	2	1	5	945
1.2113	2	1	4	945
1.2113	2	1	5	945
1.2114	2	1	4	945
1.2114	2	1	5	945
1.2115	2	1	4	945
1.2115	2	1	5	945
1.2116	2	1	4	945
1.2116	2	1	5	945
1.2117	2	1	4	945
1.2117	2	1	5	945
1.2118	2	1	4	945
1.2118	2	1	5	945
1.2119	2	1	4	945
1.2119	2	1	5	945
1.212	2	1	4	945
1.212	2	1	5	945
1.2121	2	1	4	945
1.2121	2	1	5	945
1.2122	2	1	4	945
1.2122	2	1	5	945
1.2123	2	1	4	945
1.2123	2	1	5	945
1.2124	2	1	4	945
1.2124	2	1	5	945
1.2125	2	1	4	945
1.2125	2	1	5	945
1.2126	2	1	4	945
1.2126	2	1	5	945
1.2127	2	1	4	945
1.2127	2	1	5	945
1.2128	2	1	4	945
1.2128	2	1	5	945
1.2129	2	1	4	945
1.2129	2	1	5	945
1.213	2	1	4	945
1.213	2	1	5	945
1.2131	2	1	4	945
1.2131	2	1	5	945
1.2132	2	1	4	945
1.2132	2	1	5	945
1.2133	2	1	4	945
1.2133	2	1	5	945
1.2134	2	1	4	945
1.2134	2	1	5	945
1.2135	2	1	4	945
1.2135	2	1	5	945
1.2136	2	1	4	945
1.2136	2	1	5	945
1.2137	2	1	4	945
1.2137	2	1	5	945
1.2138	2	1	4	945
1.2138	2	1	5	945
1.2139	2	1	4	945
1.2139	2	1	5	945
1.214	2	1	4	945
1.214	2	1	5	945
1.2141	2	1	4	945
1.2141	2	1	5	945
1.2142	2	1	4	945
1.2142	2	1	5	945
1.2143	2	1	4	945
1.2143	2	1	5	945
1.2144	2	1	4	945
1.2144	2	1	5	945
1.2145	2	1	4	945
1.2145	2	1	5	945
1.2146	2	1	4	945
1.2146	2	1	5	945
1.2147	2	1	4	945
1.2147	2	1	5	945
1.2148	2	1	4	945
1.2148	2	1	5	945
1.2149	2	1	4	945
1.2149	2	1	5	945
1.215	2	1	4	945
1.215	2	1	5	945
1.2151	2	1	4	945
1.2151	2	1	5	945
1.2152	2	1	4	945
1.2152	2	1	5	945
1.2153	2	1	4	945
1.2153	2	1	5	945
1.2154	2	1	4	945
1.2154	2	1	5	945
1.2155	2	1	4	945
1.2155	2	1	5	945
1.2156	2	1	4	945
1.2156	2	1	5	945
1.2157	2	1	4	945
1.2157	2	1	5	945
1.2158	2	1	4	945
1.2158	2	1	5	945
1.2159	2	1	4	945
1.2159	2	1	5	945
1.216	2	1	4	945
1.216	2	1	5	945
1.2161	2	1	4	945
1.2161	2	1	5	945
1.2162	2	1	4	945
1.2162	2	1	5	945
1.2163	2	1	4	945
1.2163	2	1	5	945
1.2164	2	1	4	945
1.2164	2	1	5	945
1.2165	2	1	4	945
1.2165	2	1	5	945
1.2166	2	1	4	945
1.2166	2	1	5	945
1.2167	2	1	4	945
1.2167	2	1	5	945
1.2168	2	1	4	945
1.2168	2	1	5	945
1.2169	2	1	4	945
1.2169	2	1	5	945
1.217	2	1	4	945
1.217	2	1	5	945
1.2171	2	1	4	945
1.2171	2	1	5	945
1.2172	2	1	4	945
1.2172	2	1	5	945
1.2173	2	1	4	945
1.2173	2	1	5	945
1.2174	2	1	4	945
1.2174	2	1	5	945
1.2175	2	1	4	945
1.2175	2	1	5	945
1.2176	2	1	4	945
1.2176	2	1	5	945
1.2177	2	1	4	945
1.2177	2	1	5	945
1.2178	2	1	4	945
1.2178	2	1	5	945
1.2179	2	1	4	945
1.2179	2	1	5	945
1.218	2	1	4	945
1.218	2	1	5	945
1.2181	2	1	4	945
1.2181	2	1	5	945
1.2182	2	1	4	945
1.2182	2	1	5	945
1.2183	2	1	4	945
1.2183	2	1	5	945
1.2184	2	1	4	945
1.2184	2	1	5	945
1.2185	2	1	4	945
1.2185	2	1	5	945
1.2186	2	1	4	945
1.2186	2	1	5	945
1.2187	2	1	4	945
1.2187	2	1	5	945
1.2188	2	1	4	945
1.2188	2	1	5	945
1.2189	2	1	4	945
1.2189	2	1	5	945
1.219	2	1	4	945
1.219	2	1	5	945
1.2191	2	1	4	945
1.2191	2	1	5	945
1.2192	2	1	4	945
1.2192	2	1	5	945
1.2193	2	1	4	945
1.2193	2	1	5	945
1.2194	2	1	4	945
1.2194	2	1	5	945
1.2195	2	1	4	945
1.2195	2	1	5	945
1.2196	2	1	4	945
1.2196	2	1	5	945
1.2197	2	1	4	945
1.2197	2	1	5	945
1.2198	2	1	4	945
1.2198	2	1	5	945
1.2199	2	1	4	945
1.2199	2	1	5	945
1.22	2	1	4	945
1.22	2	1	5	945
1.2201	2	1	4	945
1.2201	2	1	5	945
1.2202	2	1	4	945
1.2202	2	1	5	945
1.2203	2	1	4	945
1.2203	2	1	5	945
1.2204	2	1	4	945
1.2204	2	1	5	945
1.2205	2	1	4	945
1.2205	2	1	5	945
1.2206	2	1	4	945
1.2206	2	1	5	945
1.2207	2	1	4	945
1.2207	2	1	5	945
1.2208	2	1	4	945
1.2208	2	1	5	945
1.2209	2	1	4	945
1.2209	2	1	5	945
1.221	2	1	4	945
1.221	2	1	5	945
1.2211	2	1	4	945
1.2211	2	1	5	945
1.2212	2	1	4	945
1.2212	2	1	5	945
1.2213	2	1	4	945
1.2213	2	1	5	945
1.2214	2	1	4	945
1.2214	2	1	5	945
1.2215	2	1	4	945
1.2215	2	1	5	945
1.2216	2	1	4	945
1.2216	2	1	5	945
1.2217	2	1	4	945
1.2217	2	1	5	945
1.2218	2	1	4	945
1.2218	2	1	5	945
1.2219	2	1	4	945
1.2219	2	1	5	945
1.222	2	1	4	945
1.222	2	1	5	945
1.2221	2	1	4	945
1.2221	2	1	5	945
1.2222	2	1	4	945
1.2222	2	1	5	945
1.2223	2	1	4	945
1.2223	2	1	5	945
1.2224	2	1	4	945
1.2224	2	1	5	945
1.2225	2	1	4	945
1.2225	2	1	5	945
1.2226	2	1	4	945
1.2226	2	1	5	945
1.2227	2	1	4	945
1.2227	2	1	5	945
1.2228	2	1	4	945
1.2228	2	1	5	945
1.2229	2	1	4	945
1.2229	2	1	5	945
1.223	2	1	4	945
1.223	2	1	5	945
1.2231	2	1	4	945
1.2231	2	1	5	945
1.2232	2	1	4	945
1.2232	2	1	5	945
1.2233	2	1	4	945
1.2233	2	1	5	945
1.2234	2	1	4	945
1.2234	2	1	5	945
1.2235	2	1	4	945
1.2235	2	1	5	945
1.2236	2	1	4	945
1.2236	2	1	5	945
1.2237	2	1	4	945
1.2237	2	1	5	945
1.2238	2	1	4	945
1.2238	2	1	5	945
1.2239	2	1	4	945
1.2239	2	1	5	945
1.224	2	1	4	945
1.224	2	1	5	945
1.2241	2	1	4	945
1.2241	2	1	5	945
1.2242	2	1	4	945
1.2242	2	1	5	945
1.2243	2	1	4	945
1.2243	2	1	5	945
1.2244	2	1	4	945
1.2244	2	1	5	945
1.2245	2	1	4	945
1.2245	2	1	5	945
1.2246	2	1	4	945
1.2246	2	1	5	945
1.2247	2	1	4	945
1.2247	2	1	5	945
1.2248	2	1	4	945
1.2248	2	1	5	945
1.2249	2	1	4	945
1.2249	2	1	5	945
1.225	2	1	4	945
1.225	2	1	5	945
1.2251	2	1	4	945
1.2251	2	1	5	945
1.2252	2	1	4	945
1.2252	2	1	5	945
1.2253	2	1	4	945
1.2253	2	1	5	945
1.2254	2	1	4	945
1.2254	2	1	5	945
1.2255	2	1	4	945
1.2255	2	1	5	945
1.2256	2	1	4	945
1.2256	2	1	5	945
1.2257	2	1	4	945
1.2257	2	1	5	945
1.2258	2	1	4	945
1.2258	2	1	5	945
1.2259	2	1	4	945
1.2259	2	1	5	945
1.226	2	1	4	945
1.226	2	1	5	945
1.2261	2	1	4	945
1.2261	2	1	5	945
1.2262	2	1	4	945
1.2262	2	1	5	945
1.2263	2	1	4	945
1.2263	2	1	5	945
1.2264	2	1	4	945
1.2264	2	1	5	945
1.2265	2	1	4	945
1.2265	2	1	5	945
1.2266	2	1	4	945
1.2266	2	1	5	945
1.2267	2	1	4	945
1.2267	2	1	5	945
1.2268	2	1	4	945
1.2268	2	1	5	945
1.2269	2	1	4	945
1.2269	2	1	5	945
1.227	2	1	4	945
1.227	2	1	5	945
1.2271	2	1	4	945
1.2271	2	1	5	945
1.2272	2	1	4	945
1.2272	2	1	5	945
1.2273	2	1	4	945
1.2273	2	1	5	945
1.2274	2	1	4	945
1.2274	2	1	5	945
1.2275	2	1	4	945
1.2275	2	1	5	945
1.2276	2	1	4	945
1.2276	2	1	5	945
1.2277	2	1	4	945
1.2277	2	1	5	945
1.2278	2	1	4	945
1.2278	2	1	5	945
1.2279	2	1	4	945
1.2279	2	1	5	945
1.228	2	1	4	945
1.228	2	1	5	945
1.2281	2	1	4	945
1.2281	2	1	5	945
1.2282	2	1	4	945
1.2282	2	1	5	945
1.2283	2	1	4	945
1.2283	2	1	5	945
1.2284	2	1	4	945
1.2284	2	1	5	945
1.2285	2	1	4	945
1.2285	2	1	5	945
1.2286	2	1	4	945
1.2286	2	1	5	945
1.2287	2	1	4	945
1.2287	2	1	5	945
1.2288	2	1	4	945
1.2288	2	1	5	945
1.2289	2	1	4	945
1.2289	2	1	5	945
1.229	2	1	4	945
1.229	2	1	5	945
1.2291	2	1	4	945
1.2291	2	1	5	945
1.2292	2	1	4	945
1.2292	2	1	5	945
1.2293	2	1	4	945
1.2293	2	1	5	945
1.2294	2	1	4	945
1.2294	2	1	5	945
1.2295	2	1	4	945
1.2295	2	1	5	945
1.2296	2	1	4	945
1.2296	2	1	5	945
1.2297	2	1	4	945
1.2297	2	1	5	945
1.2298	2	1	4	945
1.2298	2	1	5	945
1.2299	2	1	4	945
1.2299	2	1	5	945
1.23	2	1	4	945
1.23	2	1	5	945
1.2301	2	1	4	945
1.2301	2	1	5	945
1.2302	2	1	4	945
1.2302	2	1	5	945
1.2303	2	1	4	945
1.2303	2	1	5	945
1.2304	2	1	4	945
1.2304	2	1	5	945
1.2305	2	1	4	945
1.2305	2	1	5	945
1.2306	2	1	4	945
1.2306	2	1	5	945
1.2307	2	1	4	945
1.2307	2	1	5	945
1.2308	2	1	4	945
1.2308	2	1	5	945
1.2309	2	1	4	945
1.2309	2	1	5	945
1.231	2	1	4	945
1.231	2	1	5	945
1.2311	2	1	4	945
1.2311	2	1	5	945
1.2312	2	1	4	945
1.2312	2	1	5	945
1.2313	2	1	4	945
1.2313	2	1	5	945
1.2314	2	1	4	945
1.2314	2	1	5	945
1.2315	2	1	4	945
1.2315	2	1	5	945
1.2316	2	1	4	945
1.2316	2	1	5	945
1.2317	2	1	4	945
1.2317	2	1	5	945
1.2318	2	1	4	945
1.2318	2	1	5	945
1.2319	2	1	4	945
1.2319	2	1	5	945
1.232	2	1	4	945
1.232	2	1	5	945
1.2321	2	1	4	945
1.2321	2	1	5	945
1.2322	2	1	4	945
1.2322	2	1	5	945
1.2323	2	1	4	945
1.2323	2	1	5	945
1.2324	2	1	4	945
1.2324	2	1	5	945
1.2325	2	1	4	945
1.2325	2	1	5	945
1.2326	2	1	4	945
1.2326	2	1	5	945
1.2327	2	1	4	945
1.2327	2	1	5	945
1.2328	2	1	4	945
1.2328	2	1	5	945
1.2329	2	1	4	945
1.2329	2	1	5	945
1.233	2	1	4	945
1.233	2	1	5	945
1.2331	2	1	4	945
1.2331	2	1	5	945
1.2332	2	1	4	945
1.2332	2	1	5	945
1.2333	2	1	4	945
1.2333	2	1	5	945
1.2334	2	1	4	945
1.2334	2	1	5	945
1.2335	2	1	4	945
1.2335	2	1	5	945
1.2336	2	1	4	945
1.2336	2	1	5	945
1.2337	2	1	4	945
1.2337	2	1	5	945
1.2338	2	1	4	945
1.2338	2	1	5	945
1.2339	2	1	4	945
1.2339	2	1	5	945
1.234	2	1	4	945
1.234	2	1	5	945
1.2341	2	1	4	945
1.2341	2	1	5	945
1.2342	2	1	4	945
1.2342	2	1	5	945
1.2343	2	1	4	945
1.2343	2	1	5	945
1.2344	2	1	4	945
1.2344	2	1	5	945
1.2345	2	1	4	945
1.2345	2	1	5	945
1.2346	2	1	4	945
1.2346	2	1	5	945
1.2347	2	1	4	945
1.2347	2	1	5	945
1.2348	2	1	4	945
1.2348	2	1	5	945
1.2349	2	1	4	945
1.2349	2	1	5	945
1.235	2	1	4	945
1.235	2	1	5	945
1.2351	2	1	4	945
1.2351	2	1	5	945
1.2352	2	1	4	945
1.2352	2	1	5	945
1.2353	2	1	4	945
1.2353	2	1	5	945
1.2354	2	1	4	945
1.2354	2	1	5	945
1.2355	2	1	4	945
1.2355	2	1	5	945
1.2356	2	1	4	945
1.2356	2	1	5	945
1.2357	2	1	4	945
1.2357	2	1	5	945
1.2358	2	1	4	945
1.2358	2	1	5	945
1.2359	2	1	4	945
1.2359	2	1	5	945
1.236	2	1	4	945
1.236	2	1	5	945
1.2361	2	1	4	945
1.2361	2	1	5	945
1.2362	2	1	4	945
1.2362	2	1	5	945
1.2363	2	1	4	945
1.2363	2	1	5	945
1.2364	2	1	4	945
1.2364	2	1	5	945
1.2365	2	1	4	945
1.2365	2	1	5	945
1.2366	2	1	4	945
1.2366	2	1	5	945
1.2367	2	1	4	945
1.2367	2	1	5	945
1.2368	2	1	4	945
1.2368	2	1	5	945
1.2369	2	1	4	945
1.2369	2	1	5	945
1.237	2	1	4	945
1.237	2	1	5	945
1.2371	2	1	4	945
1.2371	2	1	5	945
1.2372	2	1	4	945
1.2372	2	1	5	945
1.2373	2	1	4	945
1.2373	2	1	5	945
1.2374	2	1	4	945
1.2374	2	1	5	945
1.2375	2	1	4	945
1.2375	2	1	5	945
1.2376	2	1	4	945
1.2376	2	1	5	945
1.2377	2	1	4	945
1.2377	2	1	5	945
1.2378	2	1	4	945
1.2378	2	1	5	945
1.2379	2	1	4	945
1.2379	2	1	5	945
1.238	2	1	4	945
1.238	2	1	5	945
1.2381	2	1	4	945
1.2381	2	1	5	945
1.2382	2	1	4	945
1.2382	2	1	5	945
1.2383	2	1	4	945
1.2383	2	1	5	945
1.2384	2	1	4	945
1.2384	2	1	5	945
1.2385	2	1	4	945
1.2385	2	1	5	945
1.2386	2	1	4	945
1.2386	2	1	5	945
1.2387	2	1	4	945
1.2387	2	1	5	945
1.2388	2	1	4	945
1.2388	2	1	5	945
1.2389	2	1	4	945
1.2389	2	1	5	945
1.239	2	1	4	945
1.239	2	1	5	945
1.2391	2	1	4	945
1.2391	2	1	5	945
1.2392	2	1	4	945
1.2392	2	1	5	945
1.2393	2	1	4	945
1.2393	2	1	5	945
1.2394	2	1	4	945
1.2394	2	1	5	945
1.2395	2	1	4	945
1.2395	2	1	5	945
1.2396	2	1	4	945
1.2396	2	1	5	945
1.2397	2	1	4	945
1.2397	2	1	5	945
1.2398	2	1	4	945
1.2398	2	1	5	945
1.2399	2	1	4	945
1.2399	2	1	5	945
1.24	2	1	4	945
1.24	2	1	5	945
1.2401	2	1	4	945
1.2401	2	1	5	945
1.2402	2	1	4	945
1.2402	2	1	5	945
1.2403	2	1	4	945
1.2403	2	1	5	945
1.2404	2	1	4	945
1.2404	2	1	5	945
1.2405	2	1	4	945
1.2405	2	1	5	945
1.2406	2	1	4	945
1.2406	2	1	5	945
1.2407	2	1	4	945
1.2407	2	1	5	945
1.2408	2	1	4	945
1.2408	2	1	5	945
1.2409	2	1	4	945
1.2409	2	1	5	945
1.241	2	1	4	945
1.241	2	1	5	945
1.2411	2	1	4	945
1.2411	2	1	5	945
1.2412	2	1	4	945
1.2412	2	1	5	945
1.2413	2	1	4	945
1.2413	2	1	5	945
1.2414	2	1	4	945
1.2414	2	1	5	945
1.2415	2	1	4	945
1.2415	2	1	5	945
1.2416	2	1	4	945
1.2416	2	1	5	945
1.2417	2	1	4	945
1.2417	2	1	5	945
1.2418	2	1	4	945
1.2418	2	1	5	945
1.2419	2	1	4	945
1.2419	2	1	5	945
1.242	2	1	4	945
1.242	2	1	5	945
1.2421	2	1	4	945
1.2421	2	1	5	945
1.2422	2	1	4	945
1.2422	2	1	5	945
1.2423	2	1	4	945
1.2423	2	1	5	945
1.2424	2	1	4	945
1.2424	2	1	5	945
1.2425	2	1	4	945
1.2425	2	1	5	945
1.2426	2	1	4	945
1.2426	2	1	5	945
1.2427	2	1	4	945
1.2427	2	1	5	945
1.2428	2	1	4	945
1.2428	2	1	5	945
1.2429	2	1	4	945
1.2429	2	1	5	945
1.243	2	1	4	945
1.243	2	1	5	945
1.2431	2	1	4	945
1.2431	2	1	5	945
1.2432	2	1	4	945
1.2432	2	1	5	945
1.2433	2	1	4	945
1.2433	2	1	5	945
1.2434	2	1	4	945
1.2434	2	1	5	945
1.2435	2	1	4	945
1.2435	2	1	5	945
1.2436	2	1	4	945
1.2436	2	1	5	945
1.2437	2	1	4	945
1.2437	2	1	5	945
1.2438	2	1	4	945
1.2438	2	1	5	945
1.2439	2	1	4	945
1.2439	2	1	5	945
1.244	2	1	4	945
1.244	2	1	5	945
1.2441	2	1	4	945
1.2441	2	1	5	945
1.2442	2	1	4	945
1.2442	2	1	5	945
1.2443	2	1	4	945
1.2443	2	1	5	945
1.2444	2	1	4	945
1.2444	2	1	5	945
1.2445	2	1	4	945
1.2445	2	1	5	945
1.2446	2	1	4	945
1.2446	2	1	5	945
1.2447	2	1	4	945
1.2447	2	1	5	945
1.2448	2	1	4	945
1.2448	2	1	5	945
1.2449	2	1	4	945
1.2449	2	1	5	945
1.245	2	1	4	945
1.245	2	1	5	945
1.2451	2	1	4	945
1.2451	2	1	5	945
1.2452	2	1	4	945
1.2452	2	1	5	945
1.2453	2	1	4	945
1.2453	2	1	5	945
1.2454	2	1	4	945
1.2454	2	1	5	945
1.2455	2	1	4	945
1.2455	2	1	5	945
1.2456	2	1	4	945
1.2456	2	1	5	945
1.2457	2	1	4	945
1.2457	2	1	5	945
1.2458	2	1	4	945
1.2458	2	1	5	945
1.2459	2	1	4	945
1.2459	2	1	5	945
1.246	2	1	4	945
1.246	2	1	5	945
1.2461	2	1	4	945
1.2461	2	1	5	945
1.2462	2	1	4	945
1.2462	2	1	5	945
1.2463	2	1	4	945
1.2463	2	1	5	945
1.2464	2	1	4	945
1.2464	2	1	5	945
1.2465	2	1	4	945
1.2465	2	1	5	945
1.2466	2	1	4	945
1.2466	2	1	5	945
1.2467	2	1	4	945
1.2467	2	1	5	945
1.2468	2	1	4	945
1.2468	2	1	5	945
1.2469	2	1	4	945
1.2469	2	1	5	945
1.247	2	1	4	945
1.247	2	1	5	945
1.2471	2	1	4	945
1.2471	2	1	5	945
1.2472	2	1	4	945
1.2472	2	1	5	945
1.2473	2	1	4	945
1.2473	2	1	5	945
1.2474	2	1	4	945
1.2474	2	1	5	945
1.2475	2	1	4	945
1.2475	2	1	5	945
1.2476	2	1	4	945
1.2476	2	1	5	945
1.2477	2	1	4	945
1.2477	2	1	5	945
1.2478	2	1	4	945
1.2478	2	1	5	945
1.2479	2	1	4	945
1.2479	2	1	5	945
1.248	2	1	4	945
1.248	2	1	5	945
1.2481	2	1	4	945
1.2481	2	1	5	945
1.2482	2	1	4	945
1.2482	2	1	5	945
1.2483	2	1	4	945
1.2483	2	1	5	945
1.2484	2	1	4	945
1.2484	2	1	5	945
1.2485	2	1	4	945
1.2485	2	1	5	945
1.2486	2	1	4	945
1.2486	2	1	5	945
1.2487	2	1	4	945
1.2487	2	1	5	945
1.2488	2	1	4	945
1.2488	2	1	5	945
1.2489	2	1	4	945
1.2489	2	1	5	945
1.249	2	1	4	945
1.249	2	1	5	945
1.2491	2	1	4	945
1.2491	2	1	5	945
1.2492	2	1	4	945
1.2492	2	1	5	945
1.2493	2	1	4	945
1.2493	2	1	5	945
1.2494	2	1	4	945
1.2494	2	1	5	945
1.2495	2	1	4	945
1.2495	2	1	5	945
1.2496	2	1	4	945
1.2496	2	1	5	945
1.2497	2	1	4	945
1.2497	2	1	5	945
1.2498	2	1	4	945
1.2498	2	1	5	945
1.2499	2	1	4	945
1.2499	2	1	5	945
1.25	2	1	4	945
1.25	2	1	5	945
1.2501	2	1	4	945
1.2501	2	1	5	945
1.2502	2	1	4	945
1.2502	2	1	5	945
1.2503	2	1	4	945
1.2503	2	1	5	945
1.2504	2	1	4	945
1.2504	2	1	5	945
1.2505	2	1	4	945
1.2505	2	1	5	945
1.2506	2	1	4	945
1.2506	2	1	5	945
1.2507	2	1	4	945
1.2507	2	1	5	945
1.2508	2	1	4	945
1.2508	2	1	5	945
1.2509	2	1	4	945
1.2509	2	1	5	945
1.251	2	1	4	945
1.251	2	1	5	945
1.2511	2	1	4	945
1.2511	2	1	5	945
1.2512	2	1	4	945
1.2512	2	1	5	945
1.2513	2	1	4	945
1.2513	2	1	5	945
1.2514	2	1	4	945
1.2514	2	1	5	945
1.2515	2	1	4	945
1.2515	2	1	5	945
1.2516	2	1	4	945
1.2516	2	1	5	945
1.2517	2	1	4	945
1.2517	2	1	5	945
1.2518	2	1	4	945
1.2518	2	1	5	945
1.2519	2	1	4	945
1.2519	2	1	5	945
1.252	2	1	4	945
1.252	2	1	5	945
1.2521	2	1	4	945
1.2521	2	1	5	945
1.2522	2	1	4	945
1.2522	2	1	5	945
1.2523	2	1	4	945
1.2523	2	1	5	945
1.2524	2	1	4	945
1.2524	2	1	5	945
1.2525	2	1	4	945
1.2525	2	1	5	945
1.2526	2	1	4	945
1.2526	2	1	5	945
1.2527	2	1	4	945
1.2527	2	1	5	945
1.2528	2	1	4	945
1.2528	2	1	5	945
1.2529	2	1	4	945
1.2529	2	1	5	945
1.253	2	1	4	945
1.253	2	1	5	945
1.2531	2	1	4	945
1.2531	2	1	5	945
1.2532	2	1	4	945
1.2532	2	1	5	945
1.2533	2	1	4	945
1.2533	2	1	5	945
1.2534	2	1	4	945
1.2534	2	1	5	945
1.2535	2	1	4	945
1.2535	2	1	5	945
1.2536	2	1	4	945
1.2536	2	1	5	945
1.2537	2	1	4	945
1.2537	2	1	5	945
1.2538	2	1	4	945
1.2538	2	1	5	945
1.2539	2	1	4	945
1.2539	2	1	5	945
1.254	2	1	4	945
1.254	2	1	5	945
1.2541	2	1	4	945
1.2541	2	1	5	945
1.2542	2	1	4	945
1.2542	2	1	5	945
1.2543	2	1	4	945
1.2543	2	1	5	945
1.2544	2	1	4	945
1.2544	2	1	5	945
1.2545	2	1	4	945
1.2545	2	1	5	945
1.2546	2	1	4	945
1.2546	2	1	5	945
1.2547	2	1	4	945
1.2547	2	1	5	945
1.2548	2	1	4	945
1.2548	2	1	5	945
1.2549	2	1	4	945
1.2549	2	1	5	945
1.255	2	1	4	945
1.255	2	1	5	945
1.2551	2	1	4	945
1.2551	2	1	5	945
1.2552	2	1	4	945
1.2552	2	1	5	945
1.2553	2	1	4	945
1.2553	2	1	5	945
1.2554	2	1	4	945
1.2554	2	1	5	945
1.2555	2	1	4	945
1.2555	2	1	5	945
1.2556	2	1	4	945
1.2556	2	1	5	945
1.2557	2	1	4	945
1.2557	2	1	5	945
1.2558	2	1	4	945
1.2558	2	1	5	945
1.2559	2	1	4	945
1.2559	2	1	5	945
1.256	2	1	4	945
1.256	2	1	5	945
1.2561	2	1	4	945
1.2561	2	1	5	945
1.2562	2	1	4	945
1.2562	2	1	5	945
1.2563	2	1	4	945
1.2563	2	1	5	945
1.2564	2	1	4	945
1.2564	2	1	5	945
1.2565	2	1	4	945
1.2565	2	1	5	945
1.2566	2	1	4	945
1.2566	2	1	5	945
1.2567	2	1	4	945
1.2567	2	1	5	945
1.2568	2	1	4	945
1.2568	2	1	5	945
1.2569	2	1	4	945
1.2569	2	1	5	945
1.257	2	1	4	945
1.257	2	1	5	945
1.2571	2	1	4	945
1.2571	2	1	5	945
1.2572	2	1	4	945
1.2572	2	1	5	945
1.2573	2	1	4	945
1.2573	2	1	5	945
1.2574	2	1	4	945
1.2574	2	1	5	945
1.2575	2	1	4	945
1.2575	2	1	5	945
1.2576	2	1	4	945
1.2576	2	1	5	945
1.2577	2	1	4	945
1.2577	2	1	5	945
1.2578	2	1	4	945
1.2578	2	1	5	945
1.2579	2	1	4	945
1.2579	2	1	5	945
1.258	2	1	4	945
1.258	2	1	5	945
1.2581	2	1	4	945
1.2581	2	1	5	945
1.2582	2	1	4	945
1.2582	2	1	5	945
1.2583	2	1	4	945
1.2583	2	1	5	945
1.2584	2	1	4	945
1.2584	2	1	5	945
1.2585	2	1	4	945
1.2585	2	1	5	945
1.2586	2	1	4	945
1.2586	2	1	5	945
1.2587	2	1	4	945
1.2587	2	1	5	945
1.2588	2	1	4	945
1.2588	2	1	5	945
1.2589	2	1	4	945
1.2589	2	1	5	945
1.259	2	1	4	945
1.259	2	1	5	945
1.2591	2	1	4	945
1.2591	2	1	5	945
1.2592	2	1	4	945
1.2592	2	1	5	945
1.2593	2	1	4	945
1.2593	2	1	5	945
1.2594	2	1	4	945
1.2594	2	1	5	945
1.2595	2	1	4	945
1.2595	2	1	5	945
1.2596	2	1	4	945
1.2596	2	1	5	945
1.2597	2	1	4	945
1.2597	2	1	5	945
1.2598	2	1	4	945
1.2598	2	1	5	945
1.2599	2	1	4	945
1.2599	2	1	5	945
1.26	2	1	4	945
1.26	2	1	5	945
1.2601	2	1	4	945
1.2601	2	1	5	945
1.2602	2	1	4	945
1.2602	2	1	5	945
1.2603	2	1	4	945
1.2603	2	1	5	945
1.2604	2	1	4	945
1.2604	2	1	5	945
1.2605	2	1	4	945
1.2605	2	1	5	945
1.2606	2	1	4	945
1.2606	2	1	5	945
1.2607	2	1	4	945
1.2607	2	1	5	945
1.2608	2	1	4	945
1.2608	2	1	5	945
1.2609	2	1	4	945
1.2609	2	1	5	945
1.261	2	1	4	945
1.261	2	1	5	945
1.2611	2	1	4	945
1.2611	2	1	5	945
1.2612	2	1	4	945
1.2612	2	1	5	945
1.2613	2	1	4	945
1.2613	2	1	5	945
1.2614	2	1	4	945
1.2614	2	1	5	945
1.2615	2	1	4	945
1.2615	2	1	5	945
1.2616	2	1	4	945
1.2616	2	1	5	945
1.2617	2	1	4	945
1.2617	2	1	5	945
1.2618	2	1	4	945
1.2618	2	1	5	945
1.2619	2	1	4	945
1.2619	2	1	5	945
1.262	2	1	4	945
1.262	2	1	5	945
1.2621	2	1	4	945
1.2621	2	1	5	945
1.2622	2	1	4	945
1.2622	2	1	5	945
1.2623	2	1	4	945
1.2623	2	1	5	945
1.2624	2	1	4	945
1.2624	2	1	5	945
1.2625	2	1	4	945
1.2625	2	1	5	945
1.2626	2	1	4	945
1.2626	2	1	5	945
1.2627	2	1	4	945
1.2627	2	1	5	945
1.2628	2	1	4	945
1.2628	2	1	5	945
1.2629	2	1	4	945
1.2629	2	1	5	945
1.263	2	1	4	945
1.263	2	1	5	945
1.2631	2	1	4	945
1.2631	2	1	5	945
1.2632	2	1	4	945
1.2632	2	1	5	945
1.2633	2	1	4	945
1.2633	2	1	5	945
1.2634	2	1	4	945
1.2634	2	1	5	945
1.2635	2	1	4	945
1.2635	2	1	5	945
1.2636	2	1	4	945
1.2636	2	1	5	945
1.2637	2	1	4	945
1.2637	2	1	5	945
1.2638	2	1	4	945
1.2638	2	1	5	945
1.2639	2	1	4	945
1.2639	2	1	5	945
1.264	2	1	4	945
1.264	2	1	5	945
1.2641	2	1	4	945
1.2641	2	1	5	945
1.2642	2	1	4	945
1.2642	2	1	5	945
1.2643	2	1	4	945
1.2643	2	1	5	945
1.2644	2	1	4	945
1.2644	2	1	5	945
1.2645	2	1	4	945
1.2645	2	1	5	945
1.2646	2	1	4	945
1.2646	2	1	5	945
1.2647	2	1	4	945
1.2647	2	1	5	945
1.2648	2	1	4	945
1.2648	2	1	5	945
1.2649	2	1	4	945
1.2649	2	1	5	945
1.265	2	1	4	945
1.265	2	1	5	945
1.2651	2	1	4	945
1.2651	2	1	5	945
1.2652	2	1	4	945
1.2652	2	1	5	945
1.2653	2	1	4	945
1.2653	2	1	5	945
1.2654	2	1	4	945
1.2654	2	1	5	945
1.2655	2	1	4	945
1.2655	2	1	5	945
1.2656	2	1	4	945
1.2656	2	1	5	945
1.2657	2	1	4	945
1.2657	2	1	5	945
1.2658	2	1	4	945
1.2658	2	1	5	945
1.2659	2	1	4	945
1.2659	2	1	5	945
1.266	2	1	4	945
1.266	2	1	5	945
1.2661	2	1	4	945
1.2661	2	1	5	945
1.2662	2	1	4	945
1.2662	2	1	5	945
1.2663	2	1	4	945
1.2663	2	1	5	945
1.2664	2	1	4	945
1.2664	2	1	5	945
1.2665	2	1	4	945
1.2665	2	1	5	945
1.2666	2	1	4	945
1.2666	2	1	5	945
1.2667	2	1	4	945
1.2667	2	1	5	945
1.2668	2	1	4	945
1.2668	2	1	5	945
1.2669	2	1	4	945
1.2669	2	1	5	945
1.267	2	1	4	945
1.267	2	1	5	945
1.2671	2	1	4	945
1.2671	2	1	5	945
1.2672	2	1	4	945
1.2672	2	1	5	945
1.2673	2	1	4	945
1.2673	2	1	5	945
1.2674	2	1	4	945
1.2674	2	1	5	945
1.2675	2	1	4	945
1.2675	2	1	5	945
1.2676	2	1	4	945
1.2676	2	1	5	945
1.2677	2	1	4	945
1.2677	2	1	5	945
1.2678	2	1	4	945
1.2678	2	1	5	945
1.2679	2	1	4	945
1.2679	2	1	5	945
1.268	2	1	4	945
1.268	2	1	5	945
1.2681	2	1	4	945
1.2681	2	1	5	945
1.2682	2	1	4	945
1.2682	2	1	5	945
1.2683	2	1	4	945
1.2683	2	1	5	945
1.2684	2	1	4	945
1.2684	2	1	5	945
1.2685	2	1	4	945
1.2685	2	1	5	945
1.2686	2	1	4	945
1.2686	2	1	5	945
1.2687	2	1	4	945
1.2687	2	1	5	945
1.2688	2	1	4	945
1.2688	2	1	5	945
1.2689	2	1	4	945
1.2689	2	1	5	945
1.269	2	1	4	945
1.269	2	1	5	945
1.2691	2	1	4	945
1.2691	2	1	5	945
1.2692	2	1	4	945
1.2692	2	1	5	945
1.2693	2	1	4	945
1.2693	2	1	5	945
1.2694	2	1	4	945
1.2694	2	1	5	945
1.2695	2	1	4	945
1.2695	2	1	5	945
1.2696	2	1	4	945
1.2696	2	1	5	945
1.2697	2	1	4	945
1.2697	2	1	5	945
1.2698	2	1	4	945
1.2698	2	1	5	945
1.2699	2	1	4	945
1.2699	2	1	5	945
1.27	2	1	4	945
1.27	2	1	5	945
1.2701	2	1	4	945
1.2701	2	1	5	945
1.2702	2	1	4	945
1.2702	2	1	5	945
1.2703	2	1	4	945
1.2703	2	1	5	945
1.2704	2	1	4	945
1.2704	2	1	5	945
1.2705	2	1	4	945
1.2705	2	1	5	945
1.2706	2	1	4	945
1.2706	2	1	5	945
1.2707	2	1	4	945
1.2707	2	1	5	945
1.2708	2	1	4	945
1.2708	2	1	5	945
1.2709	2	1	4	945
1.2709	2	1	5	945
1.271	2	1	4	945
1.271	2	1	5	945
1.2711	2	1	4	945
1.2711	2	1	5	945
1.2712	2	1	4	945
1.2712	2	1	5	945
1.2713	2	1	4	945
1.2713	2	1	5	945
1.2714	2	1	4	945
1.2714	2	1	5	945
1.2715	2	1	4	945
1.2715	2	1	5	945
1.2716	2	1	4	945
1.2716	2	1	5	945
1.2717	2	1	4	945
1.2717	2	1	5	945
1.2718	2	1	4	945
1.2718	2	1	5	945
1.2719	2	1	4	945
1.2719	2	1	5	945
1.272	2	1	4	945
1.272	2	1	5	945
1.2721	2	1	4	945
1.2721	2	1	5	945
1.2722	2	1	4	945
1.2722	2	1	5	945
1.2723	2	1	4	945
1.2723	2	1	5	945
1.2724	2	1	4	945
1.2724	2	1	5	945
1.2725	2	1	4	945
1.2725	2	1	5	945
1.2726	2	1	4	945
1.2726	2	1	5	945
1.2727	2	1	4	945
1.2727	2	1	5	945
1.2728	2	1	4	945
1.2728	2	1	5	945
1.2729	2	1	4	945
1.2729	2	1	5	945
1.273	2	1	4	945
1.273	2	1	5	945
1.2731	2	1	4	945
1.2731	2	1	5	945
1.2732	2	1	4	945
1.2732	2	1	5	945
1.2733	2	1	4	945
1.2733	2	1	5	945
1.2734	2	1	4	945
1.2734	2	1	5	945
1.2735	2	1	4	945
1.2735	2	1	5	945
1.2736	2	1	4	945
1.2736	2	1	5	945
1.2737	2	1	4	945
1.2737	2	1	5	945
1.2738	2	1	4	945
1.2738	2	1	5	945
1.2739	2	1	4	945
1.2739	2	1	5	945
1.274	2	1	4	945
1.274	2	1	5	945
1.2741	2	1	4	945
1.2741	2	1	5	945
1.2742	2	1	4	945
1.2742	2	1	5	945
1.2743	2	1	4	945
1.2743	2	1	5	945
1.2744	2	1	4	945
1.2744	2	1	5	945
1.2745	2	1	4	945
1.2745	2	1	5	945
1.2746	2	1	4	945
1.2746	2	1	5	945
1.2747	2	1	4	945
1.2747	2	1	5	945
1.2748	2	1	4	945
1.2748	2	1	5	945
1.2749	2	1	4	945
1.2749	2	1	5	945
1.275	2	1	4	945
1.275	2	1	5	945
1.2751	2	1	4	945
1.2751	2	1	5	945
1.2752	2	1	4	945
1.2752	2	1	5	945
1.2753	2	1	4	945
1.2753	2	1	5	945
1.2754	2	1	4	945
1.2754	2	1	5	945
1.2755	2	1	4	945
1.2755	2	1	5	945
1.2756	2	1	4	945
1.2756	2	1	5	945
1.2757	2	1	4	945
1.2757	2	1	5	945
1.2758	2	1	4	945
1.2758	2	1	5	945
1.2759	2	1	4	945
1.2759	2	1	5	945
1.276	2	1	4	945
1.276	2	1	5	945
1.2761	2	1	4	945
1.2761	2	1	5	945
1.2762	2	1	4	945
1.2762	2	1	5	945
1.2763	2	1	4	945
1.2763	2	1	5	945
1.2764	2	1	4	945
1.2764	2	1	5	945
1.2765	2	1	4	945
1.2765	2	1	5	945
1.2766	2	1	4	945
1.2766	2	1	5	945
1.2767	2	1	4	945
1.2767	2	1	5	945
1.2768	2	1	4	945
1.2768	2	1	5	945
1.2769	2	1	4	945
1.2769	2	1	5	945
1.277	2	1	4	945
1.277	2	1	5	945
1.2771	2	1	4	945
1.2771	2	1	5	945
1.2772	2	1	4	945
1.2772	2	1	5	945
1.2773	2	1	4	945
1.2773	2	1	5	945
1.2774	2	1	4	945
1.2774	2	1	5	945
1.2775	2	1	4	945
1.2775	2	1	5	945
1.2776	2	1	4	945
1.2776	2	1	5	945
1.2777	2	1	4	945
1.2777	2	1	5	945
1.2778	2	1	4	945
1.2778	2	1	5	945
1.2779	2	1	4	945
1.2779	2	1	5	945
1.278	2	1	4	945
1.278	2	1	5	945
1.2781	2	1	4	945
1.2781	2	1	5	945
1.2782	2	1	4	945
1.2782	2	1	5	945
1.2783	2	1	4	945
1.2783	2	1	5	945
1.2784	2	1	4	945
1.2784	2	1	5	945
1.2785	2	1	4	945
1.2785	2	1	5	945
1.2786	2	1	4	945
1.2786	2	1	5	945
1.2787	2	1	4	945
1.2787	2	1	5	945
1.2788	2	1	4	945
1.2788	2	1	5	945
1.2789	2	1	4	945
1.2789	2	1	5	945
1.279	2	1	4	945
1.279	2	1	5	945
1.2791	2	1	4	945
1.2791	2	1	5	945
1.2792	2	1	4	945
1.2792	2	1	5	945
1.2793	2	1	4	945
1.2793	2	1	5	945
1.2794	2	1	4	945
1.2794	2	1	5	945
1.2795	2	1	4	945
1.2795	2	1	5	945
1.2796	2	1	4	945
1.2796	2	1	5	945
1.2797	2	1	4	945
1.2797	2	1	5	945
1.2798	2	1	4	945
1.2798	2	1	5	945
1.2799	2	1	4	945
1.2799	2	1	5	945
1.28	2	1	4	945
1.28	2	1	5	945
1.2801	2	1	4	945
1.2801	2	1	5	945
1.2802	2	1	4	945
1.2802	2	1	5	945
1.2803	2	1	4	945
1.2803	2	1	5	945
1.2804	2	1	4	945
1.2804	2	1	5	945
1.2805	2	1	4	945
1.2805	2	1	5	945
1.2806	2	1	4	945
1.2806	2	1	5	945
1.2807	2	1	4	945
1.2807	2	1	5	945
1.2808	2	1	4	945
1.2808	2	1	5	945
1.2809	2	1	4	945
1.2809	2	1	5	945
1.281	2	1	4	945
1.281	2	1	5	945
1.2811	2	1	4	945
1.2811	2	1	5	945
1.2812	2	1	4	945
1.2812	2	1	5	945
1.2813	2	1	4	945
1.2813	2	1	5	945
1.2814	2	1	4	945
1.2814	2	1	5	945
1.2815	2	1	4	945
1.2815	2	1	5	945
1.2816	2	1	4	945
1.2816	2	1	5	945
1.2817	2	1	4	945
1.2817	2	1	5	945
1.2818	2	1	4	945
1.2818	2	1	5	945
1.2819	2	1	4	945
1.2819	2	1	5	945
1.282	2	1	4	945
1.282	2	1	5	945
1.2821	2	1	4	945
1.2821	2	1	5	945
1.2822	2	1	4	945
1.2822	2	1	5	945
1.2823	2	1	4	945
1.2823	2	1	5	945
1.2824	2	1	4	945
1.2824	2	1	5	945
1.2825	2	1	4	945
1.2825	2	1	5	945
1.2826	2	1	4	945
1.2826	2	1	5	945
1.2827	2	1	4	945
1.2827	2	1	5	945
1.2828	2	1	4	945
1.2828	2	1	5	945
1.2829	2	1	4	945
1.2829	2	1	5	945
1.283	2	1	4	945
1.283	2	1	5	945
1.2831	2	1	4	945
1.2831	2	1	5	945
1.2832	2	1	4	945
1.2832	2	1	5	945
1.2833	2	1	4	945
1.2833	2	1	5	945
1.2834	2	1	4	945
1.2834	2	1	5	945
1.2835	2	1	4	945
1.2835	2	1	5	945
1.2836	2	1	4	945
1.2836	2	1	5	945
1.2837	2	1	4	945
1.2837	2	1	5	945
1.2838	2	1	4	945
1.2838	2	1	5	945
1.2839	2	1	4	945
1.2839	2	1	5	945
1.284	2	1	4	945
1.284	2	1	5	945
1.2841	2	1	4	945
1.2841	2	1	5	945
1.2842	2	1	4	945
1.2842	2	1	5	945
1.2843	2	1	4	945
1.2843	2	1	5	945
1.2844	2	1	4	945
1.2844	2	1	5	945
1.2845	2	1	4	945
1.2845	2	1	5	945
1.2846	2	1	4	945
1.2846	2	1	5	945
1.2847	2	1	4	945
1.2847	2	1	5	945
1.2848	2	1	4	945
1.2848	2	1	5	945
1.2849	2	1	4	945
1.2849	2	1	5	945
1.285	2	1	4	945
1.285	2	1	5	945
1.2851	2	1	4	945
1.2851	2	1	5	945
1.2852	2	1	4	945
1.2852	2	1	5	945
1.2853	2	1	4	945
1.2853	2	1	5	945
1.2854	2	1	4	945
1.2854	2	1	5	945
1.2855	2	1	4	945
1.2855	2	1	5	945
1.2856	2	1	4	945
1.2856	2	1	5	945
1.2857	2	1	4	945
1.2857	2	1	5	945
1.2858	2	1	4	945
1.2858	2	1	5	945
1.2859	2	1	4	945
1.2859	2	1	5	945
1.286	2	1	4	945
1.286	2	1	5	945
1.2861	2	1	4	945
1.2861	2	1	5	945
1.2862	2	1	4	945
1.2862	2	1	5	945
1.2863	2	1	4	945
1.2863	2	1	5	945
1.2864	2	1	4	945
1.2864	2	1	5	945
1.2865	2	1	4	945
1.2865	2	1	5	945
1.2866	2	1	4	945
1.2866	2	1	5	945
1.2867	2	1	4	945
1.2867	2	1	5	945
1.2868	2	1	4	945
1.2868	2	1	5	945
1.2869	2	1	4	945
1.2869	2	1	5	945
1.287	2	1	4	945
1.287	2	1	5	945
1.2871	2	1	4	945
1.2871	2	1	5	945
1.2872	2	1	4	945
1.2872	2	1	5	945
1.2873	2	1	4	945
1.2873	2	1	5	945
1.2874	2	1	4	945
1.2874	2	1	5	945
1.2875	2	1	4	945
1.2875	2	1	5	945
1.2876	2	1	4	945
1.2876	2	1	5	945
1.2877	2	1	4	945
1.2877	2	1	5	945
1.2878	2	1	4	945
1.2878	2	1	5	945
1.2879	2	1	4	945
1.2879	2	1	5	945
1.288	2	1	4	945
1.288	2	1	5	945
1.2881	2	1	4	945
1.2881	2	1	5	945
1.2882	2	1	4	945
1.2882	2	1	5	945
1.2883	2	1	4	945
1.2883	2	1	5	945
1.2884	2	1	4	945
1.2884	2	1	5	945
1.2885	2	1	4	945
1.2885	2	1	5	945
1.2886	2	1	4	945
1.2886	2	1	5	945
1.2887	2	1	4	945
1.2887	2	1	5	945
1.2888	2	1	4	945
1.2888	2	1	5	945
1.2889	2	1	4	945
1.2889	2	1	5	945
1.289	2	1	4	945
1.289	2	1	5	945
1.2891	2	1	4	945
1.2891	2	1	5	945
1.2892	2	1	4	945
1.2892	2	1	5	945
1.2893	2	1	4	945
1.2893	2	1	5	945
1.2894	2	1	4	945
1.2894	2	1	5	945
1.2895	2	1	4	945
1.2895	2	1	5	945
1.2896	2	1	4	945
1.2896	2	1	5	945
1.2897	2	1	4	945
1.2897	2	1	5	945
1.2898	2	1	4	945
1.2898	2	1	5	945
1.2899	2	1	4	945
1.2899	2	1	5	945
1.29	2	1	4	945
1.29	2	1	5	945
1.2901	2	1	4	945
1.2901	2	1	5	945
1.2902	2	1	4	945
1.2902	2	1	5	945
1.2903	2	1	4	945
1.2903	2	1	5	945
1.2904	2	1	4	945
1.2904	2	1	5	945
1.2905	2	1	4	945
1.2905	2	1	5	945
1.2906	2	1	4	945
1.2906	2	1	5	945
1.2907	2	1	4	945
1.2907	2	1	5	945
1.2908	2	1	4	945
1.2908	2	1	5	945
1.2909	2	1	4	945
1.2909	2	1	5	945
1.291	2	1	4	945
1.291	2	1	5	945
1.2911	2	1	4	945
1.2911	2	1	5	945
1.2912	2	1	4	945
1.2912	2	1	5	945
1.2913	2	1	4	945
1.2913	2	1	5	945
1.2914	2	1	4	945
1.2914	2	1	5	945
1.2915	2	1	4	945
1.2915	2	1	5	945
1.2916	2	1	4	945
1.2916	2	1	5	945
1.2917	2	1	4	945
1.2917	2	1	5	945
1.2918	2	1	4	945
1.2918	2	1	5	945
1.2919	2	1	4	945
1.2919	2	1	5	945
1.292	2	1	4	945
1.292	2	1	5	945
1.2921	2	1	4	945
1.2921	2	1	5	945
1.2922	2	1	4	945
1.2922	2	1	5	945
1.2923	2	1	4	945
1.2923	2	1	5	945
1.2924	2	1	4	945
1.2924	2	1	5	945
1.2925	2	1	4	945
1.2925	2	1	5	945
1.2926	2	1	4	945
1.2926	2	1	5	945
1.2927	2	1	4	945
1.2927	2	1	5	945
1.2928	2	1	4	945
1.2928	2	1	5	945
1.2929	2	1	4	945
1.2929	2	1	5	945
1.293	2	1	4	945
1.293	2	1	5	945
1.2931	2	1	4	945
1.2931	2	1	5	945
1.2932	2	1	4	945
1.2932	2	1	5	945
1.2933	2	1	4	945
1.2933	2	1	5	945
1.2934	2	1	4	945
1.2934	2	1	5	945
1.2935	2	1	4	945
1.2935	2	1	5	945
1.2936	2	1	4	945
1.2936	2	1	5	945
1.2937	2	1	4	945
1.2937	2	1	5	945
1.2938	2	1	4	945
1.2938	2	1	5	945
1.2939	2	1	4	945
1.2939	2	1	5	945
1.294	2	1	4	945
1.294	2	1	5	945
1.2941	2	1	4	945
1.2941	2	1	5	945
1.2942	2	1	4	945
1.2942	2	1	5	945
1.2943	2	1	4	945
1.2943	2	1	5	945
1.2944	2	1	4	945
1.2944	2	1	5	945
1.2945	2	1	4	945
1.2945	2	1	5	945
1.2946	2	1	4	945
1.2946	2	1	5	945
1.2947	2	1	4	945
1.2947	2	1	5	945
1.2948	2	1	4	945
1.2948	2	1	5	945
1.2949	2	1	4	945
1.2949	2	1	5	945
1.295	2	1	4	945
1.295	2	1	5	945
1.2951	2	1	4	945
1.2951	2	1	5	945
1.2952	2	1	4	945
1.2952	2	1	5	945
1.2953	2	1	4	945
1.2953	2	1	5	945
1.2954	2	1	4	945
1.2954	2	1	5	945
1.2955	2	1	4	945
1.2955	2	1	5	945
1.2956	2	1	4	945
1.2956	2	1	5	945
1.2957	2	1	4	945
1.2957	2	1	5	945
1.2958	2	1	4	945
1.2958	2	1	5	945
1.2959	2	1	4	945
1.2959	2	1	5	945
1.296	2	1	4	945
1.296	2	1	5	945
1.2961	2	1	4	945
1.2961	2	1	5	945
1.2962	2	1	4	945
1.2962	2	1	5	945
1.2963	2	1	4	945
1.2963	2	1	5	945
1.2964	2	1	4	945
1.2964	2	1	5	945
1.2965	2	1	4	945
1.2965	2	1	5	945
1.2966	2	1	4	945
1.2966	2	1	5	945
1.2967	2	1	4	945
1.2967	2	1	5	945
1.2968	2	1	4	945
1.2968	2	1	5	945
1.2969	2	1	4	945
1.2969	2	1	5	945
1.297	2	1	4	945
1.297	2	1	5	945
1.2971	2	1	4	945
1.2971	2	1	5	945
1.2972	2	1	4	945
1.2972	2	1	5	945
1.2973	2	1	4	945
1.2973	2	1	5	945
1.2974	2	1	4	945
1.2974	2	1	5	945
1.2975	2	1	4	945
1.2975	2	1	5	945
1.2976	2	1	4	945
1.2976	2	1	5	945
1.2977	2	1	4	945
1.2977	2	1	5	945
1.2978	2	1	4	945
1.2978	2	1	5	945
1.2979	2	1	4	945
1.2979	2	1	5	945
1.298	2	1	4	945
1.298	2	1	5	945
1.2981	2	1	4	945
1.2981	2	1	5	945
1.2982	2	1	4	945
1.2982	2	1	5	945
1.2983	2	1	4	945
1.2983	2	1	5	945
1.2984	2	1	4	945
1.2984	2	1	5	945
1.2985	2	1	4	945
1.2985	2	1	5	945
1.2986	2	1	4	945
1.2986	2	1	5	945
1.2987	2	1	4	945
1.2987	2	1	5	945
1.2988	2	1	4	945
1.2988	2	1	5	945
1.2989	2	1	4	945
1.2989	2	1	5	945
1.299	2	1	4	945
1.299	2	1	5	945
1.2991	2	1	4	945
1.2991	2	1	5	945
1.2992	2	1	4	945
1.2992	2	1	5	945
1.2993	2	1	4	945
1.2993	2	1	5	945
1.2994	2	1	4	945
1.2994	2	1	5	945
1.2995	2	1	4	945
1.2995	2	1	5	945
1.2996	2	1	4	945
1.2996	2	1	5	945
1.2997	2	1	4	945
1.2997	2	1	5	945
1.2998	2	1	4	945
1.2998	2	1	5	945
1.2999	2	1	4	945
1.2999	2	1	5	945
1.3	2	1	4	945
1.3	2	1	5	945
1.3001	2	1	4	945
1.3001	2	1	5	945
1.3002	2	1	4	945
1.3002	2	1	5	945
1.3003	2	1	4	945
1.3003	2	1	5	945
1.3004	2	1	4	945
1.3004	2	1	5	945
1.3005	2	1	4	945
1.3005	2	1	5	945
1.3006	2	1	4	945
1.3006	2	1	5	945
1.3007	2	1	4	945
1.3007	2	1	5	945
1.3008	2	1	4	945
1.3008	2	1	5	945
1.3009	2	1	4	945
1.3009	2	1	5	945
1.301	2	1	4	945
1.301	2	1	5	945
1.3011	2	1	4	945
1.3011	2	1	5	945
1.3012	2	1	4	945
1.3012	2	1	5	945
1.3013	2	1	4	945
1.3013	2	1	5	945
1.3014	2	1	4	945
1.3014	2	1	5	945
1.3015	2	1	4	945
1.3015	2	1	5	945
1.3016	2	1	4	945
1.3016	2	1	5	945
1.3017	2	1	4	945
1.3017	2	1	5	945
1.3018	2	1	4	945
1.3018	2	1	5	945
1.3019	2	1	4	945
1.3019	2	1	5	945
1.302	2	1	4	945
1.302	2	1	5	945
1.3021	2	1	4	945
1.3021	2	1	5	945
1.3022	2	1	4	945
1.3022	2	1	5	945
1.3023	2	1	4	945
1.3023	2	1	5	945
1.3024	2	1	4	945
1.3024	2	1	5	945
1.3025	2	1	4	945
1.3025	2	1	5	945
1.3026	2	1	4	945
1.3026	2	1	5	945
1.3027	2	1	4	945
1.3027	2	1	5	945
1.3028	2	1	4	945
1.3028	2	1	5	945
1.3029	2	1	4	945
1.3029	2	1	5	945
1.303	2	1	4	945
1.303	2	1	5	945
1.3031	2	1	4	945
1.3031	2	1	5	945
1.3032	2	1	4	945
1.3032	2	1	5	945
1.3033	2	1	4	945
1.3033	2	1	5	945
1.3034	2	1	4	945
1.3034	2	1	5	945
1.3035	2	1	4	945
1.3035	2	1	5	945
1.3036	2	1	4	945
1.3036	2	1	5	945
1.3037	2	1	4	945
1.3037	2	1	5	945
1.3038	2	1	4	945
1.3038	2	1	5	945
1.3039	2	1	4	945
1.3039	2	1	5	945
1.304	2	1	4	945
1.304	2	1	5	945
1.3041	2	1	4	945
1.3041	2	1	5	945
1.3042	2	1	4	945
1.3042	2	1	5	945
1.3043	2	1	4	945
1.3043	2	1	5	945
1.3044	2	1	4	945
1.3044	2	1	5	945
1.3045	2	1	4	945
1.3045	2	1	5	945
1.3046	2	1	4	945
1.3046	2	1	5	945
1.3047	2	1	4	945
1.3047	2	1	5	945
1.3048	2	1	4	945
1.3048	2	1	5	945
1.3049	2	1	4	945
1.3049	2	1	5	945
1.305	2	1	4	945
1.305	2	1	5	945
1.3051	2	1	4	945
1.3051	2	1	5	945
1.3052	2	1	4	945
1.3052	2	1	5	945
1.3053	2	1	4	945
1.3053	2	1	5	945
1.3054	2	1	4	945
1.3054	2	1	5	945
1.3055	2	1	4	945
1.3055	2	1	5	945
1.3056	2	1	4	945
1.3056	2	1	5	945
1.3057	2	1	4	945
1.3057	2	1	5	945
1.3058	2	1	4	945
1.3058	2	1	5	945
1.3059	2	1	4	945
1.3059	2	1	5	945
1.306	2	1	4	945
1.306	2	1	5	945
1.3061	2	1	4	945
1.3061	2	1	5	945
1.3062	2	1	4	945
1.3062	2	1	5	945
1.3063	2	1	4	945
1.3063	2	1	5	945
1.3064	2	1	4	945
1.3064	2	1	5	945
1.3065	2	1	4	945
1.3065	2	1	5	945
1.3066	2	1	4	945
1.3066	2	1	5	945
1.3067	2	1	4	945
1.3067	2	1	5	945
1.3068	2	1	4	945
1.3068	2	1	5	945
1.3069	2	1	4	945
1.3069	2	1	5	945
1.307	2	1	4	945
1.307	2	1	5	945
1.3071	2	1	4	945
1.3071	2	1	5	945
1.3072	2	1	4	945
1.3072	2	1	5	945
1.3073	2	1	4	945
1.3073	2	1	5	945
1.3074	2	1	4	945
1.3074	2	1	5	945
1.3075	2	1	4	945
1.3075	2	1	5	945
1.3076	2	1	4	945
1.3076	2	1	5	945
1.3077	2	1	4	945
1.3077	2	1	5	945
1.3078	2	1	4	945
1.3078	2	1	5	945
1.3079	2	1	4	945
1.3079	2	1	5	945
1.308	2	1	4	945
1.308	2	1	5	945
1.3081	2	1	4	945
1.3081	2	1	5	945
1.3082	2	1	4	945
1.3082	2	1	5	945
1.3083	2	1	4	945
1.3083	2	1	5	945
1.3084	2	1	4	945
1.3084	2	1	5	945
1.3085	2	1	4	945
1.3085	2	1	5	945
1.3086	2	1	4	945
1.3086	2	1	5	945
1.3087	2	1	4	945
1.3087	2	1	5	945
1.3088	2	1	4	945
1.3088	2	1	5	945
1.3089	2	1	4	945
1.3089	2	1	5	945
1.309	2	1	4	945
1.309	2	1	5	945
1.3091	2	1	4	945
1.3091	2	1	5	945
1.3092	2	1	4	945
1.3092	2	1	5	945
1.3093	2	1	4	945
1.3093	2	1	5	945
1.3094	2	1	4	945
1.3094	2	1	5	945
1.3095	2	1	4	945
1.3095	2	1	5	945
1.3096	2	1	4	945
1.3096	2	1	5	945
1.3097	2	1	4	945
1.3097	2	1	5	945
1.3098	2	1	4	945
1.3098	2	1	5	945
1.3099	2	1	4	945
1.3099	2	1	5	945
1.31	2	1	4	945
1.31	2	1	5	945
1.3101	2	1	4	945
1.3101	2	1	5	945
1.3102	2	1	4	945
1.3102	2	1	5	945
1.3103	2	1	4	945
1.3103	2	1	5	945
1.3104	2	1	4	945
1.3104	2	1	5	945
1.3105	2	1	4	945
1.3105	2	1	5	945
1.3106	2	1	4	945
1.3106	2	1	5	945
1.3107	2	1	4	945
1.3107	2	1	5	945
1.3108	2	1	4	945
1.3108	2	1	5	945
1.3109	2	1	4	945
1.3109	2	1	5	945
1.311	2	1	4	945
1.311	2	1	5	945
1.3111	2	1	4	945
1.3111	2	1	5	945
1.3112	2	1	4	945
1.3112	2	1	5	945
1.3113	2	1	4	945
1.3113	2	1	5	945
1.3114	2	1	4	945
1.3114	2	1	5	945
1.3115	2	1	4	945
1.3115	2	1	5	945
1.3116	2	1	4	945
1.3116	2	1	5	945
1.3117	2	1	4	945
1.3117	2	1	5	945
1.3118	2	1	4	945
1.3118	2	1	5	945
1.3119	2	1	4	945
1.3119	2	1	5	945
1.312	2	1	4	945
1.312	2	1	5	945
1.3121	2	1	4	945
1.3121	2	1	5	945
1.3122	2	1	4	945
1.3122	2	1	5	945
1.3123	2	1	4	945
1.3123	2	1	5	945
1.3124	2	1	4	945
1.3124	2	1	5	945
1.3125	2	1	4	945
1.3125	2	1	5	945
1.3126	2	1	4	945
1.3126	2	1	5	945
1.3127	2	1	4	945
1.3127	2	1	5	945
1.3128	2	1	4	945
1.3128	2	1	5	945
1.3129	2	1	4	945
1.3129	2	1	5	945
1.313	2	1	4	945
1.313	2	1	5	945
1.3131	2	1	4	945
1.3131	2	1	5	945
1.3132	2	1	4	945
1.3132	2	1	5	945
1.3133	2	1	4	945
1.3133	2	1	5	945
1.3134	2	1	4	945
1.3134	2	1	5	945
1.3135	2	1	4	945
1.3135	2	1	5	945
1.3136	2	1	4	945
1.3136	2	1	5	945
1.3137	2	1	4	945
1.3137	2	1	5	945
1.3138	2	1	4	945
1.3138	2	1	5	945
1.3139	2	1	4	945
1.3139	2	1	5	945
1.314	2	1	4	945
1.314	2	1	5	945
1.3141	2	1	4	945
1.3141	2	1	5	945
1.3142	2	1	4	945
1.3142	2	1	5	945
1.3143	2	1	4	945
1.3143	2	1	5	945
1.3144	2	1	4	945
1.3144	2	1	5	945
1.3145	2	1	4	945
1.3145	2	1	5	945
1.3146	2	1	4	945
1.3146	2	1	5	945
1.3147	2	1	4	945
1.3147	2	1	5	945
1.3148	2	1	4	945
1.3148	2	1	5	945
1.3149	2	1	4	945
1.3149	2	1	5	945
1.315	2	1	4	945
1.315	2	1	5	945
1.3151	2	1	4	945
1.3151	2	1	5	945
1.3152	2	1	4	945
1.3152	2	1	5	945
1.3153	2	1	4	945
1.3153	2	1	5	945
1.3154	2	1	4	945
1.3154	2	1	5	945
1.3155	2	1	4	945
1.3155	2	1	5	945
1.3156	2	1	4	945
1.3156	2	1	5	945
1.3157	2	1	4	945
1.3157	2	1	5	945
1.3158	2	1	4	945
1.3158	2	1	5	945
1.3159	2	1	4	945
1.3159	2	1	5	945
1.316	2	1	4	945
1.316	2	1	5	945
1.3161	2	1	4	945
1.3161	2	1	5	945
1.3162	2	1	4	945
1.3162	2	1	5	945
1.3163	2	1	4	945
1.3163	2	1	5	945
1.3164	2	1	4	945
1.3164	2	1	5	945
1.3165	2	1	4	945
1.3165	2	1	5	945
1.3166	2	1	4	945
1.3166	2	1	5	945
1.3167	2	1	4	945
1.3167	2	1	5	945
1.3168	2	1	4	945
1.3168	2	1	5	945
1.3169	2	1	4	945
1.3169	2	1	5	945
1.317	2	1	4	945
1.317	2	1	5	945
1.3171	2	1	4	945
1.3171	2	1	5	945
1.3172	2	1	4	945
1.3172	2	1	5	945
1.3173	2	1	4	945
1.3173	2	1	5	945
1.3174	2	1	4	945
1.3174	2	1	5	945
1.3175	2	1	4	945
1.3175	2	1	5	945
1.3176	2	1	4	945
1.3176	2	1	5	945
1.3177	2	1	4	945
1.3177	2	1	5	945
1.3178	2	1	4	945
1.3178	2	1	5	945
1.3179	2	1	4	945
1.3179	2	1	5	945
1.318	2	1	4	945
1.318	2	1	5	945
1.3181	2	1	4	945
1.3181	2	1	5	945
1.3182	2	1	4	945
1.3182	2	1	5	945
1.3183	2	1	4	945
1.3183	2	1	5	945
1.3184	2	1	4	945
1.3184	2	1	5	945
1.3185	2	1	4	945
1.3185	2	1	5	945
1.3186	2	1	4	945
1.3186	2	1	5	945
1.3187	2	1	4	945
1.3187	2	1	5	945
1.3188	2	1	4	945
1.3188	2	1	5	945
1.3189	2	1	4	945
1.3189	2	1	5	945
1.319	2	1	4	945
1.319	2	1	5	945
1.3191	2	1	4	945
1.3191	2	1	5	945
1.3192	2	1	4	945
1.3192	2	1	5	945
1.3193	2	1	4	945
1.3193	2	1	5	945
1.3194	2	1	4	945
1.3194	2	1	5	945
1.3195	2	1	4	945
1.3195	2	1	5	945
1.3196	2	1	4	945
1.3196	2	1	5	945
1.3197	2	1	4	945
1.3197	2	1	5	945
1.3198	2	1	4	945
1.3198	2	1	5	945
1.3199	2	1	4	945
1.3199	2	1	5	945
1.32	2	1	4	945
1.32	2	1	5	945
1.3201	2	1	4	945
1.3201	2	1	5	945
1.3202	2	1	4	945
1.3202	2	1	5	945
1.3203	2	1	4	945
1.3203	2	1	5	945
1.3204	2	1	4	945
1.3204	2	1	5	945
1.3205	2	1	4	945
1.3205	2	1	5	945
1.3206	2	1	4	945
1.3206	2	1	5	945
1.3207	2	1	4	945
1.3207	2	1	5	945
1.3208	2	1	4	945
1.3208	2	1	5	945
1.3209	2	1	4	945
1.3209	2	1	5	945
1.321	2	1	4	945
1.321	2	1	5	945
1.3211	2	1	4	945
1.3211	2	1	5	945
1.3212	2	1	4	945
1.3212	2	1	5	945
1.3213	2	1	4	945
1.3213	2	1	5	945
1.3214	2	1	4	945
1.3214	2	1	5	945
1.3215	2	1	4	945
1.3215	2	1	5	945
1.3216	2	1	4	945
1.3216	2	1	5	945
1.3217	2	1	4	945
1.3217	2	1	5	945
1.3218	2	1	4	945
1.3218	2	1	5	945
1.3219	2	1	4	945
1.3219	2	1	5	945
1.322	2	1	4	945
1.322	2	1	5	945
1.3221	2	1	4	945
1.3221	2	1	5	945
1.3222	2	1	4	945
1.3222	2	1	5	945
1.3223	2	1	4	945
1.3223	2	1	5	945
1.3224	2	1	4	945
1.3224	2	1	5	945
1.3225	2	1	4	945
1.3225	2	1	5	945
1.3226	2	1	4	945
1.3226	2	1	5	945
1.3227	2	1	4	945
1.3227	2	1	5	945
1.3228	2	1	4	945
1.3228	2	1	5	945
1.3229	2	1	4	945
1.3229	2	1	5	945
1.323	2	1	4	945
1.323	2	1	5	945
1.3231	2	1	4	945
1.3231	2	1	5	945
1.3232	2	1	4	945
1.3232	2	1	5	945
1.3233	2	1	4	945
1.3233	2	1	5	945
1.3234	2	1	4	945
1.3234	2	1	5	945
1.3235	2	1	4	945
1.3235	2	1	5	945
1.3236	2	1	4	945
1.3236	2	1	5	945
1.3237	2	1	4	945
1.3237	2	1	5	945
1.3238	2	1	4	945
1.3238	2	1	5	945
1.3239	2	1	4	945
1.3239	2	1	5	945
1.324	2	1	4	945
1.324	2	1	5	945
1.3241	2	1	4	945
1.3241	2	1	5	945
1.3242	2	1	4	945
1.3242	2	1	5	945
1.3243	2	1	4	945
1.3243	2	1	5	945
1.3244	2	1	4	945
1.3244	2	1	5	945
1.3245	2	1	4	945
1.3245	2	1	5	945
1.3246	2	1	4	945
1.3246	2	1	5	945
1.3247	2	1	4	945
1.3247	2	1	5	945
1.3248	2	1	4	945
1.3248	2	1	5	945
1.3249	2	1	4	945
1.3249	2	1	5	945
1.325	2	1	4	945
1.325	2	1	5	945
1.3251	2	1	4	945
1.3251	2	1	5	945
1.3252	2	1	4	945
1.3252	2	1	5	945
1.3253	2	1	4	945
1.3253	2	1	5	945
1.3254	2	1	4	945
1.3254	2	1	5	945
1.3255	2	1	4	945
1.3255	2	1	5	945
1.3256	2	1	4	945
1.3256	2	1	5	945
1.3257	2	1	4	945
1.3257	2	1	5	945
1.3258	2	1	4	945
1.3258	2	1	5	945
1.3259	2	1	4	945
1.3259	2	1	5	945
1.326	2	1	4	945
1.326	2	1	5	945
1.3261	2	1	4	945
1.3261	2	1	5	945
1.3262	2	1	4	945
1.3262	2	1	5	945
1.3263	2	1	4	945
1.3263	2	1	5	945
1.3264	2	1	4	945
1.3264	2	1	5	945
1.3265	2	1	4	945
1.3265	2	1	5	945
1.3266	2	1	4	945
1.3266	2	1	5	945
1.3267	2	1	4	945
1.3267	2	1	5	945
1.3268	2	1	4	945
1.3268	2	1	5	945
1.3269	2	1	4	945
1.3269	2	1	5	945
1.327	2	1	4	945
1.327	2	1	5	945
1.3271	2	1	4	945
1.3271	2	1	5	945
1.3272	2	1	4	945
1.3272	2	1	5	945
1.3273	2	1	4	945
1.3273	2	1	5	945
1.3274	2	1	4	945
1.3274	2	1	5	945
1.3275	2	1	4	945
1.3275	2	1	5	945
1.3276	2	1	4	945
1.3276	2	1	5	945
1.3277	2	1	4	945
1.3277	2	1	5	945
1.3278	2	1	4	945
1.3278	2	1	5	945
1.3279	2	1	4	945
1.3279	2	1	5	945
1.328	2	1	4	945
1.328	2	1	5	945
1.3281	2	1	4	945
1.3281	2	1	5	945
1.3282	2	1	4	945
1.3282	2	1	5	945
1.3283	2	1	4	945
1.3283	2	1	5	945
1.3284	2	1	4	945
1.3284	2	1	5	945
1.3285	2	1	4	945
1.3285	2	1	5	945
1.3286	2	1	4	945
1.3286	2	1	5	945
1.3287	2	1	4	945
1.3287	2	1	5	945
1.3288	2	1	4	945
1.3288	2	1	5	945
1.3289	2	1	4	945
1.3289	2	1	5	945
1.329	2	1	4	945
1.329	2	1	5	945
1.3291	2	1	4	945
1.3291	2	1	5	945
1.3292	2	1	4	945
1.3292	2	1	5	945
1.3293	2	1	4	945
1.3293	2	1	5	945
1.3294	2	1	4	945
1.3294	2	1	5	945
1.3295	2	1	4	945
1.3295	2	1	5	945
1.3296	2	1	4	945
1.3296	2	1	5	945
1.3297	2	1	4	945
1.3297	2	1	5	945
1.3298	2	1	4	945
1.3298	2	1	5	945
1.3299	2	1	4	945
1.3299	2	1	5	945
1.33	2	1	4	945
1.33	2	1	5	945
1.3301	2	1	4	945
1.3301	2	1	5	945
1.3302	2	1	4	945
1.3302	2	1	5	945
1.3303	2	1	4	945
1.3303	2	1	5	945
1.3304	2	1	4	945
1.3304	2	1	5	945
1.3305	2	1	4	945
1.3305	2	1	5	945
1.3306	2	1	4	945
1.3306	2	1	5	945
1.3307	2	1	4	945
1.3307	2	1	5	945
1.3308	2	1	4	945
1.3308	2	1	5	945
1.3309	2	1	4	945
1.3309	2	1	5	945
1.331	2	1	4	945
1.331	2	1	5	945
1.3311	2	1	4	945
1.3311	2	1	5	945
1.3312	2	1	4	945
1.3312	2	1	5	945
1.3313	2	1	4	945
1.3313	2	1	5	945
1.3314	2	1	4	945
1.3314	2	1	5	945
1.3315	2	1	4	945
1.3315	2	1	5	945
1.3316	2	1	4	945
1.3316	2	1	5	945
1.3317	2	1	4	945
1.3317	2	1	5	945
1.3318	2	1	4	945
1.3318	2	1	5	945
1.3319	2	1	4	945
1.3319	2	1	5	945
1.332	2	1	4	945
1.332	2	1	5	945
1.3321	2	1	4	945
1.3321	2	1	5	945
1.3322	2	1	4	945
1.3322	2	1	5	945
1.3323	2	1	4	945
1.3323	2	1	5	945
1.3324	2	1	4	945
1.3324	2	1	5	945
1.3325	2	1	4	945
1.3325	2	1	5	945
1.3326	2	1	4	945
1.3326	2	1	5	945
1.3327	2	1	4	945
1.3327	2	1	5	945
1.3328	2	1	4	945
1.3328	2	1	5	945
1.3329	2	1	4	945
1.3329	2	1	5	945
1.333	2	1	4	945
1.333	2	1	5	945
1.3331	2	1	4	945
1.3331	2	1	5	945
1.3332	2	1	4	945
1.3332	2	1	5	945
1.3333	2	1	4	945
1.3333	2	1	5	945
1.3334	2	1	4	945
1.3334	2	1	5	945
1.3335	2	1	4	945
1.3335	2	1	5	945
1.3336	2	1	4	945
1.3336	2	1	5	945
1.3337	2	1	4	945
1.3337	2	1	5	945
1.3338	2	1	4	945
1.3338	2	1	5	945
1.3339	2	1	4	945
1.3339	2	1	5	945
1.334	2	1	4	945
1.334	2	1	5	945
1.3341	2	1	4	945
1.3341	2	1	5	945
1.3342	2	1	4	945
1.3342	2	1	5	945
1.3343	2	1	4	945
1.3343	2	1	5	945
1.3344	2	1	4	945
1.3344	2	1	5	945
1.3345	2	1	4	945
1.3345	2	1	5	945
1.3346	2	1	4	945
1.3346	2	1	5	945
1.3347	2	1	4	945
1.3347	2	1	5	945
1.3348	2	1	4	945
1.3348	2	1	5	945
1.3349	2	1	4	945
1.3349	2	1	5	945
1.335	2	1	4	945
1.335	2	1	5	945
1.3351	2	1	4	945
1.3351	2	1	5	945
1.3352	2	1	4	945
1.3352	2	1	5	945
1.3353	2	1	4	945
1.3353	2	1	5	945
1.3354	2	1	4	945
1.3354	2	1	5	945
1.3355	2	1	4	945
1.3355	2	1	5	945
1.3356	2	1	4	945
1.3356	2	1	5	945
1.3357	2	1	4	945
1.3357	2	1	5	945
1.3358	2	1	4	945
1.3358	2	1	5	945
1.3359	2	1	4	945
1.3359	2	1	5	945
1.336	2	1	4	945
1.336	2	1	5	945
1.3361	2	1	4	945
1.3361	2	1	5	945
1.3362	2	1	4	945
1.3362	2	1	5	945
1.3363	2	1	4	945
1.3363	2	1	5	945
1.3364	2	1	4	945
1.3364	2	1	5	945
1.3365	2	1	4	945
1.3365	2	1	5	945
1.3366	2	1	4	945
1.3366	2	1	5	945
1.3367	2	1	4	945
1.3367	2	1	5	945
1.3368	2	1	4	945
1.3368	2	1	5	945
1.3369	2	1	4	945
1.3369	2	1	5	945
1.337	2	1	4	945
1.337	2	1	5	945
1.3371	2	1	4	945
1.3371	2	1	5	945
1.3372	2	1	4	945
1.3372	2	1	5	945
1.3373	2	1	4	945
1.3373	2	1	5	945
1.3374	2	1	4	945
1.3374	2	1	5	945
1.3375	2	1	4	945
1.3375	2	1	5	945
1.3376	2	1	4	945
1.3376	2	1	5	945
1.3377	2	1	4	945
1.3377	2	1	5	945
1.3378	2	1	4	945
1.3378	2	1	5	945
1.3379	2	1	4	945
1.3379	2	1	5	945
1.338	2	1	4	945
1.338	2	1	5	945
1.3381	2	1	4	945
1.3381	2	1	5	945
1.3382	2	1	4	945
1.3382	2	1	5	945
1.3383	2	1	4	945
1.3383	2	1	5	945
1.3384	2	1	4	945
1.3384	2	1	5	945
1.3385	2	1	4	945
1.3385	2	1	5	945
1.3386	2	1	4	945
1.3386	2	1	5	945
1.3387	2	1	4	945
1.3387	2	1	5	945
1.3388	2	1	4	945
1.3388	2	1	5	945
1.3389	2	1	4	945
1.3389	2	1	5	945
1.339	2	1	4	945
1.339	2	1	5	945
1.3391	2	1	4	945
1.3391	2	1	5	945
1.3392	2	1	4	945
1.3392	2	1	5	945
1.3393	2	1	4	945
1.3393	2	1	5	945
1.3394	2	1	4	945
1.3394	2	1	5	945
1.3395	2	1	4	945
1.3395	2	1	5	945
1.3396	2	1	4	945
1.3396	2	1	5	945
1.3397	2	1	4	945
1.3397	2	1	5	945
1.3398	2	1	4	945
1.3398	2	1	5	945
1.3399	2	1	4	945
1.3399	2	1	5	945
1.34	2	1	4	945
1.34	2	1	5	945
1.3401	2	1	4	945
1.3401	2	1	5	945
1.3402	2	1	4	945
1.3402	2	1	5	945
1.3403	2	1	4	945
1.3403	2	1	5	945
1.3404	2	1	4	945
1.3404	2	1	5	945
1.3405	2	1	4	945
1.3405	2	1	5	945
1.3406	2	1	4	945
1.3406	2	1	5	945
1.3407	2	1	4	945
1.3407	2	1	5	945
1.3408	2	1	4	945
1.3408	2	1	5	945
1.3409	2	1	4	945
1.3409	2	1	5	945
1.341	2	1	4	945
1.341	2	1	5	945
1.3411	2	1	4	945
1.3411	2	1	5	945
1.3412	2	1	4	945
1.3412	2	1	5	945
1.3413	2	1	4	945
1.3413	2	1	5	945
1.3414	2	1	4	945
1.3414	2	1	5	945
1.3415	2	1	4	945
1.3415	2	1	5	945
1.3416	2	1	4	945
1.3416	2	1	5	945
1.3417	2	1	4	945
1.3417	2	1	5	945
1.3418	2	1	4	945
1.3418	2	1	5	945
1.3419	2	1	4	945
1.3419	2	1	5	945
1.342	2	1	4	945
1.342	2	1	5	945
1.3421	2	1	4	945
1.3421	2	1	5	945
1.3422	2	1	4	945
1.3422	2	1	5	945
1.3423	2	1	4	945
1.3423	2	1	5	945
1.3424	2	1	4	945
1.3424	2	1	5	945
1.3425	2	1	4	945
1.3425	2	1	5	945
1.3426	2	1	4	945
1.3426	2	1	5	945
1.3427	2	1	4	945
1.3427	2	1	5	945
1.3428	2	1	4	945
1.3428	2	1	5	945
1.3429	2	1	4	945
1.3429	2	1	5	945
1.343	2	1	4	945
1.343	2	1	5	945
1.3431	2	1	4	945
1.3431	2	1	5	945
1.3432	2	1	4	945
1.3432	2	1	5	945
1.3433	2	1	4	945
1.3433	2	1	5	945
1.3434	2	1	4	945
1.3434	2	1	5	945
1.3435	2	1	4	945
1.3435	2	1	5	945
1.3436	2	1	4	945
1.3436	2	1	5	945
1.3437	2	1	4	945
1.3437	2	1	5	945
1.3438	2	1	4	945
1.3438	2	1	5	945
1.3439	2	1	4	945
1.3439	2	1	5	945
1.344	2	1	4	945
1.344	2	1	5	945
1.3441	2	1	4	945
1.3441	2	1	5	945
1.3442	2	1	4	945
1.3442	2	1	5	945
1.3443	2	1	4	945
1.3443	2	1	5	945
1.3444	2	1	4	945
1.3444	2	1	5	945
1.3445	2	1	4	945
1.3445	2	1	5	945
1.3446	2	1	4	945
1.3446	2	1	5	945
1.3447	2	1	4	945
1.3447	2	1	5	945
1.3448	2	1	4	945
1.3448	2	1	5	945
1.3449	2	1	4	945
1.3449	2	1	5	945
1.345	2	1	4	945
1.345	2	1	5	945
1.3451	2	1	4	945
1.3451	2	1	5	945
1.3452	2	1	4	945
1.3452	2	1	5	945
1.3453	2	1	4	945
1.3453	2	1	5	945
1.3454	2	1	4	945
1.3454	2	1	5	945
1.3455	2	1	4	945
1.3455	2	1	5	945
1.3456	2	1	4	945
1.3456	2	1	5	945
1.3457	2	1	4	945
1.3457	2	1	5	945
1.3458	2	1	4	945
1.3458	2	1	5	945
1.3459	2	1	4	945
1.3459	2	1	5	945
1.346	2	1	4	945
1.346	2	1	5	945
1.3461	2	1	4	945
1.3461	2	1	5	945
1.3462	2	1	4	945
1.3462	2	1	5	945
1.3463	2	1	4	945
1.3463	2	1	5	945
1.3464	2	1	4	945
1.3464	2	1	5	945
1.3465	2	1	4	945
1.3465	2	1	5	945
1.3466	2	1	4	945
1.3466	2	1	5	945
1.3467	2	1	4	945
1.3467	2	1	5	945
1.3468	2	1	4	945
1.3468	2	1	5	945
1.3469	2	1	4	945
1.3469	2	1	5	945
1.347	2	1	4	945
1.347	2	1	5	945
1.3471	2	1	4	945
1.3471	2	1	5	945
1.3472	2	1	4	945
1.3472	2	1	5	945
1.3473	2	1	4	945
1.3473	2	1	5	945
1.3474	2	1	4	945
1.3474	2	1	5	945
1.3475	2	1	4	945
1.3475	2	1	5	945
1.3476	2	1	4	945
1.3476	2	1	5	945
1.3477	2	1	4	945
1.3477	2	1	5	945
1.3478	2	1	4	945
1.3478	2	1	5	945
1.3479	2	1	4	945
1.3479	2	1	5	945
1.348	2	1	4	945
1.348	2	1	5	945
1.3481	2	1	4	945
1.3481	2	1	5	945
1.3482	2	1	4	945
1.3482	2	1	5	945
1.3483	2	1	4	945
1.3483	2	1	5	945
1.3484	2	1	4	945
1.3484	2	1	5	945
1.3485	2	1	4	945
1.3485	2	1	5	945
1.3486	2	1	4	945
1.3486	2	1	5	945
1.3487	2	1	4	945
1.3487	2	1	5	945
1.3488	2	1	4	945
1.3488	2	1	5	945
1.3489	2	1	4	945
1.3489	2	1	5	945
1.349	2	1	4	945
1.349	2	1	5	945
1.3491	2	1	4	945
1.3491	2	1	5	945
1.3492	2	1	4	945
1.3492	2	1	5	945
1.3493	2	1	4	945
1.3493	2	1	5	945
1.3494	2	1	4	945
1.3494	2	1	5	945
1.3495	2	1	4	945
1.3495	2	1	5	945
1.3496	2	1	4	945
1.3496	2	1	5	945
1.3497	2	1	4	945
1.3497	2	1	5	945
1.3498	2	1	4	945
1.3498	2	1	5	945
1.3499	2	1	4	945
1.3499	2	1	5	945
1.35	2	1	4	945
1.35	2	1	5	945
1.3501	2	1	4	945
1.3501	2	1	5	945
1.3502	2	1	4	945
1.3502	2	1	5	945
1.3503	2	1	4	945
1.3503	2	1	5	945
1.3504	2	1	4	945
1.3504	2	1	5	945
1.3505	2	1	4	945
1.3505	2	1	5	945
1.3506	2	1	4	945
1.3506	2	1	5	945
1.3507	2	1	4	945
1.3507	2	1	5	945
1.3508	2	1	4	945
1.3508	2	1	5	945
1.3509	2	1	4	945
1.3509	2	1	5	945
1.351	2	1	4	945
1.351	2	1	5	945
1.3511	2	1	4	945
1.3511	2	1	5	945
1.3512	2	1	4	945
1.3512	2	1	5	945
1.3513	2	1	4	945
1.3513	2	1	5	945
1.3514	2	1	4	945
1.3514	2	1	5	945
1.3515	2	1	4	945
1.3515	2	1	5	945
1.3516	2	1	4	945
1.3516	2	1	5	945
1.3517	2	1	4	945
1.3517	2	1	5	945
1.3518	2	1	4	945
1.3518	2	1	5	945
1.3519	2	1	4	945
1.3519	2	1	5	945
1.352	2	1	4	945
1.352	2	1	5	945
1.3521	2	1	4	945
1.3521	2	1	5	945
1.3522	2	1	4	945
1.3522	2	1	5	945
1.3523	2	1	4	945
1.3523	2	1	5	945
1.3524	2	1	4	945
1.3524	2	1	5	945
1.3525	2	1	4	945
1.3525	2	1	5	945
1.3526	2	1	4	945
1.3526	2	1	5	945
1.3527	2	1	4	945
1.3527	2	1	5	945
1.3528	2	1	4	945
1.3528	2	1	5	945
1.3529	2	1	4	945
1.3529	2	1	5	945
1.353	2	1	4	945
1.353	2	1	5	945
1.3531	2	1	4	945
1.3531	2	1	5	945
1.3532	2	1	4	945
1.3532	2	1	5	945
1.3533	2	1	4	945
1.3533	2	1	5	945
1.3534	2	1	4	945
1.3534	2	1	5	945
1.3535	2	1	4	945
1.3535	2	1	5	945
1.3536	2	1	4	945
1.3536	2	1	5	945
1.3537	2	1	4	945
1.3537	2	1	5	945
1.3538	2	1	4	945
1.3538	2	1	5	945
1.3539	2	1	4	945
1.3539	2	1	5	945
1.354	2	1	4	945
1.354	2	1	5	945
1.3541	2	1	4	945
1.3541	2	1	5	945
1.3542	2	1	4	945
1.3542	2	1	5	945
1.3543	2	1	4	945
1.3543	2	1	5	945
1.3544	2	1	4	945
1.3544	2	1	5	945
1.3545	2	1	4	945
1.3545	2	1	5	945
1.3546	2	1	4	945
1.3546	2	1	5	945
1.3547	2	1	4	945
1.3547	2	1	5	945
1.3548	2	1	4	945
1.3548	2	1	5	945
1.3549	2	1	4	945
1.3549	2	1	5	945
1.355	2	1	4	945
1.355	2	1	5	945
1.3551	2	1	4	945
1.3551	2	1	5	945
1.3552	2	1	4	945
1.3552	2	1	5	945
1.3553	2	1	4	945
1.3553	2	1	5	945
1.3554	2	1	4	945
1.3554	2	1	5	945
1.3555	2	1	4	945
1.3555	2	1	5	945
1.3556	2	1	4	945
1.3556	2	1	5	945
1.3557	2	1	4	945
1.3557	2	1	5	945
1.3558	2	1	4	945
1.3558	2	1	5	945
1.3559	2	1	4	945
1.3559	2	1	5	945
1.356	2	1	4	945
1.356	2	1	5	945
1.3561	2	1	4	945
1.3561	2	1	5	945
1.3562	2	1	4	945
1.3562	2	1	5	945
1.3563	2	1	4	945
1.3563	2	1	5	945
1.3564	2	1	4	945
1.3564	2	1	5	945
1.3565	2	1	4	945
1.3565	2	1	5	945
1.3566	2	1	4	945
1.3566	2	1	5	945
1.3567	2	1	4	945
1.3567	2	1	5	945
1.3568	2	1	4	945
1.3568	2	1	5	945
1.3569	2	1	4	945
1.3569	2	1	5	945
1.357	2	1	4	945
1.357	2	1	5	945
1.3571	2	1	4	945
1.3571	2	1	5	945
1.3572	2	1	4	945
1.3572	2	1	5	945
1.3573	2	1	4	945
1.3573	2	1	5	945
1.3574	2	1	4	945
1.3574	2	1	5	945
1.3575	2	1	4	945
1.3575	2	1	5	945
1.3576	2	1	4	945
1.3576	2	1	5	945
1.3577	2	1	4	945
1.3577	2	1	5	945
1.3578	2	1	4	945
1.3578	2	1	5	945
1.3579	2	1	4	945
1.3579	2	1	5	945
1.358	2	1	4	945
1.358	2	1	5	945
1.3581	2	1	4	945
1.3581	2	1	5	945
1.3582	2	1	4	945
1.3582	2	1	5	945
1.3583	2	1	4	945
1.3583	2	1	5	945
1.3584	2	1	4	945
1.3584	2	1	5	945
1.3585	2	1	4	945
1.3585	2	1	5	945
1.3586	2	1	4	945
1.3586	2	1	5	945
1.3587	2	1	4	945
1.3587	2	1	5	945
1.3588	2	1	4	945
1.3588	2	1	5	945
1.3589	2	1	4	945
1.3589	2	1	5	945
1.359	2	1	4	945
1.359	2	1	5	945
1.3591	2	1	4	945
1.3591	2	1	5	945
1.3592	2	1	4	945
1.3592	2	1	5	945
1.3593	2	1	4	945
1.3593	2	1	5	945
1.3594	2	1	4	945
1.3594	2	1	5	945
1.3595	2	1	4	945
1.3595	2	1	5	945
1.3596	2	1	4	945
1.3596	2	1	5	945
1.3597	2	1	4	945
1.3597	2	1	5	945
1.3598	2	1	4	945
1.3598	2	1	5	945
1.3599	2	1	4	945
1.3599	2	1	5	945
1.36	2	1	4	945
1.36	2	1	5	945
1.3601	2	1	4	945
1.3601	2	1	5	945
1.3602	2	1	4	945
1.3602	2	1	5	945
1.3603	2	1	4	945
1.3603	2	1	5	945
1.3604	2	1	4	945
1.3604	2	1	5	945
1.3605	2	1	4	945
1.3605	2	1	5	945
1.3606	2	1	4	945
1.3606	2	1	5	945
1.3607	2	1	4	945
1.3607	2	1	5	945
1.3608	2	1	4	945
1.3608	2	1	5	945
1.3609	2	1	4	945
1.3609	2	1	5	945
1.361	2	1	4	945
1.361	2	1	5	945
1.3611	2	1	4	945
1.3611	2	1	5	945
1.3612	2	1	4	945
1.3612	2	1	5	945
1.3613	2	1	4	945
1.3613	2	1	5	945
1.3614	2	1	4	945
1.3614	2	1	5	945
1.3615	2	1	4	945
1.3615	2	1	5	945
1.3616	2	1	4	945
1.3616	2	1	5	945
1.3617	2	1	4	945
1.3617	2	1	5	945
1.3618	2	1	4	945
1.3618	2	1	5	945
1.3619	2	1	4	945
1.3619	2	1	5	945
1.362	2	1	4	945
1.362	2	1	5	945
1.3621	2	1	4	945
1.3621	2	1	5	945
1.3622	2	1	4	945
1.3622	2	1	5	945
1.3623	2	1	4	945
1.3623	2	1	5	945
1.3624	2	1	4	945
1.3624	2	1	5	945
1.3625	2	1	4	945
1.3625	2	1	5	945
1.3626	2	1	4	945
1.3626	2	1	5	945
1.3627	2	1	4	945
1.3627	2	1	5	945
1.3628	2	1	4	945
1.3628	2	1	5	945
1.3629	2	1	4	945
1.3629	2	1	5	945
1.363	2	1	4	945
1.363	2	1	5	945
1.3631	2	1	4	945
1.3631	2	1	5	945
1.3632	2	1	4	945
1.3632	2	1	5	945
1.3633	2	1	4	945
1.3633	2	1	5	945
1.3634	2	1	4	945
1.3634	2	1	5	945
1.3635	2	1	4	945
1.3635	2	1	5	945
1.3636	2	1	4	945
1.3636	2	1	5	945
1.3637	2	1	4	945
1.3637	2	1	5	945
1.3638	2	1	4	945
1.3638	2	1	5	945
1.3639	2	1	4	945
1.3639	2	1	5	945
1.364	2	1	4	945
1.364	2	1	5	945
1.3641	2	1	4	945
1.3641	2	1	5	945
1.3642	2	1	4	945
1.3642	2	1	5	945
1.3643	2	1	4	945
1.3643	2	1	5	945
1.3644	2	1	4	945
1.3644	2	1	5	945
1.3645	2	1	4	945
1.3645	2	1	5	945
1.3646	2	1	4	945
1.3646	2	1	5	945
1.3647	2	1	4	945
1.3647	2	1	5	945
1.3648	2	1	4	945
1.3648	2	1	5	945
1.3649	2	1	4	945
1.3649	2	1	5	945
1.365	2	1	4	945
1.365	2	1	5	945
1.3651	2	1	4	945
1.3651	2	1	5	945
1.3652	2	1	4	945
1.3652	2	1	5	945
1.3653	2	1	4	945
1.3653	2	1	5	945
1.3654	2	1	4	945
1.3654	2	1	5	945
1.3655	2	1	4	945
1.3655	2	1	5	945
1.3656	2	1	4	945
1.3656	2	1	5	945
1.3657	2	1	4	945
1.3657	2	1	5	945
1.3658	2	1	4	945
1.3658	2	1	5	945
1.3659	2	1	4	945
1.3659	2	1	5	945
1.366	2	1	4	945
1.366	2	1	5	945
1.3661	2	1	4	945
1.3661	2	1	5	945
1.3662	2	1	4	945
1.3662	2	1	5	945
1.3663	2	1	4	945
1.3663	2	1	5	945
1.3664	2	1	4	945
1.3664	2	1	5	945
1.3665	2	1	4	945
1.3665	2	1	5	945
1.3666	2	1	4	945
1.3666	2	1	5	945
1.3667	2	1	4	945
1.3667	2	1	5	945
1.3668	2	1	4	945
1.3668	2	1	5	945
1.3669	2	1	4	945
1.3669	2	1	5	945
1.367	2	1	4	945
1.367	2	1	5	945
1.3671	2	1	4	945
1.3671	2	1	5	945
1.3672	2	1	4	945
1.3672	2	1	5	945
1.3673	2	1	4	945
1.3673	2	1	5	945
1.3674	2	1	4	945
1.3674	2	1	5	945
1.3675	2	1	4	945
1.3675	2	1	5	945
1.3676	2	1	4	945
1.3676	2	1	5	945
1.3677	2	1	4	945
1.3677	2	1	5	945
1.3678	2	1	4	945
1.3678	2	1	5	945
1.3679	2	1	4	945
1.3679	2	1	5	945
1.368	2	1	4	945
1.368	2	1	5	945
1.3681	2	1	4	945
1.3681	2	1	5	945
1.3682	2	1	4	945
1.3682	2	1	5	945
1.3683	2	1	4	945
1.3683	2	1	5	945
1.3684	2	1	4	945
1.3684	2	1	5	945
1.3685	2	1	4	945
1.3685	2	1	5	945
1.3686	2	1	4	945
1.3686	2	1	5	945
1.3687	2	1	4	945
1.3687	2	1	5	945
1.3688	2	1	4	945
1.3688	2	1	5	945
1.3689	2	1	4	945
1.3689	2	1	5	945
1.369	2	1	4	945
1.369	2	1	5	945
1.3691	2	1	4	945
1.3691	2	1	5	945
1.3692	2	1	4	945
1.3692	2	1	5	945
1.3693	2	1	4	945
1.3693	2	1	5	945
1.3694	2	1	4	945
1.3694	2	1	5	945
1.3695	2	1	4	945
1.3695	2	1	5	945
1.3696	2	1	4	945
1.3696	2	1	5	945
1.3697	2	1	4	945
1.3697	2	1	5	945
1.3698	2	1	4	945
1.3698	2	1	5	945
1.3699	2	1	4	945
1.3699	2	1	5	945
1.37	2	1	4	945
1.37	2	1	5	945
1.3701	2	1	4	945
1.3701	2	1	5	945
1.3702	2	1	4	945
1.3702	2	1	5	945
1.3703	2	1	4	945
1.3703	2	1	5	945
1.3704	2	1	4	945
1.3704	2	1	5	945
1.3705	2	1	4	945
1.3705	2	1	5	945
1.3706	2	1	4	945
1.3706	2	1	5	945
1.3707	2	1	4	945
1.3707	2	1	5	945
1.3708	2	1	4	945
1.3708	2	1	5	945
1.3709	2	1	4	945
1.3709	2	1	5	945
1.371	2	1	4	945
1.371	2	1	5	945
1.3711	2	1	4	945
1.3711	2	1	5	945
1.3712	2	1	4	945
1.3712	2	1	5	945
1.3713	2	1	4	945
1.3713	2	1	5	945
1.3714	2	1	4	945
1.3714	2	1	5	945
1.3715	2	1	4	945
1.3715	2	1	5	945
1.3716	2	1	4	945
1.3716	2	1	5	945
1.3717	2	1	4	945
1.3717	2	1	5	945
1.3718	2	1	4	945
1.3718	2	1	5	945
1.3719	2	1	4	945
1.3719	2	1	5	945
1.372	2	1	4	945
1.372	2	1	5	945
1.3721	2	1	4	945
1.3721	2	1	5	945
1.3722	2	1	4	945
1.3722	2	1	5	945
1.3723	2	1	4	945
1.3723	2	1	5	945
1.3724	2	1	4	945
1.3724	2	1	5	945
1.3725	2	1	4	945
1.3725	2	1	5	945
1.3726	2	1	4	945
1.3726	2	1	5	945
1.3727	2	1	4	945
1.3727	2	1	5	945
1.3728	2	1	4	945
1.3728	2	1	5	945
1.3729	2	1	4	945
1.3729	2	1	5	945
1.373	2	1	4	945
1.373	2	1	5	945
1.3731	2	1	4	945
1.3731	2	1	5	945
1.3732	2	1	4	945
1.3732	2	1	5	945
1.3733	2	1	4	945
1.3733	2	1	5	945
1.3734	2	1	4	945
1.3734	2	1	5	945
1.3735	2	1	4	945
1.3735	2	1	5	945
1.3736	2	1	4	945
1.3736	2	1	5	945
1.3737	2	1	4	945
1.3737	2	1	5	945
1.3738	2	1	4	945
1.3738	2	1	5	945
1.3739	2	1	4	945
1.3739	2	1	5	945
1.374	2	1	4	945
1.374	2	1	5	945
1.3741	2	1	4	945
1.3741	2	1	5	945
1.3742	2	1	4	945
1.3742	2	1	5	945
1.3743	2	1	4	945
1.3743	2	1	5	945
1.3744	2	1	4	945
1.3744	2	1	5	945
1.3745	2	1	4	945
1.3745	2	1	5	945
1.3746	2	1	4	945
1.3746	2	1	5	945
1.3747	2	1	4	945
1.3747	2	1	5	945
1.3748	2	1	4	945
1.3748	2	1	5	945
1.3749	2	1	4	945
1.3749	2	1	5	945
1.375	2	1	4	945
1.375	2	1	5	945
1.3751	2	1	4	945
1.3751	2	1	5	945
1.3752	2	1	4	945
1.3752	2	1	5	945
1.3753	2	1	4	945
1.3753	2	1	5	945
1.3754	2	1	4	945
1.3754	2	1	5	945
1.3755	2	1	4	945
1.3755	2	1	5	945
1.3756	2	1	4	945
1.3756	2	1	5	945
1.3757	2	1	4	945
1.3757	2	1	5	945
1.3758	2	1	4	945
1.3758	2	1	5	945
1.3759	2	1	4	945
1.3759	2	1	5	945
1.376	2	1	4	945
1.376	2	1	5	945
1.3761	2	1	4	945
1.3761	2	1	5	945
1.3762	2	1	4	945
1.3762	2	1	5	945
1.3763	2	1	4	945
1.3763	2	1	5	945
1.3764	2	1	4	945
1.3764	2	1	5	945
1.3765	2	1	4	945
1.3765	2	1	5	945
1.3766	2	1	4	945
1.3766	2	1	5	945
1.3767	2	1	4	945
1.3767	2	1	5	945
1.3768	2	1	4	945
1.3768	2	1	5	945
1.3769	2	1	4	945
1.3769	2	1	5	945
1.377	2	1	4	945
1.377	2	1	5	945
1.3771	2	1	4	945
1.3771	2	1	5	945
1.3772	2	1	4	945
1.3772	2	1	5	945
1.3773	2	1	4	945
1.3773	2	1	5	945
1.3774	2	1	4	945
1.3774	2	1	5	945
1.3775	2	1	4	945
1.3775	2	1	5	945
1.3776	2	1	4	945
1.3776	2	1	5	945
1.3777	2	1	4	945
1.3777	2	1	5	945
1.3778	2	1	4	945
1.3778	2	1	5	945
1.3779	2	1	4	945
1.3779	2	1	5	945
1.378	2	1	4	945
1.378	2	1	5	945
1.3781	2	1	4	945
1.3781	2	1	5	945
1.3782	2	1	4	945
1.3782	2	1	5	945
1.3783	2	1	4	945
1.3783	2	1	5	945
1.3784	2	1	4	945
1.3784	2	1	5	945
1.3785	2	1	4	945
1.3785	2	1	5	945
1.3786	2	1	4	945
1.3786	2	1	5	945
1.3787	2	1	4	945
1.3787	2	1	5	945
1.3788	2	1	4	945
1.3788	2	1	5	945
1.3789	2	1	4	945
1.3789	2	1	5	945
1.379	2	1	4	945
1.379	2	1	5	945
1.3791	2	1	4	945
1.3791	2	1	5	945
1.3792	2	1	4	945
1.3792	2	1	5	945
1.3793	2	1	4	945
1.3793	2	1	5	945
1.3794	2	1	4	945
1.3794	2	1	5	945
1.3795	2	1	4	945
1.3795	2	1	5	945
1.3796	2	1	4	945
1.3796	2	1	5	945
1.3797	2	1	4	945
1.3797	2	1	5	945
1.3798	2	1	4	945
1.3798	2	1	5	945
1.3799	2	1	4	945
1.3799	2	1	5	945
1.38	2	1	4	945
1.38	2	1	5	945
1.3801	2	1	4	945
1.3801	2	1	5	945
1.3802	2	1	4	945
1.3802	2	1	5	945
1.3803	2	1	4	945
1.3803	2	1	5	945
1.3804	2	1	4	945
1.3804	2	1	5	945
1.3805	2	1	4	945
1.3805	2	1	5	945
1.3806	2	1	4	945
1.3806	2	1	5	945
1.3807	2	1	4	945
1.3807	2	1	5	945
1.3808	2	1	4	945
1.3808	2	1	5	945
1.3809	2	1	4	945
1.3809	2	1	5	945
1.381	2	1	4	945
1.381	2	1	5	945
1.3811	2	1	4	945
1.3811	2	1	5	945
1.3812	2	1	4	945
1.3812	2	1	5	945
1.3813	2	1	4	945
1.3813	2	1	5	945
1.3814	2	1	4	945
1.3814	2	1	5	945
1.3815	2	1	4	945
1.3815	2	1	5	945
1.3816	2	1	4	945
1.3816	2	1	5	945
1.3817	2	1	4	945
1.3817	2	1	5	945
1.3818	2	1	4	945
1.3818	2	1	5	945
1.3819	2	1	4	945
1.3819	2	1	5	945
1.382	2	1	4	945
1.382	2	1	5	945
1.3821	2	1	4	945
1.3821	2	1	5	945
1.3822	2	1	4	945
1.3822	2	1	5	945
1.3823	2	1	4	945
1.3823	2	1	5	945
1.3824	2	1	4	945
1.3824	2	1	5	945
1.3825	2	1	4	945
1.3825	2	1	5	945
1.3826	2	1	4	945
1.3826	2	1	5	945
1.3827	2	1	4	945
1.3827	2	1	5	945
1.3828	2	1	4	945
1.3828	2	1	5	945
1.3829	2	1	4	945
1.3829	2	1	5	945
1.383	2	1	4	945
1.383	2	1	5	945
1.3831	2	1	4	945
1.3831	2	1	5	945
1.3832	2	1	4	945
1.3832	2	1	5	945
1.3833	2	1	4	945
1.3833	2	1	5	945
1.3834	2	1	4	945
1.3834	2	1	5	945
1.3835	2	1	4	945
1.3835	2	1	5	945
1.3836	2	1	4	945
1.3836	2	1	5	945
1.3837	2	1	4	945
1.3837	2	1	5	945
1.3838	2	1	4	945
1.3838	2	1	5	945
1.3839	2	1	4	945
1.3839	2	1	5	945
1.384	2	1	4	945
1.384	2	1	5	945
1.3841	2	1	4	945
1.3841	2	1	5	945
1.3842	2	1	4	945
1.3842	2	1	5	945
1.3843	2	1	4	945
1.3843	2	1	5	945
1.3844	2	1	4	945
1.3844	2	1	5	945
1.3845	2	1	4	945
1.3845	2	1	5	945
1.3846	2	1	4	945
1.3846	2	1	5	945
1.3847	2	1	4	945
1.3847	2	1	5	945
1.3848	2	1	4	945
1.3848	2	1	5	945
1.3849	2	1	4	945
1.3849	2	1	5	945
1.385	2	1	4	945
1.385	2	1	5	945
1.3851	2	1	4	945
1.3851	2	1	5	945
1.3852	2	1	4	945
1.3852	2	1	5	945
1.3853	2	1	4	945
1.3853	2	1	5	945
1.3854	2	1	4	945
1.3854	2	1	5	945
1.3855	2	1	4	945
1.3855	2	1	5	945
1.3856	2	1	4	945
1.3856	2	1	5	945
1.3857	2	1	4	945
1.3857	2	1	5	945
1.3858	2	1	4	945
1.3858	2	1	5	945
1.3859	2	1	4	945
1.3859	2	1	5	945
1.386	2	1	4	945
1.386	2	1	5	945
1.3861	2	1	4	945
1.3861	2	1	5	945
1.3862	2	1	4	945
1.3862	2	1	5	945
1.3863	2	1	4	945
1.3863	2	1	5	945
1.3864	2	1	4	945
1.3864	2	1	5	945
1.3865	2	1	4	945
1.3865	2	1	5	945
1.3866	2	1	4	945
1.3866	2	1	5	945
1.3867	2	1	4	945
1.3867	2	1	5	945
1.3868	2	1	4	945
1.3868	2	1	5	945
1.3869	2	1	4	945
1.3869	2	1	5	945
1.387	2	1	4	945
1.387	2	1	5	945
1.3871	2	1	4	945
1.3871	2	1	5	945
1.3872	2	1	4	945
1.3872	2	1	5	945
1.3873	2	1	4	945
1.3873	2	1	5	945
1.3874	2	1	4	945
1.3874	2	1	5	945
1.3875	2	1	4	945
1.3875	2	1	5	945
1.3876	2	1	4	945
1.3876	2	1	5	945
1.3877	2	1	4	945
1.3877	2	1	5	945
1.3878	2	1	4	945
1.3878	2	1	5	945
1.3879	2	1	4	945
1.3879	2	1	5	945
1.388	2	1	4	945
1.388	2	1	5	945
1.3881	2	1	4	945
1.3881	2	1	5	945
1.3882	2	1	4	945
1.3882	2	1	5	945
1.3883	2	1	4	945
1.3883	2	1	5	945
1.3884	2	1	4	945
1.3884	2	1	5	945
1.3885	2	1	4	945
1.3885	2	1	5	945
1.3886	2	1	4	945
1.3886	2	1	5	945
1.3887	2	1	4	945
1.3887	2	1	5	945
1.3888	2	1	4	945
1.3888	2	1	5	945
1.3889	2	1	4	945
1.3889	2	1	5	945
1.389	2	1	4	945
1.389	2	1	5	945
1.3891	2	1	4	945
1.3891	2	1	5	945
1.3892	2	1	4	945
1.3892	2	1	5	945
1.3893	2	1	4	945
1.3893	2	1	5	945
1.3894	2	1	4	945
1.3894	2	1	5	945
1.3895	2	1	4	945
1.3895	2	1	5	945
1.3896	2	1	4	945
1.3896	2	1	5	945
1.3897	2	1	4	945
1.3897	2	1	5	945
1.3898	2	1	4	945
1.3898	2	1	5	945
1.3899	2	1	4	945
1.3899	2	1	5	945
1.39	2	1	4	945
1.39	2	1	5	945
1.3901	2	1	4	945
1.3901	2	1	5	945
1.3902	2	1	4	945
1.3902	2	1	5	945
1.3903	2	1	4	945
1.3903	2	1	5	945
1.3904	2	1	4	945
1.3904	2	1	5	945
1.3905	2	1	4	945
1.3905	2	1	5	945
1.3906	2	1	4	945
1.3906	2	1	5	945
1.3907	2	1	4	945
1.3907	2	1	5	945
1.3908	2	1	4	945
1.3908	2	1	5	945
1.3909	2	1	4	945
1.3909	2	1	5	945
1.391	2	1	4	945
1.391	2	1	5	945
1.3911	2	1	4	945
1.3911	2	1	5	945
1.3912	2	1	4	945
1.3912	2	1	5	945
1.3913	2	1	4	945
1.3913	2	1	5	945
1.3914	2	1	4	945
1.3914	2	1	5	945
1.3915	2	1	4	945
1.3915	2	1	5	945
1.3916	2	1	4	945
1.3916	2	1	5	945
1.3917	2	1	4	945
1.3917	2	1	5	945
1.3918	2	1	4	945
1.3918	2	1	5	945
1.3919	2	1	4	945
1.3919	2	1	5	945
1.392	2	1	4	945
1.392	2	1	5	945
1.3921	2	1	4	945
1.3921	2	1	5	945
1.3922	2	1	4	945
1.3922	2	1	5	945
1.3923	2	1	4	945
1.3923	2	1	5	945
1.3924	2	1	4	945
1.3924	2	1	5	945
1.3925	2	1	4	945
1.3925	2	1	5	945
1.3926	2	1	4	945
1.3926	2	1	5	945
1.3927	2	1	4	945
1.3927	2	1	5	945
1.3928	2	1	4	945
1.3928	2	1	5	945
1.3929	2	1	4	945
1.3929	2	1	5	945
1.393	2	1	4	945
1.393	2	1	5	945
1.3931	2	1	4	945
1.3931	2	1	5	945
1.3932	2	1	4	945
1.3932	2	1	5	945
1.3933	2	1	4	945
1.3933	2	1	5	945
1.3934	2	1	4	945
1.3934	2	1	5	945
1.3935	2	1	4	945
1.3935	2	1	5	945
1.3936	2	1	4	945
1.3936	2	1	5	945
1.3937	2	1	4	945
1.3937	2	1	5	945
1.3938	2	1	4	945
1.3938	2	1	5	945
1.3939	2	1	4	945
1.3939	2	1	5	945
1.394	2	1	4	945
1.394	2	1	5	945
1.3941	2	1	4	945
1.3941	2	1	5	945
1.3942	2	1	4	945
1.3942	2	1	5	945
1.3943	2	1	4	945
1.3943	2	1	5	945
1.3944	2	1	4	945
1.3944	2	1	5	945
1.3945	2	1	4	945
1.3945	2	1	5	945
1.3946	2	1	4	945
1.3946	2	1	5	945
1.3947	2	1	4	945
1.3947	2	1	5	945
1.3948	2	1	4	945
1.3948	2	1	5	945
1.3949	2	1	4	945
1.3949	2	1	5	945
1.395	2	1	4	945
1.395	2	1	5	945
1.3951	2	1	4	945
1.3951	2	1	5	945
1.3952	2	1	4	945
1.3952	2	1	5	945
1.3953	2	1	4	945
1.3953	2	1	5	945
1.3954	2	1	4	945
1.3954	2	1	5	945
1.3955	2	1	4	945
1.3955	2	1	5	945
1.3956	2	1	4	945
1.3956	2	1	5	945
1.3957	2	1	4	945
1.3957	2	1	5	945
1.3958	2	1	4	945
1.3958	2	1	5	945
1.3959	2	1	4	945
1.3959	2	1	5	945
1.396	2	1	4	945
1.396	2	1	5	945
1.3961	2	1	4	945
1.3961	2	1	5	945
1.3962	2	1	4	945
1.3962	2	1	5	945
1.3963	2	1	4	945
1.3963	2	1	5	945
1.3964	2	1	4	945
1.3964	2	1	5	945
1.3965	2	1	4	945
1.3965	2	1	5	945
1.3966	2	1	4	945
1.3966	2	1	5	945
1.3967	2	1	4	945
1.3967	2	1	5	945
1.3968	2	1	4	945
1.3968	2	1	5	945
1.3969	2	1	4	945
1.3969	2	1	5	945
1.397	2	1	4	945
1.397	2	1	5	945
1.3971	2	1	4	945
1.3971	2	1	5	945
1.3972	2	1	4	945
1.3972	2	1	5	945
1.3973	2	1	4	945
1.3973	2	1	5	945
1.3974	2	1	4	945
1.3974	2	1	5	945
1.3975	2	1	4	945
1.3975	2	1	5	945
1.3976	2	1	4	945
1.3976	2	1	5	945
1.3977	2	1	4	945
1.3977	2	1	5	945
1.3978	2	1	4	945
1.3978	2	1	5	945
1.3979	2	1	4	945
1.3979	2	1	5	945
1.398	2	1	4	945
1.398	2	1	5	945
1.3981	2	1	4	945
1.3981	2	1	5	945
1.3982	2	1	4	945
1.3982	2	1	5	945
1.3983	2	1	4	945
1.3983	2	1	5	945
1.3984	2	1	4	945
1.3984	2	1	5	945
1.3985	2	1	4	945
1.3985	2	1	5	945
1.3986	2	1	4	945
1.3986	2	1	5	945
1.3987	2	1	4	945
1.3987	2	1	5	945
1.3988	2	1	4	945
1.3988	2	1	5	945
1.3989	2	1	4	945
1.3989	2	1	5	945
1.399	2	1	4	945
1.399	2	1	5	945
1.3991	2	1	4	945
1.3991	2	1	5	945
1.3992	2	1	4	945
1.3992	2	1	5	945
1.3993	2	1	4	945
1.3993	2	1	5	945
1.3994	2	1	4	945
1.3994	2	1	5	945
1.3995	2	1	4	945
1.3995	2	1	5	945
1.3996	2	1	4	945
1.3996	2	1	5	945
1.3997	2	1	4	945
1.3997	2	1	5	945
1.3998	2	1	4	945
1.3998	2	1	5	945
1.3999	2	1	4	945
1.3999	2	1	5	945
