time(s)	cellId	rnti	lcid	packetSize	delay(s)
0.4101	2	1	4	945	0.0100983
0.4101	2	1	5	945	0.0100976
0.4111	2	1	4	945	0.0109983
0.4111	2	1	4	945	0.0108983
0.4111	2	1	4	945	0.0107983
0.4111	2	1	4	945	0.0106983
0.4111	2	1	4	945	0.0105983
0.4111	2	1	4	945	0.0104983
0.4111	2	1	4	945	0.0103983
0.4111	2	1	4	945	0.0102983
0.4111	2	1	4	945	0.0101983
0.4111	2	1	5	945	0.0109976
0.4111	2	1	5	945	0.0108976
0.4111	2	1	5	945	0.0107976
0.4111	2	1	5	945	0.0106976
0.4111	2	1	5	945	0.0105976
0.4111	2	1	5	945	0.0104976
0.4111	2	1	5	945	0.0103976
0.4111	2	1	5	945	0.0102976
0.4111	2	1	5	945	0.0101976
0.412029	2	1	4	945	0.0110269
0.412029	2	1	4	945	0.0109269
0.412029	2	1	4	945	0.0108269
0.412029	2	1	4	945	0.0107269
0.412029	2	1	4	945	0.0106269
0.412029	2	1	4	945	0.0105269
0.412029	2	1	4	945	0.0104269
0.412029	2	1	4	945	0.0103269
0.412029	2	1	4	945	0.0102269
0.412029	2	1	5	945	0.0110261
0.412029	2	1	5	945	0.0109261
0.412029	2	1	5	945	0.0108261
0.412029	2	1	5	945	0.0107261
0.412029	2	1	5	945	0.0106261
0.412029	2	1	5	945	0.0105261
0.412029	2	1	5	945	0.0104261
0.412029	2	1	5	945	0.0103261
0.412029	2	1	5	945	0.0102261
0.4151	2	1	4	945	0.0131983
0.4151	2	1	4	945	0.0130983
0.4151	2	1	4	945	0.0129983
0.4151	2	1	4	945	0.0128983
0.4151	2	1	4	945	0.0127983
0.4151	2	1	4	945	0.0126983
0.4151	2	1	4	945	0.0125983
0.4151	2	1	4	945	0.0124983
0.4151	2	1	4	945	0.0123983
0.4151	2	1	5	945	0.0131976
0.4151	2	1	5	945	0.0130976
0.4151	2	1	5	945	0.0129976
0.4151	2	1	5	945	0.0128976
0.4151	2	1	5	945	0.0127976
0.4151	2	1	5	945	0.0126976
0.4151	2	1	5	945	0.0125976
0.4151	2	1	5	945	0.0124976
0.4151	2	1	5	945	0.0123976
0.4161	2	1	4	945	0.0132983
0.4161	2	1	4	945	0.0131983
0.4161	2	1	4	945	0.0130983
0.4161	2	1	4	945	0.0129983
0.4161	2	1	4	945	0.0128983
0.4161	2	1	4	945	0.0127983
0.4161	2	1	4	945	0.0126983
0.4161	2	1	4	945	0.0125983
0.4161	2	1	4	945	0.0124983
0.4161	2	1	4	945	0.0123983
0.4161	2	1	5	945	0.0132976
0.4161	2	1	5	945	0.0131976
0.4161	2	1	5	945	0.0130976
0.4161	2	1	5	945	0.0129976
0.4161	2	1	5	945	0.0128976
0.4161	2	1	5	945	0.0127976
0.4161	2	1	5	945	0.0126976
0.4161	2	1	5	945	0.0125976
0.4161	2	1	5	945	0.0124976
0.4161	2	1	5	945	0.0123976
0.417029	2	1	4	945	0.0132269
0.417029	2	1	4	945	0.0131269
0.417029	2	1	4	945	0.0130269
0.417029	2	1	4	945	0.0129269
0.417029	2	1	4	945	0.0128269
0.417029	2	1	4	945	0.0127269
0.417029	2	1	4	945	0.0126269
0.417029	2	1	4	945	0.0125269
0.417029	2	1	5	945	0.0132261
0.417029	2	1	5	945	0.0131261
0.417029	2	1	5	945	0.0130261
0.417029	2	1	5	945	0.0129261
0.417029	2	1	5	945	0.0128261
0.417029	2	1	5	945	0.0127261
0.417029	2	1	5	945	0.0126261
0.417029	2	1	5	945	0.0125261
0.4201	2	1	4	945	0.0154983
0.4201	2	1	4	945	0.0153983
0.4201	2	1	4	945	0.0152983
0.4201	2	1	4	945	0.0151983
0.4201	2	1	4	945	0.0150983
0.4201	2	1	4	945	0.0149983
0.4201	2	1	4	945	0.0148983
0.4201	2	1	4	945	0.0147983
0.4201	2	1	4	945	0.0146983
0.4201	2	1	4	945	0.0145983
0.4201	2	1	5	945	0.0154976
0.4201	2	1	5	945	0.0153976
0.4201	2	1	5	945	0.0152976
0.4201	2	1	5	945	0.0151976
0.4201	2	1	5	945	0.0150976
0.4201	2	1	5	945	0.0149976
0.4201	2	1	5	945	0.0148976
0.4201	2	1	5	945	0.0147976
0.4201	2	1	5	945	0.0146976
0.4201	2	1	5	945	0.0145976
0.4211	2	1	4	945	0.0154983
0.4211	2	1	4	945	0.0153983
0.4211	2	1	4	945	0.0152983
0.4211	2	1	4	945	0.0151983
0.4211	2	1	4	945	0.0150983
0.4211	2	1	4	945	0.0149983
0.4211	2	1	4	945	0.0148983
0.4211	2	1	4	945	0.0147983
0.4211	2	1	4	945	0.0146983
0.4211	2	1	5	945	0.0154976
0.4211	2	1	5	945	0.0153976
0.4211	2	1	5	945	0.0152976
0.4211	2	1	5	945	0.0151976
0.4211	2	1	5	945	0.0150976
0.4211	2	1	5	945	0.0149976
0.4211	2	1	5	945	0.0148976
0.4211	2	1	5	945	0.0147976
0.4211	2	1	5	945	0.0146976
0.422029	2	1	4	945	0.0155269
0.422029	2	1	4	945	0.0154269
0.422029	2	1	4	945	0.0153269
0.422029	2	1	4	945	0.0152269
0.422029	2	1	4	945	0.0151269
0.422029	2	1	4	945	0.0150269
0.422029	2	1	4	945	0.0149269
0.422029	2	1	4	945	0.0148269
0.422029	2	1	4	945	0.0147269
0.422029	2	1	5	945	0.0155261
0.422029	2	1	5	945	0.0154261
0.422029	2	1	5	945	0.0153261
0.422029	2	1	5	945	0.0152261
0.422029	2	1	5	945	0.0151261
0.422029	2	1	5	945	0.0150261
0.422029	2	1	5	945	0.0149261
0.422029	2	1	5	945	0.0148261
0.422029	2	1	5	945	0.0147261
0.4251	2	1	4	945	0.0176983
0.4251	2	1	4	945	0.0175983
0.4251	2	1	4	945	0.0174983
0.4251	2	1	4	945	0.0173983
0.4251	2	1	4	945	0.0172983
0.4251	2	1	4	945	0.0171983
0.4251	2	1	4	945	0.0170983
0.4251	2	1	4	945	0.0169983
0.4251	2	1	4	945	0.0168983
0.4251	2	1	5	945	0.0176976
0.4251	2	1	5	945	0.0175976
0.4251	2	1	5	945	0.0174976
0.4251	2	1	5	945	0.0173976
0.4251	2	1	5	945	0.0172976
0.4251	2	1	5	945	0.0171976
0.4251	2	1	5	945	0.0170976
0.4251	2	1	5	945	0.0169976
0.4251	2	1	5	945	0.0168976
0.4261	2	1	4	945	0.0177983
0.4261	2	1	4	945	0.0176983
0.4261	2	1	4	945	0.0175983
0.4261	2	1	4	945	0.0174983
0.4261	2	1	4	945	0.0173983
0.4261	2	1	4	945	0.0172983
0.4261	2	1	4	945	0.0171983
0.4261	2	1	4	945	0.0170983
0.4261	2	1	4	945	0.0169983
0.4261	2	1	4	945	0.0168983
0.4261	2	1	5	945	0.0177976
0.4261	2	1	5	945	0.0176976
0.4261	2	1	5	945	0.0175976
0.4261	2	1	5	945	0.0174976
0.4261	2	1	5	945	0.0173976
0.4261	2	1	5	945	0.0172976
0.4261	2	1	5	945	0.0171976
0.4261	2	1	5	945	0.0170976
0.4261	2	1	5	945	0.0169976
0.4261	2	1	5	945	0.0168976
0.427029	2	1	4	945	0.0177269
0.427029	2	1	4	945	0.0176269
0.427029	2	1	4	945	0.0175269
0.427029	2	1	4	945	0.0174269
0.427029	2	1	4	945	0.0173269
0.427029	2	1	4	945	0.0172269
0.427029	2	1	4	945	0.0171269
0.427029	2	1	4	945	0.0170269
0.427029	2	1	5	945	0.0177261
0.427029	2	1	5	945	0.0176261
0.427029	2	1	5	945	0.0175261
0.427029	2	1	5	945	0.0174261
0.427029	2	1	5	945	0.0173261
0.427029	2	1	5	945	0.0172261
0.427029	2	1	5	945	0.0171261
0.427029	2	1	5	945	0.0170261
0.4301	2	1	4	945	0.0199983
0.4301	2	1	4	945	0.0198983
0.4301	2	1	4	945	0.0197983
0.4301	2	1	4	945	0.0196983
0.4301	2	1	4	945	0.0195983
0.4301	2	1	4	945	0.0194983
0.4301	2	1	4	945	0.0193983
0.4301	2	1	4	945	0.0192983
0.4301	2	1	4	945	0.0191983
0.4301	2	1	4	945	0.0190983
0.4301	2	1	5	945	0.0199976
0.4301	2	1	5	945	0.0198976
0.4301	2	1	5	945	0.0197976
0.4301	2	1	5	945	0.0196976
0.4301	2	1	5	945	0.0195976
0.4301	2	1	5	945	0.0194976
0.4301	2	1	5	945	0.0193976
0.4301	2	1	5	945	0.0192976
0.4301	2	1	5	945	0.0191976
0.4301	2	1	5	945	0.0190976
0.4311	2	1	4	945	0.0199983
0.4311	2	1	4	945	0.0198983
0.4311	2	1	4	945	0.0197983
0.4311	2	1	4	945	0.0196983
0.4311	2	1	4	945	0.0195983
0.4311	2	1	4	945	0.0194983
0.4311	2	1	4	945	0.0193983
0.4311	2	1	4	945	0.0192983
0.4311	2	1	4	945	0.0191983
0.4311	2	1	5	945	0.0199976
0.4311	2	1	5	945	0.0198976
0.4311	2	1	5	945	0.0197976
0.4311	2	1	5	945	0.0196976
0.4311	2	1	5	945	0.0195976
0.4311	2	1	5	945	0.0194976
0.4311	2	1	5	945	0.0193976
0.4311	2	1	5	945	0.0192976
0.4311	2	1	5	945	0.0191976
0.432029	2	1	4	945	0.0200269
0.432029	2	1	4	945	0.0199269
0.432029	2	1	4	945	0.0198269
0.432029	2	1	4	945	0.0197269
0.432029	2	1	4	945	0.0196269
0.432029	2	1	4	945	0.0195269
0.432029	2	1	4	945	0.0194269
0.432029	2	1	4	945	0.0193269
0.432029	2	1	4	945	0.0192269
0.432029	2	1	5	945	0.0200261
0.432029	2	1	5	945	0.0199261
0.432029	2	1	5	945	0.0198261
0.432029	2	1	5	945	0.0197261
0.432029	2	1	5	945	0.0196261
0.432029	2	1	5	945	0.0195261
0.432029	2	1	5	945	0.0194261
0.432029	2	1	5	945	0.0193261
0.432029	2	1	5	945	0.0192261
0.4351	2	1	4	945	0.0221983
0.4351	2	1	4	945	0.0220983
0.4351	2	1	4	945	0.0219983
0.4351	2	1	4	945	0.0218983
0.4351	2	1	4	945	0.0217983
0.4351	2	1	4	945	0.0216983
0.4351	2	1	4	945	0.0215983
0.4351	2	1	4	945	0.0214983
0.4351	2	1	4	945	0.0213983
0.4351	2	1	5	945	0.0221976
0.4351	2	1	5	945	0.0220976
0.4351	2	1	5	945	0.0219976
0.4351	2	1	5	945	0.0218976
0.4351	2	1	5	945	0.0217976
0.4351	2	1	5	945	0.0216976
0.4351	2	1	5	945	0.0215976
0.4351	2	1	5	945	0.0214976
0.4351	2	1	5	945	0.0213976
0.4361	2	1	4	945	0.0222983
0.4361	2	1	4	945	0.0221983
0.4361	2	1	4	945	0.0220983
0.4361	2	1	4	945	0.0219983
0.4361	2	1	4	945	0.0218983
0.4361	2	1	4	945	0.0217983
0.4361	2	1	4	945	0.0216983
0.4361	2	1	4	945	0.0215983
0.4361	2	1	4	945	0.0214983
0.4361	2	1	4	945	0.0213983
0.4361	2	1	5	945	0.0222976
0.4361	2	1	5	945	0.0221976
0.4361	2	1	5	945	0.0220976
0.4361	2	1	5	945	0.0219976
0.4361	2	1	5	945	0.0218976
0.4361	2	1	5	945	0.0217976
0.4361	2	1	5	945	0.0216976
0.4361	2	1	5	945	0.0215976
0.4361	2	1	5	945	0.0214976
0.4361	2	1	5	945	0.0213976
0.437029	2	1	4	945	0.0222269
0.437029	2	1	4	945	0.0221269
0.437029	2	1	4	945	0.0220269
0.437029	2	1	4	945	0.0219269
0.437029	2	1	4	945	0.0218269
0.437029	2	1	4	945	0.0217269
0.437029	2	1	4	945	0.0216269
0.437029	2	1	4	945	0.0215269
0.437029	2	1	4	945	0.0214269
0.437029	2	1	5	945	0.0222261
0.437029	2	1	5	945	0.0221261
0.437029	2	1	5	945	0.0220261
0.437029	2	1	5	945	0.0219261
0.437029	2	1	5	945	0.0218261
0.437029	2	1	5	945	0.0217261
0.437029	2	1	5	945	0.0216261
0.437029	2	1	5	945	0.0215261
0.437029	2	1	5	945	0.0214261
0.4401	2	1	4	945	0.0243983
0.4401	2	1	4	945	0.0242983
0.4401	2	1	4	945	0.0241983
0.4401	2	1	4	945	0.0240983
0.4401	2	1	4	945	0.0239983
0.4401	2	1	4	945	0.0238983
0.4401	2	1	4	945	0.0237983
0.4401	2	1	4	945	0.0236983
0.4401	2	1	4	945	0.0235983
0.4401	2	1	5	945	0.0243976
0.4401	2	1	5	945	0.0242976
0.4401	2	1	5	945	0.0241976
0.4401	2	1	5	945	0.0240976
0.4401	2	1	5	945	0.0239976
0.4401	2	1	5	945	0.0238976
0.4401	2	1	5	945	0.0237976
0.4401	2	1	5	945	0.0236976
0.4401	2	1	5	945	0.0235976
0.4411	2	1	4	945	0.0244983
0.4411	2	1	4	945	0.0243983
0.4411	2	1	4	945	0.0242983
0.4411	2	1	4	945	0.0241983
0.4411	2	1	4	945	0.0240983
0.4411	2	1	4	945	0.0239983
0.4411	2	1	4	945	0.0238983
0.4411	2	1	4	945	0.0237983
0.4411	2	1	4	945	0.0236983
0.4411	2	1	5	945	0.0244976
0.4411	2	1	5	945	0.0243976
0.4411	2	1	5	945	0.0242976
0.4411	2	1	5	945	0.0241976
0.4411	2	1	5	945	0.0240976
0.4411	2	1	5	945	0.0239976
0.4411	2	1	5	945	0.0238976
0.4411	2	1	5	945	0.0237976
0.4411	2	1	5	945	0.0236976
0.442029	2	1	4	945	0.0245269
0.442029	2	1	4	945	0.0244269
0.442029	2	1	4	945	0.0243269
0.442029	2	1	4	945	0.0242269
0.442029	2	1	4	945	0.0241269
0.442029	2	1	4	945	0.0240269
0.442029	2	1	4	945	0.0239269
0.442029	2	1	4	945	0.0238269
0.442029	2	1	4	945	0.0237269
0.442029	2	1	5	945	0.0245261
0.442029	2	1	5	945	0.0244261
0.442029	2	1	5	945	0.0243261
0.442029	2	1	5	945	0.0242261
0.442029	2	1	5	945	0.0241261
0.442029	2	1	5	945	0.0240261
0.442029	2	1	5	945	0.0239261
0.442029	2	1	5	945	0.0238261
0.442029	2	1	5	945	0.0237261
0.4451	2	1	4	945	0.0266983
0.4451	2	1	4	945	0.0265983
0.4451	2	1	4	945	0.0264983
0.4451	2	1	4	945	0.0263983
0.4451	2	1	4	945	0.0262983
0.4451	2	1	4	945	0.0261983
0.4451	2	1	4	945	0.0260983
0.4451	2	1	4	945	0.0259983
0.4451	2	1	4	945	0.0258983
0.4451	2	1	4	945	0.0257983
0.4451	2	1	5	945	0.0266976
0.4451	2	1	5	945	0.0265976
0.4451	2	1	5	945	0.0264976
0.4451	2	1	5	945	0.0263976
0.4451	2	1	5	945	0.0262976
0.4451	2	1	5	945	0.0261976
0.4451	2	1	5	945	0.0260976
0.4451	2	1	5	945	0.0259976
0.4451	2	1	5	945	0.0258976
0.4451	2	1	5	945	0.0257976
0.4461	2	1	4	945	0.0266983
0.4461	2	1	4	945	0.0265983
0.4461	2	1	4	945	0.0264983
0.4461	2	1	4	945	0.0263983
0.4461	2	1	4	945	0.0262983
0.4461	2	1	4	945	0.0261983
0.4461	2	1	4	945	0.0260983
0.4461	2	1	4	945	0.0259983
0.4461	2	1	4	945	0.0258983
0.4461	2	1	5	945	0.0266976
0.4461	2	1	5	945	0.0265976
0.4461	2	1	5	945	0.0264976
0.4461	2	1	5	945	0.0263976
0.4461	2	1	5	945	0.0262976
0.4461	2	1	5	945	0.0261976
0.4461	2	1	5	945	0.0260976
0.4461	2	1	5	945	0.0259976
0.4461	2	1	5	945	0.0258976
0.447029	2	1	4	945	0.0267269
0.447029	2	1	4	945	0.0266269
0.447029	2	1	4	945	0.0265269
0.447029	2	1	4	945	0.0264269
0.447029	2	1	4	945	0.0263269
0.447029	2	1	4	945	0.0262269
0.447029	2	1	4	945	0.0261269
0.447029	2	1	4	945	0.0260269
0.447029	2	1	4	945	0.0259269
0.447029	2	1	5	945	0.0267261
0.447029	2	1	5	945	0.0266261
0.447029	2	1	5	945	0.0265261
0.447029	2	1	5	945	0.0264261
0.447029	2	1	5	945	0.0263261
0.447029	2	1	5	945	0.0262261
0.447029	2	1	5	945	0.0261261
0.447029	2	1	5	945	0.0260261
0.447029	2	1	5	945	0.0259261
0.4501	2	1	4	945	0.0288983
0.4501	2	1	4	945	0.0287983
0.4501	2	1	4	945	0.0286983
0.4501	2	1	4	945	0.0285983
0.4501	2	1	4	945	0.0284983
0.4501	2	1	4	945	0.0283983
0.4501	2	1	4	945	0.0282983
0.4501	2	1	4	945	0.0281983
0.4501	2	1	4	945	0.0280983
0.4501	2	1	5	945	0.0288976
0.4501	2	1	5	945	0.0287976
0.4501	2	1	5	945	0.0286976
0.4501	2	1	5	945	0.0285976
0.4501	2	1	5	945	0.0284976
0.4501	2	1	5	945	0.0283976
0.4501	2	1	5	945	0.0282976
0.4501	2	1	5	945	0.0281976
0.4501	2	1	5	945	0.0280976
0.4511	2	1	4	945	0.0289983
0.4511	2	1	4	945	0.0288983
0.4511	2	1	4	945	0.0287983
0.4511	2	1	4	945	0.0286983
0.4511	2	1	4	945	0.0285983
0.4511	2	1	4	945	0.0284983
0.4511	2	1	4	945	0.0283983
0.4511	2	1	4	945	0.0282983
0.4511	2	1	4	945	0.0281983
0.4511	2	1	4	945	0.0280983
0.4511	2	1	5	945	0.0289976
0.4511	2	1	5	945	0.0288976
0.4511	2	1	5	945	0.0287976
0.4511	2	1	5	945	0.0286976
0.4511	2	1	5	945	0.0285976
0.4511	2	1	5	945	0.0284976
0.4511	2	1	5	945	0.0283976
0.4511	2	1	5	945	0.0282976
0.4511	2	1	5	945	0.0281976
0.4511	2	1	5	945	0.0280976
0.452029	2	1	4	945	0.0289269
0.452029	2	1	4	945	0.0288269
0.452029	2	1	4	945	0.0287269
0.452029	2	1	4	945	0.0286269
0.452029	2	1	4	945	0.0285269
0.452029	2	1	4	945	0.0284269
0.452029	2	1	4	945	0.0283269
0.452029	2	1	4	945	0.0282269
0.452029	2	1	5	945	0.0289261
0.452029	2	1	5	945	0.0288261
0.452029	2	1	5	945	0.0287261
0.452029	2	1	5	945	0.0286261
0.452029	2	1	5	945	0.0285261
0.452029	2	1	5	945	0.0284261
0.452029	2	1	5	945	0.0283261
0.452029	2	1	5	945	0.0282261
0.4551	2	1	4	945	0.0311983
0.4551	2	1	4	945	0.0310983
0.4551	2	1	4	945	0.0309983
0.4551	2	1	4	945	0.0308983
0.4551	2	1	4	945	0.0307983
0.4551	2	1	4	945	0.0306983
0.4551	2	1	4	945	0.0305983
0.4551	2	1	4	945	0.0304983
0.4551	2	1	4	945	0.0303983
0.4551	2	1	4	945	0.0302983
0.4551	2	1	5	945	0.0311976
0.4551	2	1	5	945	0.0310976
0.4551	2	1	5	945	0.0309976
0.4551	2	1	5	945	0.0308976
0.4551	2	1	5	945	0.0307976
0.4551	2	1	5	945	0.0306976
0.4551	2	1	5	945	0.0305976
0.4551	2	1	5	945	0.0304976
0.4551	2	1	5	945	0.0303976
0.4551	2	1	5	945	0.0302976
0.4561	2	1	4	945	0.0311983
0.4561	2	1	4	945	0.0310983
0.4561	2	1	4	945	0.0309983
0.4561	2	1	4	945	0.0308983
0.4561	2	1	4	945	0.0307983
0.4561	2	1	4	945	0.0306983
0.4561	2	1	4	945	0.0305983
0.4561	2	1	4	945	0.0304983
0.4561	2	1	4	945	0.0303983
0.4561	2	1	5	945	0.0311976
0.4561	2	1	5	945	0.0310976
0.4561	2	1	5	945	0.0309976
0.4561	2	1	5	945	0.0308976
0.4561	2	1	5	945	0.0307976
0.4561	2	1	5	945	0.0306976
0.4561	2	1	5	945	0.0305976
0.4561	2	1	5	945	0.0304976
0.4561	2	1	5	945	0.0303976
0.457029	2	1	4	945	0.0312269
0.457029	2	1	4	945	0.0311269
0.457029	2	1	4	945	0.0310269
0.457029	2	1	4	945	0.0309269
0.457029	2	1	4	945	0.0308269
0.457029	2	1	4	945	0.0307269
0.457029	2	1	4	945	0.0306269
0.457029	2	1	4	945	0.0305269
0.457029	2	1	4	945	0.0304269
0.457029	2	1	5	945	0.0312261
0.457029	2	1	5	945	0.0311261
0.457029	2	1	5	945	0.0310261
0.457029	2	1	5	945	0.0309261
0.457029	2	1	5	945	0.0308261
0.457029	2	1	5	945	0.0307261
0.457029	2	1	5	945	0.0306261
0.457029	2	1	5	945	0.0305261
0.457029	2	1	5	945	0.0304261
0.4601	2	1	4	945	0.0333983
0.4601	2	1	4	945	0.0332983
0.4601	2	1	4	945	0.0331983
0.4601	2	1	4	945	0.0330983
0.4601	2	1	4	945	0.0329983
0.4601	2	1	4	945	0.0328983
0.4601	2	1	4	945	0.0327983
0.4601	2	1	4	945	0.0326983
0.4601	2	1	4	945	0.0325983
0.4601	2	1	5	945	0.0333976
0.4601	2	1	5	945	0.0332976
0.4601	2	1	5	945	0.0331976
0.4601	2	1	5	945	0.0330976
0.4601	2	1	5	945	0.0329976
0.4601	2	1	5	945	0.0328976
0.4601	2	1	5	945	0.0327976
0.4601	2	1	5	945	0.0326976
0.4601	2	1	5	945	0.0325976
0.4611	2	1	4	945	0.0334983
0.4611	2	1	4	945	0.0333983
0.4611	2	1	4	945	0.0332983
0.4611	2	1	4	945	0.0331983
0.4611	2	1	4	945	0.0330983
0.4611	2	1	4	945	0.0329983
0.4611	2	1	4	945	0.0328983
0.4611	2	1	4	945	0.0327983
0.4611	2	1	4	945	0.0326983
0.4611	2	1	4	945	0.0325983
0.4611	2	1	5	945	0.0334976
0.4611	2	1	5	945	0.0333976
0.4611	2	1	5	945	0.0332976
0.4611	2	1	5	945	0.0331976
0.4611	2	1	5	945	0.0330976
0.4611	2	1	5	945	0.0329976
0.4611	2	1	5	945	0.0328976
0.4611	2	1	5	945	0.0327976
0.4611	2	1	5	945	0.0326976
0.4611	2	1	5	945	0.0325976
0.462029	2	1	4	945	0.0334269
0.462029	2	1	4	945	0.0333269
0.462029	2	1	4	945	0.0332269
0.462029	2	1	4	945	0.0331269
0.462029	2	1	4	945	0.0330269
0.462029	2	1	4	945	0.0329269
0.462029	2	1	4	945	0.0328269
0.462029	2	1	4	945	0.0327269
0.462029	2	1	4	945	0.0326269
0.462029	2	1	5	945	0.0334261
0.462029	2	1	5	945	0.0333261
0.462029	2	1	5	945	0.0332261
0.462029	2	1	5	945	0.0331261
0.462029	2	1	5	945	0.0330261
0.462029	2	1	5	945	0.0329261
0.462029	2	1	5	945	0.0328261
0.462029	2	1	5	945	0.0327261
0.462029	2	1	5	945	0.0326261
0.4651	2	1	4	945	0.0355983
0.4651	2	1	4	945	0.0354983
0.4651	2	1	4	945	0.0353983
0.4651	2	1	4	945	0.0352983
0.4651	2	1	4	945	0.0351983
0.4651	2	1	4	945	0.0350983
0.4651	2	1	4	945	0.0349983
0.4651	2	1	4	945	0.0348983
0.4651	2	1	4	945	0.0347983
0.4651	2	1	5	945	0.0355976
0.4651	2	1	5	945	0.0354976
0.4651	2	1	5	945	0.0353976
0.4651	2	1	5	945	0.0352976
0.4651	2	1	5	945	0.0351976
0.4651	2	1	5	945	0.0350976
0.4651	2	1	5	945	0.0349976
0.4651	2	1	5	945	0.0348976
0.4651	2	1	5	945	0.0347976
0.4661	2	1	4	945	0.0356983
0.4661	2	1	4	945	0.0355983
0.4661	2	1	4	945	0.0354983
0.4661	2	1	4	945	0.0353983
0.4661	2	1	4	945	0.0352983
0.4661	2	1	4	945	0.0351983
0.4661	2	1	4	945	0.0350983
0.4661	2	1	4	945	0.0349983
0.4661	2	1	4	945	0.0348983
0.4661	2	1	5	945	0.0356976
0.4661	2	1	5	945	0.0355976
0.4661	2	1	5	945	0.0354976
0.4661	2	1	5	945	0.0353976
0.4661	2	1	5	945	0.0352976
0.4661	2	1	5	945	0.0351976
0.4661	2	1	5	945	0.0350976
0.4661	2	1	5	945	0.0349976
0.4661	2	1	5	945	0.0348976
0.467029	2	1	4	945	0.0357269
0.467029	2	1	4	945	0.0356269
0.467029	2	1	4	945	0.0355269
0.467029	2	1	4	945	0.0354269
0.467029	2	1	4	945	0.0353269
0.467029	2	1	4	945	0.0352269
0.467029	2	1	4	945	0.0351269
0.467029	2	1	4	945	0.0350269
0.467029	2	1	4	945	0.0349269
0.467029	2	1	5	945	0.0357261
0.467029	2	1	5	945	0.0356261
0.467029	2	1	5	945	0.0355261
0.467029	2	1	5	945	0.0354261
0.467029	2	1	5	945	0.0353261
0.467029	2	1	5	945	0.0352261
0.467029	2	1	5	945	0.0351261
0.467029	2	1	5	945	0.0350261
0.467029	2	1	5	945	0.0349261
0.4701	2	1	4	945	0.0378983
0.4701	2	1	4	945	0.0377983
0.4701	2	1	4	945	0.0376983
0.4701	2	1	4	945	0.0375983
0.4701	2	1	4	945	0.0374983
0.4701	2	1	4	945	0.0373983
0.4701	2	1	4	945	0.0372983
0.4701	2	1	4	945	0.0371983
0.4701	2	1	4	945	0.0370983
0.4701	2	1	4	945	0.0369983
0.4701	2	1	5	945	0.0378976
0.4701	2	1	5	945	0.0377976
0.4701	2	1	5	945	0.0376976
0.4701	2	1	5	945	0.0375976
0.4701	2	1	5	945	0.0374976
0.4701	2	1	5	945	0.0373976
0.4701	2	1	5	945	0.0372976
0.4701	2	1	5	945	0.0371976
0.4701	2	1	5	945	0.0370976
0.4701	2	1	5	945	0.0369976
0.4711	2	1	4	945	0.0378983
0.4711	2	1	4	945	0.0377983
0.4711	2	1	4	945	0.0376983
0.4711	2	1	4	945	0.0375983
0.4711	2	1	4	945	0.0374983
0.4711	2	1	4	945	0.0373983
0.4711	2	1	4	945	0.0372983
0.4711	2	1	4	945	0.0371983
0.4711	2	1	4	945	0.0370983
0.4711	2	1	5	945	0.0378976
0.4711	2	1	5	945	0.0377976
0.4711	2	1	5	945	0.0376976
0.4711	2	1	5	945	0.0375976
0.4711	2	1	5	945	0.0374976
0.4711	2	1	5	945	0.0373976
0.4711	2	1	5	945	0.0372976
0.4711	2	1	5	945	0.0371976
0.4711	2	1	5	945	0.0370976
0.472029	2	1	4	945	0.0379269
0.472029	2	1	4	945	0.0378269
0.472029	2	1	4	945	0.0377269
0.472029	2	1	4	945	0.0376269
0.472029	2	1	4	945	0.0375269
0.472029	2	1	4	945	0.0374269
0.472029	2	1	4	945	0.0373269
0.472029	2	1	4	945	0.0372269
0.472029	2	1	4	945	0.0371269
0.472029	2	1	5	945	0.0379261
0.472029	2	1	5	945	0.0378261
0.472029	2	1	5	945	0.0377261
0.472029	2	1	5	945	0.0376261
0.472029	2	1	5	945	0.0375261
0.472029	2	1	5	945	0.0374261
0.472029	2	1	5	945	0.0373261
0.472029	2	1	5	945	0.0372261
0.472029	2	1	5	945	0.0371261
0.4751	2	1	4	945	0.0400983
0.4751	2	1	4	945	0.0399983
0.4751	2	1	4	945	0.0398983
0.4751	2	1	4	945	0.0397983
0.4751	2	1	4	945	0.0396983
0.4751	2	1	4	945	0.0395983
0.4751	2	1	4	945	0.0394983
0.4751	2	1	4	945	0.0393983
0.4751	2	1	4	945	0.0392983
0.4751	2	1	5	945	0.0400976
0.4751	2	1	5	945	0.0399976
0.4751	2	1	5	945	0.0398976
0.4751	2	1	5	945	0.0397976
0.4751	2	1	5	945	0.0396976
0.4751	2	1	5	945	0.0395976
0.4751	2	1	5	945	0.0394976
0.4751	2	1	5	945	0.0393976
0.4751	2	1	5	945	0.0392976
0.4761	2	1	4	945	0.0401983
0.4761	2	1	4	945	0.0400983
0.4761	2	1	4	945	0.0399983
0.4761	2	1	4	945	0.0398983
0.4761	2	1	4	945	0.0397983
0.4761	2	1	4	945	0.0396983
0.4761	2	1	4	945	0.0395983
0.4761	2	1	4	945	0.0394983
0.4761	2	1	4	945	0.0393983
0.4761	2	1	4	945	0.0392983
0.4761	2	1	5	945	0.0401976
0.4761	2	1	5	945	0.0400976
0.4761	2	1	5	945	0.0399976
0.4761	2	1	5	945	0.0398976
0.4761	2	1	5	945	0.0397976
0.4761	2	1	5	945	0.0396976
0.4761	2	1	5	945	0.0395976
0.4761	2	1	5	945	0.0394976
0.4761	2	1	5	945	0.0393976
0.4761	2	1	5	945	0.0392976
0.477029	2	1	4	945	0.0401269
0.477029	2	1	4	945	0.0400269
0.477029	2	1	4	945	0.0399269
0.477029	2	1	4	945	0.0398269
0.477029	2	1	4	945	0.0397269
0.477029	2	1	4	945	0.0396269
0.477029	2	1	4	945	0.0395269
0.477029	2	1	4	945	0.0394269
0.477029	2	1	5	945	0.0401261
0.477029	2	1	5	945	0.0400261
0.477029	2	1	5	945	0.0399261
0.477029	2	1	5	945	0.0398261
0.477029	2	1	5	945	0.0397261
0.477029	2	1	5	945	0.0396261
0.477029	2	1	5	945	0.0395261
0.477029	2	1	5	945	0.0394261
0.4801	2	1	4	945	0.0423983
0.4801	2	1	4	945	0.0422983
0.4801	2	1	4	945	0.0421983
0.4801	2	1	4	945	0.0420983
0.4801	2	1	4	945	0.0419983
0.4801	2	1	4	945	0.0418983
0.4801	2	1	4	945	0.0417983
0.4801	2	1	4	945	0.0416983
0.4801	2	1	4	945	0.0415983
0.4801	2	1	4	945	0.0414983
0.4801	2	1	5	945	0.0423976
0.4801	2	1	5	945	0.0422976
0.4801	2	1	5	945	0.0421976
0.4801	2	1	5	945	0.0420976
0.4801	2	1	5	945	0.0419976
0.4801	2	1	5	945	0.0418976
0.4801	2	1	5	945	0.0417976
0.4801	2	1	5	945	0.0416976
0.4801	2	1	5	945	0.0415976
0.4801	2	1	5	945	0.0414976
0.4811	2	1	4	945	0.0423983
0.4811	2	1	4	945	0.0422983
0.4811	2	1	4	945	0.0421983
0.4811	2	1	4	945	0.0420983
0.4811	2	1	4	945	0.0419983
0.4811	2	1	4	945	0.0418983
0.4811	2	1	4	945	0.0417983
0.4811	2	1	4	945	0.0416983
0.4811	2	1	4	945	0.0415983
0.4811	2	1	5	945	0.0423976
0.4811	2	1	5	945	0.0422976
0.4811	2	1	5	945	0.0421976
0.4811	2	1	5	945	0.0420976
0.4811	2	1	5	945	0.0419976
0.4811	2	1	5	945	0.0418976
0.4811	2	1	5	945	0.0417976
0.4811	2	1	5	945	0.0416976
0.4811	2	1	5	945	0.0415976
0.482029	2	1	4	945	0.0424269
0.482029	2	1	4	945	0.0423269
0.482029	2	1	4	945	0.0422269
0.482029	2	1	4	945	0.0421269
0.482029	2	1	4	945	0.0420269
0.482029	2	1	4	945	0.0419269
0.482029	2	1	4	945	0.0418269
0.482029	2	1	4	945	0.0417269
0.482029	2	1	4	945	0.0416269
0.482029	2	1	5	945	0.0424261
0.482029	2	1	5	945	0.0423261
0.482029	2	1	5	945	0.0422261
0.482029	2	1	5	945	0.0421261
0.482029	2	1	5	945	0.0420261
0.482029	2	1	5	945	0.0419261
0.482029	2	1	5	945	0.0418261
0.482029	2	1	5	945	0.0417261
0.482029	2	1	5	945	0.0416261
0.4851	2	1	4	945	0.0445983
0.4851	2	1	4	945	0.0444983
0.4851	2	1	4	945	0.0443983
0.4851	2	1	4	945	0.0442983
0.4851	2	1	4	945	0.0441983
0.4851	2	1	4	945	0.0440983
0.4851	2	1	4	945	0.0439983
0.4851	2	1	4	945	0.0438983
0.4851	2	1	4	945	0.0437983
0.4851	2	1	5	945	0.0445976
0.4851	2	1	5	945	0.0444976
0.4851	2	1	5	945	0.0443976
0.4851	2	1	5	945	0.0442976
0.4851	2	1	5	945	0.0441976
0.4851	2	1	5	945	0.0440976
0.4851	2	1	5	945	0.0439976
0.4851	2	1	5	945	0.0438976
0.4851	2	1	5	945	0.0437976
0.4861	2	1	4	945	0.0446983
0.4861	2	1	4	945	0.0445983
0.4861	2	1	4	945	0.0444983
0.4861	2	1	4	945	0.0443983
0.4861	2	1	4	945	0.0442983
0.4861	2	1	4	945	0.0441983
0.4861	2	1	4	945	0.0440983
0.4861	2	1	4	945	0.0439983
0.4861	2	1	4	945	0.0438983
0.4861	2	1	4	945	0.0437983
0.4861	2	1	5	945	0.0446976
0.4861	2	1	5	945	0.0445976
0.4861	2	1	5	945	0.0444976
0.4861	2	1	5	945	0.0443976
0.4861	2	1	5	945	0.0442976
0.4861	2	1	5	945	0.0441976
0.4861	2	1	5	945	0.0440976
0.4861	2	1	5	945	0.0439976
0.4861	2	1	5	945	0.0438976
0.4861	2	1	5	945	0.0437976
0.487029	2	1	4	945	0.0446269
0.487029	2	1	4	945	0.0445269
0.487029	2	1	4	945	0.0444269
0.487029	2	1	4	945	0.0443269
0.487029	2	1	4	945	0.0442269
0.487029	2	1	4	945	0.0441269
0.487029	2	1	4	945	0.0440269
0.487029	2	1	4	945	0.0439269
0.487029	2	1	5	945	0.0446261
0.487029	2	1	5	945	0.0445261
0.487029	2	1	5	945	0.0444261
0.487029	2	1	5	945	0.0443261
0.487029	2	1	5	945	0.0442261
0.487029	2	1	5	945	0.0441261
0.487029	2	1	5	945	0.0440261
0.487029	2	1	5	945	0.0439261
0.4901	2	1	4	945	0.0468983
0.4901	2	1	4	945	0.0467983
0.4901	2	1	4	945	0.0466983
0.4901	2	1	4	945	0.0465983
0.4901	2	1	4	945	0.0464983
0.4901	2	1	4	945	0.0463983
0.4901	2	1	4	945	0.0462983
0.4901	2	1	4	945	0.0461983
0.4901	2	1	4	945	0.0460983
0.4901	2	1	4	945	0.0459983
0.4901	2	1	5	945	0.0468976
0.4901	2	1	5	945	0.0467976
0.4901	2	1	5	945	0.0466976
0.4901	2	1	5	945	0.0465976
0.4901	2	1	5	945	0.0464976
0.4901	2	1	5	945	0.0463976
0.4901	2	1	5	945	0.0462976
0.4901	2	1	5	945	0.0461976
0.4901	2	1	5	945	0.0460976
0.4901	2	1	5	945	0.0459976
0.4911	2	1	4	945	0.0468983
0.4911	2	1	4	945	0.0467983
0.4911	2	1	4	945	0.0466983
0.4911	2	1	4	945	0.0465983
0.4911	2	1	4	945	0.0464983
0.4911	2	1	4	945	0.0463983
0.4911	2	1	4	945	0.0462983
0.4911	2	1	4	945	0.0461983
0.4911	2	1	4	945	0.0460983
0.4911	2	1	5	945	0.0468976
0.4911	2	1	5	945	0.0467976
0.4911	2	1	5	945	0.0466976
0.4911	2	1	5	945	0.0465976
0.4911	2	1	5	945	0.0464976
0.4911	2	1	5	945	0.0463976
0.4911	2	1	5	945	0.0462976
0.4911	2	1	5	945	0.0461976
0.4911	2	1	5	945	0.0460976
0.492029	2	1	4	945	0.0469269
0.492029	2	1	4	945	0.0468269
0.492029	2	1	4	945	0.0467269
0.492029	2	1	4	945	0.0466269
0.492029	2	1	4	945	0.0465269
0.492029	2	1	4	945	0.0464269
0.492029	2	1	4	945	0.0463269
0.492029	2	1	4	945	0.0462269
0.492029	2	1	4	945	0.0461269
0.492029	2	1	5	945	0.0469261
0.492029	2	1	5	945	0.0468261
0.492029	2	1	5	945	0.0467261
0.492029	2	1	5	945	0.0466261
0.492029	2	1	5	945	0.0465261
0.492029	2	1	5	945	0.0464261
0.492029	2	1	5	945	0.0463261
0.492029	2	1	5	945	0.0462261
0.492029	2	1	5	945	0.0461261
0.4951	2	1	4	945	0.0490983
0.4951	2	1	4	945	0.0489983
0.4951	2	1	4	945	0.0488983
0.4951	2	1	4	945	0.0487983
0.4951	2	1	4	945	0.0486983
0.4951	2	1	4	945	0.0485983
0.4951	2	1	4	945	0.0484983
0.4951	2	1	4	945	0.0483983
0.4951	2	1	4	945	0.0482983
0.4951	2	1	5	945	0.0490976
0.4951	2	1	5	945	0.0489976
0.4951	2	1	5	945	0.0488976
0.4951	2	1	5	945	0.0487976
0.4951	2	1	5	945	0.0486976
0.4951	2	1	5	945	0.0485976
0.4951	2	1	5	945	0.0484976
0.4951	2	1	5	945	0.0483976
0.4951	2	1	5	945	0.0482976
0.4961	2	1	4	945	0.0491983
0.4961	2	1	4	945	0.0490983
0.4961	2	1	4	945	0.0489983
0.4961	2	1	4	945	0.0488983
0.4961	2	1	4	945	0.0487983
0.4961	2	1	4	945	0.0486983
0.4961	2	1	4	945	0.0485983
0.4961	2	1	4	945	0.0484983
0.4961	2	1	4	945	0.0483983
0.4961	2	1	4	945	0.0482983
0.4961	2	1	5	945	0.0491976
0.4961	2	1	5	945	0.0490976
0.4961	2	1	5	945	0.0489976
0.4961	2	1	5	945	0.0488976
0.4961	2	1	5	945	0.0487976
0.4961	2	1	5	945	0.0486976
0.4961	2	1	5	945	0.0485976
0.4961	2	1	5	945	0.0484976
0.4961	2	1	5	945	0.0483976
0.4961	2	1	5	945	0.0482976
0.497029	2	1	4	945	0.0491269
0.497029	2	1	4	945	0.0490269
0.497029	2	1	4	945	0.0489269
0.497029	2	1	4	945	0.0488269
0.497029	2	1	4	945	0.0487269
0.497029	2	1	4	945	0.0486269
0.497029	2	1	4	945	0.0485269
0.497029	2	1	4	945	0.0484269
0.497029	2	1	4	945	0.0483269
0.497029	2	1	5	945	0.0491261
0.497029	2	1	5	945	0.0490261
0.497029	2	1	5	945	0.0489261
0.497029	2	1	5	945	0.0488261
0.497029	2	1	5	945	0.0487261
0.497029	2	1	5	945	0.0486261
0.497029	2	1	5	945	0.0485261
0.497029	2	1	5	945	0.0484261
0.497029	2	1	5	945	0.0483261
0.5001	2	1	4	945	0.0512983
0.5001	2	1	4	945	0.0511983
0.5001	2	1	4	945	0.0510983
0.5001	2	1	4	945	0.0509983
0.5001	2	1	4	945	0.0508983
0.5001	2	1	4	945	0.0507983
0.5001	2	1	4	945	0.0506983
0.5001	2	1	4	945	0.0505983
0.5001	2	1	4	945	0.0504983
0.5001	2	1	5	945	0.0512976
0.5001	2	1	5	945	0.0511976
0.5001	2	1	5	945	0.0510976
0.5001	2	1	5	945	0.0509976
0.5001	2	1	5	945	0.0508976
0.5001	2	1	5	945	0.0507976
0.5001	2	1	5	945	0.0506976
0.5001	2	1	5	945	0.0505976
0.5001	2	1	5	945	0.0504976
0.5011	2	1	4	945	0.0513983
0.5011	2	1	4	945	0.0512983
0.5011	2	1	4	945	0.0511983
0.5011	2	1	4	945	0.0510983
0.5011	2	1	4	945	0.0509983
0.5011	2	1	4	945	0.0508983
0.5011	2	1	4	945	0.0507983
0.5011	2	1	4	945	0.0506983
0.5011	2	1	4	945	0.0505983
0.5011	2	1	5	945	0.0513976
0.5011	2	1	5	945	0.0512976
0.5011	2	1	5	945	0.0511976
0.5011	2	1	5	945	0.0510976
0.5011	2	1	5	945	0.0509976
0.5011	2	1	5	945	0.0508976
0.5011	2	1	5	945	0.0507976
0.5011	2	1	5	945	0.0506976
0.5011	2	1	5	945	0.0505976
0.502029	2	1	4	945	0.0514269
0.502029	2	1	4	945	0.0513269
0.502029	2	1	4	945	0.0512269
0.502029	2	1	4	945	0.0511269
0.502029	2	1	4	945	0.0510269
0.502029	2	1	4	945	0.0509269
0.502029	2	1	4	945	0.0508269
0.502029	2	1	4	945	0.0507269
0.502029	2	1	4	945	0.0506269
0.502029	2	1	5	945	0.0514261
0.502029	2	1	5	945	0.0513261
0.502029	2	1	5	945	0.0512261
0.502029	2	1	5	945	0.0511261
0.502029	2	1	5	945	0.0510261
0.502029	2	1	5	945	0.0509261
0.502029	2	1	5	945	0.0508261
0.502029	2	1	5	945	0.0507261
0.502029	2	1	5	945	0.0506261
0.5051	2	1	4	945	0.0535983
0.5051	2	1	4	945	0.0534983
0.5051	2	1	4	945	0.0533983
0.5051	2	1	4	945	0.0532983
0.5051	2	1	4	945	0.0531983
0.5051	2	1	4	945	0.0530983
0.5051	2	1	4	945	0.0529983
0.5051	2	1	4	945	0.0528983
0.5051	2	1	4	945	0.0527983
0.5051	2	1	4	945	0.0526983
0.5051	2	1	5	945	0.0535976
0.5051	2	1	5	945	0.0534976
0.5051	2	1	5	945	0.0533976
0.5051	2	1	5	945	0.0532976
0.5051	2	1	5	945	0.0531976
0.5051	2	1	5	945	0.0530976
0.5051	2	1	5	945	0.0529976
0.5051	2	1	5	945	0.0528976
0.5051	2	1	5	945	0.0527976
0.5051	2	1	5	945	0.0526976
0.5061	2	1	4	945	0.0535983
0.5061	2	1	4	945	0.0534983
0.5061	2	1	4	945	0.0533983
0.5061	2	1	4	945	0.0532983
0.5061	2	1	4	945	0.0531983
0.5061	2	1	4	945	0.0530983
0.5061	2	1	4	945	0.0529983
0.5061	2	1	4	945	0.0528983
0.5061	2	1	4	945	0.0527983
0.5061	2	1	5	945	0.0535976
0.5061	2	1	5	945	0.0534976
0.5061	2	1	5	945	0.0533976
0.5061	2	1	5	945	0.0532976
0.5061	2	1	5	945	0.0531976
0.5061	2	1	5	945	0.0530976
0.5061	2	1	5	945	0.0529976
0.5061	2	1	5	945	0.0528976
0.5061	2	1	5	945	0.0527976
0.507029	2	1	4	945	0.0536269
0.507029	2	1	4	945	0.0535269
0.507029	2	1	4	945	0.0534269
0.507029	2	1	4	945	0.0533269
0.507029	2	1	4	945	0.0532269
0.507029	2	1	4	945	0.0531269
0.507029	2	1	4	945	0.0530269
0.507029	2	1	4	945	0.0529269
0.507029	2	1	4	945	0.0528269
0.507029	2	1	5	945	0.0536261
0.507029	2	1	5	945	0.0535261
0.507029	2	1	5	945	0.0534261
0.507029	2	1	5	945	0.0533261
0.507029	2	1	5	945	0.0532261
0.507029	2	1	5	945	0.0531261
0.507029	2	1	5	945	0.0530261
0.507029	2	1	5	945	0.0529261
0.507029	2	1	5	945	0.0528261
0.5101	2	1	4	945	0.0557983
0.5101	2	1	4	945	0.0556983
0.5101	2	1	4	945	0.0555983
0.5101	2	1	4	945	0.0554983
0.5101	2	1	4	945	0.0553983
0.5101	2	1	4	945	0.0552983
0.5101	2	1	4	945	0.0551983
0.5101	2	1	4	945	0.0550983
0.5101	2	1	4	945	0.0549983
0.5101	2	1	5	945	0.0557976
0.5101	2	1	5	945	0.0556976
0.5101	2	1	5	945	0.0555976
0.5101	2	1	5	945	0.0554976
0.5101	2	1	5	945	0.0553976
0.5101	2	1	5	945	0.0552976
0.5101	2	1	5	945	0.0551976
0.5101	2	1	5	945	0.0550976
0.5101	2	1	5	945	0.0549976
0.5111	2	1	4	945	0.0558983
0.5111	2	1	4	945	0.0557983
0.5111	2	1	4	945	0.0556983
0.5111	2	1	4	945	0.0555983
0.5111	2	1	4	945	0.0554983
0.5111	2	1	4	945	0.0553983
0.5111	2	1	4	945	0.0552983
0.5111	2	1	4	945	0.0551983
0.5111	2	1	4	945	0.0550983
0.5111	2	1	4	945	0.0549983
0.5111	2	1	5	945	0.0558976
0.5111	2	1	5	945	0.0557976
0.5111	2	1	5	945	0.0556976
0.5111	2	1	5	945	0.0555976
0.5111	2	1	5	945	0.0554976
0.5111	2	1	5	945	0.0553976
0.5111	2	1	5	945	0.0552976
0.5111	2	1	5	945	0.0551976
0.5111	2	1	5	945	0.0550976
0.5111	2	1	5	945	0.0549976
0.512029	2	1	4	945	0.0558269
0.512029	2	1	4	945	0.0557269
0.512029	2	1	4	945	0.0556269
0.512029	2	1	4	945	0.0555269
0.512029	2	1	4	945	0.0554269
0.512029	2	1	4	945	0.0553269
0.512029	2	1	4	945	0.0552269
0.512029	2	1	4	945	0.0551269
0.512029	2	1	5	945	0.0558261
0.512029	2	1	5	945	0.0557261
0.512029	2	1	5	945	0.0556261
0.512029	2	1	5	945	0.0555261
0.512029	2	1	5	945	0.0554261
0.512029	2	1	5	945	0.0553261
0.512029	2	1	5	945	0.0552261
0.512029	2	1	5	945	0.0551261
0.5151	2	1	4	945	0.0580983
0.5151	2	1	4	945	0.0579983
0.5151	2	1	4	945	0.0578983
0.5151	2	1	4	945	0.0577983
0.5151	2	1	4	945	0.0576983
0.5151	2	1	4	945	0.0575983
0.5151	2	1	4	945	0.0574983
0.5151	2	1	4	945	0.0573983
0.5151	2	1	4	945	0.0572983
0.5151	2	1	4	945	0.0571983
0.5151	2	1	5	945	0.0580976
0.5151	2	1	5	945	0.0579976
0.5151	2	1	5	945	0.0578976
0.5151	2	1	5	945	0.0577976
0.5151	2	1	5	945	0.0576976
0.5151	2	1	5	945	0.0575976
0.5151	2	1	5	945	0.0574976
0.5151	2	1	5	945	0.0573976
0.5151	2	1	5	945	0.0572976
0.5151	2	1	5	945	0.0571976
0.5161	2	1	4	945	0.0580983
0.5161	2	1	4	945	0.0579983
0.5161	2	1	4	945	0.0578983
0.5161	2	1	4	945	0.0577983
0.5161	2	1	4	945	0.0576983
0.5161	2	1	4	945	0.0575983
0.5161	2	1	4	945	0.0574983
0.5161	2	1	4	945	0.0573983
0.5161	2	1	4	945	0.0572983
0.5161	2	1	5	945	0.0580976
0.5161	2	1	5	945	0.0579976
0.5161	2	1	5	945	0.0578976
0.5161	2	1	5	945	0.0577976
0.5161	2	1	5	945	0.0576976
0.5161	2	1	5	945	0.0575976
0.5161	2	1	5	945	0.0574976
0.5161	2	1	5	945	0.0573976
0.5161	2	1	5	945	0.0572976
0.517029	2	1	4	945	0.0581269
0.517029	2	1	4	945	0.0580269
0.517029	2	1	4	945	0.0579269
0.517029	2	1	4	945	0.0578269
0.517029	2	1	4	945	0.0577269
0.517029	2	1	4	945	0.0576269
0.517029	2	1	4	945	0.0575269
0.517029	2	1	4	945	0.0574269
0.517029	2	1	4	945	0.0573269
0.517029	2	1	5	945	0.0581261
0.517029	2	1	5	945	0.0580261
0.517029	2	1	5	945	0.0579261
0.517029	2	1	5	945	0.0578261
0.517029	2	1	5	945	0.0577261
0.517029	2	1	5	945	0.0576261
0.517029	2	1	5	945	0.0575261
0.517029	2	1	5	945	0.0574261
0.517029	2	1	5	945	0.0573261
0.5201	2	1	4	945	0.0602983
0.5201	2	1	4	945	0.0601983
0.5201	2	1	4	945	0.0600983
0.5201	2	1	4	945	0.0599983
0.5201	2	1	4	945	0.0598983
0.5201	2	1	4	945	0.0597983
0.5201	2	1	4	945	0.0596983
0.5201	2	1	4	945	0.0595983
0.5201	2	1	4	945	0.0594983
0.5201	2	1	5	945	0.0602976
0.5201	2	1	5	945	0.0601976
0.5201	2	1	5	945	0.0600976
0.5201	2	1	5	945	0.0599976
0.5201	2	1	5	945	0.0598976
0.5201	2	1	5	945	0.0597976
0.5201	2	1	5	945	0.0596976
0.5201	2	1	5	945	0.0595976
0.5201	2	1	5	945	0.0594976
0.5211	2	1	4	945	0.0603983
0.5211	2	1	4	945	0.0602983
0.5211	2	1	4	945	0.0601983
0.5211	2	1	4	945	0.0600983
0.5211	2	1	4	945	0.0599983
0.5211	2	1	4	945	0.0598983
0.5211	2	1	4	945	0.0597983
0.5211	2	1	4	945	0.0596983
0.5211	2	1	4	945	0.0595983
0.5211	2	1	4	945	0.0594983
0.5211	2	1	5	945	0.0603976
0.5211	2	1	5	945	0.0602976
0.5211	2	1	5	945	0.0601976
0.5211	2	1	5	945	0.0600976
0.5211	2	1	5	945	0.0599976
0.5211	2	1	5	945	0.0598976
0.5211	2	1	5	945	0.0597976
0.5211	2	1	5	945	0.0596976
0.5211	2	1	5	945	0.0595976
0.5211	2	1	5	945	0.0594976
0.522029	2	1	4	945	0.0603269
0.522029	2	1	4	945	0.0602269
0.522029	2	1	4	945	0.0601269
0.522029	2	1	4	945	0.0600269
0.522029	2	1	4	945	0.0599269
0.522029	2	1	4	945	0.0598269
0.522029	2	1	4	945	0.0597269
0.522029	2	1	4	945	0.0596269
0.522029	2	1	4	945	0.0595269
0.522029	2	1	5	945	0.0603261
0.522029	2	1	5	945	0.0602261
0.522029	2	1	5	945	0.0601261
0.522029	2	1	5	945	0.0600261
0.522029	2	1	5	945	0.0599261
0.522029	2	1	5	945	0.0598261
0.522029	2	1	5	945	0.0597261
0.522029	2	1	5	945	0.0596261
0.522029	2	1	5	945	0.0595261
0.5251	2	1	4	945	0.0624983
0.5251	2	1	4	945	0.0623983
0.5251	2	1	4	945	0.0622983
0.5251	2	1	4	945	0.0621983
0.5251	2	1	4	945	0.0620983
0.5251	2	1	4	945	0.0619983
0.5251	2	1	4	945	0.0618983
0.5251	2	1	4	945	0.0617983
0.5251	2	1	4	945	0.0616983
0.5251	2	1	5	945	0.0624976
0.5251	2	1	5	945	0.0623976
0.5251	2	1	5	945	0.0622976
0.5251	2	1	5	945	0.0621976
0.5251	2	1	5	945	0.0620976
0.5251	2	1	5	945	0.0619976
0.5251	2	1	5	945	0.0618976
0.5251	2	1	5	945	0.0617976
0.5251	2	1	5	945	0.0616976
0.5261	2	1	4	945	0.0625983
0.5261	2	1	4	945	0.0624983
0.5261	2	1	4	945	0.0623983
0.5261	2	1	4	945	0.0622983
0.5261	2	1	4	945	0.0621983
0.5261	2	1	4	945	0.0620983
0.5261	2	1	4	945	0.0619983
0.5261	2	1	4	945	0.0618983
0.5261	2	1	4	945	0.0617983
0.5261	2	1	5	945	0.0625976
0.5261	2	1	5	945	0.0624976
0.5261	2	1	5	945	0.0623976
0.5261	2	1	5	945	0.0622976
0.5261	2	1	5	945	0.0621976
0.5261	2	1	5	945	0.0620976
0.5261	2	1	5	945	0.0619976
0.5261	2	1	5	945	0.0618976
0.5261	2	1	5	945	0.0617976
0.527029	2	1	4	945	0.0626269
0.527029	2	1	4	945	0.0625269
0.527029	2	1	4	945	0.0624269
0.527029	2	1	4	945	0.0623269
0.527029	2	1	4	945	0.0622269
0.527029	2	1	4	945	0.0621269
0.527029	2	1	4	945	0.0620269
0.527029	2	1	4	945	0.0619269
0.527029	2	1	4	945	0.0618269
0.527029	2	1	5	945	0.0626261
0.527029	2	1	5	945	0.0625261
0.527029	2	1	5	945	0.0624261
0.527029	2	1	5	945	0.0623261
0.527029	2	1	5	945	0.0622261
0.527029	2	1	5	945	0.0621261
0.527029	2	1	5	945	0.0620261
0.527029	2	1	5	945	0.0619261
0.527029	2	1	5	945	0.0618261
0.5301	2	1	4	945	0.0647983
0.5301	2	1	4	945	0.0646983
0.5301	2	1	4	945	0.0645983
0.5301	2	1	4	945	0.0644983
0.5301	2	1	4	945	0.0643983
0.5301	2	1	4	945	0.0642983
0.5301	2	1	4	945	0.0641983
0.5301	2	1	4	945	0.0640983
0.5301	2	1	4	945	0.0639983
0.5301	2	1	4	945	0.0638983
0.5301	2	1	5	945	0.0647976
0.5301	2	1	5	945	0.0646976
0.5301	2	1	5	945	0.0645976
0.5301	2	1	5	945	0.0644976
0.5301	2	1	5	945	0.0643976
0.5301	2	1	5	945	0.0642976
0.5301	2	1	5	945	0.0641976
0.5301	2	1	5	945	0.0640976
0.5301	2	1	5	945	0.0639976
0.5301	2	1	5	945	0.0638976
0.5311	2	1	4	945	0.0647983
0.5311	2	1	4	945	0.0646983
0.5311	2	1	4	945	0.0645983
0.5311	2	1	4	945	0.0644983
0.5311	2	1	4	945	0.0643983
0.5311	2	1	4	945	0.0642983
0.5311	2	1	4	945	0.0641983
0.5311	2	1	4	945	0.0640983
0.5311	2	1	4	945	0.0639983
0.5311	2	1	5	945	0.0647976
0.5311	2	1	5	945	0.0646976
0.5311	2	1	5	945	0.0645976
0.5311	2	1	5	945	0.0644976
0.5311	2	1	5	945	0.0643976
0.5311	2	1	5	945	0.0642976
0.5311	2	1	5	945	0.0641976
0.5311	2	1	5	945	0.0640976
0.5311	2	1	5	945	0.0639976
0.532029	2	1	4	945	0.0648269
0.532029	2	1	4	945	0.0647269
0.532029	2	1	4	945	0.0646269
0.532029	2	1	4	945	0.0645269
0.532029	2	1	4	945	0.0644269
0.532029	2	1	4	945	0.0643269
0.532029	2	1	4	945	0.0642269
0.532029	2	1	4	945	0.0641269
0.532029	2	1	4	945	0.0640269
0.532029	2	1	5	945	0.0648261
0.532029	2	1	5	945	0.0647261
0.532029	2	1	5	945	0.0646261
0.532029	2	1	5	945	0.0645261
0.532029	2	1	5	945	0.0644261
0.532029	2	1	5	945	0.0643261
0.532029	2	1	5	945	0.0642261
0.532029	2	1	5	945	0.0641261
0.532029	2	1	5	945	0.0640261
0.5351	2	1	4	945	0.0669983
0.5351	2	1	4	945	0.0668983
0.5351	2	1	4	945	0.0667983
0.5351	2	1	4	945	0.0666983
0.5351	2	1	4	945	0.0665983
0.5351	2	1	4	945	0.0664983
0.5351	2	1	4	945	0.0663983
0.5351	2	1	4	945	0.0662983
0.5351	2	1	4	945	0.0661983
0.5351	2	1	5	945	0.0669976
0.5351	2	1	5	945	0.0668976
0.5351	2	1	5	945	0.0667976
0.5351	2	1	5	945	0.0666976
0.5351	2	1	5	945	0.0665976
0.5351	2	1	5	945	0.0664976
0.5351	2	1	5	945	0.0663976
0.5351	2	1	5	945	0.0662976
0.5351	2	1	5	945	0.0661976
0.5361	2	1	4	945	0.0670983
0.5361	2	1	4	945	0.0669983
0.5361	2	1	4	945	0.0668983
0.5361	2	1	4	945	0.0667983
0.5361	2	1	4	945	0.0666983
0.5361	2	1	4	945	0.0665983
0.5361	2	1	4	945	0.0664983
0.5361	2	1	4	945	0.0663983
0.5361	2	1	4	945	0.0662983
0.5361	2	1	4	945	0.0661983
0.5361	2	1	5	945	0.0670976
0.5361	2	1	5	945	0.0669976
0.5361	2	1	5	945	0.0668976
0.5361	2	1	5	945	0.0667976
0.5361	2	1	5	945	0.0666976
0.5361	2	1	5	945	0.0665976
0.5361	2	1	5	945	0.0664976
0.5361	2	1	5	945	0.0663976
0.5361	2	1	5	945	0.0662976
0.5361	2	1	5	945	0.0661976
0.537029	2	1	4	945	0.0670269
0.537029	2	1	4	945	0.0669269
0.537029	2	1	4	945	0.0668269
0.537029	2	1	4	945	0.0667269
0.537029	2	1	4	945	0.0666269
0.537029	2	1	4	945	0.0665269
0.537029	2	1	4	945	0.0664269
0.537029	2	1	4	945	0.0663269
0.537029	2	1	5	945	0.0670261
0.537029	2	1	5	945	0.0669261
0.537029	2	1	5	945	0.0668261
0.537029	2	1	5	945	0.0667261
0.537029	2	1	5	945	0.0666261
0.537029	2	1	5	945	0.0665261
0.537029	2	1	5	945	0.0664261
0.537029	2	1	5	945	0.0663261
0.5401	2	1	4	945	0.0692983
0.5401	2	1	4	945	0.0691983
0.5401	2	1	4	945	0.0690983
0.5401	2	1	4	945	0.0689983
0.5401	2	1	4	945	0.0688983
0.5401	2	1	4	945	0.0687983
0.5401	2	1	4	945	0.0686983
0.5401	2	1	4	945	0.0685983
0.5401	2	1	4	945	0.0684983
0.5401	2	1	4	945	0.0683983
0.5401	2	1	5	945	0.0692976
0.5401	2	1	5	945	0.0691976
0.5401	2	1	5	945	0.0690976
0.5401	2	1	5	945	0.0689976
0.5401	2	1	5	945	0.0688976
0.5401	2	1	5	945	0.0687976
0.5401	2	1	5	945	0.0686976
0.5401	2	1	5	945	0.0685976
0.5401	2	1	5	945	0.0684976
0.5401	2	1	5	945	0.0683976
0.5411	2	1	4	945	0.0692983
0.5411	2	1	4	945	0.0691983
0.5411	2	1	4	945	0.0690983
0.5411	2	1	4	945	0.0689983
0.5411	2	1	4	945	0.0688983
0.5411	2	1	4	945	0.0687983
0.5411	2	1	4	945	0.0686983
0.5411	2	1	4	945	0.0685983
0.5411	2	1	4	945	0.0684983
0.5411	2	1	5	945	0.0692976
0.5411	2	1	5	945	0.0691976
0.5411	2	1	5	945	0.0690976
0.5411	2	1	5	945	0.0689976
0.5411	2	1	5	945	0.0688976
0.5411	2	1	5	945	0.0687976
0.5411	2	1	5	945	0.0686976
0.5411	2	1	5	945	0.0685976
0.5411	2	1	5	945	0.0684976
0.542029	2	1	4	945	0.0693269
0.542029	2	1	4	945	0.0692269
0.542029	2	1	4	945	0.0691269
0.542029	2	1	4	945	0.0690269
0.542029	2	1	4	945	0.0689269
0.542029	2	1	4	945	0.0688269
0.542029	2	1	4	945	0.0687269
0.542029	2	1	4	945	0.0686269
0.542029	2	1	4	945	0.0685269
0.542029	2	1	5	945	0.0693261
0.542029	2	1	5	945	0.0692261
0.542029	2	1	5	945	0.0691261
0.542029	2	1	5	945	0.0690261
0.542029	2	1	5	945	0.0689261
0.542029	2	1	5	945	0.0688261
0.542029	2	1	5	945	0.0687261
0.542029	2	1	5	945	0.0686261
0.542029	2	1	5	945	0.0685261
0.5451	2	1	4	945	0.0714983
0.5451	2	1	4	945	0.0713983
0.5451	2	1	4	945	0.0712983
0.5451	2	1	4	945	0.0711983
0.5451	2	1	4	945	0.0710983
0.5451	2	1	4	945	0.0709983
0.5451	2	1	4	945	0.0708983
0.5451	2	1	4	945	0.0707983
0.5451	2	1	4	945	0.0706983
0.5451	2	1	5	945	0.0714976
0.5451	2	1	5	945	0.0713976
0.5451	2	1	5	945	0.0712976
0.5451	2	1	5	945	0.0711976
0.5451	2	1	5	945	0.0710976
0.5451	2	1	5	945	0.0709976
0.5451	2	1	5	945	0.0708976
0.5451	2	1	5	945	0.0707976
0.5451	2	1	5	945	0.0706976
0.5461	2	1	4	945	0.0715983
0.5461	2	1	4	945	0.0714983
0.5461	2	1	4	945	0.0713983
0.5461	2	1	4	945	0.0712983
0.5461	2	1	4	945	0.0711983
0.5461	2	1	4	945	0.0710983
0.5461	2	1	4	945	0.0709983
0.5461	2	1	4	945	0.0708983
0.5461	2	1	4	945	0.0707983
0.5461	2	1	4	945	0.0706983
0.5461	2	1	5	945	0.0715976
0.5461	2	1	5	945	0.0714976
0.5461	2	1	5	945	0.0713976
0.5461	2	1	5	945	0.0712976
0.5461	2	1	5	945	0.0711976
0.5461	2	1	5	945	0.0710976
0.5461	2	1	5	945	0.0709976
0.5461	2	1	5	945	0.0708976
0.5461	2	1	5	945	0.0707976
0.5461	2	1	5	945	0.0706976
0.547029	2	1	4	945	0.0715269
0.547029	2	1	4	945	0.0714269
0.547029	2	1	4	945	0.0713269
0.547029	2	1	4	945	0.0712269
0.547029	2	1	4	945	0.0711269
0.547029	2	1	4	945	0.0710269
0.547029	2	1	4	945	0.0709269
0.547029	2	1	4	945	0.0708269
0.547029	2	1	5	945	0.0715261
0.547029	2	1	5	945	0.0714261
0.547029	2	1	5	945	0.0713261
0.547029	2	1	5	945	0.0712261
0.547029	2	1	5	945	0.0711261
0.547029	2	1	5	945	0.0710261
0.547029	2	1	5	945	0.0709261
0.547029	2	1	5	945	0.0708261
0.5501	2	1	4	945	0.0737983
0.5501	2	1	4	945	0.0736983
0.5501	2	1	4	945	0.0735983
0.5501	2	1	4	945	0.0734983
0.5501	2	1	4	945	0.0733983
0.5501	2	1	4	945	0.0732983
0.5501	2	1	4	945	0.0731983
0.5501	2	1	4	945	0.0730983
0.5501	2	1	4	945	0.0729983
0.5501	2	1	4	945	0.0728983
0.5501	2	1	5	945	0.0737976
0.5501	2	1	5	945	0.0736976
0.5501	2	1	5	945	0.0735976
0.5501	2	1	5	945	0.0734976
0.5501	2	1	5	945	0.0733976
0.5501	2	1	5	945	0.0732976
0.5501	2	1	5	945	0.0731976
0.5501	2	1	5	945	0.0730976
0.5501	2	1	5	945	0.0729976
0.5501	2	1	5	945	0.0728976
0.5511	2	1	4	945	0.0737983
0.5511	2	1	4	945	0.0736983
0.5511	2	1	4	945	0.0735983
0.5511	2	1	4	945	0.0734983
0.5511	2	1	4	945	0.0733983
0.5511	2	1	4	945	0.0732983
0.5511	2	1	4	945	0.0731983
0.5511	2	1	4	945	0.0730983
0.5511	2	1	4	945	0.0729983
0.5511	2	1	5	945	0.0737976
0.5511	2	1	5	945	0.0736976
0.5511	2	1	5	945	0.0735976
0.5511	2	1	5	945	0.0734976
0.5511	2	1	5	945	0.0733976
0.5511	2	1	5	945	0.0732976
0.5511	2	1	5	945	0.0731976
0.5511	2	1	5	945	0.0730976
0.5511	2	1	5	945	0.0729976
0.552029	2	1	4	945	0.0738269
0.552029	2	1	4	945	0.0737269
0.552029	2	1	4	945	0.0736269
0.552029	2	1	4	945	0.0735269
0.552029	2	1	4	945	0.0734269
0.552029	2	1	4	945	0.0733269
0.552029	2	1	4	945	0.0732269
0.552029	2	1	4	945	0.0731269
0.552029	2	1	4	945	0.0730269
0.552029	2	1	5	945	0.0738261
0.552029	2	1	5	945	0.0737261
0.552029	2	1	5	945	0.0736261
0.552029	2	1	5	945	0.0735261
0.552029	2	1	5	945	0.0734261
0.552029	2	1	5	945	0.0733261
0.552029	2	1	5	945	0.0732261
0.552029	2	1	5	945	0.0731261
0.552029	2	1	5	945	0.0730261
0.5551	2	1	4	945	0.0759983
0.5551	2	1	4	945	0.0758983
0.5551	2	1	4	945	0.0757983
0.5551	2	1	4	945	0.0756983
0.5551	2	1	4	945	0.0755983
0.5551	2	1	4	945	0.0754983
0.5551	2	1	4	945	0.0753983
0.5551	2	1	4	945	0.0752983
0.5551	2	1	4	945	0.0751983
0.5551	2	1	5	945	0.0759976
0.5551	2	1	5	945	0.0758976
0.5551	2	1	5	945	0.0757976
0.5551	2	1	5	945	0.0756976
0.5551	2	1	5	945	0.0755976
0.5551	2	1	5	945	0.0754976
0.5551	2	1	5	945	0.0753976
0.5551	2	1	5	945	0.0752976
0.5551	2	1	5	945	0.0751976
0.5561	2	1	4	945	0.0760983
0.5561	2	1	4	945	0.0759983
0.5561	2	1	4	945	0.0758983
0.5561	2	1	4	945	0.0757983
0.5561	2	1	4	945	0.0756983
0.5561	2	1	4	945	0.0755983
0.5561	2	1	4	945	0.0754983
0.5561	2	1	4	945	0.0753983
0.5561	2	1	4	945	0.0752983
0.5561	2	1	4	945	0.0751983
0.5561	2	1	5	945	0.0760976
0.5561	2	1	5	945	0.0759976
0.5561	2	1	5	945	0.0758976
0.5561	2	1	5	945	0.0757976
0.5561	2	1	5	945	0.0756976
0.5561	2	1	5	945	0.0755976
0.5561	2	1	5	945	0.0754976
0.5561	2	1	5	945	0.0753976
0.5561	2	1	5	945	0.0752976
0.5561	2	1	5	945	0.0751976
0.557029	2	1	4	945	0.0760269
0.557029	2	1	4	945	0.0759269
0.557029	2	1	4	945	0.0758269
0.557029	2	1	4	945	0.0757269
0.557029	2	1	4	945	0.0756269
0.557029	2	1	4	945	0.0755269
0.557029	2	1	4	945	0.0754269
0.557029	2	1	4	945	0.0753269
0.557029	2	1	4	945	0.0752269
0.557029	2	1	5	945	0.0760261
0.557029	2	1	5	945	0.0759261
0.557029	2	1	5	945	0.0758261
0.557029	2	1	5	945	0.0757261
0.557029	2	1	5	945	0.0756261
0.557029	2	1	5	945	0.0755261
0.557029	2	1	5	945	0.0754261
0.557029	2	1	5	945	0.0753261
0.557029	2	1	5	945	0.0752261
0.5601	2	1	4	945	0.0781983
0.5601	2	1	4	945	0.0780983
0.5601	2	1	4	945	0.0779983
0.5601	2	1	4	945	0.0778983
0.5601	2	1	4	945	0.0777983
0.5601	2	1	4	945	0.0776983
0.5601	2	1	4	945	0.0775983
0.5601	2	1	4	945	0.0774983
0.5601	2	1	4	945	0.0773983
0.5601	2	1	5	945	0.0781976
0.5601	2	1	5	945	0.0780976
0.5601	2	1	5	945	0.0779976
0.5601	2	1	5	945	0.0778976
0.5601	2	1	5	945	0.0777976
0.5601	2	1	5	945	0.0776976
0.5601	2	1	5	945	0.0775976
0.5601	2	1	5	945	0.0774976
0.5601	2	1	5	945	0.0773976
0.5611	2	1	4	945	0.0782983
0.5611	2	1	4	945	0.0781983
0.5611	2	1	4	945	0.0780983
0.5611	2	1	4	945	0.0779983
0.5611	2	1	4	945	0.0778983
0.5611	2	1	4	945	0.0777983
0.5611	2	1	4	945	0.0776983
0.5611	2	1	4	945	0.0775983
0.5611	2	1	4	945	0.0774983
0.5611	2	1	5	945	0.0782976
0.5611	2	1	5	945	0.0781976
0.5611	2	1	5	945	0.0780976
0.5611	2	1	5	945	0.0779976
0.5611	2	1	5	945	0.0778976
0.5611	2	1	5	945	0.0777976
0.5611	2	1	5	945	0.0776976
0.5611	2	1	5	945	0.0775976
0.5611	2	1	5	945	0.0774976
0.562029	2	1	4	945	0.0783269
0.562029	2	1	4	945	0.0782269
0.562029	2	1	4	945	0.0781269
0.562029	2	1	4	945	0.0780269
0.562029	2	1	4	945	0.0779269
0.562029	2	1	4	945	0.0778269
0.562029	2	1	4	945	0.0777269
0.562029	2	1	4	945	0.0776269
0.562029	2	1	4	945	0.0775269
0.562029	2	1	5	945	0.0783261
0.562029	2	1	5	945	0.0782261
0.562029	2	1	5	945	0.0781261
0.562029	2	1	5	945	0.0780261
0.562029	2	1	5	945	0.0779261
0.562029	2	1	5	945	0.0778261
0.562029	2	1	5	945	0.0777261
0.562029	2	1	5	945	0.0776261
0.562029	2	1	5	945	0.0775261
0.5651	2	1	4	945	0.0804983
0.5651	2	1	4	945	0.0803983
0.5651	2	1	4	945	0.0802983
0.5651	2	1	4	945	0.0801983
0.5651	2	1	4	945	0.0800983
0.5651	2	1	4	945	0.0799983
0.5651	2	1	4	945	0.0798983
0.5651	2	1	4	945	0.0797983
0.5651	2	1	4	945	0.0796983
0.5651	2	1	4	945	0.0795983
0.5651	2	1	5	945	0.0804976
0.5651	2	1	5	945	0.0803976
0.5651	2	1	5	945	0.0802976
0.5651	2	1	5	945	0.0801976
0.5651	2	1	5	945	0.0800976
0.5651	2	1	5	945	0.0799976
0.5651	2	1	5	945	0.0798976
0.5651	2	1	5	945	0.0797976
0.5651	2	1	5	945	0.0796976
0.5651	2	1	5	945	0.0795976
0.5661	2	1	4	945	0.0804983
0.5661	2	1	4	945	0.0803983
0.5661	2	1	4	945	0.0802983
0.5661	2	1	4	945	0.0801983
0.5661	2	1	4	945	0.0800983
0.5661	2	1	4	945	0.0799983
0.5661	2	1	4	945	0.0798983
0.5661	2	1	4	945	0.0797983
0.5661	2	1	4	945	0.0796983
0.5661	2	1	5	945	0.0804976
0.5661	2	1	5	945	0.0803976
0.5661	2	1	5	945	0.0802976
0.5661	2	1	5	945	0.0801976
0.5661	2	1	5	945	0.0800976
0.5661	2	1	5	945	0.0799976
0.5661	2	1	5	945	0.0798976
0.5661	2	1	5	945	0.0797976
0.5661	2	1	5	945	0.0796976
0.567029	2	1	4	945	0.0805269
0.567029	2	1	4	945	0.0804269
0.567029	2	1	4	945	0.0803269
0.567029	2	1	4	945	0.0802269
0.567029	2	1	4	945	0.0801269
0.567029	2	1	4	945	0.0800269
0.567029	2	1	4	945	0.0799269
0.567029	2	1	4	945	0.0798269
0.567029	2	1	4	945	0.0797269
0.567029	2	1	5	945	0.0805261
0.567029	2	1	5	945	0.0804261
0.567029	2	1	5	945	0.0803261
0.567029	2	1	5	945	0.0802261
0.567029	2	1	5	945	0.0801261
0.567029	2	1	5	945	0.0800261
0.567029	2	1	5	945	0.0799261
0.567029	2	1	5	945	0.0798261
0.567029	2	1	5	945	0.0797261
0.5701	2	1	4	945	0.0826983
0.5701	2	1	4	945	0.0825983
0.5701	2	1	4	945	0.0824983
0.5701	2	1	4	945	0.0823983
0.5701	2	1	4	945	0.0822983
0.5701	2	1	4	945	0.0821983
0.5701	2	1	4	945	0.0820983
0.5701	2	1	4	945	0.0819983
0.5701	2	1	4	945	0.0818983
0.5701	2	1	5	945	0.0826976
0.5701	2	1	5	945	0.0825976
0.5701	2	1	5	945	0.0824976
0.5701	2	1	5	945	0.0823976
0.5701	2	1	5	945	0.0822976
0.5701	2	1	5	945	0.0821976
0.5701	2	1	5	945	0.0820976
0.5701	2	1	5	945	0.0819976
0.5701	2	1	5	945	0.0818976
0.5711	2	1	4	945	0.0827983
0.5711	2	1	4	945	0.0826983
0.5711	2	1	4	945	0.0825983
0.5711	2	1	4	945	0.0824983
0.5711	2	1	4	945	0.0823983
0.5711	2	1	4	945	0.0822983
0.5711	2	1	4	945	0.0821983
0.5711	2	1	4	945	0.0820983
0.5711	2	1	4	945	0.0819983
0.5711	2	1	4	945	0.0818983
0.5711	2	1	5	945	0.0827976
0.5711	2	1	5	945	0.0826976
0.5711	2	1	5	945	0.0825976
0.5711	2	1	5	945	0.0824976
0.5711	2	1	5	945	0.0823976
0.5711	2	1	5	945	0.0822976
0.5711	2	1	5	945	0.0821976
0.5711	2	1	5	945	0.0820976
0.5711	2	1	5	945	0.0819976
0.5711	2	1	5	945	0.0818976
0.572029	2	1	4	945	0.0827269
0.572029	2	1	4	945	0.0826269
0.572029	2	1	4	945	0.0825269
0.572029	2	1	4	945	0.0824269
0.572029	2	1	4	945	0.0823269
0.572029	2	1	4	945	0.0822269
0.572029	2	1	4	945	0.0821269
0.572029	2	1	4	945	0.0820269
0.572029	2	1	5	945	0.0827261
0.572029	2	1	5	945	0.0826261
0.572029	2	1	5	945	0.0825261
0.572029	2	1	5	945	0.0824261
0.572029	2	1	5	945	0.0823261
0.572029	2	1	5	945	0.0822261
0.572029	2	1	5	945	0.0821261
0.572029	2	1	5	945	0.0820261
0.5751	2	1	4	945	0.0849983
0.5751	2	1	4	945	0.0848983
0.5751	2	1	4	945	0.0847983
0.5751	2	1	4	945	0.0846983
0.5751	2	1	4	945	0.0845983
0.5751	2	1	4	945	0.0844983
0.5751	2	1	4	945	0.0843983
0.5751	2	1	4	945	0.0842983
0.5751	2	1	4	945	0.0841983
0.5751	2	1	4	945	0.0840983
0.5751	2	1	5	945	0.0849976
0.5751	2	1	5	945	0.0848976
0.5751	2	1	5	945	0.0847976
0.5751	2	1	5	945	0.0846976
0.5751	2	1	5	945	0.0845976
0.5751	2	1	5	945	0.0844976
0.5751	2	1	5	945	0.0843976
0.5751	2	1	5	945	0.0842976
0.5751	2	1	5	945	0.0841976
0.5751	2	1	5	945	0.0840976
0.5761	2	1	4	945	0.0849983
0.5761	2	1	4	945	0.0848983
0.5761	2	1	4	945	0.0847983
0.5761	2	1	4	945	0.0846983
0.5761	2	1	4	945	0.0845983
0.5761	2	1	4	945	0.0844983
0.5761	2	1	4	945	0.0843983
0.5761	2	1	4	945	0.0842983
0.5761	2	1	4	945	0.0841983
0.5761	2	1	5	945	0.0849976
0.5761	2	1	5	945	0.0848976
0.5761	2	1	5	945	0.0847976
0.5761	2	1	5	945	0.0846976
0.5761	2	1	5	945	0.0845976
0.5761	2	1	5	945	0.0844976
0.5761	2	1	5	945	0.0843976
0.5761	2	1	5	945	0.0842976
0.5761	2	1	5	945	0.0841976
0.577029	2	1	4	945	0.0850269
0.577029	2	1	4	945	0.0849269
0.577029	2	1	4	945	0.0848269
0.577029	2	1	4	945	0.0847269
0.577029	2	1	4	945	0.0846269
0.577029	2	1	4	945	0.0845269
0.577029	2	1	4	945	0.0844269
0.577029	2	1	4	945	0.0843269
0.577029	2	1	4	945	0.0842269
0.577029	2	1	5	945	0.0850261
0.577029	2	1	5	945	0.0849261
0.577029	2	1	5	945	0.0848261
0.577029	2	1	5	945	0.0847261
0.577029	2	1	5	945	0.0846261
0.577029	2	1	5	945	0.0845261
0.577029	2	1	5	945	0.0844261
0.577029	2	1	5	945	0.0843261
0.577029	2	1	5	945	0.0842261
0.5801	2	1	4	945	0.0871983
0.5801	2	1	4	945	0.0870983
0.5801	2	1	4	945	0.0869983
0.5801	2	1	4	945	0.0868983
0.5801	2	1	4	945	0.0867983
0.5801	2	1	4	945	0.0866983
0.5801	2	1	4	945	0.0865983
0.5801	2	1	4	945	0.0864983
0.5801	2	1	4	945	0.0863983
0.5801	2	1	5	945	0.0871976
0.5801	2	1	5	945	0.0870976
0.5801	2	1	5	945	0.0869976
0.5801	2	1	5	945	0.0868976
0.5801	2	1	5	945	0.0867976
0.5801	2	1	5	945	0.0866976
0.5801	2	1	5	945	0.0865976
0.5801	2	1	5	945	0.0864976
0.5801	2	1	5	945	0.0863976
0.5811	2	1	4	945	0.0872983
0.5811	2	1	4	945	0.0871983
0.5811	2	1	4	945	0.0870983
0.5811	2	1	4	945	0.0869983
0.5811	2	1	4	945	0.0868983
0.5811	2	1	4	945	0.0867983
0.5811	2	1	4	945	0.0866983
0.5811	2	1	4	945	0.0865983
0.5811	2	1	4	945	0.0864983
0.5811	2	1	4	945	0.0863983
0.5811	2	1	5	945	0.0872976
0.5811	2	1	5	945	0.0871976
0.5811	2	1	5	945	0.0870976
0.5811	2	1	5	945	0.0869976
0.5811	2	1	5	945	0.0868976
0.5811	2	1	5	945	0.0867976
0.5811	2	1	5	945	0.0866976
0.5811	2	1	5	945	0.0865976
0.5811	2	1	5	945	0.0864976
0.5811	2	1	5	945	0.0863976
0.582029	2	1	4	945	0.0872269
0.582029	2	1	4	945	0.0871269
0.582029	2	1	4	945	0.0870269
0.582029	2	1	4	945	0.0869269
0.582029	2	1	4	945	0.0868269
0.582029	2	1	4	945	0.0867269
0.582029	2	1	4	945	0.0866269
0.582029	2	1	4	945	0.0865269
0.582029	2	1	4	945	0.0864269
0.582029	2	1	5	945	0.0872261
0.582029	2	1	5	945	0.0871261
0.582029	2	1	5	945	0.0870261
0.582029	2	1	5	945	0.0869261
0.582029	2	1	5	945	0.0868261
0.582029	2	1	5	945	0.0867261
0.582029	2	1	5	945	0.0866261
0.582029	2	1	5	945	0.0865261
0.582029	2	1	5	945	0.0864261
0.5851	2	1	4	945	0.0893983
0.5851	2	1	4	945	0.0892983
0.5851	2	1	4	945	0.0891983
0.5851	2	1	4	945	0.0890983
0.5851	2	1	4	945	0.0889983
0.5851	2	1	4	945	0.0888983
0.5851	2	1	4	945	0.0887983
0.5851	2	1	4	945	0.0886983
0.5851	2	1	4	945	0.0885983
0.5851	2	1	5	945	0.0893976
0.5851	2	1	5	945	0.0892976
0.5851	2	1	5	945	0.0891976
0.5851	2	1	5	945	0.0890976
0.5851	2	1	5	945	0.0889976
0.5851	2	1	5	945	0.0888976
0.5851	2	1	5	945	0.0887976
0.5851	2	1	5	945	0.0886976
0.5851	2	1	5	945	0.0885976
0.5861	2	1	4	945	0.0894983
0.5861	2	1	4	945	0.0893983
0.5861	2	1	4	945	0.0892983
0.5861	2	1	4	945	0.0891983
0.5861	2	1	4	945	0.0890983
0.5861	2	1	4	945	0.0889983
0.5861	2	1	4	945	0.0888983
0.5861	2	1	4	945	0.0887983
0.5861	2	1	4	945	0.0886983
0.5861	2	1	5	945	0.0894976
0.5861	2	1	5	945	0.0893976
0.5861	2	1	5	945	0.0892976
0.5861	2	1	5	945	0.0891976
0.5861	2	1	5	945	0.0890976
0.5861	2	1	5	945	0.0889976
0.5861	2	1	5	945	0.0888976
0.5861	2	1	5	945	0.0887976
0.5861	2	1	5	945	0.0886976
0.587029	2	1	4	945	0.0895269
0.587029	2	1	4	945	0.0894269
0.587029	2	1	4	945	0.0893269
0.587029	2	1	4	945	0.0892269
0.587029	2	1	4	945	0.0891269
0.587029	2	1	4	945	0.0890269
0.587029	2	1	4	945	0.0889269
0.587029	2	1	4	945	0.0888269
0.587029	2	1	4	945	0.0887269
0.587029	2	1	5	945	0.0895261
0.587029	2	1	5	945	0.0894261
0.587029	2	1	5	945	0.0893261
0.587029	2	1	5	945	0.0892261
0.587029	2	1	5	945	0.0891261
0.587029	2	1	5	945	0.0890261
0.587029	2	1	5	945	0.0889261
0.587029	2	1	5	945	0.0888261
0.587029	2	1	5	945	0.0887261
0.5901	2	1	4	945	0.0916983
0.5901	2	1	4	945	0.0915983
0.5901	2	1	4	945	0.0914983
0.5901	2	1	4	945	0.0913983
0.5901	2	1	4	945	0.0912983
0.5901	2	1	4	945	0.0911983
0.5901	2	1	4	945	0.0910983
0.5901	2	1	4	945	0.0909983
0.5901	2	1	4	945	0.0908983
0.5901	2	1	4	945	0.0907983
0.5901	2	1	5	945	0.0916976
0.5901	2	1	5	945	0.0915976
0.5901	2	1	5	945	0.0914976
0.5901	2	1	5	945	0.0913976
0.5901	2	1	5	945	0.0912976
0.5901	2	1	5	945	0.0911976
0.5901	2	1	5	945	0.0910976
0.5901	2	1	5	945	0.0909976
0.5901	2	1	5	945	0.0908976
0.5901	2	1	5	945	0.0907976
0.5911	2	1	4	945	0.0916983
0.5911	2	1	4	945	0.0915983
0.5911	2	1	4	945	0.0914983
0.5911	2	1	4	945	0.0913983
0.5911	2	1	4	945	0.0912983
0.5911	2	1	4	945	0.0911983
0.5911	2	1	4	945	0.0910983
0.5911	2	1	4	945	0.0909983
0.5911	2	1	4	945	0.0908983
0.5911	2	1	5	945	0.0916976
0.5911	2	1	5	945	0.0915976
0.5911	2	1	5	945	0.0914976
0.5911	2	1	5	945	0.0913976
0.5911	2	1	5	945	0.0912976
0.5911	2	1	5	945	0.0911976
0.5911	2	1	5	945	0.0910976
0.5911	2	1	5	945	0.0909976
0.5911	2	1	5	945	0.0908976
0.592029	2	1	4	945	0.0917269
0.592029	2	1	4	945	0.0916269
0.592029	2	1	4	945	0.0915269
0.592029	2	1	4	945	0.0914269
0.592029	2	1	4	945	0.0913269
0.592029	2	1	4	945	0.0912269
0.592029	2	1	4	945	0.0911269
0.592029	2	1	4	945	0.0910269
0.592029	2	1	4	945	0.0909269
0.592029	2	1	5	945	0.0917261
0.592029	2	1	5	945	0.0916261
0.592029	2	1	5	945	0.0915261
0.592029	2	1	5	945	0.0914261
0.592029	2	1	5	945	0.0913261
0.592029	2	1	5	945	0.0912261
0.592029	2	1	5	945	0.0911261
0.592029	2	1	5	945	0.0910261
0.592029	2	1	5	945	0.0909261
0.5951	2	1	4	945	0.0938983
0.5951	2	1	4	945	0.0937983
0.5951	2	1	4	945	0.0936983
0.5951	2	1	4	945	0.0935983
0.5951	2	1	4	945	0.0934983
0.5951	2	1	4	945	0.0933983
0.5951	2	1	4	945	0.0932983
0.5951	2	1	4	945	0.0931983
0.5951	2	1	4	945	0.0930983
0.5951	2	1	5	945	0.0938976
0.5951	2	1	5	945	0.0937976
0.5951	2	1	5	945	0.0936976
0.5951	2	1	5	945	0.0935976
0.5951	2	1	5	945	0.0934976
0.5951	2	1	5	945	0.0933976
0.5951	2	1	5	945	0.0932976
0.5951	2	1	5	945	0.0931976
0.5951	2	1	5	945	0.0930976
0.5961	2	1	4	945	0.0939983
0.5961	2	1	4	945	0.0938983
0.5961	2	1	4	945	0.0937983
0.5961	2	1	4	945	0.0936983
0.5961	2	1	4	945	0.0935983
0.5961	2	1	4	945	0.0934983
0.5961	2	1	4	945	0.0933983
0.5961	2	1	4	945	0.0932983
0.5961	2	1	4	945	0.0931983
0.5961	2	1	4	945	0.0930983
0.5961	2	1	5	945	0.0939976
0.5961	2	1	5	945	0.0938976
0.5961	2	1	5	945	0.0937976
0.5961	2	1	5	945	0.0936976
0.5961	2	1	5	945	0.0935976
0.5961	2	1	5	945	0.0934976
0.5961	2	1	5	945	0.0933976
0.5961	2	1	5	945	0.0932976
0.5961	2	1	5	945	0.0931976
0.5961	2	1	5	945	0.0930976
0.597029	2	1	4	945	0.0939269
0.597029	2	1	4	945	0.0938269
0.597029	2	1	4	945	0.0937269
0.597029	2	1	4	945	0.0936269
0.597029	2	1	4	945	0.0935269
0.597029	2	1	4	945	0.0934269
0.597029	2	1	4	945	0.0933269
0.597029	2	1	4	945	0.0932269
0.597029	2	1	5	945	0.0939261
0.597029	2	1	5	945	0.0938261
0.597029	2	1	5	945	0.0937261
0.597029	2	1	5	945	0.0936261
0.597029	2	1	5	945	0.0935261
0.597029	2	1	5	945	0.0934261
0.597029	2	1	5	945	0.0933261
0.597029	2	1	5	945	0.0932261
0.6001	2	1	4	945	0.0961983
0.6001	2	1	4	945	0.0960983
0.6001	2	1	4	945	0.0959983
0.6001	2	1	4	945	0.0958983
0.6001	2	1	4	945	0.0957983
0.6001	2	1	4	945	0.0956983
0.6001	2	1	4	945	0.0955983
0.6001	2	1	4	945	0.0954983
0.6001	2	1	4	945	0.0953983
0.6001	2	1	4	945	0.0952983
0.6001	2	1	5	945	0.0961976
0.6001	2	1	5	945	0.0960976
0.6001	2	1	5	945	0.0959976
0.6001	2	1	5	945	0.0958976
0.6001	2	1	5	945	0.0957976
0.6001	2	1	5	945	0.0956976
0.6001	2	1	5	945	0.0955976
0.6001	2	1	5	945	0.0954976
0.6001	2	1	5	945	0.0953976
0.6001	2	1	5	945	0.0952976
0.6011	2	1	4	945	0.0961983
0.6011	2	1	4	945	0.0960983
0.6011	2	1	4	945	0.0959983
0.6011	2	1	4	945	0.0958983
0.6011	2	1	4	945	0.0957983
0.6011	2	1	4	945	0.0956983
0.6011	2	1	4	945	0.0955983
0.6011	2	1	4	945	0.0954983
0.6011	2	1	4	945	0.0953983
0.6011	2	1	5	945	0.0961976
0.6011	2	1	5	945	0.0960976
0.6011	2	1	5	945	0.0959976
0.6011	2	1	5	945	0.0958976
0.6011	2	1	5	945	0.0957976
0.6011	2	1	5	945	0.0956976
0.6011	2	1	5	945	0.0955976
0.6011	2	1	5	945	0.0954976
0.6011	2	1	5	945	0.0953976
0.602029	2	1	4	945	0.0962269
0.602029	2	1	4	945	0.0961269
0.602029	2	1	4	945	0.0960269
0.602029	2	1	4	945	0.0959269
0.602029	2	1	4	945	0.0958269
0.602029	2	1	4	945	0.0957269
0.602029	2	1	4	945	0.0956269
0.602029	2	1	4	945	0.0955269
0.602029	2	1	4	945	0.0954269
0.602029	2	1	5	945	0.0962261
0.602029	2	1	5	945	0.0961261
0.602029	2	1	5	945	0.0960261
0.602029	2	1	5	945	0.0959261
0.602029	2	1	5	945	0.0958261
0.602029	2	1	5	945	0.0957261
0.602029	2	1	5	945	0.0956261
0.602029	2	1	5	945	0.0955261
0.602029	2	1	5	945	0.0954261
0.6051	2	1	4	945	0.0983983
0.6051	2	1	4	945	0.0982983
0.6051	2	1	4	945	0.0981983
0.6051	2	1	4	945	0.0980983
0.6051	2	1	4	945	0.0979983
0.6051	2	1	4	945	0.0978983
0.6051	2	1	4	945	0.0977983
0.6051	2	1	4	945	0.0976983
0.6051	2	1	4	945	0.0975983
0.6051	2	1	5	945	0.0983976
0.6051	2	1	5	945	0.0982976
0.6051	2	1	5	945	0.0981976
0.6051	2	1	5	945	0.0980976
0.6051	2	1	5	945	0.0979976
0.6051	2	1	5	945	0.0978976
0.6051	2	1	5	945	0.0977976
0.6051	2	1	5	945	0.0976976
0.6051	2	1	5	945	0.0975976
0.6061	2	1	4	945	0.0984983
0.6061	2	1	4	945	0.0983983
0.6061	2	1	4	945	0.0982983
0.6061	2	1	4	945	0.0981983
0.6061	2	1	4	945	0.0980983
0.6061	2	1	4	945	0.0979983
0.6061	2	1	4	945	0.0978983
0.6061	2	1	4	945	0.0977983
0.6061	2	1	4	945	0.0976983
0.6061	2	1	4	945	0.0975983
0.6061	2	1	5	945	0.0984976
0.6061	2	1	5	945	0.0983976
0.6061	2	1	5	945	0.0982976
0.6061	2	1	5	945	0.0981976
0.6061	2	1	5	945	0.0980976
0.6061	2	1	5	945	0.0979976
0.6061	2	1	5	945	0.0978976
0.6061	2	1	5	945	0.0977976
0.6061	2	1	5	945	0.0976976
0.6061	2	1	5	945	0.0975976
0.607029	2	1	4	945	0.0984269
0.607029	2	1	4	945	0.0983269
0.607029	2	1	4	945	0.0982269
0.607029	2	1	4	945	0.0981269
0.607029	2	1	4	945	0.0980269
0.607029	2	1	4	945	0.0979269
0.607029	2	1	4	945	0.0978269
0.607029	2	1	4	945	0.0977269
0.607029	2	1	5	945	0.0984261
0.607029	2	1	5	945	0.0983261
0.607029	2	1	5	945	0.0982261
0.607029	2	1	5	945	0.0981261
0.607029	2	1	5	945	0.0980261
0.607029	2	1	5	945	0.0979261
0.607029	2	1	5	945	0.0978261
0.607029	2	1	5	945	0.0977261
0.6101	2	1	4	945	0.100698
0.6101	2	1	4	945	0.100598
0.6101	2	1	4	945	0.100498
0.6101	2	1	4	945	0.100398
0.6101	2	1	4	945	0.100298
0.6101	2	1	4	945	0.100198
0.6101	2	1	4	945	0.100098
0.6101	2	1	4	945	0.0999983
0.6101	2	1	4	945	0.0998983
0.6101	2	1	4	945	0.0997983
0.6101	2	1	5	945	0.100698
0.6101	2	1	5	945	0.100598
0.6101	2	1	5	945	0.100498
0.6101	2	1	5	945	0.100398
0.6101	2	1	5	945	0.100298
0.6101	2	1	5	945	0.100198
0.6101	2	1	5	945	0.100098
0.6101	2	1	5	945	0.0999976
0.6101	2	1	5	945	0.0998976
0.6101	2	1	5	945	0.0997976
0.6111	2	1	4	945	0.100698
0.6111	2	1	4	945	0.100598
0.6111	2	1	4	945	0.100498
0.6111	2	1	4	945	0.100398
0.6111	2	1	4	945	0.100298
0.6111	2	1	4	945	0.100198
0.6111	2	1	4	945	0.100098
0.6111	2	1	4	945	0.0999983
0.6111	2	1	4	945	0.0998983
0.6111	2	1	5	945	0.100698
0.6111	2	1	5	945	0.100598
0.6111	2	1	5	945	0.100498
0.6111	2	1	5	945	0.100398
0.6111	2	1	5	945	0.100298
0.6111	2	1	5	945	0.100198
0.6111	2	1	5	945	0.100098
0.6111	2	1	5	945	0.0999976
0.6111	2	1	5	945	0.0998976
0.612029	2	1	4	945	0.100727
0.612029	2	1	4	945	0.100627
0.612029	2	1	4	945	0.100527
0.612029	2	1	4	945	0.100427
0.612029	2	1	4	945	0.100327
0.612029	2	1	4	945	0.100227
0.612029	2	1	4	945	0.100127
0.612029	2	1	4	945	0.100027
0.612029	2	1	4	945	0.0999269
0.612029	2	1	5	945	0.100726
0.612029	2	1	5	945	0.100626
0.612029	2	1	5	945	0.100526
0.612029	2	1	5	945	0.100426
0.612029	2	1	5	945	0.100326
0.612029	2	1	5	945	0.100226
0.612029	2	1	5	945	0.100126
0.612029	2	1	5	945	0.100026
0.612029	2	1	5	945	0.0999261
0.6151	2	1	4	945	0.102898
0.6151	2	1	4	945	0.102798
0.6151	2	1	4	945	0.102698
0.6151	2	1	4	945	0.102598
0.6151	2	1	4	945	0.102498
0.6151	2	1	4	945	0.102398
0.6151	2	1	4	945	0.102298
0.6151	2	1	4	945	0.102198
0.6151	2	1	4	945	0.102098
0.6151	2	1	5	945	0.102898
0.6151	2	1	5	945	0.102798
0.6151	2	1	5	945	0.102698
0.6151	2	1	5	945	0.102598
0.6151	2	1	5	945	0.102498
0.6151	2	1	5	945	0.102398
0.6151	2	1	5	945	0.102298
0.6151	2	1	5	945	0.102198
0.6151	2	1	5	945	0.102098
0.6161	2	1	4	945	0.102998
0.6161	2	1	4	945	0.102898
0.6161	2	1	4	945	0.102798
0.6161	2	1	4	945	0.102698
0.6161	2	1	4	945	0.102598
0.6161	2	1	4	945	0.102498
0.6161	2	1	4	945	0.102398
0.6161	2	1	4	945	0.102298
0.6161	2	1	4	945	0.102198
0.6161	2	1	4	945	0.102098
0.6161	2	1	5	945	0.102998
0.6161	2	1	5	945	0.102898
0.6161	2	1	5	945	0.102798
0.6161	2	1	5	945	0.102698
0.6161	2	1	5	945	0.102598
0.6161	2	1	5	945	0.102498
0.6161	2	1	5	945	0.102398
0.6161	2	1	5	945	0.102298
0.6161	2	1	5	945	0.102198
0.6161	2	1	5	945	0.102098
0.617029	2	1	4	945	0.102927
0.617029	2	1	4	945	0.102827
0.617029	2	1	4	945	0.102727
0.617029	2	1	4	945	0.102627
0.617029	2	1	4	945	0.102527
0.617029	2	1	4	945	0.102427
0.617029	2	1	4	945	0.102327
0.617029	2	1	4	945	0.102227
0.617029	2	1	4	945	0.102127
0.617029	2	1	5	945	0.102926
0.617029	2	1	5	945	0.102826
0.617029	2	1	5	945	0.102726
0.617029	2	1	5	945	0.102626
0.617029	2	1	5	945	0.102526
0.617029	2	1	5	945	0.102426
0.617029	2	1	5	945	0.102326
0.617029	2	1	5	945	0.102226
0.617029	2	1	5	945	0.102126
0.6201	2	1	4	945	0.105098
0.6201	2	1	4	945	0.104998
0.6201	2	1	4	945	0.104898
0.6201	2	1	4	945	0.104798
0.6201	2	1	4	945	0.104698
0.6201	2	1	4	945	0.104598
0.6201	2	1	4	945	0.104498
0.6201	2	1	4	945	0.104398
0.6201	2	1	4	945	0.104298
0.6201	2	1	5	945	0.105098
0.6201	2	1	5	945	0.104998
0.6201	2	1	5	945	0.104898
0.6201	2	1	5	945	0.104798
0.6201	2	1	5	945	0.104698
0.6201	2	1	5	945	0.104598
0.6201	2	1	5	945	0.104498
0.6201	2	1	5	945	0.104398
0.6201	2	1	5	945	0.104298
0.6211	2	1	4	945	0.105198
0.6211	2	1	4	945	0.105098
0.6211	2	1	4	945	0.104998
0.6211	2	1	4	945	0.104898
0.6211	2	1	4	945	0.104798
0.6211	2	1	4	945	0.104698
0.6211	2	1	4	945	0.104598
0.6211	2	1	4	945	0.104498
0.6211	2	1	4	945	0.104398
0.6211	2	1	4	945	0.104298
0.6211	2	1	5	945	0.105198
0.6211	2	1	5	945	0.105098
0.6211	2	1	5	945	0.104998
0.6211	2	1	5	945	0.104898
0.6211	2	1	5	945	0.104798
0.6211	2	1	5	945	0.104698
0.6211	2	1	5	945	0.104598
0.6211	2	1	5	945	0.104498
0.6211	2	1	5	945	0.104398
0.6211	2	1	5	945	0.104298
0.622029	2	1	4	945	0.105127
0.622029	2	1	4	945	0.105027
0.622029	2	1	4	945	0.104927
0.622029	2	1	4	945	0.104827
0.622029	2	1	4	945	0.104727
0.622029	2	1	4	945	0.104627
0.622029	2	1	4	945	0.104527
0.622029	2	1	4	945	0.104427
0.622029	2	1	5	945	0.105126
0.622029	2	1	5	945	0.105026
0.622029	2	1	5	945	0.104926
0.622029	2	1	5	945	0.104826
0.622029	2	1	5	945	0.104726
0.622029	2	1	5	945	0.104626
0.622029	2	1	5	945	0.104526
0.622029	2	1	5	945	0.104426
0.6251	2	1	4	945	0.107398
0.6251	2	1	4	945	0.107298
0.6251	2	1	4	945	0.107198
0.6251	2	1	4	945	0.107098
0.6251	2	1	4	945	0.106998
0.6251	2	1	4	945	0.106898
0.6251	2	1	4	945	0.106798
0.6251	2	1	4	945	0.106698
0.6251	2	1	4	945	0.106598
0.6251	2	1	4	945	0.106498
0.6251	2	1	5	945	0.107398
0.6251	2	1	5	945	0.107298
0.6251	2	1	5	945	0.107198
0.6251	2	1	5	945	0.107098
0.6251	2	1	5	945	0.106998
0.6251	2	1	5	945	0.106898
0.6251	2	1	5	945	0.106798
0.6251	2	1	5	945	0.106698
0.6251	2	1	5	945	0.106598
0.6251	2	1	5	945	0.106498
0.6261	2	1	4	945	0.107398
0.6261	2	1	4	945	0.107298
0.6261	2	1	4	945	0.107198
0.6261	2	1	4	945	0.107098
0.6261	2	1	4	945	0.106998
0.6261	2	1	4	945	0.106898
0.6261	2	1	4	945	0.106798
0.6261	2	1	4	945	0.106698
0.6261	2	1	4	945	0.106598
0.6261	2	1	5	945	0.107398
0.6261	2	1	5	945	0.107298
0.6261	2	1	5	945	0.107198
0.6261	2	1	5	945	0.107098
0.6261	2	1	5	945	0.106998
0.6261	2	1	5	945	0.106898
0.6261	2	1	5	945	0.106798
0.6261	2	1	5	945	0.106698
0.6261	2	1	5	945	0.106598
0.627029	2	1	4	945	0.107427
0.627029	2	1	4	945	0.107327
0.627029	2	1	4	945	0.107227
0.627029	2	1	4	945	0.107127
0.627029	2	1	4	945	0.107027
0.627029	2	1	4	945	0.106927
0.627029	2	1	4	945	0.106827
0.627029	2	1	4	945	0.106727
0.627029	2	1	4	945	0.106627
0.627029	2	1	5	945	0.107426
0.627029	2	1	5	945	0.107326
0.627029	2	1	5	945	0.107226
0.627029	2	1	5	945	0.107126
0.627029	2	1	5	945	0.107026
0.627029	2	1	5	945	0.106926
0.627029	2	1	5	945	0.106826
0.627029	2	1	5	945	0.106726
0.627029	2	1	5	945	0.106626
0.6301	2	1	4	945	0.109598
0.6301	2	1	4	945	0.109498
0.6301	2	1	4	945	0.109398
0.6301	2	1	4	945	0.109298
0.6301	2	1	4	945	0.109198
0.6301	2	1	4	945	0.109098
0.6301	2	1	4	945	0.108998
0.6301	2	1	4	945	0.108898
0.6301	2	1	4	945	0.108798
0.6301	2	1	5	945	0.109598
0.6301	2	1	5	945	0.109498
0.6301	2	1	5	945	0.109398
0.6301	2	1	5	945	0.109298
0.6301	2	1	5	945	0.109198
0.6301	2	1	5	945	0.109098
0.6301	2	1	5	945	0.108998
0.6301	2	1	5	945	0.108898
0.6301	2	1	5	945	0.108798
0.6311	2	1	4	945	0.109698
0.6311	2	1	4	945	0.109598
0.6311	2	1	4	945	0.109498
0.6311	2	1	4	945	0.109398
0.6311	2	1	4	945	0.109298
0.6311	2	1	4	945	0.109198
0.6311	2	1	4	945	0.109098
0.6311	2	1	4	945	0.108998
0.6311	2	1	4	945	0.108898
0.6311	2	1	4	945	0.108798
0.6311	2	1	5	945	0.109698
0.6311	2	1	5	945	0.109598
0.6311	2	1	5	945	0.109498
0.6311	2	1	5	945	0.109398
0.6311	2	1	5	945	0.109298
0.6311	2	1	5	945	0.109198
0.6311	2	1	5	945	0.109098
0.6311	2	1	5	945	0.108998
0.6311	2	1	5	945	0.108898
0.6311	2	1	5	945	0.108798
0.632029	2	1	4	945	0.109627
0.632029	2	1	4	945	0.109527
0.632029	2	1	4	945	0.109427
0.632029	2	1	4	945	0.109327
0.632029	2	1	4	945	0.109227
0.632029	2	1	4	945	0.109127
0.632029	2	1	4	945	0.109027
0.632029	2	1	4	945	0.108927
0.632029	2	1	5	945	0.109626
0.632029	2	1	5	945	0.109526
0.632029	2	1	5	945	0.109426
0.632029	2	1	5	945	0.109326
0.632029	2	1	5	945	0.109226
0.632029	2	1	5	945	0.109126
0.632029	2	1	5	945	0.109026
0.632029	2	1	5	945	0.108926
0.6351	2	1	4	945	0.111898
0.6351	2	1	4	945	0.111798
0.6351	2	1	4	945	0.111698
0.6351	2	1	4	945	0.111598
0.6351	2	1	4	945	0.111498
0.6351	2	1	4	945	0.111398
0.6351	2	1	4	945	0.111298
0.6351	2	1	4	945	0.111198
0.6351	2	1	4	945	0.111098
0.6351	2	1	4	945	0.110998
0.6351	2	1	5	945	0.111898
0.6351	2	1	5	945	0.111798
0.6351	2	1	5	945	0.111698
0.6351	2	1	5	945	0.111598
0.6351	2	1	5	945	0.111498
0.6351	2	1	5	945	0.111398
0.6351	2	1	5	945	0.111298
0.6351	2	1	5	945	0.111198
0.6351	2	1	5	945	0.111098
0.6351	2	1	5	945	0.110998
0.6361	2	1	4	945	0.111898
0.6361	2	1	4	945	0.111798
0.6361	2	1	4	945	0.111698
0.6361	2	1	4	945	0.111598
0.6361	2	1	4	945	0.111498
0.6361	2	1	4	945	0.111398
0.6361	2	1	4	945	0.111298
0.6361	2	1	4	945	0.111198
0.6361	2	1	4	945	0.111098
0.6361	2	1	5	945	0.111898
0.6361	2	1	5	945	0.111798
0.6361	2	1	5	945	0.111698
0.6361	2	1	5	945	0.111598
0.6361	2	1	5	945	0.111498
0.6361	2	1	5	945	0.111398
0.6361	2	1	5	945	0.111298
0.6361	2	1	5	945	0.111198
0.6361	2	1	5	945	0.111098
0.637029	2	1	4	945	0.111927
0.637029	2	1	4	945	0.111827
0.637029	2	1	4	945	0.111727
0.637029	2	1	4	945	0.111627
0.637029	2	1	4	945	0.111527
0.637029	2	1	4	945	0.111427
0.637029	2	1	4	945	0.111327
0.637029	2	1	4	945	0.111227
0.637029	2	1	4	945	0.111127
0.637029	2	1	5	945	0.111926
0.637029	2	1	5	945	0.111826
0.637029	2	1	5	945	0.111726
0.637029	2	1	5	945	0.111626
0.637029	2	1	5	945	0.111526
0.637029	2	1	5	945	0.111426
0.637029	2	1	5	945	0.111326
0.637029	2	1	5	945	0.111226
0.637029	2	1	5	945	0.111126
0.6401	2	1	4	945	0.114098
0.6401	2	1	4	945	0.113998
0.6401	2	1	4	945	0.113898
0.6401	2	1	4	945	0.113798
0.6401	2	1	4	945	0.113698
0.6401	2	1	4	945	0.113598
0.6401	2	1	4	945	0.113498
0.6401	2	1	4	945	0.113398
0.6401	2	1	4	945	0.113298
0.6401	2	1	5	945	0.114098
0.6401	2	1	5	945	0.113998
0.6401	2	1	5	945	0.113898
0.6401	2	1	5	945	0.113798
0.6401	2	1	5	945	0.113698
0.6401	2	1	5	945	0.113598
0.6401	2	1	5	945	0.113498
0.6401	2	1	5	945	0.113398
0.6401	2	1	5	945	0.113298
0.6411	2	1	4	945	0.114198
0.6411	2	1	4	945	0.114098
0.6411	2	1	4	945	0.113998
0.6411	2	1	4	945	0.113898
0.6411	2	1	4	945	0.113798
0.6411	2	1	4	945	0.113698
0.6411	2	1	4	945	0.113598
0.6411	2	1	4	945	0.113498
0.6411	2	1	4	945	0.113398
0.6411	2	1	4	945	0.113298
0.6411	2	1	5	945	0.114198
0.6411	2	1	5	945	0.114098
0.6411	2	1	5	945	0.113998
0.6411	2	1	5	945	0.113898
0.6411	2	1	5	945	0.113798
0.6411	2	1	5	945	0.113698
0.6411	2	1	5	945	0.113598
0.6411	2	1	5	945	0.113498
0.6411	2	1	5	945	0.113398
0.6411	2	1	5	945	0.113298
0.642029	2	1	4	945	0.114127
0.642029	2	1	4	945	0.114027
0.642029	2	1	4	945	0.113927
0.642029	2	1	4	945	0.113827
0.642029	2	1	4	945	0.113727
0.642029	2	1	4	945	0.113627
0.642029	2	1	4	945	0.113527
0.642029	2	1	4	945	0.113427
0.642029	2	1	4	945	0.113327
0.642029	2	1	5	945	0.114126
0.642029	2	1	5	945	0.114026
0.642029	2	1	5	945	0.113926
0.642029	2	1	5	945	0.113826
0.642029	2	1	5	945	0.113726
0.642029	2	1	5	945	0.113626
0.642029	2	1	5	945	0.113526
0.642029	2	1	5	945	0.113426
0.642029	2	1	5	945	0.113326
0.6451	2	1	4	945	0.116298
0.6451	2	1	4	945	0.116198
0.6451	2	1	4	945	0.116098
0.6451	2	1	4	945	0.115998
0.6451	2	1	4	945	0.115898
0.6451	2	1	4	945	0.115798
0.6451	2	1	4	945	0.115698
0.6451	2	1	4	945	0.115598
0.6451	2	1	4	945	0.115498
0.6451	2	1	5	945	0.116298
0.6451	2	1	5	945	0.116198
0.6451	2	1	5	945	0.116098
0.6451	2	1	5	945	0.115998
0.6451	2	1	5	945	0.115898
0.6451	2	1	5	945	0.115798
0.6451	2	1	5	945	0.115698
0.6451	2	1	5	945	0.115598
0.6451	2	1	5	945	0.115498
0.6461	2	1	4	945	0.116398
0.6461	2	1	4	945	0.116298
0.6461	2	1	4	945	0.116198
0.6461	2	1	4	945	0.116098
0.6461	2	1	4	945	0.115998
0.6461	2	1	4	945	0.115898
0.6461	2	1	4	945	0.115798
0.6461	2	1	4	945	0.115698
0.6461	2	1	4	945	0.115598
0.6461	2	1	5	945	0.116398
0.6461	2	1	5	945	0.116298
0.6461	2	1	5	945	0.116198
0.6461	2	1	5	945	0.116098
0.6461	2	1	5	945	0.115998
0.6461	2	1	5	945	0.115898
0.6461	2	1	5	945	0.115798
0.6461	2	1	5	945	0.115698
0.6461	2	1	5	945	0.115598
0.647029	2	1	4	945	0.116427
0.647029	2	1	4	945	0.116327
0.647029	2	1	4	945	0.116227
0.647029	2	1	4	945	0.116127
0.647029	2	1	4	945	0.116027
0.647029	2	1	4	945	0.115927
0.647029	2	1	4	945	0.115827
0.647029	2	1	4	945	0.115727
0.647029	2	1	4	945	0.115627
0.647029	2	1	5	945	0.116426
0.647029	2	1	5	945	0.116326
0.647029	2	1	5	945	0.116226
0.647029	2	1	5	945	0.116126
0.647029	2	1	5	945	0.116026
0.647029	2	1	5	945	0.115926
0.647029	2	1	5	945	0.115826
0.647029	2	1	5	945	0.115726
0.647029	2	1	5	945	0.115626
0.6501	2	1	4	945	0.118598
0.6501	2	1	4	945	0.118498
0.6501	2	1	4	945	0.118398
0.6501	2	1	4	945	0.118298
0.6501	2	1	4	945	0.118198
0.6501	2	1	4	945	0.118098
0.6501	2	1	4	945	0.117998
0.6501	2	1	4	945	0.117898
0.6501	2	1	4	945	0.117798
0.6501	2	1	4	945	0.117698
0.6501	2	1	5	945	0.118598
0.6501	2	1	5	945	0.118498
0.6501	2	1	5	945	0.118398
0.6501	2	1	5	945	0.118298
0.6501	2	1	5	945	0.118198
0.6501	2	1	5	945	0.118098
0.6501	2	1	5	945	0.117998
0.6501	2	1	5	945	0.117898
0.6501	2	1	5	945	0.117798
0.6501	2	1	5	945	0.117698
0.6511	2	1	4	945	0.118598
0.6511	2	1	4	945	0.118498
0.6511	2	1	4	945	0.118398
0.6511	2	1	4	945	0.118298
0.6511	2	1	4	945	0.118198
0.6511	2	1	4	945	0.118098
0.6511	2	1	4	945	0.117998
0.6511	2	1	4	945	0.117898
0.6511	2	1	4	945	0.117798
0.6511	2	1	5	945	0.118598
0.6511	2	1	5	945	0.118498
0.6511	2	1	5	945	0.118398
0.6511	2	1	5	945	0.118298
0.6511	2	1	5	945	0.118198
0.6511	2	1	5	945	0.118098
0.6511	2	1	5	945	0.117998
0.6511	2	1	5	945	0.117898
0.6511	2	1	5	945	0.117798
0.652029	2	1	4	945	0.118627
0.652029	2	1	4	945	0.118527
0.652029	2	1	4	945	0.118427
0.652029	2	1	4	945	0.118327
0.652029	2	1	4	945	0.118227
0.652029	2	1	4	945	0.118127
0.652029	2	1	4	945	0.118027
0.652029	2	1	4	945	0.117927
0.652029	2	1	4	945	0.117827
0.652029	2	1	5	945	0.118626
0.652029	2	1	5	945	0.118526
0.652029	2	1	5	945	0.118426
0.652029	2	1	5	945	0.118326
0.652029	2	1	5	945	0.118226
0.652029	2	1	5	945	0.118126
0.652029	2	1	5	945	0.118026
0.652029	2	1	5	945	0.117926
0.652029	2	1	5	945	0.117826
0.6551	2	1	4	945	0.120798
0.6551	2	1	4	945	0.120698
0.6551	2	1	4	945	0.120598
0.6551	2	1	4	945	0.120498
0.6551	2	1	4	945	0.120398
0.6551	2	1	4	945	0.120298
0.6551	2	1	4	945	0.120198
0.6551	2	1	4	945	0.120098
0.6551	2	1	4	945	0.119998
0.6551	2	1	5	945	0.120798
0.6551	2	1	5	945	0.120698
0.6551	2	1	5	945	0.120598
0.6551	2	1	5	945	0.120498
0.6551	2	1	5	945	0.120398
0.6551	2	1	5	945	0.120298
0.6551	2	1	5	945	0.120198
0.6551	2	1	5	945	0.120098
0.6551	2	1	5	945	0.119998
0.6561	2	1	4	945	0.120898
0.6561	2	1	4	945	0.120798
0.6561	2	1	4	945	0.120698
0.6561	2	1	4	945	0.120598
0.6561	2	1	4	945	0.120498
0.6561	2	1	4	945	0.120398
0.6561	2	1	4	945	0.120298
0.6561	2	1	4	945	0.120198
0.6561	2	1	4	945	0.120098
0.6561	2	1	4	945	0.119998
0.6561	2	1	5	945	0.120898
0.6561	2	1	5	945	0.120798
0.6561	2	1	5	945	0.120698
0.6561	2	1	5	945	0.120598
0.6561	2	1	5	945	0.120498
0.6561	2	1	5	945	0.120398
0.6561	2	1	5	945	0.120298
0.6561	2	1	5	945	0.120198
0.6561	2	1	5	945	0.120098
0.6561	2	1	5	945	0.119998
0.657029	2	1	4	945	0.120827
0.657029	2	1	4	945	0.120727
0.657029	2	1	4	945	0.120627
0.657029	2	1	4	945	0.120527
0.657029	2	1	4	945	0.120427
0.657029	2	1	4	945	0.120327
0.657029	2	1	4	945	0.120227
0.657029	2	1	4	945	0.120127
0.657029	2	1	5	945	0.120826
0.657029	2	1	5	945	0.120726
0.657029	2	1	5	945	0.120626
0.657029	2	1	5	945	0.120526
0.657029	2	1	5	945	0.120426
0.657029	2	1	5	945	0.120326
0.657029	2	1	5	945	0.120226
0.657029	2	1	5	945	0.120126
0.6601	2	1	4	945	0.123098
0.6601	2	1	4	945	0.122998
0.6601	2	1	4	945	0.122898
0.6601	2	1	4	945	0.122798
0.6601	2	1	4	945	0.122698
0.6601	2	1	4	945	0.122598
0.6601	2	1	4	945	0.122498
0.6601	2	1	4	945	0.122398
0.6601	2	1	4	945	0.122298
0.6601	2	1	4	945	0.122198
0.6601	2	1	5	945	0.123098
0.6601	2	1	5	945	0.122998
0.6601	2	1	5	945	0.122898
0.6601	2	1	5	945	0.122798
0.6601	2	1	5	945	0.122698
0.6601	2	1	5	945	0.122598
0.6601	2	1	5	945	0.122498
0.6601	2	1	5	945	0.122398
0.6601	2	1	5	945	0.122298
0.6601	2	1	5	945	0.122198
0.6611	2	1	4	945	0.123098
0.6611	2	1	4	945	0.122998
0.6611	2	1	4	945	0.122898
0.6611	2	1	4	945	0.122798
0.6611	2	1	4	945	0.122698
0.6611	2	1	4	945	0.122598
0.6611	2	1	4	945	0.122498
0.6611	2	1	4	945	0.122398
0.6611	2	1	4	945	0.122298
0.6611	2	1	5	945	0.123098
0.6611	2	1	5	945	0.122998
0.6611	2	1	5	945	0.122898
0.6611	2	1	5	945	0.122798
0.6611	2	1	5	945	0.122698
0.6611	2	1	5	945	0.122598
0.6611	2	1	5	945	0.122498
0.6611	2	1	5	945	0.122398
0.6611	2	1	5	945	0.122298
0.662029	2	1	4	945	0.123127
0.662029	2	1	4	945	0.123027
0.662029	2	1	4	945	0.122927
0.662029	2	1	4	945	0.122827
0.662029	2	1	4	945	0.122727
0.662029	2	1	4	945	0.122627
0.662029	2	1	4	945	0.122527
0.662029	2	1	4	945	0.122427
0.662029	2	1	4	945	0.122327
0.662029	2	1	5	945	0.123126
0.662029	2	1	5	945	0.123026
0.662029	2	1	5	945	0.122926
0.662029	2	1	5	945	0.122826
0.662029	2	1	5	945	0.122726
0.662029	2	1	5	945	0.122626
0.662029	2	1	5	945	0.122526
0.662029	2	1	5	945	0.122426
0.662029	2	1	5	945	0.122326
0.6651	2	1	4	945	0.125298
0.6651	2	1	4	945	0.125198
0.6651	2	1	4	945	0.125098
0.6651	2	1	4	945	0.124998
0.6651	2	1	4	945	0.124898
0.6651	2	1	4	945	0.124798
0.6651	2	1	4	945	0.124698
0.6651	2	1	4	945	0.124598
0.6651	2	1	4	945	0.124498
0.6651	2	1	5	945	0.125298
0.6651	2	1	5	945	0.125198
0.6651	2	1	5	945	0.125098
0.6651	2	1	5	945	0.124998
0.6651	2	1	5	945	0.124898
0.6651	2	1	5	945	0.124798
0.6651	2	1	5	945	0.124698
0.6651	2	1	5	945	0.124598
0.6651	2	1	5	945	0.124498
0.6661	2	1	4	945	0.125398
0.6661	2	1	4	945	0.125298
0.6661	2	1	4	945	0.125198
0.6661	2	1	4	945	0.125098
0.6661	2	1	4	945	0.124998
0.6661	2	1	4	945	0.124898
0.6661	2	1	4	945	0.124798
0.6661	2	1	4	945	0.124698
0.6661	2	1	4	945	0.124598
0.6661	2	1	4	945	0.124498
0.6661	2	1	5	945	0.125398
0.6661	2	1	5	945	0.125298
0.6661	2	1	5	945	0.125198
0.6661	2	1	5	945	0.125098
0.6661	2	1	5	945	0.124998
0.6661	2	1	5	945	0.124898
0.6661	2	1	5	945	0.124798
0.6661	2	1	5	945	0.124698
0.6661	2	1	5	945	0.124598
0.6661	2	1	5	945	0.124498
0.667029	2	1	4	945	0.125327
0.667029	2	1	4	945	0.125227
0.667029	2	1	4	945	0.125127
0.667029	2	1	4	945	0.125027
0.667029	2	1	4	945	0.124927
0.667029	2	1	4	945	0.124827
0.667029	2	1	4	945	0.124727
0.667029	2	1	4	945	0.124627
0.667029	2	1	5	945	0.125326
0.667029	2	1	5	945	0.125226
0.667029	2	1	5	945	0.125126
0.667029	2	1	5	945	0.125026
0.667029	2	1	5	945	0.124926
0.667029	2	1	5	945	0.124826
0.667029	2	1	5	945	0.124726
0.667029	2	1	5	945	0.124626
0.6701	2	1	4	945	0.127598
0.6701	2	1	4	945	0.127498
0.6701	2	1	4	945	0.127398
0.6701	2	1	4	945	0.127298
0.6701	2	1	4	945	0.127198
0.6701	2	1	4	945	0.127098
0.6701	2	1	4	945	0.126998
0.6701	2	1	4	945	0.126898
0.6701	2	1	4	945	0.126798
0.6701	2	1	4	945	0.126698
0.6701	2	1	5	945	0.127598
0.6701	2	1	5	945	0.127498
0.6701	2	1	5	945	0.127398
0.6701	2	1	5	945	0.127298
0.6701	2	1	5	945	0.127198
0.6701	2	1	5	945	0.127098
0.6701	2	1	5	945	0.126998
0.6701	2	1	5	945	0.126898
0.6701	2	1	5	945	0.126798
0.6701	2	1	5	945	0.126698
0.6711	2	1	4	945	0.127598
0.6711	2	1	4	945	0.127498
0.6711	2	1	4	945	0.127398
0.6711	2	1	4	945	0.127298
0.6711	2	1	4	945	0.127198
0.6711	2	1	4	945	0.127098
0.6711	2	1	4	945	0.126998
0.6711	2	1	4	945	0.126898
0.6711	2	1	4	945	0.126798
0.6711	2	1	5	945	0.127598
0.6711	2	1	5	945	0.127498
0.6711	2	1	5	945	0.127398
0.6711	2	1	5	945	0.127298
0.6711	2	1	5	945	0.127198
0.6711	2	1	5	945	0.127098
0.6711	2	1	5	945	0.126998
0.6711	2	1	5	945	0.126898
0.6711	2	1	5	945	0.126798
0.672029	2	1	4	945	0.127627
0.672029	2	1	4	945	0.127527
0.672029	2	1	4	945	0.127427
0.672029	2	1	4	945	0.127327
0.672029	2	1	4	945	0.127227
0.672029	2	1	4	945	0.127127
0.672029	2	1	4	945	0.127027
0.672029	2	1	4	945	0.126927
0.672029	2	1	4	945	0.126827
0.672029	2	1	5	945	0.127626
0.672029	2	1	5	945	0.127526
0.672029	2	1	5	945	0.127426
0.672029	2	1	5	945	0.127326
0.672029	2	1	5	945	0.127226
0.672029	2	1	5	945	0.127126
0.672029	2	1	5	945	0.127026
0.672029	2	1	5	945	0.126926
0.672029	2	1	5	945	0.126826
0.6751	2	1	4	945	0.129798
0.6751	2	1	4	945	0.129698
0.6751	2	1	4	945	0.129598
0.6751	2	1	4	945	0.129498
0.6751	2	1	4	945	0.129398
0.6751	2	1	4	945	0.129298
0.6751	2	1	4	945	0.129198
0.6751	2	1	4	945	0.129098
0.6751	2	1	4	945	0.128998
0.6751	2	1	5	945	0.129798
0.6751	2	1	5	945	0.129698
0.6751	2	1	5	945	0.129598
0.6751	2	1	5	945	0.129498
0.6751	2	1	5	945	0.129398
0.6751	2	1	5	945	0.129298
0.6751	2	1	5	945	0.129198
0.6751	2	1	5	945	0.129098
0.6751	2	1	5	945	0.128998
0.6761	2	1	4	945	0.129898
0.6761	2	1	4	945	0.129798
0.6761	2	1	4	945	0.129698
0.6761	2	1	4	945	0.129598
0.6761	2	1	4	945	0.129498
0.6761	2	1	4	945	0.129398
0.6761	2	1	4	945	0.129298
0.6761	2	1	4	945	0.129198
0.6761	2	1	4	945	0.129098
0.6761	2	1	4	945	0.128998
0.6761	2	1	5	945	0.129898
0.6761	2	1	5	945	0.129798
0.6761	2	1	5	945	0.129698
0.6761	2	1	5	945	0.129598
0.6761	2	1	5	945	0.129498
0.6761	2	1	5	945	0.129398
0.6761	2	1	5	945	0.129298
0.6761	2	1	5	945	0.129198
0.6761	2	1	5	945	0.129098
0.6761	2	1	5	945	0.128998
0.677029	2	1	4	945	0.129827
0.677029	2	1	4	945	0.129727
0.677029	2	1	4	945	0.129627
0.677029	2	1	4	945	0.129527
0.677029	2	1	4	945	0.129427
0.677029	2	1	4	945	0.129327
0.677029	2	1	4	945	0.129227
0.677029	2	1	4	945	0.129127
0.677029	2	1	4	945	0.129027
0.677029	2	1	5	945	0.129826
0.677029	2	1	5	945	0.129726
0.677029	2	1	5	945	0.129626
0.677029	2	1	5	945	0.129526
0.677029	2	1	5	945	0.129426
0.677029	2	1	5	945	0.129326
0.677029	2	1	5	945	0.129226
0.677029	2	1	5	945	0.129126
0.677029	2	1	5	945	0.129026
0.6801	2	1	4	945	0.131998
0.6801	2	1	4	945	0.131898
0.6801	2	1	4	945	0.131798
0.6801	2	1	4	945	0.131698
0.6801	2	1	4	945	0.131598
0.6801	2	1	4	945	0.131498
0.6801	2	1	4	945	0.131398
0.6801	2	1	4	945	0.131298
0.6801	2	1	4	945	0.131198
0.6801	2	1	5	945	0.131998
0.6801	2	1	5	945	0.131898
0.6801	2	1	5	945	0.131798
0.6801	2	1	5	945	0.131698
0.6801	2	1	5	945	0.131598
0.6801	2	1	5	945	0.131498
0.6801	2	1	5	945	0.131398
0.6801	2	1	5	945	0.131298
0.6801	2	1	5	945	0.131198
0.6811	2	1	4	945	0.132098
0.6811	2	1	4	945	0.131998
0.6811	2	1	4	945	0.131898
0.6811	2	1	4	945	0.131798
0.6811	2	1	4	945	0.131698
0.6811	2	1	4	945	0.131598
0.6811	2	1	4	945	0.131498
0.6811	2	1	4	945	0.131398
0.6811	2	1	4	945	0.131298
0.6811	2	1	4	945	0.131198
0.6811	2	1	5	945	0.132098
0.6811	2	1	5	945	0.131998
0.6811	2	1	5	945	0.131898
0.6811	2	1	5	945	0.131798
0.6811	2	1	5	945	0.131698
0.6811	2	1	5	945	0.131598
0.6811	2	1	5	945	0.131498
0.6811	2	1	5	945	0.131398
0.6811	2	1	5	945	0.131298
0.6811	2	1	5	945	0.131198
0.682029	2	1	4	945	0.132027
0.682029	2	1	4	945	0.131927
0.682029	2	1	4	945	0.131827
0.682029	2	1	4	945	0.131727
0.682029	2	1	4	945	0.131627
0.682029	2	1	4	945	0.131527
0.682029	2	1	4	945	0.131427
0.682029	2	1	4	945	0.131327
0.682029	2	1	5	945	0.132026
0.682029	2	1	5	945	0.131926
0.682029	2	1	5	945	0.131826
0.682029	2	1	5	945	0.131726
0.682029	2	1	5	945	0.131626
0.682029	2	1	5	945	0.131526
0.682029	2	1	5	945	0.131426
0.682029	2	1	5	945	0.131326
0.6851	2	1	4	945	0.134298
0.6851	2	1	4	945	0.134198
0.6851	2	1	4	945	0.134098
0.6851	2	1	4	945	0.133998
0.6851	2	1	4	945	0.133898
0.6851	2	1	4	945	0.133798
0.6851	2	1	4	945	0.133698
0.6851	2	1	4	945	0.133598
0.6851	2	1	4	945	0.133498
0.6851	2	1	4	945	0.133398
0.6851	2	1	5	945	0.134298
0.6851	2	1	5	945	0.134198
0.6851	2	1	5	945	0.134098
0.6851	2	1	5	945	0.133998
0.6851	2	1	5	945	0.133898
0.6851	2	1	5	945	0.133798
0.6851	2	1	5	945	0.133698
0.6851	2	1	5	945	0.133598
0.6851	2	1	5	945	0.133498
0.6851	2	1	5	945	0.133398
0.6861	2	1	4	945	0.134298
0.6861	2	1	4	945	0.134198
0.6861	2	1	4	945	0.134098
0.6861	2	1	4	945	0.133998
0.6861	2	1	4	945	0.133898
0.6861	2	1	4	945	0.133798
0.6861	2	1	4	945	0.133698
0.6861	2	1	4	945	0.133598
0.6861	2	1	4	945	0.133498
0.6861	2	1	5	945	0.134298
0.6861	2	1	5	945	0.134198
0.6861	2	1	5	945	0.134098
0.6861	2	1	5	945	0.133998
0.6861	2	1	5	945	0.133898
0.6861	2	1	5	945	0.133798
0.6861	2	1	5	945	0.133698
0.6861	2	1	5	945	0.133598
0.6861	2	1	5	945	0.133498
0.687029	2	1	4	945	0.134327
0.687029	2	1	4	945	0.134227
0.687029	2	1	4	945	0.134127
0.687029	2	1	4	945	0.134027
0.687029	2	1	4	945	0.133927
0.687029	2	1	4	945	0.133827
0.687029	2	1	4	945	0.133727
0.687029	2	1	4	945	0.133627
0.687029	2	1	4	945	0.133527
0.687029	2	1	5	945	0.134326
0.687029	2	1	5	945	0.134226
0.687029	2	1	5	945	0.134126
0.687029	2	1	5	945	0.134026
0.687029	2	1	5	945	0.133926
0.687029	2	1	5	945	0.133826
0.687029	2	1	5	945	0.133726
0.687029	2	1	5	945	0.133626
0.687029	2	1	5	945	0.133526
0.6901	2	1	4	945	0.136498
0.6901	2	1	4	945	0.136398
0.6901	2	1	4	945	0.136298
0.6901	2	1	4	945	0.136198
0.6901	2	1	4	945	0.136098
0.6901	2	1	4	945	0.135998
0.6901	2	1	4	945	0.135898
0.6901	2	1	4	945	0.135798
0.6901	2	1	4	945	0.135698
0.6901	2	1	5	945	0.136498
0.6901	2	1	5	945	0.136398
0.6901	2	1	5	945	0.136298
0.6901	2	1	5	945	0.136198
0.6901	2	1	5	945	0.136098
0.6901	2	1	5	945	0.135998
0.6901	2	1	5	945	0.135898
0.6901	2	1	5	945	0.135798
0.6901	2	1	5	945	0.135698
0.6911	2	1	4	945	0.136598
0.6911	2	1	4	945	0.136498
0.6911	2	1	4	945	0.136398
0.6911	2	1	4	945	0.136298
0.6911	2	1	4	945	0.136198
0.6911	2	1	4	945	0.136098
0.6911	2	1	4	945	0.135998
0.6911	2	1	4	945	0.135898
0.6911	2	1	4	945	0.135798
0.6911	2	1	4	945	0.135698
0.6911	2	1	5	945	0.136598
0.6911	2	1	5	945	0.136498
0.6911	2	1	5	945	0.136398
0.6911	2	1	5	945	0.136298
0.6911	2	1	5	945	0.136198
0.6911	2	1	5	945	0.136098
0.6911	2	1	5	945	0.135998
0.6911	2	1	5	945	0.135898
0.6911	2	1	5	945	0.135798
0.6911	2	1	5	945	0.135698
0.692029	2	1	4	945	0.136527
0.692029	2	1	4	945	0.136427
0.692029	2	1	4	945	0.136327
0.692029	2	1	4	945	0.136227
0.692029	2	1	4	945	0.136127
0.692029	2	1	4	945	0.136027
0.692029	2	1	4	945	0.135927
0.692029	2	1	4	945	0.135827
0.692029	2	1	5	945	0.136526
0.692029	2	1	5	945	0.136426
0.692029	2	1	5	945	0.136326
0.692029	2	1	5	945	0.136226
0.692029	2	1	5	945	0.136126
0.692029	2	1	5	945	0.136026
0.692029	2	1	5	945	0.135926
0.692029	2	1	5	945	0.135826
0.6951	2	1	4	945	0.138798
0.6951	2	1	4	945	0.138698
0.6951	2	1	4	945	0.138598
0.6951	2	1	4	945	0.138498
0.6951	2	1	4	945	0.138398
0.6951	2	1	4	945	0.138298
0.6951	2	1	4	945	0.138198
0.6951	2	1	4	945	0.138098
0.6951	2	1	4	945	0.137998
0.6951	2	1	4	945	0.137898
0.6951	2	1	5	945	0.138798
0.6951	2	1	5	945	0.138698
0.6951	2	1	5	945	0.138598
0.6951	2	1	5	945	0.138498
0.6951	2	1	5	945	0.138398
0.6951	2	1	5	945	0.138298
0.6951	2	1	5	945	0.138198
0.6951	2	1	5	945	0.138098
0.6951	2	1	5	945	0.137998
0.6951	2	1	5	945	0.137898
0.6961	2	1	4	945	0.138798
0.6961	2	1	4	945	0.138698
0.6961	2	1	4	945	0.138598
0.6961	2	1	4	945	0.138498
0.6961	2	1	4	945	0.138398
0.6961	2	1	4	945	0.138298
0.6961	2	1	4	945	0.138198
0.6961	2	1	4	945	0.138098
0.6961	2	1	4	945	0.137998
0.6961	2	1	5	945	0.138798
0.6961	2	1	5	945	0.138698
0.6961	2	1	5	945	0.138598
0.6961	2	1	5	945	0.138498
0.6961	2	1	5	945	0.138398
0.6961	2	1	5	945	0.138298
0.6961	2	1	5	945	0.138198
0.6961	2	1	5	945	0.138098
0.6961	2	1	5	945	0.137998
0.697029	2	1	4	945	0.138827
0.697029	2	1	4	945	0.138727
0.697029	2	1	4	945	0.138627
0.697029	2	1	4	945	0.138527
0.697029	2	1	4	945	0.138427
0.697029	2	1	4	945	0.138327
0.697029	2	1	4	945	0.138227
0.697029	2	1	4	945	0.138127
0.697029	2	1	4	945	0.138027
0.697029	2	1	5	945	0.138826
0.697029	2	1	5	945	0.138726
0.697029	2	1	5	945	0.138626
0.697029	2	1	5	945	0.138526
0.697029	2	1	5	945	0.138426
0.697029	2	1	5	945	0.138326
0.697029	2	1	5	945	0.138226
0.697029	2	1	5	945	0.138126
0.697029	2	1	5	945	0.138026
0.7001	2	1	4	945	0.140998
0.7001	2	1	4	945	0.140898
0.7001	2	1	4	945	0.140798
0.7001	2	1	4	945	0.140698
0.7001	2	1	4	945	0.140598
0.7001	2	1	4	945	0.140498
0.7001	2	1	4	945	0.140398
0.7001	2	1	4	945	0.140298
0.7001	2	1	4	945	0.140198
0.7001	2	1	5	945	0.140998
0.7001	2	1	5	945	0.140898
0.7001	2	1	5	945	0.140798
0.7001	2	1	5	945	0.140698
0.7001	2	1	5	945	0.140598
0.7001	2	1	5	945	0.140498
0.7001	2	1	5	945	0.140398
0.7001	2	1	5	945	0.140298
0.7001	2	1	5	945	0.140198
0.7011	2	1	4	945	0.141098
0.7011	2	1	4	945	0.140998
0.7011	2	1	4	945	0.140898
0.7011	2	1	4	945	0.140798
0.7011	2	1	4	945	0.140698
0.7011	2	1	4	945	0.140598
0.7011	2	1	4	945	0.140498
0.7011	2	1	4	945	0.140398
0.7011	2	1	4	945	0.140298
0.7011	2	1	4	945	0.140198
0.7011	2	1	5	945	0.141098
0.7011	2	1	5	945	0.140998
0.7011	2	1	5	945	0.140898
0.7011	2	1	5	945	0.140798
0.7011	2	1	5	945	0.140698
0.7011	2	1	5	945	0.140598
0.7011	2	1	5	945	0.140498
0.7011	2	1	5	945	0.140398
0.7011	2	1	5	945	0.140298
0.7011	2	1	5	945	0.140198
0.702029	2	1	4	945	0.141027
0.702029	2	1	4	945	0.140927
0.702029	2	1	4	945	0.140827
0.702029	2	1	4	945	0.140727
0.702029	2	1	4	945	0.140627
0.702029	2	1	4	945	0.140527
0.702029	2	1	4	945	0.140427
0.702029	2	1	4	945	0.140327
0.702029	2	1	4	945	0.140227
0.702029	2	1	5	945	0.141026
0.702029	2	1	5	945	0.140926
0.702029	2	1	5	945	0.140826
0.702029	2	1	5	945	0.140726
0.702029	2	1	5	945	0.140626
0.702029	2	1	5	945	0.140526
0.702029	2	1	5	945	0.140426
0.702029	2	1	5	945	0.140326
0.702029	2	1	5	945	0.140226
0.7051	2	1	4	945	0.143198
0.7051	2	1	4	945	0.143098
0.7051	2	1	4	945	0.142998
0.7051	2	1	4	945	0.142898
0.7051	2	1	4	945	0.142798
0.7051	2	1	4	945	0.142698
0.7051	2	1	4	945	0.142598
0.7051	2	1	4	945	0.142498
0.7051	2	1	4	945	0.142398
0.7051	2	1	5	945	0.143198
0.7051	2	1	5	945	0.143098
0.7051	2	1	5	945	0.142998
0.7051	2	1	5	945	0.142898
0.7051	2	1	5	945	0.142798
0.7051	2	1	5	945	0.142698
0.7051	2	1	5	945	0.142598
0.7051	2	1	5	945	0.142498
0.7051	2	1	5	945	0.142398
0.7061	2	1	4	945	0.143298
0.7061	2	1	4	945	0.143198
0.7061	2	1	4	945	0.143098
0.7061	2	1	4	945	0.142998
0.7061	2	1	4	945	0.142898
0.7061	2	1	4	945	0.142798
0.7061	2	1	4	945	0.142698
0.7061	2	1	4	945	0.142598
0.7061	2	1	4	945	0.142498
0.7061	2	1	5	945	0.143298
0.7061	2	1	5	945	0.143198
0.7061	2	1	5	945	0.143098
0.7061	2	1	5	945	0.142998
0.7061	2	1	5	945	0.142898
0.7061	2	1	5	945	0.142798
0.7061	2	1	5	945	0.142698
0.7061	2	1	5	945	0.142598
0.7061	2	1	5	945	0.142498
0.707029	2	1	4	945	0.143327
0.707029	2	1	4	945	0.143227
0.707029	2	1	4	945	0.143127
0.707029	2	1	4	945	0.143027
0.707029	2	1	4	945	0.142927
0.707029	2	1	4	945	0.142827
0.707029	2	1	4	945	0.142727
0.707029	2	1	4	945	0.142627
0.707029	2	1	4	945	0.142527
0.707029	2	1	5	945	0.143326
0.707029	2	1	5	945	0.143226
0.707029	2	1	5	945	0.143126
0.707029	2	1	5	945	0.143026
0.707029	2	1	5	945	0.142926
0.707029	2	1	5	945	0.142826
0.707029	2	1	5	945	0.142726
0.707029	2	1	5	945	0.142626
0.707029	2	1	5	945	0.142526
0.7101	2	1	4	945	0.145498
0.7101	2	1	4	945	0.145398
0.7101	2	1	4	945	0.145298
0.7101	2	1	4	945	0.145198
0.7101	2	1	4	945	0.145098
0.7101	2	1	4	945	0.144998
0.7101	2	1	4	945	0.144898
0.7101	2	1	4	945	0.144798
0.7101	2	1	4	945	0.144698
0.7101	2	1	4	945	0.144598
0.7101	2	1	5	945	0.145498
0.7101	2	1	5	945	0.145398
0.7101	2	1	5	945	0.145298
0.7101	2	1	5	945	0.145198
0.7101	2	1	5	945	0.145098
0.7101	2	1	5	945	0.144998
0.7101	2	1	5	945	0.144898
0.7101	2	1	5	945	0.144798
0.7101	2	1	5	945	0.144698
0.7101	2	1	5	945	0.144598
0.7111	2	1	4	945	0.145498
0.7111	2	1	4	945	0.145398
0.7111	2	1	4	945	0.145298
0.7111	2	1	4	945	0.145198
0.7111	2	1	4	945	0.145098
0.7111	2	1	4	945	0.144998
0.7111	2	1	4	945	0.144898
0.7111	2	1	4	945	0.144798
0.7111	2	1	4	945	0.144698
0.7111	2	1	5	945	0.145498
0.7111	2	1	5	945	0.145398
0.7111	2	1	5	945	0.145298
0.7111	2	1	5	945	0.145198
0.7111	2	1	5	945	0.145098
0.7111	2	1	5	945	0.144998
0.7111	2	1	5	945	0.144898
0.7111	2	1	5	945	0.144798
0.7111	2	1	5	945	0.144698
0.712029	2	1	4	945	0.145527
0.712029	2	1	4	945	0.145427
0.712029	2	1	4	945	0.145327
0.712029	2	1	4	945	0.145227
0.712029	2	1	4	945	0.145127
0.712029	2	1	4	945	0.145027
0.712029	2	1	4	945	0.144927
0.712029	2	1	4	945	0.144827
0.712029	2	1	4	945	0.144727
0.712029	2	1	5	945	0.145526
0.712029	2	1	5	945	0.145426
0.712029	2	1	5	945	0.145326
0.712029	2	1	5	945	0.145226
0.712029	2	1	5	945	0.145126
0.712029	2	1	5	945	0.145026
0.712029	2	1	5	945	0.144926
0.712029	2	1	5	945	0.144826
0.712029	2	1	5	945	0.144726
0.7151	2	1	4	945	0.147698
0.7151	2	1	4	945	0.147598
0.7151	2	1	4	945	0.147498
0.7151	2	1	4	945	0.147398
0.7151	2	1	4	945	0.147298
0.7151	2	1	4	945	0.147198
0.7151	2	1	4	945	0.147098
0.7151	2	1	4	945	0.146998
0.7151	2	1	4	945	0.146898
0.7151	2	1	5	945	0.147698
0.7151	2	1	5	945	0.147598
0.7151	2	1	5	945	0.147498
0.7151	2	1	5	945	0.147398
0.7151	2	1	5	945	0.147298
0.7151	2	1	5	945	0.147198
0.7151	2	1	5	945	0.147098
0.7151	2	1	5	945	0.146998
0.7151	2	1	5	945	0.146898
0.7161	2	1	4	945	0.147798
0.7161	2	1	4	945	0.147698
0.7161	2	1	4	945	0.147598
0.7161	2	1	4	945	0.147498
0.7161	2	1	4	945	0.147398
0.7161	2	1	4	945	0.147298
0.7161	2	1	4	945	0.147198
0.7161	2	1	4	945	0.147098
0.7161	2	1	4	945	0.146998
0.7161	2	1	4	945	0.146898
0.7161	2	1	5	945	0.147798
0.7161	2	1	5	945	0.147698
0.7161	2	1	5	945	0.147598
0.7161	2	1	5	945	0.147498
0.7161	2	1	5	945	0.147398
0.7161	2	1	5	945	0.147298
0.7161	2	1	5	945	0.147198
0.7161	2	1	5	945	0.147098
0.7161	2	1	5	945	0.146998
0.7161	2	1	5	945	0.146898
0.717029	2	1	4	945	0.147727
0.717029	2	1	4	945	0.147627
0.717029	2	1	4	945	0.147527
0.717029	2	1	4	945	0.147427
0.717029	2	1	4	945	0.147327
0.717029	2	1	4	945	0.147227
0.717029	2	1	4	945	0.147127
0.717029	2	1	4	945	0.147027
0.717029	2	1	5	945	0.147726
0.717029	2	1	5	945	0.147626
0.717029	2	1	5	945	0.147526
0.717029	2	1	5	945	0.147426
0.717029	2	1	5	945	0.147326
0.717029	2	1	5	945	0.147226
0.717029	2	1	5	945	0.147126
0.717029	2	1	5	945	0.147026
0.7201	2	1	4	945	0.149998
0.7201	2	1	4	945	0.149898
0.7201	2	1	4	945	0.149798
0.7201	2	1	4	945	0.149698
0.7201	2	1	4	945	0.149598
0.7201	2	1	4	945	0.149498
0.7201	2	1	4	945	0.149398
0.7201	2	1	4	945	0.149298
0.7201	2	1	4	945	0.149198
0.7201	2	1	4	945	0.149098
0.7201	2	1	5	945	0.149998
0.7201	2	1	5	945	0.149898
0.7201	2	1	5	945	0.149798
0.7201	2	1	5	945	0.149698
0.7201	2	1	5	945	0.149598
0.7201	2	1	5	945	0.149498
0.7201	2	1	5	945	0.149398
0.7201	2	1	5	945	0.149298
0.7201	2	1	5	945	0.149198
0.7201	2	1	5	945	0.149098
0.7211	2	1	4	945	0.149998
0.7211	2	1	4	945	0.149898
0.7211	2	1	4	945	0.149798
0.7211	2	1	4	945	0.149698
0.7211	2	1	4	945	0.149598
0.7211	2	1	4	945	0.149498
0.7211	2	1	4	945	0.149398
0.7211	2	1	4	945	0.149298
0.7211	2	1	4	945	0.149198
0.7211	2	1	5	945	0.149998
0.7211	2	1	5	945	0.149898
0.7211	2	1	5	945	0.149798
0.7211	2	1	5	945	0.149698
0.7211	2	1	5	945	0.149598
0.7211	2	1	5	945	0.149498
0.7211	2	1	5	945	0.149398
0.7211	2	1	5	945	0.149298
0.7211	2	1	5	945	0.149198
0.722029	2	1	4	945	0.150027
0.722029	2	1	4	945	0.149927
0.722029	2	1	4	945	0.149827
0.722029	2	1	4	945	0.149727
0.722029	2	1	4	945	0.149627
0.722029	2	1	4	945	0.149527
0.722029	2	1	4	945	0.149427
0.722029	2	1	4	945	0.149327
0.722029	2	1	4	945	0.149227
0.722029	2	1	5	945	0.150026
0.722029	2	1	5	945	0.149926
0.722029	2	1	5	945	0.149826
0.722029	2	1	5	945	0.149726
0.722029	2	1	5	945	0.149626
0.722029	2	1	5	945	0.149526
0.722029	2	1	5	945	0.149426
0.722029	2	1	5	945	0.149326
0.722029	2	1	5	945	0.149226
0.7251	2	1	4	945	0.152198
0.7251	2	1	4	945	0.152098
0.7251	2	1	4	945	0.151998
0.7251	2	1	4	945	0.151898
0.7251	2	1	4	945	0.151798
0.7251	2	1	4	945	0.151698
0.7251	2	1	4	945	0.151598
0.7251	2	1	4	945	0.151498
0.7251	2	1	4	945	0.151398
0.7251	2	1	5	945	0.152198
0.7251	2	1	5	945	0.152098
0.7251	2	1	5	945	0.151998
0.7251	2	1	5	945	0.151898
0.7251	2	1	5	945	0.151798
0.7251	2	1	5	945	0.151698
0.7251	2	1	5	945	0.151598
0.7251	2	1	5	945	0.151498
0.7251	2	1	5	945	0.151398
0.7261	2	1	4	945	0.152298
0.7261	2	1	4	945	0.152198
0.7261	2	1	4	945	0.152098
0.7261	2	1	4	945	0.151998
0.7261	2	1	4	945	0.151898
0.7261	2	1	4	945	0.151798
0.7261	2	1	4	945	0.151698
0.7261	2	1	4	945	0.151598
0.7261	2	1	4	945	0.151498
0.7261	2	1	4	945	0.151398
0.7261	2	1	5	945	0.152298
0.7261	2	1	5	945	0.152198
0.7261	2	1	5	945	0.152098
0.7261	2	1	5	945	0.151998
0.7261	2	1	5	945	0.151898
0.7261	2	1	5	945	0.151798
0.7261	2	1	5	945	0.151698
0.7261	2	1	5	945	0.151598
0.7261	2	1	5	945	0.151498
0.7261	2	1	5	945	0.151398
0.727029	2	1	4	945	0.152227
0.727029	2	1	4	945	0.152127
0.727029	2	1	4	945	0.152027
0.727029	2	1	4	945	0.151927
0.727029	2	1	4	945	0.151827
0.727029	2	1	4	945	0.151727
0.727029	2	1	4	945	0.151627
0.727029	2	1	4	945	0.151527
0.727029	2	1	5	945	0.152226
0.727029	2	1	5	945	0.152126
0.727029	2	1	5	945	0.152026
0.727029	2	1	5	945	0.151926
0.727029	2	1	5	945	0.151826
0.727029	2	1	5	945	0.151726
0.727029	2	1	5	945	0.151626
0.727029	2	1	5	945	0.151526
0.7301	2	1	4	945	0.154498
0.7301	2	1	4	945	0.154398
0.7301	2	1	4	945	0.154298
0.7301	2	1	4	945	0.154198
0.7301	2	1	4	945	0.154098
0.7301	2	1	4	945	0.153998
0.7301	2	1	4	945	0.153898
0.7301	2	1	4	945	0.153798
0.7301	2	1	4	945	0.153698
0.7301	2	1	4	945	0.153598
0.7301	2	1	5	945	0.154498
0.7301	2	1	5	945	0.154398
0.7301	2	1	5	945	0.154298
0.7301	2	1	5	945	0.154198
0.7301	2	1	5	945	0.154098
0.7301	2	1	5	945	0.153998
0.7301	2	1	5	945	0.153898
0.7301	2	1	5	945	0.153798
0.7301	2	1	5	945	0.153698
0.7301	2	1	5	945	0.153598
0.7311	2	1	4	945	0.154498
0.7311	2	1	4	945	0.154398
0.7311	2	1	4	945	0.154298
0.7311	2	1	4	945	0.154198
0.7311	2	1	4	945	0.154098
0.7311	2	1	4	945	0.153998
0.7311	2	1	4	945	0.153898
0.7311	2	1	4	945	0.153798
0.7311	2	1	4	945	0.153698
0.7311	2	1	5	945	0.154498
0.7311	2	1	5	945	0.154398
0.7311	2	1	5	945	0.154298
0.7311	2	1	5	945	0.154198
0.7311	2	1	5	945	0.154098
0.7311	2	1	5	945	0.153998
0.7311	2	1	5	945	0.153898
0.7311	2	1	5	945	0.153798
0.7311	2	1	5	945	0.153698
0.732029	2	1	4	945	0.154527
0.732029	2	1	4	945	0.154427
0.732029	2	1	4	945	0.154327
0.732029	2	1	4	945	0.154227
0.732029	2	1	4	945	0.154127
0.732029	2	1	4	945	0.154027
0.732029	2	1	4	945	0.153927
0.732029	2	1	4	945	0.153827
0.732029	2	1	4	945	0.153727
0.732029	2	1	5	945	0.154526
0.732029	2	1	5	945	0.154426
0.732029	2	1	5	945	0.154326
0.732029	2	1	5	945	0.154226
0.732029	2	1	5	945	0.154126
0.732029	2	1	5	945	0.154026
0.732029	2	1	5	945	0.153926
0.732029	2	1	5	945	0.153826
0.732029	2	1	5	945	0.153726
0.7351	2	1	4	945	0.156698
0.7351	2	1	4	945	0.156598
0.7351	2	1	4	945	0.156498
0.7351	2	1	4	945	0.156398
0.7351	2	1	4	945	0.156298
0.7351	2	1	4	945	0.156198
0.7351	2	1	4	945	0.156098
0.7351	2	1	4	945	0.155998
0.7351	2	1	4	945	0.155898
0.7351	2	1	5	945	0.156698
0.7351	2	1	5	945	0.156598
0.7351	2	1	5	945	0.156498
0.7351	2	1	5	945	0.156398
0.7351	2	1	5	945	0.156298
0.7351	2	1	5	945	0.156198
0.7351	2	1	5	945	0.156098
0.7351	2	1	5	945	0.155998
0.7351	2	1	5	945	0.155898
0.7361	2	1	4	945	0.156798
0.7361	2	1	4	945	0.156698
0.7361	2	1	4	945	0.156598
0.7361	2	1	4	945	0.156498
0.7361	2	1	4	945	0.156398
0.7361	2	1	4	945	0.156298
0.7361	2	1	4	945	0.156198
0.7361	2	1	4	945	0.156098
0.7361	2	1	4	945	0.155998
0.7361	2	1	4	945	0.155898
0.7361	2	1	5	945	0.156798
0.7361	2	1	5	945	0.156698
0.7361	2	1	5	945	0.156598
0.7361	2	1	5	945	0.156498
0.7361	2	1	5	945	0.156398
0.7361	2	1	5	945	0.156298
0.7361	2	1	5	945	0.156198
0.7361	2	1	5	945	0.156098
0.7361	2	1	5	945	0.155998
0.7361	2	1	5	945	0.155898
0.737029	2	1	4	945	0.156727
0.737029	2	1	4	945	0.156627
0.737029	2	1	4	945	0.156527
0.737029	2	1	4	945	0.156427
0.737029	2	1	4	945	0.156327
0.737029	2	1	4	945	0.156227
0.737029	2	1	4	945	0.156127
0.737029	2	1	4	945	0.156027
0.737029	2	1	4	945	0.155927
0.737029	2	1	5	945	0.156726
0.737029	2	1	5	945	0.156626
0.737029	2	1	5	945	0.156526
0.737029	2	1	5	945	0.156426
0.737029	2	1	5	945	0.156326
0.737029	2	1	5	945	0.156226
0.737029	2	1	5	945	0.156126
0.737029	2	1	5	945	0.156026
0.737029	2	1	5	945	0.155926
0.7401	2	1	4	945	0.158898
0.7401	2	1	4	945	0.158798
0.7401	2	1	4	945	0.158698
0.7401	2	1	4	945	0.158598
0.7401	2	1	4	945	0.158498
0.7401	2	1	4	945	0.158398
0.7401	2	1	4	945	0.158298
0.7401	2	1	4	945	0.158198
0.7401	2	1	4	945	0.158098
0.7401	2	1	5	945	0.158898
0.7401	2	1	5	945	0.158798
0.7401	2	1	5	945	0.158698
0.7401	2	1	5	945	0.158598
0.7401	2	1	5	945	0.158498
0.7401	2	1	5	945	0.158398
0.7401	2	1	5	945	0.158298
0.7401	2	1	5	945	0.158198
0.7401	2	1	5	945	0.158098
0.7411	2	1	4	945	0.158998
0.7411	2	1	4	945	0.158898
0.7411	2	1	4	945	0.158798
0.7411	2	1	4	945	0.158698
0.7411	2	1	4	945	0.158598
0.7411	2	1	4	945	0.158498
0.7411	2	1	4	945	0.158398
0.7411	2	1	4	945	0.158298
0.7411	2	1	4	945	0.158198
0.7411	2	1	4	945	0.158098
0.7411	2	1	5	945	0.158998
0.7411	2	1	5	945	0.158898
0.7411	2	1	5	945	0.158798
0.7411	2	1	5	945	0.158698
0.7411	2	1	5	945	0.158598
0.7411	2	1	5	945	0.158498
0.7411	2	1	5	945	0.158398
0.7411	2	1	5	945	0.158298
0.7411	2	1	5	945	0.158198
0.7411	2	1	5	945	0.158098
0.742029	2	1	4	945	0.158927
0.742029	2	1	4	945	0.158827
0.742029	2	1	4	945	0.158727
0.742029	2	1	4	945	0.158627
0.742029	2	1	4	945	0.158527
0.742029	2	1	4	945	0.158427
0.742029	2	1	4	945	0.158327
0.742029	2	1	4	945	0.158227
0.742029	2	1	5	945	0.158926
0.742029	2	1	5	945	0.158826
0.742029	2	1	5	945	0.158726
0.742029	2	1	5	945	0.158626
0.742029	2	1	5	945	0.158526
0.742029	2	1	5	945	0.158426
0.742029	2	1	5	945	0.158326
0.742029	2	1	5	945	0.158226
0.7451	2	1	4	945	0.161198
0.7451	2	1	4	945	0.161098
0.7451	2	1	4	945	0.160998
0.7451	2	1	4	945	0.160898
0.7451	2	1	4	945	0.160798
0.7451	2	1	4	945	0.160698
0.7451	2	1	4	945	0.160598
0.7451	2	1	4	945	0.160498
0.7451	2	1	4	945	0.160398
0.7451	2	1	4	945	0.160298
0.7451	2	1	5	945	0.161198
0.7451	2	1	5	945	0.161098
0.7451	2	1	5	945	0.160998
0.7451	2	1	5	945	0.160898
0.7451	2	1	5	945	0.160798
0.7451	2	1	5	945	0.160698
0.7451	2	1	5	945	0.160598
0.7451	2	1	5	945	0.160498
0.7451	2	1	5	945	0.160398
0.7451	2	1	5	945	0.160298
0.7461	2	1	4	945	0.161198
0.7461	2	1	4	945	0.161098
0.7461	2	1	4	945	0.160998
0.7461	2	1	4	945	0.160898
0.7461	2	1	4	945	0.160798
0.7461	2	1	4	945	0.160698
0.7461	2	1	4	945	0.160598
0.7461	2	1	4	945	0.160498
0.7461	2	1	4	945	0.160398
0.7461	2	1	5	945	0.161198
0.7461	2	1	5	945	0.161098
0.7461	2	1	5	945	0.160998
0.7461	2	1	5	945	0.160898
0.7461	2	1	5	945	0.160798
0.7461	2	1	5	945	0.160698
0.7461	2	1	5	945	0.160598
0.7461	2	1	5	945	0.160498
0.7461	2	1	5	945	0.160398
0.747029	2	1	4	945	0.161227
0.747029	2	1	4	945	0.161127
0.747029	2	1	4	945	0.161027
0.747029	2	1	4	945	0.160927
0.747029	2	1	4	945	0.160827
0.747029	2	1	4	945	0.160727
0.747029	2	1	4	945	0.160627
0.747029	2	1	4	945	0.160527
0.747029	2	1	4	945	0.160427
0.747029	2	1	5	945	0.161226
0.747029	2	1	5	945	0.161126
0.747029	2	1	5	945	0.161026
0.747029	2	1	5	945	0.160926
0.747029	2	1	5	945	0.160826
0.747029	2	1	5	945	0.160726
0.747029	2	1	5	945	0.160626
0.747029	2	1	5	945	0.160526
0.747029	2	1	5	945	0.160426
0.7501	2	1	4	945	0.163398
0.7501	2	1	4	945	0.163298
0.7501	2	1	4	945	0.163198
0.7501	2	1	4	945	0.163098
0.7501	2	1	4	945	0.162998
0.7501	2	1	4	945	0.162898
0.7501	2	1	4	945	0.162798
0.7501	2	1	4	945	0.162698
0.7501	2	1	4	945	0.162598
0.7501	2	1	5	945	0.163398
0.7501	2	1	5	945	0.163298
0.7501	2	1	5	945	0.163198
0.7501	2	1	5	945	0.163098
0.7501	2	1	5	945	0.162998
0.7501	2	1	5	945	0.162898
0.7501	2	1	5	945	0.162798
0.7501	2	1	5	945	0.162698
0.7501	2	1	5	945	0.162598
0.7511	2	1	4	945	0.163498
0.7511	2	1	4	945	0.163398
0.7511	2	1	4	945	0.163298
0.7511	2	1	4	945	0.163198
0.7511	2	1	4	945	0.163098
0.7511	2	1	4	945	0.162998
0.7511	2	1	4	945	0.162898
0.7511	2	1	4	945	0.162798
0.7511	2	1	4	945	0.162698
0.7511	2	1	4	945	0.162598
0.7511	2	1	5	945	0.163498
0.7511	2	1	5	945	0.163398
0.7511	2	1	5	945	0.163298
0.7511	2	1	5	945	0.163198
0.7511	2	1	5	945	0.163098
0.7511	2	1	5	945	0.162998
0.7511	2	1	5	945	0.162898
0.7511	2	1	5	945	0.162798
0.7511	2	1	5	945	0.162698
0.7511	2	1	5	945	0.162598
0.752029	2	1	4	945	0.163427
0.752029	2	1	4	945	0.163327
0.752029	2	1	4	945	0.163227
0.752029	2	1	4	945	0.163127
0.752029	2	1	4	945	0.163027
0.752029	2	1	4	945	0.162927
0.752029	2	1	4	945	0.162827
0.752029	2	1	4	945	0.162727
0.752029	2	1	5	945	0.163426
0.752029	2	1	5	945	0.163326
0.752029	2	1	5	945	0.163226
0.752029	2	1	5	945	0.163126
0.752029	2	1	5	945	0.163026
0.752029	2	1	5	945	0.162926
0.752029	2	1	5	945	0.162826
0.752029	2	1	5	945	0.162726
0.7551	2	1	4	945	0.165698
0.7551	2	1	4	945	0.165598
0.7551	2	1	4	945	0.165498
0.7551	2	1	4	945	0.165398
0.7551	2	1	4	945	0.165298
0.7551	2	1	4	945	0.165198
0.7551	2	1	4	945	0.165098
0.7551	2	1	4	945	0.164998
0.7551	2	1	4	945	0.164898
0.7551	2	1	4	945	0.164798
0.7551	2	1	5	945	0.165698
0.7551	2	1	5	945	0.165598
0.7551	2	1	5	945	0.165498
0.7551	2	1	5	945	0.165398
0.7551	2	1	5	945	0.165298
0.7551	2	1	5	945	0.165198
0.7551	2	1	5	945	0.165098
0.7551	2	1	5	945	0.164998
0.7551	2	1	5	945	0.164898
0.7551	2	1	5	945	0.164798
0.7561	2	1	4	945	0.165698
0.7561	2	1	4	945	0.165598
0.7561	2	1	4	945	0.165498
0.7561	2	1	4	945	0.165398
0.7561	2	1	4	945	0.165298
0.7561	2	1	4	945	0.165198
0.7561	2	1	4	945	0.165098
0.7561	2	1	4	945	0.164998
0.7561	2	1	4	945	0.164898
0.7561	2	1	5	945	0.165698
0.7561	2	1	5	945	0.165598
0.7561	2	1	5	945	0.165498
0.7561	2	1	5	945	0.165398
0.7561	2	1	5	945	0.165298
0.7561	2	1	5	945	0.165198
0.7561	2	1	5	945	0.165098
0.7561	2	1	5	945	0.164998
0.7561	2	1	5	945	0.164898
0.757029	2	1	4	945	0.165727
0.757029	2	1	4	945	0.165627
0.757029	2	1	4	945	0.165527
0.757029	2	1	4	945	0.165427
0.757029	2	1	4	945	0.165327
0.757029	2	1	4	945	0.165227
0.757029	2	1	4	945	0.165127
0.757029	2	1	4	945	0.165027
0.757029	2	1	4	945	0.164927
0.757029	2	1	5	945	0.165726
0.757029	2	1	5	945	0.165626
0.757029	2	1	5	945	0.165526
0.757029	2	1	5	945	0.165426
0.757029	2	1	5	945	0.165326
0.757029	2	1	5	945	0.165226
0.757029	2	1	5	945	0.165126
0.757029	2	1	5	945	0.165026
0.757029	2	1	5	945	0.164926
0.7601	2	1	4	945	0.167898
0.7601	2	1	4	945	0.167798
0.7601	2	1	4	945	0.167698
0.7601	2	1	4	945	0.167598
0.7601	2	1	4	945	0.167498
0.7601	2	1	4	945	0.167398
0.7601	2	1	4	945	0.167298
0.7601	2	1	4	945	0.167198
0.7601	2	1	4	945	0.167098
0.7601	2	1	5	945	0.167898
0.7601	2	1	5	945	0.167798
0.7601	2	1	5	945	0.167698
0.7601	2	1	5	945	0.167598
0.7601	2	1	5	945	0.167498
0.7601	2	1	5	945	0.167398
0.7601	2	1	5	945	0.167298
0.7601	2	1	5	945	0.167198
0.7601	2	1	5	945	0.167098
0.7611	2	1	4	945	0.167998
0.7611	2	1	4	945	0.167898
0.7611	2	1	4	945	0.167798
0.7611	2	1	4	945	0.167698
0.7611	2	1	4	945	0.167598
0.7611	2	1	4	945	0.167498
0.7611	2	1	4	945	0.167398
0.7611	2	1	4	945	0.167298
0.7611	2	1	4	945	0.167198
0.7611	2	1	4	945	0.167098
0.7611	2	1	5	945	0.167998
0.7611	2	1	5	945	0.167898
0.7611	2	1	5	945	0.167798
0.7611	2	1	5	945	0.167698
0.7611	2	1	5	945	0.167598
0.7611	2	1	5	945	0.167498
0.7611	2	1	5	945	0.167398
0.7611	2	1	5	945	0.167298
0.7611	2	1	5	945	0.167198
0.7611	2	1	5	945	0.167098
0.762029	2	1	4	945	0.167927
0.762029	2	1	4	945	0.167827
0.762029	2	1	4	945	0.167727
0.762029	2	1	4	945	0.167627
0.762029	2	1	4	945	0.167527
0.762029	2	1	4	945	0.167427
0.762029	2	1	4	945	0.167327
0.762029	2	1	4	945	0.167227
0.762029	2	1	4	945	0.167127
0.762029	2	1	5	945	0.167926
0.762029	2	1	5	945	0.167826
0.762029	2	1	5	945	0.167726
0.762029	2	1	5	945	0.167626
0.762029	2	1	5	945	0.167526
0.762029	2	1	5	945	0.167426
0.762029	2	1	5	945	0.167326
0.762029	2	1	5	945	0.167226
0.762029	2	1	5	945	0.167126
0.7651	2	1	4	945	0.170098
0.7651	2	1	4	945	0.169998
0.7651	2	1	4	945	0.169898
0.7651	2	1	4	945	0.169798
0.7651	2	1	4	945	0.169698
0.7651	2	1	4	945	0.169598
0.7651	2	1	4	945	0.169498
0.7651	2	1	4	945	0.169398
0.7651	2	1	4	945	0.169298
0.7651	2	1	5	945	0.170098
0.7651	2	1	5	945	0.169998
0.7651	2	1	5	945	0.169898
0.7651	2	1	5	945	0.169798
0.7651	2	1	5	945	0.169698
0.7651	2	1	5	945	0.169598
0.7651	2	1	5	945	0.169498
0.7651	2	1	5	945	0.169398
0.7651	2	1	5	945	0.169298
0.7661	2	1	4	945	0.170198
0.7661	2	1	4	945	0.170098
0.7661	2	1	4	945	0.169998
0.7661	2	1	4	945	0.169898
0.7661	2	1	4	945	0.169798
0.7661	2	1	4	945	0.169698
0.7661	2	1	4	945	0.169598
0.7661	2	1	4	945	0.169498
0.7661	2	1	4	945	0.169398
0.7661	2	1	5	945	0.170198
0.7661	2	1	5	945	0.170098
0.7661	2	1	5	945	0.169998
0.7661	2	1	5	945	0.169898
0.7661	2	1	5	945	0.169798
0.7661	2	1	5	945	0.169698
0.7661	2	1	5	945	0.169598
0.7661	2	1	5	945	0.169498
0.7661	2	1	5	945	0.169398
0.767029	2	1	4	945	0.170227
0.767029	2	1	4	945	0.170127
0.767029	2	1	4	945	0.170027
0.767029	2	1	4	945	0.169927
0.767029	2	1	4	945	0.169827
0.767029	2	1	4	945	0.169727
0.767029	2	1	4	945	0.169627
0.767029	2	1	4	945	0.169527
0.767029	2	1	4	945	0.169427
0.767029	2	1	5	945	0.170226
0.767029	2	1	5	945	0.170126
0.767029	2	1	5	945	0.170026
0.767029	2	1	5	945	0.169926
0.767029	2	1	5	945	0.169826
0.767029	2	1	5	945	0.169726
0.767029	2	1	5	945	0.169626
0.767029	2	1	5	945	0.169526
0.767029	2	1	5	945	0.169426
0.7701	2	1	4	945	0.172398
0.7701	2	1	4	945	0.172298
0.7701	2	1	4	945	0.172198
0.7701	2	1	4	945	0.172098
0.7701	2	1	4	945	0.171998
0.7701	2	1	4	945	0.171898
0.7701	2	1	4	945	0.171798
0.7701	2	1	4	945	0.171698
0.7701	2	1	4	945	0.171598
0.7701	2	1	4	945	0.171498
0.7701	2	1	5	945	0.172398
0.7701	2	1	5	945	0.172298
0.7701	2	1	5	945	0.172198
0.7701	2	1	5	945	0.172098
0.7701	2	1	5	945	0.171998
0.7701	2	1	5	945	0.171898
0.7701	2	1	5	945	0.171798
0.7701	2	1	5	945	0.171698
0.7701	2	1	5	945	0.171598
0.7701	2	1	5	945	0.171498
0.7711	2	1	4	945	0.172398
0.7711	2	1	4	945	0.172298
0.7711	2	1	4	945	0.172198
0.7711	2	1	4	945	0.172098
0.7711	2	1	4	945	0.171998
0.7711	2	1	4	945	0.171898
0.7711	2	1	4	945	0.171798
0.7711	2	1	4	945	0.171698
0.7711	2	1	4	945	0.171598
0.7711	2	1	5	945	0.172398
0.7711	2	1	5	945	0.172298
0.7711	2	1	5	945	0.172198
0.7711	2	1	5	945	0.172098
0.7711	2	1	5	945	0.171998
0.7711	2	1	5	945	0.171898
0.7711	2	1	5	945	0.171798
0.7711	2	1	5	945	0.171698
0.7711	2	1	5	945	0.171598
0.772029	2	1	4	945	0.172427
0.772029	2	1	4	945	0.172327
0.772029	2	1	4	945	0.172227
0.772029	2	1	4	945	0.172127
0.772029	2	1	4	945	0.172027
0.772029	2	1	4	945	0.171927
0.772029	2	1	4	945	0.171827
0.772029	2	1	4	945	0.171727
0.772029	2	1	4	945	0.171627
0.772029	2	1	5	945	0.172426
0.772029	2	1	5	945	0.172326
0.772029	2	1	5	945	0.172226
0.772029	2	1	5	945	0.172126
0.772029	2	1	5	945	0.172026
0.772029	2	1	5	945	0.171926
0.772029	2	1	5	945	0.171826
0.772029	2	1	5	945	0.171726
0.772029	2	1	5	945	0.171626
0.7751	2	1	4	945	0.174598
0.7751	2	1	4	945	0.174498
0.7751	2	1	4	945	0.174398
0.7751	2	1	4	945	0.174298
0.7751	2	1	4	945	0.174198
0.7751	2	1	4	945	0.174098
0.7751	2	1	4	945	0.173998
0.7751	2	1	4	945	0.173898
0.7751	2	1	4	945	0.173798
0.7751	2	1	5	945	0.174598
0.7751	2	1	5	945	0.174498
0.7751	2	1	5	945	0.174398
0.7751	2	1	5	945	0.174298
0.7751	2	1	5	945	0.174198
0.7751	2	1	5	945	0.174098
0.7751	2	1	5	945	0.173998
0.7751	2	1	5	945	0.173898
0.7751	2	1	5	945	0.173798
0.7761	2	1	4	945	0.174698
0.7761	2	1	4	945	0.174598
0.7761	2	1	4	945	0.174498
0.7761	2	1	4	945	0.174398
0.7761	2	1	4	945	0.174298
0.7761	2	1	4	945	0.174198
0.7761	2	1	4	945	0.174098
0.7761	2	1	4	945	0.173998
0.7761	2	1	4	945	0.173898
0.7761	2	1	4	945	0.173798
0.7761	2	1	5	945	0.174698
0.7761	2	1	5	945	0.174598
0.7761	2	1	5	945	0.174498
0.7761	2	1	5	945	0.174398
0.7761	2	1	5	945	0.174298
0.7761	2	1	5	945	0.174198
0.7761	2	1	5	945	0.174098
0.7761	2	1	5	945	0.173998
0.7761	2	1	5	945	0.173898
0.7761	2	1	5	945	0.173798
0.777029	2	1	4	945	0.174627
0.777029	2	1	4	945	0.174527
0.777029	2	1	4	945	0.174427
0.777029	2	1	4	945	0.174327
0.777029	2	1	4	945	0.174227
0.777029	2	1	4	945	0.174127
0.777029	2	1	4	945	0.174027
0.777029	2	1	4	945	0.173927
0.777029	2	1	5	945	0.174626
0.777029	2	1	5	945	0.174526
0.777029	2	1	5	945	0.174426
0.777029	2	1	5	945	0.174326
0.777029	2	1	5	945	0.174226
0.777029	2	1	5	945	0.174126
0.777029	2	1	5	945	0.174026
0.777029	2	1	5	945	0.173926
0.7801	2	1	4	945	0.176898
0.7801	2	1	4	945	0.176798
0.7801	2	1	4	945	0.176698
0.7801	2	1	4	945	0.176598
0.7801	2	1	4	945	0.176498
0.7801	2	1	4	945	0.176398
0.7801	2	1	4	945	0.176298
0.7801	2	1	4	945	0.176198
0.7801	2	1	4	945	0.176098
0.7801	2	1	4	945	0.175998
0.7801	2	1	5	945	0.176898
0.7801	2	1	5	945	0.176798
0.7801	2	1	5	945	0.176698
0.7801	2	1	5	945	0.176598
0.7801	2	1	5	945	0.176498
0.7801	2	1	5	945	0.176398
0.7801	2	1	5	945	0.176298
0.7801	2	1	5	945	0.176198
0.7801	2	1	5	945	0.176098
0.7801	2	1	5	945	0.175998
0.7811	2	1	4	945	0.176898
0.7811	2	1	4	945	0.176798
0.7811	2	1	4	945	0.176698
0.7811	2	1	4	945	0.176598
0.7811	2	1	4	945	0.176498
0.7811	2	1	4	945	0.176398
0.7811	2	1	4	945	0.176298
0.7811	2	1	4	945	0.176198
0.7811	2	1	4	945	0.176098
0.7811	2	1	5	945	0.176898
0.7811	2	1	5	945	0.176798
0.7811	2	1	5	945	0.176698
0.7811	2	1	5	945	0.176598
0.7811	2	1	5	945	0.176498
0.7811	2	1	5	945	0.176398
0.7811	2	1	5	945	0.176298
0.7811	2	1	5	945	0.176198
0.7811	2	1	5	945	0.176098
0.782029	2	1	4	945	0.176927
0.782029	2	1	4	945	0.176827
0.782029	2	1	4	945	0.176727
0.782029	2	1	4	945	0.176627
0.782029	2	1	4	945	0.176527
0.782029	2	1	4	945	0.176427
0.782029	2	1	4	945	0.176327
0.782029	2	1	4	945	0.176227
0.782029	2	1	4	945	0.176127
0.782029	2	1	5	945	0.176926
0.782029	2	1	5	945	0.176826
0.782029	2	1	5	945	0.176726
0.782029	2	1	5	945	0.176626
0.782029	2	1	5	945	0.176526
0.782029	2	1	5	945	0.176426
0.782029	2	1	5	945	0.176326
0.782029	2	1	5	945	0.176226
0.782029	2	1	5	945	0.176126
0.7851	2	1	4	945	0.179098
0.7851	2	1	4	945	0.178998
0.7851	2	1	4	945	0.178898
0.7851	2	1	4	945	0.178798
0.7851	2	1	4	945	0.178698
0.7851	2	1	4	945	0.178598
0.7851	2	1	4	945	0.178498
0.7851	2	1	4	945	0.178398
0.7851	2	1	4	945	0.178298
0.7851	2	1	5	945	0.179098
0.7851	2	1	5	945	0.178998
0.7851	2	1	5	945	0.178898
0.7851	2	1	5	945	0.178798
0.7851	2	1	5	945	0.178698
0.7851	2	1	5	945	0.178598
0.7851	2	1	5	945	0.178498
0.7851	2	1	5	945	0.178398
0.7851	2	1	5	945	0.178298
0.7861	2	1	4	945	0.179198
0.7861	2	1	4	945	0.179098
0.7861	2	1	4	945	0.178998
0.7861	2	1	4	945	0.178898
0.7861	2	1	4	945	0.178798
0.7861	2	1	4	945	0.178698
0.7861	2	1	4	945	0.178598
0.7861	2	1	4	945	0.178498
0.7861	2	1	4	945	0.178398
0.7861	2	1	4	945	0.178298
0.7861	2	1	5	945	0.179198
0.7861	2	1	5	945	0.179098
0.7861	2	1	5	945	0.178998
0.7861	2	1	5	945	0.178898
0.7861	2	1	5	945	0.178798
0.7861	2	1	5	945	0.178698
0.7861	2	1	5	945	0.178598
0.7861	2	1	5	945	0.178498
0.7861	2	1	5	945	0.178398
0.7861	2	1	5	945	0.178298
0.787029	2	1	4	945	0.179127
0.787029	2	1	4	945	0.179027
0.787029	2	1	4	945	0.178927
0.787029	2	1	4	945	0.178827
0.787029	2	1	4	945	0.178727
0.787029	2	1	4	945	0.178627
0.787029	2	1	4	945	0.178527
0.787029	2	1	4	945	0.178427
0.787029	2	1	5	945	0.179126
0.787029	2	1	5	945	0.179026
0.787029	2	1	5	945	0.178926
0.787029	2	1	5	945	0.178826
0.787029	2	1	5	945	0.178726
0.787029	2	1	5	945	0.178626
0.787029	2	1	5	945	0.178526
0.787029	2	1	5	945	0.178426
0.7901	2	1	4	945	0.181398
0.7901	2	1	4	945	0.181298
0.7901	2	1	4	945	0.181198
0.7901	2	1	4	945	0.181098
0.7901	2	1	4	945	0.180998
0.7901	2	1	4	945	0.180898
0.7901	2	1	4	945	0.180798
0.7901	2	1	4	945	0.180698
0.7901	2	1	4	945	0.180598
0.7901	2	1	4	945	0.180498
0.7901	2	1	5	945	0.181398
0.7901	2	1	5	945	0.181298
0.7901	2	1	5	945	0.181198
0.7901	2	1	5	945	0.181098
0.7901	2	1	5	945	0.180998
0.7901	2	1	5	945	0.180898
0.7901	2	1	5	945	0.180798
0.7901	2	1	5	945	0.180698
0.7901	2	1	5	945	0.180598
0.7901	2	1	5	945	0.180498
0.7911	2	1	4	945	0.181398
0.7911	2	1	4	945	0.181298
0.7911	2	1	4	945	0.181198
0.7911	2	1	4	945	0.181098
0.7911	2	1	4	945	0.180998
0.7911	2	1	4	945	0.180898
0.7911	2	1	4	945	0.180798
0.7911	2	1	4	945	0.180698
0.7911	2	1	4	945	0.180598
0.7911	2	1	5	945	0.181398
0.7911	2	1	5	945	0.181298
0.7911	2	1	5	945	0.181198
0.7911	2	1	5	945	0.181098
0.7911	2	1	5	945	0.180998
0.7911	2	1	5	945	0.180898
0.7911	2	1	5	945	0.180798
0.7911	2	1	5	945	0.180698
0.7911	2	1	5	945	0.180598
0.792029	2	1	4	945	0.181427
0.792029	2	1	4	945	0.181327
0.792029	2	1	4	945	0.181227
0.792029	2	1	4	945	0.181127
0.792029	2	1	4	945	0.181027
0.792029	2	1	4	945	0.180927
0.792029	2	1	4	945	0.180827
0.792029	2	1	4	945	0.180727
0.792029	2	1	4	945	0.180627
0.792029	2	1	5	945	0.181426
0.792029	2	1	5	945	0.181326
0.792029	2	1	5	945	0.181226
0.792029	2	1	5	945	0.181126
0.792029	2	1	5	945	0.181026
0.792029	2	1	5	945	0.180926
0.792029	2	1	5	945	0.180826
0.792029	2	1	5	945	0.180726
0.792029	2	1	5	945	0.180626
0.7951	2	1	4	945	0.183598
0.7951	2	1	4	945	0.183498
0.7951	2	1	4	945	0.183398
0.7951	2	1	4	945	0.183298
0.7951	2	1	4	945	0.183198
0.7951	2	1	4	945	0.183098
0.7951	2	1	4	945	0.182998
0.7951	2	1	4	945	0.182898
0.7951	2	1	4	945	0.182798
0.7951	2	1	4	945	0.182698
0.7951	2	1	5	945	0.183598
0.7951	2	1	5	945	0.183498
0.7951	2	1	5	945	0.183398
0.7951	2	1	5	945	0.183298
0.7951	2	1	5	945	0.183198
0.7951	2	1	5	945	0.183098
0.7951	2	1	5	945	0.182998
0.7951	2	1	5	945	0.182898
0.7951	2	1	5	945	0.182798
0.7951	2	1	5	945	0.182698
0.7961	2	1	4	945	0.183598
0.7961	2	1	4	945	0.183498
0.7961	2	1	4	945	0.183398
0.7961	2	1	4	945	0.183298
0.7961	2	1	4	945	0.183198
0.7961	2	1	4	945	0.183098
0.7961	2	1	4	945	0.182998
0.7961	2	1	4	945	0.182898
0.7961	2	1	4	945	0.182798
0.7961	2	1	5	945	0.183598
0.7961	2	1	5	945	0.183498
0.7961	2	1	5	945	0.183398
0.7961	2	1	5	945	0.183298
0.7961	2	1	5	945	0.183198
0.7961	2	1	5	945	0.183098
0.7961	2	1	5	945	0.182998
0.7961	2	1	5	945	0.182898
0.7961	2	1	5	945	0.182798
0.797029	2	1	4	945	0.183627
0.797029	2	1	4	945	0.183527
0.797029	2	1	4	945	0.183427
0.797029	2	1	4	945	0.183327
0.797029	2	1	4	945	0.183227
0.797029	2	1	4	945	0.183127
0.797029	2	1	4	945	0.183027
0.797029	2	1	4	945	0.182927
0.797029	2	1	4	945	0.182827
0.797029	2	1	5	945	0.183626
0.797029	2	1	5	945	0.183526
0.797029	2	1	5	945	0.183426
0.797029	2	1	5	945	0.183326
0.797029	2	1	5	945	0.183226
0.797029	2	1	5	945	0.183126
0.797029	2	1	5	945	0.183026
0.797029	2	1	5	945	0.182926
0.797029	2	1	5	945	0.182826
0.8001	2	1	4	945	0.185798
0.8001	2	1	4	945	0.185698
0.8001	2	1	4	945	0.185598
0.8001	2	1	4	945	0.185498
0.8001	2	1	4	945	0.185398
0.8001	2	1	4	945	0.185298
0.8001	2	1	4	945	0.185198
0.8001	2	1	4	945	0.185098
0.8001	2	1	4	945	0.184998
0.8001	2	1	5	945	0.185798
0.8001	2	1	5	945	0.185698
0.8001	2	1	5	945	0.185598
0.8001	2	1	5	945	0.185498
0.8001	2	1	5	945	0.185398
0.8001	2	1	5	945	0.185298
0.8001	2	1	5	945	0.185198
0.8001	2	1	5	945	0.185098
0.8001	2	1	5	945	0.184998
0.8011	2	1	4	945	0.185898
0.8011	2	1	4	945	0.185798
0.8011	2	1	4	945	0.185698
0.8011	2	1	4	945	0.185598
0.8011	2	1	4	945	0.185498
0.8011	2	1	4	945	0.185398
0.8011	2	1	4	945	0.185298
0.8011	2	1	4	945	0.185198
0.8011	2	1	4	945	0.185098
0.8011	2	1	4	945	0.184998
0.8011	2	1	5	945	0.185898
0.8011	2	1	5	945	0.185798
0.8011	2	1	5	945	0.185698
0.8011	2	1	5	945	0.185598
0.8011	2	1	5	945	0.185498
0.8011	2	1	5	945	0.185398
0.8011	2	1	5	945	0.185298
0.8011	2	1	5	945	0.185198
0.8011	2	1	5	945	0.185098
0.8011	2	1	5	945	0.184998
0.802029	2	1	4	945	0.185827
0.802029	2	1	4	945	0.185727
0.802029	2	1	4	945	0.185627
0.802029	2	1	4	945	0.185527
0.802029	2	1	4	945	0.185427
0.802029	2	1	4	945	0.185327
0.802029	2	1	4	945	0.185227
0.802029	2	1	4	945	0.185127
0.802029	2	1	5	945	0.185826
0.802029	2	1	5	945	0.185726
0.802029	2	1	5	945	0.185626
0.802029	2	1	5	945	0.185526
0.802029	2	1	5	945	0.185426
0.802029	2	1	5	945	0.185326
0.802029	2	1	5	945	0.185226
0.802029	2	1	5	945	0.185126
0.8051	2	1	4	945	0.188098
0.8051	2	1	4	945	0.187998
0.8051	2	1	4	945	0.187898
0.8051	2	1	4	945	0.187798
0.8051	2	1	4	945	0.187698
0.8051	2	1	4	945	0.187598
0.8051	2	1	4	945	0.187498
0.8051	2	1	4	945	0.187398
0.8051	2	1	4	945	0.187298
0.8051	2	1	4	945	0.187198
0.8051	2	1	5	945	0.188098
0.8051	2	1	5	945	0.187998
0.8051	2	1	5	945	0.187898
0.8051	2	1	5	945	0.187798
0.8051	2	1	5	945	0.187698
0.8051	2	1	5	945	0.187598
0.8051	2	1	5	945	0.187498
0.8051	2	1	5	945	0.187398
0.8051	2	1	5	945	0.187298
0.8051	2	1	5	945	0.187198
0.8061	2	1	4	945	0.188098
0.8061	2	1	4	945	0.187998
0.8061	2	1	4	945	0.187898
0.8061	2	1	4	945	0.187798
0.8061	2	1	4	945	0.187698
0.8061	2	1	4	945	0.187598
0.8061	2	1	4	945	0.187498
0.8061	2	1	4	945	0.187398
0.8061	2	1	4	945	0.187298
0.8061	2	1	5	945	0.188098
0.8061	2	1	5	945	0.187998
0.8061	2	1	5	945	0.187898
0.8061	2	1	5	945	0.187798
0.8061	2	1	5	945	0.187698
0.8061	2	1	5	945	0.187598
0.8061	2	1	5	945	0.187498
0.8061	2	1	5	945	0.187398
0.8061	2	1	5	945	0.187298
0.807029	2	1	4	945	0.188127
0.807029	2	1	4	945	0.188027
0.807029	2	1	4	945	0.187927
0.807029	2	1	4	945	0.187827
0.807029	2	1	4	945	0.187727
0.807029	2	1	4	945	0.187627
0.807029	2	1	4	945	0.187527
0.807029	2	1	4	945	0.187427
0.807029	2	1	4	945	0.187327
0.807029	2	1	5	945	0.188126
0.807029	2	1	5	945	0.188026
0.807029	2	1	5	945	0.187926
0.807029	2	1	5	945	0.187826
0.807029	2	1	5	945	0.187726
0.807029	2	1	5	945	0.187626
0.807029	2	1	5	945	0.187526
0.807029	2	1	5	945	0.187426
0.807029	2	1	5	945	0.187326
0.8101	2	1	4	945	0.190298
0.8101	2	1	4	945	0.190198
0.8101	2	1	4	945	0.190098
0.8101	2	1	4	945	0.189998
0.8101	2	1	4	945	0.189898
0.8101	2	1	4	945	0.189798
0.8101	2	1	4	945	0.189698
0.8101	2	1	4	945	0.189598
0.8101	2	1	4	945	0.189498
0.8101	2	1	5	945	0.190298
0.8101	2	1	5	945	0.190198
0.8101	2	1	5	945	0.190098
0.8101	2	1	5	945	0.189998
0.8101	2	1	5	945	0.189898
0.8101	2	1	5	945	0.189798
0.8101	2	1	5	945	0.189698
0.8101	2	1	5	945	0.189598
0.8101	2	1	5	945	0.189498
0.8111	2	1	4	945	0.190398
0.8111	2	1	4	945	0.190298
0.8111	2	1	4	945	0.190198
0.8111	2	1	4	945	0.190098
0.8111	2	1	4	945	0.189998
0.8111	2	1	4	945	0.189898
0.8111	2	1	4	945	0.189798
0.8111	2	1	4	945	0.189698
0.8111	2	1	4	945	0.189598
0.8111	2	1	4	945	0.189498
0.8111	2	1	5	945	0.190398
0.8111	2	1	5	945	0.190298
0.8111	2	1	5	945	0.190198
0.8111	2	1	5	945	0.190098
0.8111	2	1	5	945	0.189998
0.8111	2	1	5	945	0.189898
0.8111	2	1	5	945	0.189798
0.8111	2	1	5	945	0.189698
0.8111	2	1	5	945	0.189598
0.8111	2	1	5	945	0.189498
0.812029	2	1	4	945	0.190327
0.812029	2	1	4	945	0.190227
0.812029	2	1	4	945	0.190127
0.812029	2	1	4	945	0.190027
0.812029	2	1	4	945	0.189927
0.812029	2	1	4	945	0.189827
0.812029	2	1	4	945	0.189727
0.812029	2	1	4	945	0.189627
0.812029	2	1	5	945	0.190326
0.812029	2	1	5	945	0.190226
0.812029	2	1	5	945	0.190126
0.812029	2	1	5	945	0.190026
0.812029	2	1	5	945	0.189926
0.812029	2	1	5	945	0.189826
0.812029	2	1	5	945	0.189726
0.812029	2	1	5	945	0.189626
0.8151	2	1	4	945	0.192598
0.8151	2	1	4	945	0.192498
0.8151	2	1	4	945	0.192398
0.8151	2	1	4	945	0.192298
0.8151	2	1	4	945	0.192198
0.8151	2	1	4	945	0.192098
0.8151	2	1	4	945	0.191998
0.8151	2	1	4	945	0.191898
0.8151	2	1	4	945	0.191798
0.8151	2	1	4	945	0.191698
0.8151	2	1	5	945	0.192598
0.8151	2	1	5	945	0.192498
0.8151	2	1	5	945	0.192398
0.8151	2	1	5	945	0.192298
0.8151	2	1	5	945	0.192198
0.8151	2	1	5	945	0.192098
0.8151	2	1	5	945	0.191998
0.8151	2	1	5	945	0.191898
0.8151	2	1	5	945	0.191798
0.8151	2	1	5	945	0.191698
0.8161	2	1	4	945	0.192598
0.8161	2	1	4	945	0.192498
0.8161	2	1	4	945	0.192398
0.8161	2	1	4	945	0.192298
0.8161	2	1	4	945	0.192198
0.8161	2	1	4	945	0.192098
0.8161	2	1	4	945	0.191998
0.8161	2	1	4	945	0.191898
0.8161	2	1	4	945	0.191798
0.8161	2	1	5	945	0.192598
0.8161	2	1	5	945	0.192498
0.8161	2	1	5	945	0.192398
0.8161	2	1	5	945	0.192298
0.8161	2	1	5	945	0.192198
0.8161	2	1	5	945	0.192098
0.8161	2	1	5	945	0.191998
0.8161	2	1	5	945	0.191898
0.8161	2	1	5	945	0.191798
0.817029	2	1	4	945	0.192627
0.817029	2	1	4	945	0.192527
0.817029	2	1	4	945	0.192427
0.817029	2	1	4	945	0.192327
0.817029	2	1	4	945	0.192227
0.817029	2	1	4	945	0.192127
0.817029	2	1	4	945	0.192027
0.817029	2	1	4	945	0.191927
0.817029	2	1	4	945	0.191827
0.817029	2	1	5	945	0.192626
0.817029	2	1	5	945	0.192526
0.817029	2	1	5	945	0.192426
0.817029	2	1	5	945	0.192326
0.817029	2	1	5	945	0.192226
0.817029	2	1	5	945	0.192126
0.817029	2	1	5	945	0.192026
0.817029	2	1	5	945	0.191926
0.817029	2	1	5	945	0.191826
0.8201	2	1	4	945	0.194798
0.8201	2	1	4	945	0.194698
0.8201	2	1	4	945	0.194598
0.8201	2	1	4	945	0.194498
0.8201	2	1	4	945	0.194398
0.8201	2	1	4	945	0.194298
0.8201	2	1	4	945	0.194198
0.8201	2	1	4	945	0.194098
0.8201	2	1	4	945	0.193998
0.8201	2	1	5	945	0.194798
0.8201	2	1	5	945	0.194698
0.8201	2	1	5	945	0.194598
0.8201	2	1	5	945	0.194498
0.8201	2	1	5	945	0.194398
0.8201	2	1	5	945	0.194298
0.8201	2	1	5	945	0.194198
0.8201	2	1	5	945	0.194098
0.8201	2	1	5	945	0.193998
0.8211	2	1	4	945	0.194898
0.8211	2	1	4	945	0.194798
0.8211	2	1	4	945	0.194698
0.8211	2	1	4	945	0.194598
0.8211	2	1	4	945	0.194498
0.8211	2	1	4	945	0.194398
0.8211	2	1	4	945	0.194298
0.8211	2	1	4	945	0.194198
0.8211	2	1	4	945	0.194098
0.8211	2	1	4	945	0.193998
0.8211	2	1	5	945	0.194898
0.8211	2	1	5	945	0.194798
0.8211	2	1	5	945	0.194698
0.8211	2	1	5	945	0.194598
0.8211	2	1	5	945	0.194498
0.8211	2	1	5	945	0.194398
0.8211	2	1	5	945	0.194298
0.8211	2	1	5	945	0.194198
0.8211	2	1	5	945	0.194098
0.8211	2	1	5	945	0.193998
0.822029	2	1	4	945	0.194827
0.822029	2	1	4	945	0.194727
0.822029	2	1	4	945	0.194627
0.822029	2	1	4	945	0.194527
0.822029	2	1	4	945	0.194427
0.822029	2	1	4	945	0.194327
0.822029	2	1	4	945	0.194227
0.822029	2	1	4	945	0.194127
0.822029	2	1	4	945	0.194027
0.822029	2	1	5	945	0.194826
0.822029	2	1	5	945	0.194726
0.822029	2	1	5	945	0.194626
0.822029	2	1	5	945	0.194526
0.822029	2	1	5	945	0.194426
0.822029	2	1	5	945	0.194326
0.822029	2	1	5	945	0.194226
0.822029	2	1	5	945	0.194126
0.822029	2	1	5	945	0.194026
0.8251	2	1	4	945	0.196998
0.8251	2	1	4	945	0.196898
0.8251	2	1	4	945	0.196798
0.8251	2	1	4	945	0.196698
0.8251	2	1	4	945	0.196598
0.8251	2	1	4	945	0.196498
0.8251	2	1	4	945	0.196398
0.8251	2	1	4	945	0.196298
0.8251	2	1	4	945	0.196198
0.8251	2	1	5	945	0.196998
0.8251	2	1	5	945	0.196898
0.8251	2	1	5	945	0.196798
0.8251	2	1	5	945	0.196698
0.8251	2	1	5	945	0.196598
0.8251	2	1	5	945	0.196498
0.8251	2	1	5	945	0.196398
0.8251	2	1	5	945	0.196298
0.8251	2	1	5	945	0.196198
0.8261	2	1	4	945	0.197098
0.8261	2	1	4	945	0.196998
0.8261	2	1	4	945	0.196898
0.8261	2	1	4	945	0.196798
0.8261	2	1	4	945	0.196698
0.8261	2	1	4	945	0.196598
0.8261	2	1	4	945	0.196498
0.8261	2	1	4	945	0.196398
0.8261	2	1	4	945	0.196298
0.8261	2	1	5	945	0.197098
0.8261	2	1	5	945	0.196998
0.8261	2	1	5	945	0.196898
0.8261	2	1	5	945	0.196798
0.8261	2	1	5	945	0.196698
0.8261	2	1	5	945	0.196598
0.8261	2	1	5	945	0.196498
0.8261	2	1	5	945	0.196398
0.8261	2	1	5	945	0.196298
0.827029	2	1	4	945	0.197127
0.827029	2	1	4	945	0.197027
0.827029	2	1	4	945	0.196927
0.827029	2	1	4	945	0.196827
0.827029	2	1	4	945	0.196727
0.827029	2	1	4	945	0.196627
0.827029	2	1	4	945	0.196527
0.827029	2	1	4	945	0.196427
0.827029	2	1	4	945	0.196327
0.827029	2	1	5	945	0.197126
0.827029	2	1	5	945	0.197026
0.827029	2	1	5	945	0.196926
0.827029	2	1	5	945	0.196826
0.827029	2	1	5	945	0.196726
0.827029	2	1	5	945	0.196626
0.827029	2	1	5	945	0.196526
0.827029	2	1	5	945	0.196426
0.827029	2	1	5	945	0.196326
0.8301	2	1	4	945	0.199298
0.8301	2	1	4	945	0.199198
0.8301	2	1	4	945	0.199098
0.8301	2	1	4	945	0.198998
0.8301	2	1	4	945	0.198898
0.8301	2	1	4	945	0.198798
0.8301	2	1	4	945	0.198698
0.8301	2	1	4	945	0.198598
0.8301	2	1	4	945	0.198498
0.8301	2	1	4	945	0.198398
0.8301	2	1	5	945	0.199298
0.8301	2	1	5	945	0.199198
0.8301	2	1	5	945	0.199098
0.8301	2	1	5	945	0.198998
0.8301	2	1	5	945	0.198898
0.8301	2	1	5	945	0.198798
0.8301	2	1	5	945	0.198698
0.8301	2	1	5	945	0.198598
0.8301	2	1	5	945	0.198498
0.8301	2	1	5	945	0.198398
0.8311	2	1	4	945	0.199298
0.8311	2	1	4	945	0.199198
0.8311	2	1	4	945	0.199098
0.8311	2	1	4	945	0.198998
0.8311	2	1	4	945	0.198898
0.8311	2	1	4	945	0.198798
0.8311	2	1	4	945	0.198698
0.8311	2	1	4	945	0.198598
0.8311	2	1	4	945	0.198498
0.8311	2	1	5	945	0.199298
0.8311	2	1	5	945	0.199198
0.8311	2	1	5	945	0.199098
0.8311	2	1	5	945	0.198998
0.8311	2	1	5	945	0.198898
0.8311	2	1	5	945	0.198798
0.8311	2	1	5	945	0.198698
0.8311	2	1	5	945	0.198598
0.8311	2	1	5	945	0.198498
0.832029	2	1	4	945	0.199327
0.832029	2	1	4	945	0.199227
0.832029	2	1	4	945	0.199127
0.832029	2	1	4	945	0.199027
0.832029	2	1	4	945	0.198927
0.832029	2	1	4	945	0.198827
0.832029	2	1	4	945	0.198727
0.832029	2	1	4	945	0.198627
0.832029	2	1	4	945	0.198527
0.832029	2	1	5	945	0.199326
0.832029	2	1	5	945	0.199226
0.832029	2	1	5	945	0.199126
0.832029	2	1	5	945	0.199026
0.832029	2	1	5	945	0.198926
0.832029	2	1	5	945	0.198826
0.832029	2	1	5	945	0.198726
0.832029	2	1	5	945	0.198626
0.832029	2	1	5	945	0.198526
0.8351	2	1	4	945	0.201498
0.8351	2	1	4	945	0.201398
0.8351	2	1	4	945	0.201298
0.8351	2	1	4	945	0.201198
0.8351	2	1	4	945	0.201098
0.8351	2	1	4	945	0.200998
0.8351	2	1	4	945	0.200898
0.8351	2	1	4	945	0.200798
0.8351	2	1	4	945	0.200698
0.8351	2	1	5	945	0.201498
0.8351	2	1	5	945	0.201398
0.8351	2	1	5	945	0.201298
0.8351	2	1	5	945	0.201198
0.8351	2	1	5	945	0.201098
0.8351	2	1	5	945	0.200998
0.8351	2	1	5	945	0.200898
0.8351	2	1	5	945	0.200798
0.8351	2	1	5	945	0.200698
0.8361	2	1	4	945	0.201598
0.8361	2	1	4	945	0.201498
0.8361	2	1	4	945	0.201398
0.8361	2	1	4	945	0.201298
0.8361	2	1	4	945	0.201198
0.8361	2	1	4	945	0.201098
0.8361	2	1	4	945	0.200998
0.8361	2	1	4	945	0.200898
0.8361	2	1	4	945	0.200798
0.8361	2	1	4	945	0.200698
0.8361	2	1	5	945	0.201598
0.8361	2	1	5	945	0.201498
0.8361	2	1	5	945	0.201398
0.8361	2	1	5	945	0.201298
0.8361	2	1	5	945	0.201198
0.8361	2	1	5	945	0.201098
0.8361	2	1	5	945	0.200998
0.8361	2	1	5	945	0.200898
0.8361	2	1	5	945	0.200798
0.8361	2	1	5	945	0.200698
0.837029	2	1	4	945	0.201527
0.837029	2	1	4	945	0.201427
0.837029	2	1	4	945	0.201327
0.837029	2	1	4	945	0.201227
0.837029	2	1	4	945	0.201127
0.837029	2	1	4	945	0.201027
0.837029	2	1	4	945	0.200927
0.837029	2	1	4	945	0.200827
0.837029	2	1	5	945	0.201526
0.837029	2	1	5	945	0.201426
0.837029	2	1	5	945	0.201326
0.837029	2	1	5	945	0.201226
0.837029	2	1	5	945	0.201126
0.837029	2	1	5	945	0.201026
0.837029	2	1	5	945	0.200926
0.837029	2	1	5	945	0.200826
0.8401	2	1	4	945	0.203798
0.8401	2	1	4	945	0.203698
0.8401	2	1	4	945	0.203598
0.8401	2	1	4	945	0.203498
0.8401	2	1	4	945	0.203398
0.8401	2	1	4	945	0.203298
0.8401	2	1	4	945	0.203198
0.8401	2	1	4	945	0.203098
0.8401	2	1	4	945	0.202998
0.8401	2	1	4	945	0.202898
0.8401	2	1	5	945	0.203798
0.8401	2	1	5	945	0.203698
0.8401	2	1	5	945	0.203598
0.8401	2	1	5	945	0.203498
0.8401	2	1	5	945	0.203398
0.8401	2	1	5	945	0.203298
0.8401	2	1	5	945	0.203198
0.8401	2	1	5	945	0.203098
0.8401	2	1	5	945	0.202998
0.8401	2	1	5	945	0.202898
0.8411	2	1	4	945	0.203798
0.8411	2	1	4	945	0.203698
0.8411	2	1	4	945	0.203598
0.8411	2	1	4	945	0.203498
0.8411	2	1	4	945	0.203398
0.8411	2	1	4	945	0.203298
0.8411	2	1	4	945	0.203198
0.8411	2	1	4	945	0.203098
0.8411	2	1	4	945	0.202998
0.8411	2	1	5	945	0.203798
0.8411	2	1	5	945	0.203698
0.8411	2	1	5	945	0.203598
0.8411	2	1	5	945	0.203498
0.8411	2	1	5	945	0.203398
0.8411	2	1	5	945	0.203298
0.8411	2	1	5	945	0.203198
0.8411	2	1	5	945	0.203098
0.8411	2	1	5	945	0.202998
0.842029	2	1	4	945	0.203827
0.842029	2	1	4	945	0.203727
0.842029	2	1	4	945	0.203627
0.842029	2	1	4	945	0.203527
0.842029	2	1	4	945	0.203427
0.842029	2	1	4	945	0.203327
0.842029	2	1	4	945	0.203227
0.842029	2	1	4	945	0.203127
0.842029	2	1	4	945	0.203027
0.842029	2	1	5	945	0.203826
0.842029	2	1	5	945	0.203726
0.842029	2	1	5	945	0.203626
0.842029	2	1	5	945	0.203526
0.842029	2	1	5	945	0.203426
0.842029	2	1	5	945	0.203326
0.842029	2	1	5	945	0.203226
0.842029	2	1	5	945	0.203126
0.842029	2	1	5	945	0.203026
0.8451	2	1	4	945	0.205998
0.8451	2	1	4	945	0.205898
0.8451	2	1	4	945	0.205798
0.8451	2	1	4	945	0.205698
0.8451	2	1	4	945	0.205598
0.8451	2	1	4	945	0.205498
0.8451	2	1	4	945	0.205398
0.8451	2	1	4	945	0.205298
0.8451	2	1	4	945	0.205198
0.8451	2	1	5	945	0.205998
0.8451	2	1	5	945	0.205898
0.8451	2	1	5	945	0.205798
0.8451	2	1	5	945	0.205698
0.8451	2	1	5	945	0.205598
0.8451	2	1	5	945	0.205498
0.8451	2	1	5	945	0.205398
0.8451	2	1	5	945	0.205298
0.8451	2	1	5	945	0.205198
0.8461	2	1	4	945	0.206098
0.8461	2	1	4	945	0.205998
0.8461	2	1	4	945	0.205898
0.8461	2	1	4	945	0.205798
0.8461	2	1	4	945	0.205698
0.8461	2	1	4	945	0.205598
0.8461	2	1	4	945	0.205498
0.8461	2	1	4	945	0.205398
0.8461	2	1	4	945	0.205298
0.8461	2	1	4	945	0.205198
0.8461	2	1	5	945	0.206098
0.8461	2	1	5	945	0.205998
0.8461	2	1	5	945	0.205898
0.8461	2	1	5	945	0.205798
0.8461	2	1	5	945	0.205698
0.8461	2	1	5	945	0.205598
0.8461	2	1	5	945	0.205498
0.8461	2	1	5	945	0.205398
0.8461	2	1	5	945	0.205298
0.8461	2	1	5	945	0.205198
0.847029	2	1	4	945	0.206027
0.847029	2	1	4	945	0.205927
0.847029	2	1	4	945	0.205827
0.847029	2	1	4	945	0.205727
0.847029	2	1	4	945	0.205627
0.847029	2	1	4	945	0.205527
0.847029	2	1	4	945	0.205427
0.847029	2	1	4	945	0.205327
0.847029	2	1	5	945	0.206026
0.847029	2	1	5	945	0.205926
0.847029	2	1	5	945	0.205826
0.847029	2	1	5	945	0.205726
0.847029	2	1	5	945	0.205626
0.847029	2	1	5	945	0.205526
0.847029	2	1	5	945	0.205426
0.847029	2	1	5	945	0.205326
0.8501	2	1	4	945	0.208298
0.8501	2	1	4	945	0.208198
0.8501	2	1	4	945	0.208098
0.8501	2	1	4	945	0.207998
0.8501	2	1	4	945	0.207898
0.8501	2	1	4	945	0.207798
0.8501	2	1	4	945	0.207698
0.8501	2	1	4	945	0.207598
0.8501	2	1	4	945	0.207498
0.8501	2	1	4	945	0.207398
0.8501	2	1	5	945	0.208298
0.8501	2	1	5	945	0.208198
0.8501	2	1	5	945	0.208098
0.8501	2	1	5	945	0.207998
0.8501	2	1	5	945	0.207898
0.8501	2	1	5	945	0.207798
0.8501	2	1	5	945	0.207698
0.8501	2	1	5	945	0.207598
0.8501	2	1	5	945	0.207498
0.8501	2	1	5	945	0.207398
0.8511	2	1	4	945	0.208298
0.8511	2	1	4	945	0.208198
0.8511	2	1	4	945	0.208098
0.8511	2	1	4	945	0.207998
0.8511	2	1	4	945	0.207898
0.8511	2	1	4	945	0.207798
0.8511	2	1	4	945	0.207698
0.8511	2	1	4	945	0.207598
0.8511	2	1	4	945	0.207498
0.8511	2	1	5	945	0.208298
0.8511	2	1	5	945	0.208198
0.8511	2	1	5	945	0.208098
0.8511	2	1	5	945	0.207998
0.8511	2	1	5	945	0.207898
0.8511	2	1	5	945	0.207798
0.8511	2	1	5	945	0.207698
0.8511	2	1	5	945	0.207598
0.8511	2	1	5	945	0.207498
0.852029	2	1	4	945	0.208327
0.852029	2	1	4	945	0.208227
0.852029	2	1	4	945	0.208127
0.852029	2	1	4	945	0.208027
0.852029	2	1	4	945	0.207927
0.852029	2	1	4	945	0.207827
0.852029	2	1	4	945	0.207727
0.852029	2	1	4	945	0.207627
0.852029	2	1	4	945	0.207527
0.852029	2	1	5	945	0.208326
0.852029	2	1	5	945	0.208226
0.852029	2	1	5	945	0.208126
0.852029	2	1	5	945	0.208026
0.852029	2	1	5	945	0.207926
0.852029	2	1	5	945	0.207826
0.852029	2	1	5	945	0.207726
0.852029	2	1	5	945	0.207626
0.852029	2	1	5	945	0.207526
0.8551	2	1	4	945	0.210498
0.8551	2	1	4	945	0.210398
0.8551	2	1	4	945	0.210298
0.8551	2	1	4	945	0.210198
0.8551	2	1	4	945	0.210098
0.8551	2	1	4	945	0.209998
0.8551	2	1	4	945	0.209898
0.8551	2	1	4	945	0.209798
0.8551	2	1	4	945	0.209698
0.8551	2	1	4	945	0.209598
0.8551	2	1	5	945	0.210498
0.8551	2	1	5	945	0.210398
0.8551	2	1	5	945	0.210298
0.8551	2	1	5	945	0.210198
0.8551	2	1	5	945	0.210098
0.8551	2	1	5	945	0.209998
0.8551	2	1	5	945	0.209898
0.8551	2	1	5	945	0.209798
0.8551	2	1	5	945	0.209698
0.8551	2	1	5	945	0.209598
0.8561	2	1	4	945	0.210498
0.8561	2	1	4	945	0.210398
0.8561	2	1	4	945	0.210298
0.8561	2	1	4	945	0.210198
0.8561	2	1	4	945	0.210098
0.8561	2	1	4	945	0.209998
0.8561	2	1	4	945	0.209898
0.8561	2	1	4	945	0.209798
0.8561	2	1	4	945	0.209698
0.8561	2	1	5	945	0.210498
0.8561	2	1	5	945	0.210398
0.8561	2	1	5	945	0.210298
0.8561	2	1	5	945	0.210198
0.8561	2	1	5	945	0.210098
0.8561	2	1	5	945	0.209998
0.8561	2	1	5	945	0.209898
0.8561	2	1	5	945	0.209798
0.8561	2	1	5	945	0.209698
0.857029	2	1	4	945	0.210527
0.857029	2	1	4	945	0.210427
0.857029	2	1	4	945	0.210327
0.857029	2	1	4	945	0.210227
0.857029	2	1	4	945	0.210127
0.857029	2	1	4	945	0.210027
0.857029	2	1	4	945	0.209927
0.857029	2	1	4	945	0.209827
0.857029	2	1	4	945	0.209727
0.857029	2	1	5	945	0.210526
0.857029	2	1	5	945	0.210426
0.857029	2	1	5	945	0.210326
0.857029	2	1	5	945	0.210226
0.857029	2	1	5	945	0.210126
0.857029	2	1	5	945	0.210026
0.857029	2	1	5	945	0.209926
0.857029	2	1	5	945	0.209826
0.857029	2	1	5	945	0.209726
0.8601	2	1	4	945	0.212698
0.8601	2	1	4	945	0.212598
0.8601	2	1	4	945	0.212498
0.8601	2	1	4	945	0.212398
0.8601	2	1	4	945	0.212298
0.8601	2	1	4	945	0.212198
0.8601	2	1	4	945	0.212098
0.8601	2	1	4	945	0.211998
0.8601	2	1	4	945	0.211898
0.8601	2	1	5	945	0.212698
0.8601	2	1	5	945	0.212598
0.8601	2	1	5	945	0.212498
0.8601	2	1	5	945	0.212398
0.8601	2	1	5	945	0.212298
0.8601	2	1	5	945	0.212198
0.8601	2	1	5	945	0.212098
0.8601	2	1	5	945	0.211998
0.8601	2	1	5	945	0.211898
0.8611	2	1	4	945	0.212798
0.8611	2	1	4	945	0.212698
0.8611	2	1	4	945	0.212598
0.8611	2	1	4	945	0.212498
0.8611	2	1	4	945	0.212398
0.8611	2	1	4	945	0.212298
0.8611	2	1	4	945	0.212198
0.8611	2	1	4	945	0.212098
0.8611	2	1	4	945	0.211998
0.8611	2	1	4	945	0.211898
0.8611	2	1	5	945	0.212798
0.8611	2	1	5	945	0.212698
0.8611	2	1	5	945	0.212598
0.8611	2	1	5	945	0.212498
0.8611	2	1	5	945	0.212398
0.8611	2	1	5	945	0.212298
0.8611	2	1	5	945	0.212198
0.8611	2	1	5	945	0.212098
0.8611	2	1	5	945	0.211998
0.8611	2	1	5	945	0.211898
0.862029	2	1	4	945	0.212727
0.862029	2	1	4	945	0.212627
0.862029	2	1	4	945	0.212527
0.862029	2	1	4	945	0.212427
0.862029	2	1	4	945	0.212327
0.862029	2	1	4	945	0.212227
0.862029	2	1	4	945	0.212127
0.862029	2	1	4	945	0.212027
0.862029	2	1	5	945	0.212726
0.862029	2	1	5	945	0.212626
0.862029	2	1	5	945	0.212526
0.862029	2	1	5	945	0.212426
0.862029	2	1	5	945	0.212326
0.862029	2	1	5	945	0.212226
0.862029	2	1	5	945	0.212126
0.862029	2	1	5	945	0.212026
0.8651	2	1	4	945	0.214998
0.8651	2	1	4	945	0.214898
0.8651	2	1	4	945	0.214798
0.8651	2	1	4	945	0.214698
0.8651	2	1	4	945	0.214598
0.8651	2	1	4	945	0.214498
0.8651	2	1	4	945	0.214398
0.8651	2	1	4	945	0.214298
0.8651	2	1	4	945	0.214198
0.8651	2	1	4	945	0.214098
0.8651	2	1	5	945	0.214998
0.8651	2	1	5	945	0.214898
0.8651	2	1	5	945	0.214798
0.8651	2	1	5	945	0.214698
0.8651	2	1	5	945	0.214598
0.8651	2	1	5	945	0.214498
0.8651	2	1	5	945	0.214398
0.8651	2	1	5	945	0.214298
0.8651	2	1	5	945	0.214198
0.8651	2	1	5	945	0.214098
0.8661	2	1	4	945	0.214998
0.8661	2	1	4	945	0.214898
0.8661	2	1	4	945	0.214798
0.8661	2	1	4	945	0.214698
0.8661	2	1	4	945	0.214598
0.8661	2	1	4	945	0.214498
0.8661	2	1	4	945	0.214398
0.8661	2	1	4	945	0.214298
0.8661	2	1	4	945	0.214198
0.8661	2	1	5	945	0.214998
0.8661	2	1	5	945	0.214898
0.8661	2	1	5	945	0.214798
0.8661	2	1	5	945	0.214698
0.8661	2	1	5	945	0.214598
0.8661	2	1	5	945	0.214498
0.8661	2	1	5	945	0.214398
0.8661	2	1	5	945	0.214298
0.8661	2	1	5	945	0.214198
0.867029	2	1	4	945	0.215027
0.867029	2	1	4	945	0.214927
0.867029	2	1	4	945	0.214827
0.867029	2	1	4	945	0.214727
0.867029	2	1	4	945	0.214627
0.867029	2	1	4	945	0.214527
0.867029	2	1	4	945	0.214427
0.867029	2	1	4	945	0.214327
0.867029	2	1	4	945	0.214227
0.867029	2	1	5	945	0.215026
0.867029	2	1	5	945	0.214926
0.867029	2	1	5	945	0.214826
0.867029	2	1	5	945	0.214726
0.867029	2	1	5	945	0.214626
0.867029	2	1	5	945	0.214526
0.867029	2	1	5	945	0.214426
0.867029	2	1	5	945	0.214326
0.867029	2	1	5	945	0.214226
0.8701	2	1	4	945	0.217198
0.8701	2	1	4	945	0.217098
0.8701	2	1	4	945	0.216998
0.8701	2	1	4	945	0.216898
0.8701	2	1	4	945	0.216798
0.8701	2	1	4	945	0.216698
0.8701	2	1	4	945	0.216598
0.8701	2	1	4	945	0.216498
0.8701	2	1	4	945	0.216398
0.8701	2	1	5	945	0.217198
0.8701	2	1	5	945	0.217098
0.8701	2	1	5	945	0.216998
0.8701	2	1	5	945	0.216898
0.8701	2	1	5	945	0.216798
0.8701	2	1	5	945	0.216698
0.8701	2	1	5	945	0.216598
0.8701	2	1	5	945	0.216498
0.8701	2	1	5	945	0.216398
0.8711	2	1	4	945	0.217298
0.8711	2	1	4	945	0.217198
0.8711	2	1	4	945	0.217098
0.8711	2	1	4	945	0.216998
0.8711	2	1	4	945	0.216898
0.8711	2	1	4	945	0.216798
0.8711	2	1	4	945	0.216698
0.8711	2	1	4	945	0.216598
0.8711	2	1	4	945	0.216498
0.8711	2	1	4	945	0.216398
0.8711	2	1	5	945	0.217298
0.8711	2	1	5	945	0.217198
0.8711	2	1	5	945	0.217098
0.8711	2	1	5	945	0.216998
0.8711	2	1	5	945	0.216898
0.8711	2	1	5	945	0.216798
0.8711	2	1	5	945	0.216698
0.8711	2	1	5	945	0.216598
0.8711	2	1	5	945	0.216498
0.8711	2	1	5	945	0.216398
0.872029	2	1	4	945	0.217227
0.872029	2	1	4	945	0.217127
0.872029	2	1	4	945	0.217027
0.872029	2	1	4	945	0.216927
0.872029	2	1	4	945	0.216827
0.872029	2	1	4	945	0.216727
0.872029	2	1	4	945	0.216627
0.872029	2	1	4	945	0.216527
0.872029	2	1	5	945	0.217226
0.872029	2	1	5	945	0.217126
0.872029	2	1	5	945	0.217026
0.872029	2	1	5	945	0.216926
0.872029	2	1	5	945	0.216826
0.872029	2	1	5	945	0.216726
0.872029	2	1	5	945	0.216626
0.872029	2	1	5	945	0.216526
0.8751	2	1	4	945	0.219498
0.8751	2	1	4	945	0.219398
0.8751	2	1	4	945	0.219298
0.8751	2	1	4	945	0.219198
0.8751	2	1	4	945	0.219098
0.8751	2	1	4	945	0.218998
0.8751	2	1	4	945	0.218898
0.8751	2	1	4	945	0.218798
0.8751	2	1	4	945	0.218698
0.8751	2	1	4	945	0.218598
0.8751	2	1	5	945	0.219498
0.8751	2	1	5	945	0.219398
0.8751	2	1	5	945	0.219298
0.8751	2	1	5	945	0.219198
0.8751	2	1	5	945	0.219098
0.8751	2	1	5	945	0.218998
0.8751	2	1	5	945	0.218898
0.8751	2	1	5	945	0.218798
0.8751	2	1	5	945	0.218698
0.8751	2	1	5	945	0.218598
0.8761	2	1	4	945	0.219498
0.8761	2	1	4	945	0.219398
0.8761	2	1	4	945	0.219298
0.8761	2	1	4	945	0.219198
0.8761	2	1	4	945	0.219098
0.8761	2	1	4	945	0.218998
0.8761	2	1	4	945	0.218898
0.8761	2	1	4	945	0.218798
0.8761	2	1	4	945	0.218698
0.8761	2	1	5	945	0.219498
0.8761	2	1	5	945	0.219398
0.8761	2	1	5	945	0.219298
0.8761	2	1	5	945	0.219198
0.8761	2	1	5	945	0.219098
0.8761	2	1	5	945	0.218998
0.8761	2	1	5	945	0.218898
0.8761	2	1	5	945	0.218798
0.8761	2	1	5	945	0.218698
0.877029	2	1	4	945	0.219527
0.877029	2	1	4	945	0.219427
0.877029	2	1	4	945	0.219327
0.877029	2	1	4	945	0.219227
0.877029	2	1	4	945	0.219127
0.877029	2	1	4	945	0.219027
0.877029	2	1	4	945	0.218927
0.877029	2	1	4	945	0.218827
0.877029	2	1	4	945	0.218727
0.877029	2	1	5	945	0.219526
0.877029	2	1	5	945	0.219426
0.877029	2	1	5	945	0.219326
0.877029	2	1	5	945	0.219226
0.877029	2	1	5	945	0.219126
0.877029	2	1	5	945	0.219026
0.877029	2	1	5	945	0.218926
0.877029	2	1	5	945	0.218826
0.877029	2	1	5	945	0.218726
0.8801	2	1	4	945	0.221698
0.8801	2	1	4	945	0.221598
0.8801	2	1	4	945	0.221498
0.8801	2	1	4	945	0.221398
0.8801	2	1	4	945	0.221298
0.8801	2	1	4	945	0.221198
0.8801	2	1	4	945	0.221098
0.8801	2	1	4	945	0.220998
0.8801	2	1	4	945	0.220898
0.8801	2	1	5	945	0.221698
0.8801	2	1	5	945	0.221598
0.8801	2	1	5	945	0.221498
0.8801	2	1	5	945	0.221398
0.8801	2	1	5	945	0.221298
0.8801	2	1	5	945	0.221198
0.8801	2	1	5	945	0.221098
0.8801	2	1	5	945	0.220998
0.8801	2	1	5	945	0.220898
0.8811	2	1	4	945	0.221798
0.8811	2	1	4	945	0.221698
0.8811	2	1	4	945	0.221598
0.8811	2	1	4	945	0.221498
0.8811	2	1	4	945	0.221398
0.8811	2	1	4	945	0.221298
0.8811	2	1	4	945	0.221198
0.8811	2	1	4	945	0.221098
0.8811	2	1	4	945	0.220998
0.8811	2	1	4	945	0.220898
0.8811	2	1	5	945	0.221798
0.8811	2	1	5	945	0.221698
0.8811	2	1	5	945	0.221598
0.8811	2	1	5	945	0.221498
0.8811	2	1	5	945	0.221398
0.8811	2	1	5	945	0.221298
0.8811	2	1	5	945	0.221198
0.8811	2	1	5	945	0.221098
0.8811	2	1	5	945	0.220998
0.8811	2	1	5	945	0.220898
0.882029	2	1	4	945	0.221727
0.882029	2	1	4	945	0.221627
0.882029	2	1	4	945	0.221527
0.882029	2	1	4	945	0.221427
0.882029	2	1	4	945	0.221327
0.882029	2	1	4	945	0.221227
0.882029	2	1	4	945	0.221127
0.882029	2	1	4	945	0.221027
0.882029	2	1	4	945	0.220927
0.882029	2	1	5	945	0.221726
0.882029	2	1	5	945	0.221626
0.882029	2	1	5	945	0.221526
0.882029	2	1	5	945	0.221426
0.882029	2	1	5	945	0.221326
0.882029	2	1	5	945	0.221226
0.882029	2	1	5	945	0.221126
0.882029	2	1	5	945	0.221026
0.882029	2	1	5	945	0.220926
0.8851	2	1	4	945	0.223898
0.8851	2	1	4	945	0.223798
0.8851	2	1	4	945	0.223698
0.8851	2	1	4	945	0.223598
0.8851	2	1	4	945	0.223498
0.8851	2	1	4	945	0.223398
0.8851	2	1	4	945	0.223298
0.8851	2	1	4	945	0.223198
0.8851	2	1	4	945	0.223098
0.8851	2	1	5	945	0.223898
0.8851	2	1	5	945	0.223798
0.8851	2	1	5	945	0.223698
0.8851	2	1	5	945	0.223598
0.8851	2	1	5	945	0.223498
0.8851	2	1	5	945	0.223398
0.8851	2	1	5	945	0.223298
0.8851	2	1	5	945	0.223198
0.8851	2	1	5	945	0.223098
0.8861	2	1	4	945	0.223998
0.8861	2	1	4	945	0.223898
0.8861	2	1	4	945	0.223798
0.8861	2	1	4	945	0.223698
0.8861	2	1	4	945	0.223598
0.8861	2	1	4	945	0.223498
0.8861	2	1	4	945	0.223398
0.8861	2	1	4	945	0.223298
0.8861	2	1	4	945	0.223198
0.8861	2	1	5	945	0.223998
0.8861	2	1	5	945	0.223898
0.8861	2	1	5	945	0.223798
0.8861	2	1	5	945	0.223698
0.8861	2	1	5	945	0.223598
0.8861	2	1	5	945	0.223498
0.8861	2	1	5	945	0.223398
0.8861	2	1	5	945	0.223298
0.8861	2	1	5	945	0.223198
0.887029	2	1	4	945	0.224027
0.887029	2	1	4	945	0.223927
0.887029	2	1	4	945	0.223827
0.887029	2	1	4	945	0.223727
0.887029	2	1	4	945	0.223627
0.887029	2	1	4	945	0.223527
0.887029	2	1	4	945	0.223427
0.887029	2	1	4	945	0.223327
0.887029	2	1	4	945	0.223227
0.887029	2	1	5	945	0.224026
0.887029	2	1	5	945	0.223926
0.887029	2	1	5	945	0.223826
0.887029	2	1	5	945	0.223726
0.887029	2	1	5	945	0.223626
0.887029	2	1	5	945	0.223526
0.887029	2	1	5	945	0.223426
0.887029	2	1	5	945	0.223326
0.887029	2	1	5	945	0.223226
0.8901	2	1	4	945	0.226198
0.8901	2	1	4	945	0.226098
0.8901	2	1	4	945	0.225998
0.8901	2	1	4	945	0.225898
0.8901	2	1	4	945	0.225798
0.8901	2	1	4	945	0.225698
0.8901	2	1	4	945	0.225598
0.8901	2	1	4	945	0.225498
0.8901	2	1	4	945	0.225398
0.8901	2	1	4	945	0.225298
0.8901	2	1	5	945	0.226198
0.8901	2	1	5	945	0.226098
0.8901	2	1	5	945	0.225998
0.8901	2	1	5	945	0.225898
0.8901	2	1	5	945	0.225798
0.8901	2	1	5	945	0.225698
0.8901	2	1	5	945	0.225598
0.8901	2	1	5	945	0.225498
0.8901	2	1	5	945	0.225398
0.8901	2	1	5	945	0.225298
0.8911	2	1	4	945	0.226198
0.8911	2	1	4	945	0.226098
0.8911	2	1	4	945	0.225998
0.8911	2	1	4	945	0.225898
0.8911	2	1	4	945	0.225798
0.8911	2	1	4	945	0.225698
0.8911	2	1	4	945	0.225598
0.8911	2	1	4	945	0.225498
0.8911	2	1	4	945	0.225398
0.8911	2	1	5	945	0.226198
0.8911	2	1	5	945	0.226098
0.8911	2	1	5	945	0.225998
0.8911	2	1	5	945	0.225898
0.8911	2	1	5	945	0.225798
0.8911	2	1	5	945	0.225698
0.8911	2	1	5	945	0.225598
0.8911	2	1	5	945	0.225498
0.8911	2	1	5	945	0.225398
0.892029	2	1	4	945	0.226227
0.892029	2	1	4	945	0.226127
0.892029	2	1	4	945	0.226027
0.892029	2	1	4	945	0.225927
0.892029	2	1	4	945	0.225827
0.892029	2	1	4	945	0.225727
0.892029	2	1	4	945	0.225627
0.892029	2	1	4	945	0.225527
0.892029	2	1	4	945	0.225427
0.892029	2	1	5	945	0.226226
0.892029	2	1	5	945	0.226126
0.892029	2	1	5	945	0.226026
0.892029	2	1	5	945	0.225926
0.892029	2	1	5	945	0.225826
0.892029	2	1	5	945	0.225726
0.892029	2	1	5	945	0.225626
0.892029	2	1	5	945	0.225526
0.892029	2	1	5	945	0.225426
0.8951	2	1	4	945	0.228398
0.8951	2	1	4	945	0.228298
0.8951	2	1	4	945	0.228198
0.8951	2	1	4	945	0.228098
0.8951	2	1	4	945	0.227998
0.8951	2	1	4	945	0.227898
0.8951	2	1	4	945	0.227798
0.8951	2	1	4	945	0.227698
0.8951	2	1	4	945	0.227598
0.8951	2	1	5	945	0.228398
0.8951	2	1	5	945	0.228298
0.8951	2	1	5	945	0.228198
0.8951	2	1	5	945	0.228098
0.8951	2	1	5	945	0.227998
0.8951	2	1	5	945	0.227898
0.8951	2	1	5	945	0.227798
0.8951	2	1	5	945	0.227698
0.8951	2	1	5	945	0.227598
0.8961	2	1	4	945	0.228498
0.8961	2	1	4	945	0.228398
0.8961	2	1	4	945	0.228298
0.8961	2	1	4	945	0.228198
0.8961	2	1	4	945	0.228098
0.8961	2	1	4	945	0.227998
0.8961	2	1	4	945	0.227898
0.8961	2	1	4	945	0.227798
0.8961	2	1	4	945	0.227698
0.8961	2	1	4	945	0.227598
0.8961	2	1	5	945	0.228498
0.8961	2	1	5	945	0.228398
0.8961	2	1	5	945	0.228298
0.8961	2	1	5	945	0.228198
0.8961	2	1	5	945	0.228098
0.8961	2	1	5	945	0.227998
0.8961	2	1	5	945	0.227898
0.8961	2	1	5	945	0.227798
0.8961	2	1	5	945	0.227698
0.8961	2	1	5	945	0.227598
0.897029	2	1	4	945	0.228427
0.897029	2	1	4	945	0.228327
0.897029	2	1	4	945	0.228227
0.897029	2	1	4	945	0.228127
0.897029	2	1	4	945	0.228027
0.897029	2	1	4	945	0.227927
0.897029	2	1	4	945	0.227827
0.897029	2	1	4	945	0.227727
0.897029	2	1	5	945	0.228426
0.897029	2	1	5	945	0.228326
0.897029	2	1	5	945	0.228226
0.897029	2	1	5	945	0.228126
0.897029	2	1	5	945	0.228026
0.897029	2	1	5	945	0.227926
0.897029	2	1	5	945	0.227826
0.897029	2	1	5	945	0.227726
0.9001	2	1	4	945	0.230698
0.9001	2	1	4	945	0.230598
0.9001	2	1	4	945	0.230498
0.9001	2	1	4	945	0.230398
0.9001	2	1	4	945	0.230298
0.9001	2	1	4	945	0.230198
0.9001	2	1	4	945	0.230098
0.9001	2	1	4	945	0.229998
0.9001	2	1	4	945	0.229898
0.9001	2	1	4	945	0.229798
0.9001	2	1	5	945	0.230698
0.9001	2	1	5	945	0.230598
0.9001	2	1	5	945	0.230498
0.9001	2	1	5	945	0.230398
0.9001	2	1	5	945	0.230298
0.9001	2	1	5	945	0.230198
0.9001	2	1	5	945	0.230098
0.9001	2	1	5	945	0.229998
0.9001	2	1	5	945	0.229898
0.9001	2	1	5	945	0.229798
0.9011	2	1	4	945	0.230698
0.9011	2	1	4	945	0.230598
0.9011	2	1	4	945	0.230498
0.9011	2	1	4	945	0.230398
0.9011	2	1	4	945	0.230298
0.9011	2	1	4	945	0.230198
0.9011	2	1	4	945	0.230098
0.9011	2	1	4	945	0.229998
0.9011	2	1	4	945	0.229898
0.9011	2	1	5	945	0.230698
0.9011	2	1	5	945	0.230598
0.9011	2	1	5	945	0.230498
0.9011	2	1	5	945	0.230398
0.9011	2	1	5	945	0.230298
0.9011	2	1	5	945	0.230198
0.9011	2	1	5	945	0.230098
0.9011	2	1	5	945	0.229998
0.9011	2	1	5	945	0.229898
0.902029	2	1	4	945	0.230727
0.902029	2	1	4	945	0.230627
0.902029	2	1	4	945	0.230527
0.902029	2	1	4	945	0.230427
0.902029	2	1	4	945	0.230327
0.902029	2	1	4	945	0.230227
0.902029	2	1	4	945	0.230127
0.902029	2	1	4	945	0.230027
0.902029	2	1	4	945	0.229927
0.902029	2	1	5	945	0.230726
0.902029	2	1	5	945	0.230626
0.902029	2	1	5	945	0.230526
0.902029	2	1	5	945	0.230426
0.902029	2	1	5	945	0.230326
0.902029	2	1	5	945	0.230226
0.902029	2	1	5	945	0.230126
0.902029	2	1	5	945	0.230026
0.902029	2	1	5	945	0.229926
0.9051	2	1	4	945	0.232898
0.9051	2	1	4	945	0.232798
0.9051	2	1	4	945	0.232698
0.9051	2	1	4	945	0.232598
0.9051	2	1	4	945	0.232498
0.9051	2	1	4	945	0.232398
0.9051	2	1	4	945	0.232298
0.9051	2	1	4	945	0.232198
0.9051	2	1	4	945	0.232098
0.9051	2	1	5	945	0.232898
0.9051	2	1	5	945	0.232798
0.9051	2	1	5	945	0.232698
0.9051	2	1	5	945	0.232598
0.9051	2	1	5	945	0.232498
0.9051	2	1	5	945	0.232398
0.9051	2	1	5	945	0.232298
0.9051	2	1	5	945	0.232198
0.9051	2	1	5	945	0.232098
0.9061	2	1	4	945	0.232998
0.9061	2	1	4	945	0.232898
0.9061	2	1	4	945	0.232798
0.9061	2	1	4	945	0.232698
0.9061	2	1	4	945	0.232598
0.9061	2	1	4	945	0.232498
0.9061	2	1	4	945	0.232398
0.9061	2	1	4	945	0.232298
0.9061	2	1	4	945	0.232198
0.9061	2	1	4	945	0.232098
0.9061	2	1	5	945	0.232998
0.9061	2	1	5	945	0.232898
0.9061	2	1	5	945	0.232798
0.9061	2	1	5	945	0.232698
0.9061	2	1	5	945	0.232598
0.9061	2	1	5	945	0.232498
0.9061	2	1	5	945	0.232398
0.9061	2	1	5	945	0.232298
0.9061	2	1	5	945	0.232198
0.9061	2	1	5	945	0.232098
0.907029	2	1	4	945	0.232927
0.907029	2	1	4	945	0.232827
0.907029	2	1	4	945	0.232727
0.907029	2	1	4	945	0.232627
0.907029	2	1	4	945	0.232527
0.907029	2	1	4	945	0.232427
0.907029	2	1	4	945	0.232327
0.907029	2	1	4	945	0.232227
0.907029	2	1	5	945	0.232926
0.907029	2	1	5	945	0.232826
0.907029	2	1	5	945	0.232726
0.907029	2	1	5	945	0.232626
0.907029	2	1	5	945	0.232526
0.907029	2	1	5	945	0.232426
0.907029	2	1	5	945	0.232326
0.907029	2	1	5	945	0.232226
0.9101	2	1	4	945	0.235198
0.9101	2	1	4	945	0.235098
0.9101	2	1	4	945	0.234998
0.9101	2	1	4	945	0.234898
0.9101	2	1	4	945	0.234798
0.9101	2	1	4	945	0.234698
0.9101	2	1	4	945	0.234598
0.9101	2	1	4	945	0.234498
0.9101	2	1	4	945	0.234398
0.9101	2	1	4	945	0.234298
0.9101	2	1	5	945	0.235198
0.9101	2	1	5	945	0.235098
0.9101	2	1	5	945	0.234998
0.9101	2	1	5	945	0.234898
0.9101	2	1	5	945	0.234798
0.9101	2	1	5	945	0.234698
0.9101	2	1	5	945	0.234598
0.9101	2	1	5	945	0.234498
0.9101	2	1	5	945	0.234398
0.9101	2	1	5	945	0.234298
0.9111	2	1	4	945	0.235198
0.9111	2	1	4	945	0.235098
0.9111	2	1	4	945	0.234998
0.9111	2	1	4	945	0.234898
0.9111	2	1	4	945	0.234798
0.9111	2	1	4	945	0.234698
0.9111	2	1	4	945	0.234598
0.9111	2	1	4	945	0.234498
0.9111	2	1	4	945	0.234398
0.9111	2	1	5	945	0.235198
0.9111	2	1	5	945	0.235098
0.9111	2	1	5	945	0.234998
0.9111	2	1	5	945	0.234898
0.9111	2	1	5	945	0.234798
0.9111	2	1	5	945	0.234698
0.9111	2	1	5	945	0.234598
0.9111	2	1	5	945	0.234498
0.9111	2	1	5	945	0.234398
0.912029	2	1	4	945	0.235227
0.912029	2	1	4	945	0.235127
0.912029	2	1	4	945	0.235027
0.912029	2	1	4	945	0.234927
0.912029	2	1	4	945	0.234827
0.912029	2	1	4	945	0.234727
0.912029	2	1	4	945	0.234627
0.912029	2	1	4	945	0.234527
0.912029	2	1	4	945	0.234427
0.912029	2	1	5	945	0.235226
0.912029	2	1	5	945	0.235126
0.912029	2	1	5	945	0.235026
0.912029	2	1	5	945	0.234926
0.912029	2	1	5	945	0.234826
0.912029	2	1	5	945	0.234726
0.912029	2	1	5	945	0.234626
0.912029	2	1	5	945	0.234526
0.912029	2	1	5	945	0.234426
0.9151	2	1	4	945	0.237398
0.9151	2	1	4	945	0.237298
0.9151	2	1	4	945	0.237198
0.9151	2	1	4	945	0.237098
0.9151	2	1	4	945	0.236998
0.9151	2	1	4	945	0.236898
0.9151	2	1	4	945	0.236798
0.9151	2	1	4	945	0.236698
0.9151	2	1	4	945	0.236598
0.9151	2	1	4	945	0.236498
0.9151	2	1	5	945	0.237398
0.9151	2	1	5	945	0.237298
0.9151	2	1	5	945	0.237198
0.9151	2	1	5	945	0.237098
0.9151	2	1	5	945	0.236998
0.9151	2	1	5	945	0.236898
0.9151	2	1	5	945	0.236798
0.9151	2	1	5	945	0.236698
0.9151	2	1	5	945	0.236598
0.9151	2	1	5	945	0.236498
0.9161	2	1	4	945	0.237398
0.9161	2	1	4	945	0.237298
0.9161	2	1	4	945	0.237198
0.9161	2	1	4	945	0.237098
0.9161	2	1	4	945	0.236998
0.9161	2	1	4	945	0.236898
0.9161	2	1	4	945	0.236798
0.9161	2	1	4	945	0.236698
0.9161	2	1	4	945	0.236598
0.9161	2	1	5	945	0.237398
0.9161	2	1	5	945	0.237298
0.9161	2	1	5	945	0.237198
0.9161	2	1	5	945	0.237098
0.9161	2	1	5	945	0.236998
0.9161	2	1	5	945	0.236898
0.9161	2	1	5	945	0.236798
0.9161	2	1	5	945	0.236698
0.9161	2	1	5	945	0.236598
0.917029	2	1	4	945	0.237427
0.917029	2	1	4	945	0.237327
0.917029	2	1	4	945	0.237227
0.917029	2	1	4	945	0.237127
0.917029	2	1	4	945	0.237027
0.917029	2	1	4	945	0.236927
0.917029	2	1	4	945	0.236827
0.917029	2	1	4	945	0.236727
0.917029	2	1	4	945	0.236627
0.917029	2	1	5	945	0.237426
0.917029	2	1	5	945	0.237326
0.917029	2	1	5	945	0.237226
0.917029	2	1	5	945	0.237126
0.917029	2	1	5	945	0.237026
0.917029	2	1	5	945	0.236926
0.917029	2	1	5	945	0.236826
0.917029	2	1	5	945	0.236726
0.917029	2	1	5	945	0.236626
0.9201	2	1	4	945	0.239598
0.9201	2	1	4	945	0.239498
0.9201	2	1	4	945	0.239398
0.9201	2	1	4	945	0.239298
0.9201	2	1	4	945	0.239198
0.9201	2	1	4	945	0.239098
0.9201	2	1	4	945	0.238998
0.9201	2	1	4	945	0.238898
0.9201	2	1	4	945	0.238798
0.9201	2	1	5	945	0.239598
0.9201	2	1	5	945	0.239498
0.9201	2	1	5	945	0.239398
0.9201	2	1	5	945	0.239298
0.9201	2	1	5	945	0.239198
0.9201	2	1	5	945	0.239098
0.9201	2	1	5	945	0.238998
0.9201	2	1	5	945	0.238898
0.9201	2	1	5	945	0.238798
0.9211	2	1	4	945	0.239698
0.9211	2	1	4	945	0.239598
0.9211	2	1	4	945	0.239498
0.9211	2	1	4	945	0.239398
0.9211	2	1	4	945	0.239298
0.9211	2	1	4	945	0.239198
0.9211	2	1	4	945	0.239098
0.9211	2	1	4	945	0.238998
0.9211	2	1	4	945	0.238898
0.9211	2	1	4	945	0.238798
0.9211	2	1	5	945	0.239698
0.9211	2	1	5	945	0.239598
0.9211	2	1	5	945	0.239498
0.9211	2	1	5	945	0.239398
0.9211	2	1	5	945	0.239298
0.9211	2	1	5	945	0.239198
0.9211	2	1	5	945	0.239098
0.9211	2	1	5	945	0.238998
0.9211	2	1	5	945	0.238898
0.9211	2	1	5	945	0.238798
0.922029	2	1	4	945	0.239627
0.922029	2	1	4	945	0.239527
0.922029	2	1	4	945	0.239427
0.922029	2	1	4	945	0.239327
0.922029	2	1	4	945	0.239227
0.922029	2	1	4	945	0.239127
0.922029	2	1	4	945	0.239027
0.922029	2	1	4	945	0.238927
0.922029	2	1	5	945	0.239626
0.922029	2	1	5	945	0.239526
0.922029	2	1	5	945	0.239426
0.922029	2	1	5	945	0.239326
0.922029	2	1	5	945	0.239226
0.922029	2	1	5	945	0.239126
0.922029	2	1	5	945	0.239026
0.922029	2	1	5	945	0.238926
0.9251	2	1	4	945	0.241898
0.9251	2	1	4	945	0.241798
0.9251	2	1	4	945	0.241698
0.9251	2	1	4	945	0.241598
0.9251	2	1	4	945	0.241498
0.9251	2	1	4	945	0.241398
0.9251	2	1	4	945	0.241298
0.9251	2	1	4	945	0.241198
0.9251	2	1	4	945	0.241098
0.9251	2	1	4	945	0.240998
0.9251	2	1	5	945	0.241898
0.9251	2	1	5	945	0.241798
0.9251	2	1	5	945	0.241698
0.9251	2	1	5	945	0.241598
0.9251	2	1	5	945	0.241498
0.9251	2	1	5	945	0.241398
0.9251	2	1	5	945	0.241298
0.9251	2	1	5	945	0.241198
0.9251	2	1	5	945	0.241098
0.9251	2	1	5	945	0.240998
0.9261	2	1	4	945	0.241898
0.9261	2	1	4	945	0.241798
0.9261	2	1	4	945	0.241698
0.9261	2	1	4	945	0.241598
0.9261	2	1	4	945	0.241498
0.9261	2	1	4	945	0.241398
0.9261	2	1	4	945	0.241298
0.9261	2	1	4	945	0.241198
0.9261	2	1	4	945	0.241098
0.9261	2	1	5	945	0.241898
0.9261	2	1	5	945	0.241798
0.9261	2	1	5	945	0.241698
0.9261	2	1	5	945	0.241598
0.9261	2	1	5	945	0.241498
0.9261	2	1	5	945	0.241398
0.9261	2	1	5	945	0.241298
0.9261	2	1	5	945	0.241198
0.9261	2	1	5	945	0.241098
0.927029	2	1	4	945	0.241927
0.927029	2	1	4	945	0.241827
0.927029	2	1	4	945	0.241727
0.927029	2	1	4	945	0.241627
0.927029	2	1	4	945	0.241527
0.927029	2	1	4	945	0.241427
0.927029	2	1	4	945	0.241327
0.927029	2	1	4	945	0.241227
0.927029	2	1	4	945	0.241127
0.927029	2	1	5	945	0.241926
0.927029	2	1	5	945	0.241826
0.927029	2	1	5	945	0.241726
0.927029	2	1	5	945	0.241626
0.927029	2	1	5	945	0.241526
0.927029	2	1	5	945	0.241426
0.927029	2	1	5	945	0.241326
0.927029	2	1	5	945	0.241226
0.927029	2	1	5	945	0.241126
0.9301	2	1	4	945	0.244098
0.9301	2	1	4	945	0.243998
0.9301	2	1	4	945	0.243898
0.9301	2	1	4	945	0.243798
0.9301	2	1	4	945	0.243698
0.9301	2	1	4	945	0.243598
0.9301	2	1	4	945	0.243498
0.9301	2	1	4	945	0.243398
0.9301	2	1	4	945	0.243298
0.9301	2	1	5	945	0.244098
0.9301	2	1	5	945	0.243998
0.9301	2	1	5	945	0.243898
0.9301	2	1	5	945	0.243798
0.9301	2	1	5	945	0.243698
0.9301	2	1	5	945	0.243598
0.9301	2	1	5	945	0.243498
0.9301	2	1	5	945	0.243398
0.9301	2	1	5	945	0.243298
0.9311	2	1	4	945	0.244198
0.9311	2	1	4	945	0.244098
0.9311	2	1	4	945	0.243998
0.9311	2	1	4	945	0.243898
0.9311	2	1	4	945	0.243798
0.9311	2	1	4	945	0.243698
0.9311	2	1	4	945	0.243598
0.9311	2	1	4	945	0.243498
0.9311	2	1	4	945	0.243398
0.9311	2	1	4	945	0.243298
0.9311	2	1	5	945	0.244198
0.9311	2	1	5	945	0.244098
0.9311	2	1	5	945	0.243998
0.9311	2	1	5	945	0.243898
0.9311	2	1	5	945	0.243798
0.9311	2	1	5	945	0.243698
0.9311	2	1	5	945	0.243598
0.9311	2	1	5	945	0.243498
0.9311	2	1	5	945	0.243398
0.9311	2	1	5	945	0.243298
0.932029	2	1	4	945	0.244127
0.932029	2	1	4	945	0.244027
0.932029	2	1	4	945	0.243927
0.932029	2	1	4	945	0.243827
0.932029	2	1	4	945	0.243727
0.932029	2	1	4	945	0.243627
0.932029	2	1	4	945	0.243527
0.932029	2	1	4	945	0.243427
0.932029	2	1	5	945	0.244126
0.932029	2	1	5	945	0.244026
0.932029	2	1	5	945	0.243926
0.932029	2	1	5	945	0.243826
0.932029	2	1	5	945	0.243726
0.932029	2	1	5	945	0.243626
0.932029	2	1	5	945	0.243526
0.932029	2	1	5	945	0.243426
0.9351	2	1	4	945	0.246398
0.9351	2	1	4	945	0.246298
0.9351	2	1	4	945	0.246198
0.9351	2	1	4	945	0.246098
0.9351	2	1	4	945	0.245998
0.9351	2	1	4	945	0.245898
0.9351	2	1	4	945	0.245798
0.9351	2	1	4	945	0.245698
0.9351	2	1	4	945	0.245598
0.9351	2	1	4	945	0.245498
0.9351	2	1	5	945	0.246398
0.9351	2	1	5	945	0.246298
0.9351	2	1	5	945	0.246198
0.9351	2	1	5	945	0.246098
0.9351	2	1	5	945	0.245998
0.9351	2	1	5	945	0.245898
0.9351	2	1	5	945	0.245798
0.9351	2	1	5	945	0.245698
0.9351	2	1	5	945	0.245598
0.9351	2	1	5	945	0.245498
0.9361	2	1	4	945	0.246398
0.9361	2	1	4	945	0.246298
0.9361	2	1	4	945	0.246198
0.9361	2	1	4	945	0.246098
0.9361	2	1	4	945	0.245998
0.9361	2	1	4	945	0.245898
0.9361	2	1	4	945	0.245798
0.9361	2	1	4	945	0.245698
0.9361	2	1	4	945	0.245598
0.9361	2	1	5	945	0.246398
0.9361	2	1	5	945	0.246298
0.9361	2	1	5	945	0.246198
0.9361	2	1	5	945	0.246098
0.9361	2	1	5	945	0.245998
0.9361	2	1	5	945	0.245898
0.9361	2	1	5	945	0.245798
0.9361	2	1	5	945	0.245698
0.9361	2	1	5	945	0.245598
0.937029	2	1	4	945	0.246427
0.937029	2	1	4	945	0.246327
0.937029	2	1	4	945	0.246227
0.937029	2	1	4	945	0.246127
0.937029	2	1	4	945	0.246027
0.937029	2	1	4	945	0.245927
0.937029	2	1	4	945	0.245827
0.937029	2	1	4	945	0.245727
0.937029	2	1	4	945	0.245627
0.937029	2	1	5	945	0.246426
0.937029	2	1	5	945	0.246326
0.937029	2	1	5	945	0.246226
0.937029	2	1	5	945	0.246126
0.937029	2	1	5	945	0.246026
0.937029	2	1	5	945	0.245926
0.937029	2	1	5	945	0.245826
0.937029	2	1	5	945	0.245726
0.937029	2	1	5	945	0.245626
0.9401	2	1	4	945	0.248598
0.9401	2	1	4	945	0.248498
0.9401	2	1	4	945	0.248398
0.9401	2	1	4	945	0.248298
0.9401	2	1	4	945	0.248198
0.9401	2	1	4	945	0.248098
0.9401	2	1	4	945	0.247998
0.9401	2	1	4	945	0.247898
0.9401	2	1	4	945	0.247798
0.9401	2	1	5	945	0.248598
0.9401	2	1	5	945	0.248498
0.9401	2	1	5	945	0.248398
0.9401	2	1	5	945	0.248298
0.9401	2	1	5	945	0.248198
0.9401	2	1	5	945	0.248098
0.9401	2	1	5	945	0.247998
0.9401	2	1	5	945	0.247898
0.9401	2	1	5	945	0.247798
0.9411	2	1	4	945	0.248698
0.9411	2	1	4	945	0.248598
0.9411	2	1	4	945	0.248498
0.9411	2	1	4	945	0.248398
0.9411	2	1	4	945	0.248298
0.9411	2	1	4	945	0.248198
0.9411	2	1	4	945	0.248098
0.9411	2	1	4	945	0.247998
0.9411	2	1	4	945	0.247898
0.9411	2	1	4	945	0.247798
0.9411	2	1	5	945	0.248698
0.9411	2	1	5	945	0.248598
0.9411	2	1	5	945	0.248498
0.9411	2	1	5	945	0.248398
0.9411	2	1	5	945	0.248298
0.9411	2	1	5	945	0.248198
0.9411	2	1	5	945	0.248098
0.9411	2	1	5	945	0.247998
0.9411	2	1	5	945	0.247898
0.9411	2	1	5	945	0.247798
0.942029	2	1	4	945	0.248627
0.942029	2	1	4	945	0.248527
0.942029	2	1	4	945	0.248427
0.942029	2	1	4	945	0.248327
0.942029	2	1	4	945	0.248227
0.942029	2	1	4	945	0.248127
0.942029	2	1	4	945	0.248027
0.942029	2	1	4	945	0.247927
0.942029	2	1	4	945	0.247827
0.942029	2	1	5	945	0.248626
0.942029	2	1	5	945	0.248526
0.942029	2	1	5	945	0.248426
0.942029	2	1	5	945	0.248326
0.942029	2	1	5	945	0.248226
0.942029	2	1	5	945	0.248126
0.942029	2	1	5	945	0.248026
0.942029	2	1	5	945	0.247926
0.942029	2	1	5	945	0.247826
0.9451	2	1	4	945	0.250798
0.9451	2	1	4	945	0.250698
0.9451	2	1	4	945	0.250598
0.9451	2	1	4	945	0.250498
0.9451	2	1	4	945	0.250398
0.9451	2	1	4	945	0.250298
0.9451	2	1	4	945	0.250198
0.9451	2	1	4	945	0.250098
0.9451	2	1	4	945	0.249998
0.9451	2	1	5	945	0.250798
0.9451	2	1	5	945	0.250698
0.9451	2	1	5	945	0.250598
0.9451	2	1	5	945	0.250498
0.9451	2	1	5	945	0.250398
0.9451	2	1	5	945	0.250298
0.9451	2	1	5	945	0.250198
0.9451	2	1	5	945	0.250098
0.9451	2	1	5	945	0.249998
0.9461	2	1	4	945	0.250898
0.9461	2	1	4	945	0.250798
0.9461	2	1	4	945	0.250698
0.9461	2	1	4	945	0.250598
0.9461	2	1	4	945	0.250498
0.9461	2	1	4	945	0.250398
0.9461	2	1	4	945	0.250298
0.9461	2	1	4	945	0.250198
0.9461	2	1	4	945	0.250098
0.9461	2	1	5	945	0.250898
0.9461	2	1	5	945	0.250798
0.9461	2	1	5	945	0.250698
0.9461	2	1	5	945	0.250598
0.9461	2	1	5	945	0.250498
0.9461	2	1	5	945	0.250398
0.9461	2	1	5	945	0.250298
0.9461	2	1	5	945	0.250198
0.9461	2	1	5	945	0.250098
0.947029	2	1	4	945	0.250927
0.947029	2	1	4	945	0.250827
0.947029	2	1	4	945	0.250727
0.947029	2	1	4	945	0.250627
0.947029	2	1	4	945	0.250527
0.947029	2	1	4	945	0.250427
0.947029	2	1	4	945	0.250327
0.947029	2	1	4	945	0.250227
0.947029	2	1	4	945	0.250127
0.947029	2	1	5	945	0.250926
0.947029	2	1	5	945	0.250826
0.947029	2	1	5	945	0.250726
0.947029	2	1	5	945	0.250626
0.947029	2	1	5	945	0.250526
0.947029	2	1	5	945	0.250426
0.947029	2	1	5	945	0.250326
0.947029	2	1	5	945	0.250226
0.947029	2	1	5	945	0.250126
0.9501	2	1	4	945	0.253098
0.9501	2	1	4	945	0.252998
0.9501	2	1	4	945	0.252898
0.9501	2	1	4	945	0.252798
0.9501	2	1	4	945	0.252698
0.9501	2	1	4	945	0.252598
0.9501	2	1	4	945	0.252498
0.9501	2	1	4	945	0.252398
0.9501	2	1	4	945	0.252298
0.9501	2	1	4	945	0.252198
0.9501	2	1	5	945	0.253098
0.9501	2	1	5	945	0.252998
0.9501	2	1	5	945	0.252898
0.9501	2	1	5	945	0.252798
0.9501	2	1	5	945	0.252698
0.9501	2	1	5	945	0.252598
0.9501	2	1	5	945	0.252498
0.9501	2	1	5	945	0.252398
0.9501	2	1	5	945	0.252298
0.9501	2	1	5	945	0.252198
0.9511	2	1	4	945	0.253098
0.9511	2	1	4	945	0.252998
0.9511	2	1	4	945	0.252898
0.9511	2	1	4	945	0.252798
0.9511	2	1	4	945	0.252698
0.9511	2	1	4	945	0.252598
0.9511	2	1	4	945	0.252498
0.9511	2	1	4	945	0.252398
0.9511	2	1	4	945	0.252298
0.9511	2	1	5	945	0.253098
0.9511	2	1	5	945	0.252998
0.9511	2	1	5	945	0.252898
0.9511	2	1	5	945	0.252798
0.9511	2	1	5	945	0.252698
0.9511	2	1	5	945	0.252598
0.9511	2	1	5	945	0.252498
0.9511	2	1	5	945	0.252398
0.9511	2	1	5	945	0.252298
0.952029	2	1	4	945	0.253127
0.952029	2	1	4	945	0.253027
0.952029	2	1	4	945	0.252927
0.952029	2	1	4	945	0.252827
0.952029	2	1	4	945	0.252727
0.952029	2	1	4	945	0.252627
0.952029	2	1	4	945	0.252527
0.952029	2	1	4	945	0.252427
0.952029	2	1	4	945	0.252327
0.952029	2	1	5	945	0.253126
0.952029	2	1	5	945	0.253026
0.952029	2	1	5	945	0.252926
0.952029	2	1	5	945	0.252826
0.952029	2	1	5	945	0.252726
0.952029	2	1	5	945	0.252626
0.952029	2	1	5	945	0.252526
0.952029	2	1	5	945	0.252426
0.952029	2	1	5	945	0.252326
0.9551	2	1	4	945	0.255298
0.9551	2	1	4	945	0.255198
0.9551	2	1	4	945	0.255098
0.9551	2	1	4	945	0.254998
0.9551	2	1	4	945	0.254898
0.9551	2	1	4	945	0.254798
0.9551	2	1	4	945	0.254698
0.9551	2	1	4	945	0.254598
0.9551	2	1	4	945	0.254498
0.9551	2	1	5	945	0.255298
0.9551	2	1	5	945	0.255198
0.9551	2	1	5	945	0.255098
0.9551	2	1	5	945	0.254998
0.9551	2	1	5	945	0.254898
0.9551	2	1	5	945	0.254798
0.9551	2	1	5	945	0.254698
0.9551	2	1	5	945	0.254598
0.9551	2	1	5	945	0.254498
0.9561	2	1	4	945	0.255398
0.9561	2	1	4	945	0.255298
0.9561	2	1	4	945	0.255198
0.9561	2	1	4	945	0.255098
0.9561	2	1	4	945	0.254998
0.9561	2	1	4	945	0.254898
0.9561	2	1	4	945	0.254798
0.9561	2	1	4	945	0.254698
0.9561	2	1	4	945	0.254598
0.9561	2	1	4	945	0.254498
0.9561	2	1	5	945	0.255398
0.9561	2	1	5	945	0.255298
0.9561	2	1	5	945	0.255198
0.9561	2	1	5	945	0.255098
0.9561	2	1	5	945	0.254998
0.9561	2	1	5	945	0.254898
0.9561	2	1	5	945	0.254798
0.9561	2	1	5	945	0.254698
0.9561	2	1	5	945	0.254598
0.9561	2	1	5	945	0.254498
0.957029	2	1	4	945	0.255327
0.957029	2	1	4	945	0.255227
0.957029	2	1	4	945	0.255127
0.957029	2	1	4	945	0.255027
0.957029	2	1	4	945	0.254927
0.957029	2	1	4	945	0.254827
0.957029	2	1	4	945	0.254727
0.957029	2	1	4	945	0.254627
0.957029	2	1	5	945	0.255326
0.957029	2	1	5	945	0.255226
0.957029	2	1	5	945	0.255126
0.957029	2	1	5	945	0.255026
0.957029	2	1	5	945	0.254926
0.957029	2	1	5	945	0.254826
0.957029	2	1	5	945	0.254726
0.957029	2	1	5	945	0.254626
0.9601	2	1	4	945	0.257598
0.9601	2	1	4	945	0.257498
0.9601	2	1	4	945	0.257398
0.9601	2	1	4	945	0.257298
0.9601	2	1	4	945	0.257198
0.9601	2	1	4	945	0.257098
0.9601	2	1	4	945	0.256998
0.9601	2	1	4	945	0.256898
0.9601	2	1	4	945	0.256798
0.9601	2	1	4	945	0.256698
0.9601	2	1	5	945	0.257598
0.9601	2	1	5	945	0.257498
0.9601	2	1	5	945	0.257398
0.9601	2	1	5	945	0.257298
0.9601	2	1	5	945	0.257198
0.9601	2	1	5	945	0.257098
0.9601	2	1	5	945	0.256998
0.9601	2	1	5	945	0.256898
0.9601	2	1	5	945	0.256798
0.9601	2	1	5	945	0.256698
0.9611	2	1	4	945	0.257598
0.9611	2	1	4	945	0.257498
0.9611	2	1	4	945	0.257398
0.9611	2	1	4	945	0.257298
0.9611	2	1	4	945	0.257198
0.9611	2	1	4	945	0.257098
0.9611	2	1	4	945	0.256998
0.9611	2	1	4	945	0.256898
0.9611	2	1	4	945	0.256798
0.9611	2	1	5	945	0.257598
0.9611	2	1	5	945	0.257498
0.9611	2	1	5	945	0.257398
0.9611	2	1	5	945	0.257298
0.9611	2	1	5	945	0.257198
0.9611	2	1	5	945	0.257098
0.9611	2	1	5	945	0.256998
0.9611	2	1	5	945	0.256898
0.9611	2	1	5	945	0.256798
0.962029	2	1	4	945	0.257627
0.962029	2	1	4	945	0.257527
0.962029	2	1	4	945	0.257427
0.962029	2	1	4	945	0.257327
0.962029	2	1	4	945	0.257227
0.962029	2	1	4	945	0.257127
0.962029	2	1	4	945	0.257027
0.962029	2	1	4	945	0.256927
0.962029	2	1	4	945	0.256827
0.962029	2	1	5	945	0.257626
0.962029	2	1	5	945	0.257526
0.962029	2	1	5	945	0.257426
0.962029	2	1	5	945	0.257326
0.962029	2	1	5	945	0.257226
0.962029	2	1	5	945	0.257126
0.962029	2	1	5	945	0.257026
0.962029	2	1	5	945	0.256926
0.962029	2	1	5	945	0.256826
0.9651	2	1	4	945	0.259798
0.9651	2	1	4	945	0.259698
0.9651	2	1	4	945	0.259598
0.9651	2	1	4	945	0.259498
0.9651	2	1	4	945	0.259398
0.9651	2	1	4	945	0.259298
0.9651	2	1	4	945	0.259198
0.9651	2	1	4	945	0.259098
0.9651	2	1	4	945	0.258998
0.9651	2	1	5	945	0.259798
0.9651	2	1	5	945	0.259698
0.9651	2	1	5	945	0.259598
0.9651	2	1	5	945	0.259498
0.9651	2	1	5	945	0.259398
0.9651	2	1	5	945	0.259298
0.9651	2	1	5	945	0.259198
0.9651	2	1	5	945	0.259098
0.9651	2	1	5	945	0.258998
0.9661	2	1	4	945	0.259898
0.9661	2	1	4	945	0.259798
0.9661	2	1	4	945	0.259698
0.9661	2	1	4	945	0.259598
0.9661	2	1	4	945	0.259498
0.9661	2	1	4	945	0.259398
0.9661	2	1	4	945	0.259298
0.9661	2	1	4	945	0.259198
0.9661	2	1	4	945	0.259098
0.9661	2	1	4	945	0.258998
0.9661	2	1	5	945	0.259898
0.9661	2	1	5	945	0.259798
0.9661	2	1	5	945	0.259698
0.9661	2	1	5	945	0.259598
0.9661	2	1	5	945	0.259498
0.9661	2	1	5	945	0.259398
0.9661	2	1	5	945	0.259298
0.9661	2	1	5	945	0.259198
0.9661	2	1	5	945	0.259098
0.9661	2	1	5	945	0.258998
0.967029	2	1	4	945	0.259827
0.967029	2	1	4	945	0.259727
0.967029	2	1	4	945	0.259627
0.967029	2	1	4	945	0.259527
0.967029	2	1	4	945	0.259427
0.967029	2	1	4	945	0.259327
0.967029	2	1	4	945	0.259227
0.967029	2	1	4	945	0.259127
0.967029	2	1	4	945	0.259027
0.967029	2	1	5	945	0.259826
0.967029	2	1	5	945	0.259726
0.967029	2	1	5	945	0.259626
0.967029	2	1	5	945	0.259526
0.967029	2	1	5	945	0.259426
0.967029	2	1	5	945	0.259326
0.967029	2	1	5	945	0.259226
0.967029	2	1	5	945	0.259126
0.967029	2	1	5	945	0.259026
0.9701	2	1	4	945	0.261998
0.9701	2	1	4	945	0.261898
0.9701	2	1	4	945	0.261798
0.9701	2	1	4	945	0.261698
0.9701	2	1	4	945	0.261598
0.9701	2	1	4	945	0.261498
0.9701	2	1	4	945	0.261398
0.9701	2	1	4	945	0.261298
0.9701	2	1	4	945	0.261198
0.9701	2	1	5	945	0.261998
0.9701	2	1	5	945	0.261898
0.9701	2	1	5	945	0.261798
0.9701	2	1	5	945	0.261698
0.9701	2	1	5	945	0.261598
0.9701	2	1	5	945	0.261498
0.9701	2	1	5	945	0.261398
0.9701	2	1	5	945	0.261298
0.9701	2	1	5	945	0.261198
0.9711	2	1	4	945	0.262098
0.9711	2	1	4	945	0.261998
0.9711	2	1	4	945	0.261898
0.9711	2	1	4	945	0.261798
0.9711	2	1	4	945	0.261698
0.9711	2	1	4	945	0.261598
0.9711	2	1	4	945	0.261498
0.9711	2	1	4	945	0.261398
0.9711	2	1	4	945	0.261298
0.9711	2	1	5	945	0.262098
0.9711	2	1	5	945	0.261998
0.9711	2	1	5	945	0.261898
0.9711	2	1	5	945	0.261798
0.9711	2	1	5	945	0.261698
0.9711	2	1	5	945	0.261598
0.9711	2	1	5	945	0.261498
0.9711	2	1	5	945	0.261398
0.9711	2	1	5	945	0.261298
0.972029	2	1	4	945	0.262127
0.972029	2	1	4	945	0.262027
0.972029	2	1	4	945	0.261927
0.972029	2	1	4	945	0.261827
0.972029	2	1	4	945	0.261727
0.972029	2	1	4	945	0.261627
0.972029	2	1	4	945	0.261527
0.972029	2	1	4	945	0.261427
0.972029	2	1	4	945	0.261327
0.972029	2	1	5	945	0.262126
0.972029	2	1	5	945	0.262026
0.972029	2	1	5	945	0.261926
0.972029	2	1	5	945	0.261826
0.972029	2	1	5	945	0.261726
0.972029	2	1	5	945	0.261626
0.972029	2	1	5	945	0.261526
0.972029	2	1	5	945	0.261426
0.972029	2	1	5	945	0.261326
0.9751	2	1	4	945	0.264298
0.9751	2	1	4	945	0.264198
0.9751	2	1	4	945	0.264098
0.9751	2	1	4	945	0.263998
0.9751	2	1	4	945	0.263898
0.9751	2	1	4	945	0.263798
0.9751	2	1	4	945	0.263698
0.9751	2	1	4	945	0.263598
0.9751	2	1	4	945	0.263498
0.9751	2	1	4	945	0.263398
0.9751	2	1	5	945	0.264298
0.9751	2	1	5	945	0.264198
0.9751	2	1	5	945	0.264098
0.9751	2	1	5	945	0.263998
0.9751	2	1	5	945	0.263898
0.9751	2	1	5	945	0.263798
0.9751	2	1	5	945	0.263698
0.9751	2	1	5	945	0.263598
0.9751	2	1	5	945	0.263498
0.9751	2	1	5	945	0.263398
0.9761	2	1	4	945	0.264298
0.9761	2	1	4	945	0.264198
0.9761	2	1	4	945	0.264098
0.9761	2	1	4	945	0.263998
0.9761	2	1	4	945	0.263898
0.9761	2	1	4	945	0.263798
0.9761	2	1	4	945	0.263698
0.9761	2	1	4	945	0.263598
0.9761	2	1	4	945	0.263498
0.9761	2	1	5	945	0.264298
0.9761	2	1	5	945	0.264198
0.9761	2	1	5	945	0.264098
0.9761	2	1	5	945	0.263998
0.9761	2	1	5	945	0.263898
0.9761	2	1	5	945	0.263798
0.9761	2	1	5	945	0.263698
0.9761	2	1	5	945	0.263598
0.9761	2	1	5	945	0.263498
0.977029	2	1	4	945	0.264327
0.977029	2	1	4	945	0.264227
0.977029	2	1	4	945	0.264127
0.977029	2	1	4	945	0.264027
0.977029	2	1	4	945	0.263927
0.977029	2	1	4	945	0.263827
0.977029	2	1	4	945	0.263727
0.977029	2	1	4	945	0.263627
0.977029	2	1	4	945	0.263527
0.977029	2	1	5	945	0.264326
0.977029	2	1	5	945	0.264226
0.977029	2	1	5	945	0.264126
0.977029	2	1	5	945	0.264026
0.977029	2	1	5	945	0.263926
0.977029	2	1	5	945	0.263826
0.977029	2	1	5	945	0.263726
0.977029	2	1	5	945	0.263626
0.977029	2	1	5	945	0.263526
0.9801	2	1	4	945	0.266498
0.9801	2	1	4	945	0.266398
0.9801	2	1	4	945	0.266298
0.9801	2	1	4	945	0.266198
0.9801	2	1	4	945	0.266098
0.9801	2	1	4	945	0.265998
0.9801	2	1	4	945	0.265898
0.9801	2	1	4	945	0.265798
0.9801	2	1	4	945	0.265698
0.9801	2	1	5	945	0.266498
0.9801	2	1	5	945	0.266398
0.9801	2	1	5	945	0.266298
0.9801	2	1	5	945	0.266198
0.9801	2	1	5	945	0.266098
0.9801	2	1	5	945	0.265998
0.9801	2	1	5	945	0.265898
0.9801	2	1	5	945	0.265798
0.9801	2	1	5	945	0.265698
0.9811	2	1	4	945	0.266598
0.9811	2	1	4	945	0.266498
0.9811	2	1	4	945	0.266398
0.9811	2	1	4	945	0.266298
0.9811	2	1	4	945	0.266198
0.9811	2	1	4	945	0.266098
0.9811	2	1	4	945	0.265998
0.9811	2	1	4	945	0.265898
0.9811	2	1	4	945	0.265798
0.9811	2	1	4	945	0.265698
0.9811	2	1	5	945	0.266598
0.9811	2	1	5	945	0.266498
0.9811	2	1	5	945	0.266398
0.9811	2	1	5	945	0.266298
0.9811	2	1	5	945	0.266198
0.9811	2	1	5	945	0.266098
0.9811	2	1	5	945	0.265998
0.9811	2	1	5	945	0.265898
0.9811	2	1	5	945	0.265798
0.9811	2	1	5	945	0.265698
0.982029	2	1	4	945	0.266527
0.982029	2	1	4	945	0.266427
0.982029	2	1	4	945	0.266327
0.982029	2	1	4	945	0.266227
0.982029	2	1	4	945	0.266127
0.982029	2	1	4	945	0.266027
0.982029	2	1	4	945	0.265927
0.982029	2	1	4	945	0.265827
0.982029	2	1	5	945	0.266526
0.982029	2	1	5	945	0.266426
0.982029	2	1	5	945	0.266326
0.982029	2	1	5	945	0.266226
0.982029	2	1	5	945	0.266126
0.982029	2	1	5	945	0.266026
0.982029	2	1	5	945	0.265926
0.982029	2	1	5	945	0.265826
0.9851	2	1	4	945	0.268798
0.9851	2	1	4	945	0.268698
0.9851	2	1	4	945	0.268598
0.9851	2	1	4	945	0.268498
0.9851	2	1	4	945	0.268398
0.9851	2	1	4	945	0.268298
0.9851	2	1	4	945	0.268198
0.9851	2	1	4	945	0.268098
0.9851	2	1	4	945	0.267998
0.9851	2	1	4	945	0.267898
0.9851	2	1	5	945	0.268798
0.9851	2	1	5	945	0.268698
0.9851	2	1	5	945	0.268598
0.9851	2	1	5	945	0.268498
0.9851	2	1	5	945	0.268398
0.9851	2	1	5	945	0.268298
0.9851	2	1	5	945	0.268198
0.9851	2	1	5	945	0.268098
0.9851	2	1	5	945	0.267998
0.9851	2	1	5	945	0.267898
0.9861	2	1	4	945	0.268798
0.9861	2	1	4	945	0.268698
0.9861	2	1	4	945	0.268598
0.9861	2	1	4	945	0.268498
0.9861	2	1	4	945	0.268398
0.9861	2	1	4	945	0.268298
0.9861	2	1	4	945	0.268198
0.9861	2	1	4	945	0.268098
0.9861	2	1	4	945	0.267998
0.9861	2	1	5	945	0.268798
0.9861	2	1	5	945	0.268698
0.9861	2	1	5	945	0.268598
0.9861	2	1	5	945	0.268498
0.9861	2	1	5	945	0.268398
0.9861	2	1	5	945	0.268298
0.9861	2	1	5	945	0.268198
0.9861	2	1	5	945	0.268098
0.9861	2	1	5	945	0.267998
0.987029	2	1	4	945	0.268827
0.987029	2	1	4	945	0.268727
0.987029	2	1	4	945	0.268627
0.987029	2	1	4	945	0.268527
0.987029	2	1	4	945	0.268427
0.987029	2	1	4	945	0.268327
0.987029	2	1	4	945	0.268227
0.987029	2	1	4	945	0.268127
0.987029	2	1	4	945	0.268027
0.987029	2	1	5	945	0.268826
0.987029	2	1	5	945	0.268726
0.987029	2	1	5	945	0.268626
0.987029	2	1	5	945	0.268526
0.987029	2	1	5	945	0.268426
0.987029	2	1	5	945	0.268326
0.987029	2	1	5	945	0.268226
0.987029	2	1	5	945	0.268126
0.987029	2	1	5	945	0.268026
0.9901	2	1	4	945	0.270998
0.9901	2	1	4	945	0.270898
0.9901	2	1	4	945	0.270798
0.9901	2	1	4	945	0.270698
0.9901	2	1	4	945	0.270598
0.9901	2	1	4	945	0.270498
0.9901	2	1	4	945	0.270398
0.9901	2	1	4	945	0.270298
0.9901	2	1	4	945	0.270198
0.9901	2	1	5	945	0.270998
0.9901	2	1	5	945	0.270898
0.9901	2	1	5	945	0.270798
0.9901	2	1	5	945	0.270698
0.9901	2	1	5	945	0.270598
0.9901	2	1	5	945	0.270498
0.9901	2	1	5	945	0.270398
0.9901	2	1	5	945	0.270298
0.9901	2	1	5	945	0.270198
0.9911	2	1	4	945	0.271098
0.9911	2	1	4	945	0.270998
0.9911	2	1	4	945	0.270898
0.9911	2	1	4	945	0.270798
0.9911	2	1	4	945	0.270698
0.9911	2	1	4	945	0.270598
0.9911	2	1	4	945	0.270498
0.9911	2	1	4	945	0.270398
0.9911	2	1	4	945	0.270298
0.9911	2	1	4	945	0.270198
0.9911	2	1	5	945	0.271098
0.9911	2	1	5	945	0.270998
0.9911	2	1	5	945	0.270898
0.9911	2	1	5	945	0.270798
0.9911	2	1	5	945	0.270698
0.9911	2	1	5	945	0.270598
0.9911	2	1	5	945	0.270498
0.9911	2	1	5	945	0.270398
0.9911	2	1	5	945	0.270298
0.9911	2	1	5	945	0.270198
0.992029	2	1	4	945	0.271027
0.992029	2	1	4	945	0.270927
0.992029	2	1	4	945	0.270827
0.992029	2	1	4	945	0.270727
0.992029	2	1	4	945	0.270627
0.992029	2	1	4	945	0.270527
0.992029	2	1	4	945	0.270427
0.992029	2	1	4	945	0.270327
0.992029	2	1	5	945	0.271026
0.992029	2	1	5	945	0.270926
0.992029	2	1	5	945	0.270826
0.992029	2	1	5	945	0.270726
0.992029	2	1	5	945	0.270626
0.992029	2	1	5	945	0.270526
0.992029	2	1	5	945	0.270426
0.992029	2	1	5	945	0.270326
0.9951	2	1	4	945	0.273298
0.9951	2	1	4	945	0.273198
0.9951	2	1	4	945	0.273098
0.9951	2	1	4	945	0.272998
0.9951	2	1	4	945	0.272898
0.9951	2	1	4	945	0.272798
0.9951	2	1	4	945	0.272698
0.9951	2	1	4	945	0.272598
0.9951	2	1	4	945	0.272498
0.9951	2	1	4	945	0.272398
0.9951	2	1	5	945	0.273298
0.9951	2	1	5	945	0.273198
0.9951	2	1	5	945	0.273098
0.9951	2	1	5	945	0.272998
0.9951	2	1	5	945	0.272898
0.9951	2	1	5	945	0.272798
0.9951	2	1	5	945	0.272698
0.9951	2	1	5	945	0.272598
0.9951	2	1	5	945	0.272498
0.9951	2	1	5	945	0.272398
0.9961	2	1	4	945	0.273298
0.9961	2	1	4	945	0.273198
0.9961	2	1	4	945	0.273098
0.9961	2	1	4	945	0.272998
0.9961	2	1	4	945	0.272898
0.9961	2	1	4	945	0.272798
0.9961	2	1	4	945	0.272698
0.9961	2	1	4	945	0.272598
0.9961	2	1	4	945	0.272498
0.9961	2	1	5	945	0.273298
0.9961	2	1	5	945	0.273198
0.9961	2	1	5	945	0.273098
0.9961	2	1	5	945	0.272998
0.9961	2	1	5	945	0.272898
0.9961	2	1	5	945	0.272798
0.9961	2	1	5	945	0.272698
0.9961	2	1	5	945	0.272598
0.9961	2	1	5	945	0.272498
0.997029	2	1	4	945	0.273327
0.997029	2	1	4	945	0.273227
0.997029	2	1	4	945	0.273127
0.997029	2	1	4	945	0.273027
0.997029	2	1	4	945	0.272927
0.997029	2	1	4	945	0.272827
0.997029	2	1	4	945	0.272727
0.997029	2	1	4	945	0.272627
0.997029	2	1	4	945	0.272527
0.997029	2	1	5	945	0.273326
0.997029	2	1	5	945	0.273226
0.997029	2	1	5	945	0.273126
0.997029	2	1	5	945	0.273026
0.997029	2	1	5	945	0.272926
0.997029	2	1	5	945	0.272826
0.997029	2	1	5	945	0.272726
0.997029	2	1	5	945	0.272626
0.997029	2	1	5	945	0.272526
1.0001	2	1	4	945	0.275498
1.0001	2	1	4	945	0.275398
1.0001	2	1	4	945	0.275298
1.0001	2	1	4	945	0.275198
1.0001	2	1	4	945	0.275098
1.0001	2	1	4	945	0.274998
1.0001	2	1	4	945	0.274898
1.0001	2	1	4	945	0.274798
1.0001	2	1	4	945	0.274698
1.0001	2	1	5	945	0.275498
1.0001	2	1	5	945	0.275398
1.0001	2	1	5	945	0.275298
1.0001	2	1	5	945	0.275198
1.0001	2	1	5	945	0.275098
1.0001	2	1	5	945	0.274998
1.0001	2	1	5	945	0.274898
1.0001	2	1	5	945	0.274798
1.0001	2	1	5	945	0.274698
1.0011	2	1	4	945	0.275598
1.0011	2	1	4	945	0.275498
1.0011	2	1	4	945	0.275398
1.0011	2	1	4	945	0.275298
1.0011	2	1	4	945	0.275198
1.0011	2	1	4	945	0.275098
1.0011	2	1	4	945	0.274998
1.0011	2	1	4	945	0.274898
1.0011	2	1	4	945	0.274798
1.0011	2	1	4	945	0.274698
1.0011	2	1	5	945	0.275598
1.0011	2	1	5	945	0.275498
1.0011	2	1	5	945	0.275398
1.0011	2	1	5	945	0.275298
1.0011	2	1	5	945	0.275198
1.0011	2	1	5	945	0.275098
1.0011	2	1	5	945	0.274998
1.0011	2	1	5	945	0.274898
1.0011	2	1	5	945	0.274798
1.0011	2	1	5	945	0.274698
1.00203	2	1	4	945	0.275527
1.00203	2	1	4	945	0.275427
1.00203	2	1	4	945	0.275327
1.00203	2	1	4	945	0.275227
1.00203	2	1	4	945	0.275127
1.00203	2	1	4	945	0.275027
1.00203	2	1	4	945	0.274927
1.00203	2	1	4	945	0.274827
1.00203	2	1	4	945	0.274727
1.00203	2	1	5	945	0.275526
1.00203	2	1	5	945	0.275426
1.00203	2	1	5	945	0.275326
1.00203	2	1	5	945	0.275226
1.00203	2	1	5	945	0.275126
1.00203	2	1	5	945	0.275026
1.00203	2	1	5	945	0.274926
1.00203	2	1	5	945	0.274826
1.00203	2	1	5	945	0.274726
1.0051	2	1	4	945	0.277698
1.0051	2	1	4	945	0.277598
1.0051	2	1	4	945	0.277498
1.0051	2	1	4	945	0.277398
1.0051	2	1	4	945	0.277298
1.0051	2	1	4	945	0.277198
1.0051	2	1	4	945	0.277098
1.0051	2	1	4	945	0.276998
1.0051	2	1	4	945	0.276898
1.0051	2	1	5	945	0.277698
1.0051	2	1	5	945	0.277598
1.0051	2	1	5	945	0.277498
1.0051	2	1	5	945	0.277398
1.0051	2	1	5	945	0.277298
1.0051	2	1	5	945	0.277198
1.0051	2	1	5	945	0.277098
1.0051	2	1	5	945	0.276998
1.0051	2	1	5	945	0.276898
1.0061	2	1	4	945	0.277798
1.0061	2	1	4	945	0.277698
1.0061	2	1	4	945	0.277598
1.0061	2	1	4	945	0.277498
1.0061	2	1	4	945	0.277398
1.0061	2	1	4	945	0.277298
1.0061	2	1	4	945	0.277198
1.0061	2	1	4	945	0.277098
1.0061	2	1	4	945	0.276998
1.0061	2	1	5	945	0.277798
1.0061	2	1	5	945	0.277698
1.0061	2	1	5	945	0.277598
1.0061	2	1	5	945	0.277498
1.0061	2	1	5	945	0.277398
1.0061	2	1	5	945	0.277298
1.0061	2	1	5	945	0.277198
1.0061	2	1	5	945	0.277098
1.0061	2	1	5	945	0.276998
1.00703	2	1	4	945	0.277827
1.00703	2	1	4	945	0.277727
1.00703	2	1	4	945	0.277627
1.00703	2	1	4	945	0.277527
1.00703	2	1	4	945	0.277427
1.00703	2	1	4	945	0.277327
1.00703	2	1	4	945	0.277227
1.00703	2	1	4	945	0.277127
1.00703	2	1	4	945	0.277027
1.00703	2	1	5	945	0.277826
1.00703	2	1	5	945	0.277726
1.00703	2	1	5	945	0.277626
1.00703	2	1	5	945	0.277526
1.00703	2	1	5	945	0.277426
1.00703	2	1	5	945	0.277326
1.00703	2	1	5	945	0.277226
1.00703	2	1	5	945	0.277126
1.00703	2	1	5	945	0.277026
1.0101	2	1	4	945	0.279998
1.0101	2	1	4	945	0.279898
1.0101	2	1	4	945	0.279798
1.0101	2	1	4	945	0.279698
1.0101	2	1	4	945	0.279598
1.0101	2	1	4	945	0.279498
1.0101	2	1	4	945	0.279398
1.0101	2	1	4	945	0.279298
1.0101	2	1	4	945	0.279198
1.0101	2	1	4	945	0.279098
1.0101	2	1	5	945	0.279998
1.0101	2	1	5	945	0.279898
1.0101	2	1	5	945	0.279798
1.0101	2	1	5	945	0.279698
1.0101	2	1	5	945	0.279598
1.0101	2	1	5	945	0.279498
1.0101	2	1	5	945	0.279398
1.0101	2	1	5	945	0.279298
1.0101	2	1	5	945	0.279198
1.0101	2	1	5	945	0.279098
1.0111	2	1	4	945	0.279998
1.0111	2	1	4	945	0.279898
1.0111	2	1	4	945	0.279798
1.0111	2	1	4	945	0.279698
1.0111	2	1	4	945	0.279598
1.0111	2	1	4	945	0.279498
1.0111	2	1	4	945	0.279398
1.0111	2	1	4	945	0.279298
1.0111	2	1	4	945	0.279198
1.0111	2	1	5	945	0.279998
1.0111	2	1	5	945	0.279898
1.0111	2	1	5	945	0.279798
1.0111	2	1	5	945	0.279698
1.0111	2	1	5	945	0.279598
1.0111	2	1	5	945	0.279498
1.0111	2	1	5	945	0.279398
1.0111	2	1	5	945	0.279298
1.0111	2	1	5	945	0.279198
1.01203	2	1	4	945	0.280027
1.01203	2	1	4	945	0.279927
1.01203	2	1	4	945	0.279827
1.01203	2	1	4	945	0.279727
1.01203	2	1	4	945	0.279627
1.01203	2	1	4	945	0.279527
1.01203	2	1	4	945	0.279427
1.01203	2	1	4	945	0.279327
1.01203	2	1	4	945	0.279227
1.01203	2	1	5	945	0.280026
1.01203	2	1	5	945	0.279926
1.01203	2	1	5	945	0.279826
1.01203	2	1	5	945	0.279726
1.01203	2	1	5	945	0.279626
1.01203	2	1	5	945	0.279526
1.01203	2	1	5	945	0.279426
1.01203	2	1	5	945	0.279326
1.01203	2	1	5	945	0.279226
1.0151	2	1	4	945	0.282198
1.0151	2	1	4	945	0.282098
1.0151	2	1	4	945	0.281998
1.0151	2	1	4	945	0.281898
1.0151	2	1	4	945	0.281798
1.0151	2	1	4	945	0.281698
1.0151	2	1	4	945	0.281598
1.0151	2	1	4	945	0.281498
1.0151	2	1	4	945	0.281398
1.0151	2	1	5	945	0.282198
1.0151	2	1	5	945	0.282098
1.0151	2	1	5	945	0.281998
1.0151	2	1	5	945	0.281898
1.0151	2	1	5	945	0.281798
1.0151	2	1	5	945	0.281698
1.0151	2	1	5	945	0.281598
1.0151	2	1	5	945	0.281498
1.0151	2	1	5	945	0.281398
1.0161	2	1	4	945	0.282298
1.0161	2	1	4	945	0.282198
1.0161	2	1	4	945	0.282098
1.0161	2	1	4	945	0.281998
1.0161	2	1	4	945	0.281898
1.0161	2	1	4	945	0.281798
1.0161	2	1	4	945	0.281698
1.0161	2	1	4	945	0.281598
1.0161	2	1	4	945	0.281498
1.0161	2	1	4	945	0.281398
1.0161	2	1	5	945	0.282298
1.0161	2	1	5	945	0.282198
1.0161	2	1	5	945	0.282098
1.0161	2	1	5	945	0.281998
1.0161	2	1	5	945	0.281898
1.0161	2	1	5	945	0.281798
1.0161	2	1	5	945	0.281698
1.0161	2	1	5	945	0.281598
1.0161	2	1	5	945	0.281498
1.0161	2	1	5	945	0.281398
1.01703	2	1	4	945	0.282227
1.01703	2	1	4	945	0.282127
1.01703	2	1	4	945	0.282027
1.01703	2	1	4	945	0.281927
1.01703	2	1	4	945	0.281827
1.01703	2	1	4	945	0.281727
1.01703	2	1	4	945	0.281627
1.01703	2	1	4	945	0.281527
1.01703	2	1	5	945	0.282226
1.01703	2	1	5	945	0.282126
1.01703	2	1	5	945	0.282026
1.01703	2	1	5	945	0.281926
1.01703	2	1	5	945	0.281826
1.01703	2	1	5	945	0.281726
1.01703	2	1	5	945	0.281626
1.01703	2	1	5	945	0.281526
1.0201	2	1	4	945	0.284498
1.0201	2	1	4	945	0.284398
1.0201	2	1	4	945	0.284298
1.0201	2	1	4	945	0.284198
1.0201	2	1	4	945	0.284098
1.0201	2	1	4	945	0.283998
1.0201	2	1	4	945	0.283898
1.0201	2	1	4	945	0.283798
1.0201	2	1	4	945	0.283698
1.0201	2	1	4	945	0.283598
1.0201	2	1	5	945	0.284498
1.0201	2	1	5	945	0.284398
1.0201	2	1	5	945	0.284298
1.0201	2	1	5	945	0.284198
1.0201	2	1	5	945	0.284098
1.0201	2	1	5	945	0.283998
1.0201	2	1	5	945	0.283898
1.0201	2	1	5	945	0.283798
1.0201	2	1	5	945	0.283698
1.0201	2	1	5	945	0.283598
1.0211	2	1	4	945	0.284498
1.0211	2	1	4	945	0.284398
1.0211	2	1	4	945	0.284298
1.0211	2	1	4	945	0.284198
1.0211	2	1	4	945	0.284098
1.0211	2	1	4	945	0.283998
1.0211	2	1	4	945	0.283898
1.0211	2	1	4	945	0.283798
1.0211	2	1	4	945	0.283698
1.0211	2	1	5	945	0.284498
1.0211	2	1	5	945	0.284398
1.0211	2	1	5	945	0.284298
1.0211	2	1	5	945	0.284198
1.0211	2	1	5	945	0.284098
1.0211	2	1	5	945	0.283998
1.0211	2	1	5	945	0.283898
1.0211	2	1	5	945	0.283798
1.0211	2	1	5	945	0.283698
1.02203	2	1	4	945	0.284527
1.02203	2	1	4	945	0.284427
1.02203	2	1	4	945	0.284327
1.02203	2	1	4	945	0.284227
1.02203	2	1	4	945	0.284127
1.02203	2	1	4	945	0.284027
1.02203	2	1	4	945	0.283927
1.02203	2	1	4	945	0.283827
1.02203	2	1	4	945	0.283727
1.02203	2	1	5	945	0.284526
1.02203	2	1	5	945	0.284426
1.02203	2	1	5	945	0.284326
1.02203	2	1	5	945	0.284226
1.02203	2	1	5	945	0.284126
1.02203	2	1	5	945	0.284026
1.02203	2	1	5	945	0.283926
1.02203	2	1	5	945	0.283826
1.02203	2	1	5	945	0.283726
1.0251	2	1	4	945	0.286698
1.0251	2	1	4	945	0.286598
1.0251	2	1	4	945	0.286498
1.0251	2	1	4	945	0.286398
1.0251	2	1	4	945	0.286298
1.0251	2	1	4	945	0.286198
1.0251	2	1	4	945	0.286098
1.0251	2	1	4	945	0.285998
1.0251	2	1	4	945	0.285898
1.0251	2	1	5	945	0.286698
1.0251	2	1	5	945	0.286598
1.0251	2	1	5	945	0.286498
1.0251	2	1	5	945	0.286398
1.0251	2	1	5	945	0.286298
1.0251	2	1	5	945	0.286198
1.0251	2	1	5	945	0.286098
1.0251	2	1	5	945	0.285998
1.0251	2	1	5	945	0.285898
1.0261	2	1	4	945	0.286798
1.0261	2	1	4	945	0.286698
1.0261	2	1	4	945	0.286598
1.0261	2	1	4	945	0.286498
1.0261	2	1	4	945	0.286398
1.0261	2	1	4	945	0.286298
1.0261	2	1	4	945	0.286198
1.0261	2	1	4	945	0.286098
1.0261	2	1	4	945	0.285998
1.0261	2	1	4	945	0.285898
1.0261	2	1	5	945	0.286798
1.0261	2	1	5	945	0.286698
1.0261	2	1	5	945	0.286598
1.0261	2	1	5	945	0.286498
1.0261	2	1	5	945	0.286398
1.0261	2	1	5	945	0.286298
1.0261	2	1	5	945	0.286198
1.0261	2	1	5	945	0.286098
1.0261	2	1	5	945	0.285998
1.0261	2	1	5	945	0.285898
1.02703	2	1	4	945	0.286727
1.02703	2	1	4	945	0.286627
1.02703	2	1	4	945	0.286527
1.02703	2	1	4	945	0.286427
1.02703	2	1	4	945	0.286327
1.02703	2	1	4	945	0.286227
1.02703	2	1	4	945	0.286127
1.02703	2	1	4	945	0.286027
1.02703	2	1	4	945	0.285927
1.02703	2	1	5	945	0.286726
1.02703	2	1	5	945	0.286626
1.02703	2	1	5	945	0.286526
1.02703	2	1	5	945	0.286426
1.02703	2	1	5	945	0.286326
1.02703	2	1	5	945	0.286226
1.02703	2	1	5	945	0.286126
1.02703	2	1	5	945	0.286026
1.02703	2	1	5	945	0.285926
1.0301	2	1	4	945	0.288898
1.0301	2	1	4	945	0.288798
1.0301	2	1	4	945	0.288698
1.0301	2	1	4	945	0.288598
1.0301	2	1	4	945	0.288498
1.0301	2	1	4	945	0.288398
1.0301	2	1	4	945	0.288298
1.0301	2	1	4	945	0.288198
1.0301	2	1	4	945	0.288098
1.0301	2	1	5	945	0.288898
1.0301	2	1	5	945	0.288798
1.0301	2	1	5	945	0.288698
1.0301	2	1	5	945	0.288598
1.0301	2	1	5	945	0.288498
1.0301	2	1	5	945	0.288398
1.0301	2	1	5	945	0.288298
1.0301	2	1	5	945	0.288198
1.0301	2	1	5	945	0.288098
1.0311	2	1	4	945	0.288998
1.0311	2	1	4	945	0.288898
1.0311	2	1	4	945	0.288798
1.0311	2	1	4	945	0.288698
1.0311	2	1	4	945	0.288598
1.0311	2	1	4	945	0.288498
1.0311	2	1	4	945	0.288398
1.0311	2	1	4	945	0.288298
1.0311	2	1	4	945	0.288198
1.0311	2	1	5	945	0.288998
1.0311	2	1	5	945	0.288898
1.0311	2	1	5	945	0.288798
1.0311	2	1	5	945	0.288698
1.0311	2	1	5	945	0.288598
1.0311	2	1	5	945	0.288498
1.0311	2	1	5	945	0.288398
1.0311	2	1	5	945	0.288298
1.0311	2	1	5	945	0.288198
1.03203	2	1	4	945	0.289027
1.03203	2	1	4	945	0.288927
1.03203	2	1	4	945	0.288827
1.03203	2	1	4	945	0.288727
1.03203	2	1	4	945	0.288627
1.03203	2	1	4	945	0.288527
1.03203	2	1	4	945	0.288427
1.03203	2	1	4	945	0.288327
1.03203	2	1	4	945	0.288227
1.03203	2	1	5	945	0.289026
1.03203	2	1	5	945	0.288926
1.03203	2	1	5	945	0.288826
1.03203	2	1	5	945	0.288726
1.03203	2	1	5	945	0.288626
1.03203	2	1	5	945	0.288526
1.03203	2	1	5	945	0.288426
1.03203	2	1	5	945	0.288326
1.03203	2	1	5	945	0.288226
1.0351	2	1	4	945	0.291198
1.0351	2	1	4	945	0.291098
1.0351	2	1	4	945	0.290998
1.0351	2	1	4	945	0.290898
1.0351	2	1	4	945	0.290798
1.0351	2	1	4	945	0.290698
1.0351	2	1	4	945	0.290598
1.0351	2	1	4	945	0.290498
1.0351	2	1	4	945	0.290398
1.0351	2	1	4	945	0.290298
1.0351	2	1	5	945	0.291198
1.0351	2	1	5	945	0.291098
1.0351	2	1	5	945	0.290998
1.0351	2	1	5	945	0.290898
1.0351	2	1	5	945	0.290798
1.0351	2	1	5	945	0.290698
1.0351	2	1	5	945	0.290598
1.0351	2	1	5	945	0.290498
1.0351	2	1	5	945	0.290398
1.0351	2	1	5	945	0.290298
1.0361	2	1	4	945	0.291198
1.0361	2	1	4	945	0.291098
1.0361	2	1	4	945	0.290998
1.0361	2	1	4	945	0.290898
1.0361	2	1	4	945	0.290798
1.0361	2	1	4	945	0.290698
1.0361	2	1	4	945	0.290598
1.0361	2	1	4	945	0.290498
1.0361	2	1	4	945	0.290398
1.0361	2	1	5	945	0.291198
1.0361	2	1	5	945	0.291098
1.0361	2	1	5	945	0.290998
1.0361	2	1	5	945	0.290898
1.0361	2	1	5	945	0.290798
1.0361	2	1	5	945	0.290698
1.0361	2	1	5	945	0.290598
1.0361	2	1	5	945	0.290498
1.0361	2	1	5	945	0.290398
1.03703	2	1	4	945	0.291227
1.03703	2	1	4	945	0.291127
1.03703	2	1	4	945	0.291027
1.03703	2	1	4	945	0.290927
1.03703	2	1	4	945	0.290827
1.03703	2	1	4	945	0.290727
1.03703	2	1	4	945	0.290627
1.03703	2	1	4	945	0.290527
1.03703	2	1	4	945	0.290427
1.03703	2	1	5	945	0.291226
1.03703	2	1	5	945	0.291126
1.03703	2	1	5	945	0.291026
1.03703	2	1	5	945	0.290926
1.03703	2	1	5	945	0.290826
1.03703	2	1	5	945	0.290726
1.03703	2	1	5	945	0.290626
1.03703	2	1	5	945	0.290526
1.03703	2	1	5	945	0.290426
1.0401	2	1	4	945	0.293398
1.0401	2	1	4	945	0.293298
1.0401	2	1	4	945	0.293198
1.0401	2	1	4	945	0.293098
1.0401	2	1	4	945	0.292998
1.0401	2	1	4	945	0.292898
1.0401	2	1	4	945	0.292798
1.0401	2	1	4	945	0.292698
1.0401	2	1	4	945	0.292598
1.0401	2	1	5	945	0.293398
1.0401	2	1	5	945	0.293298
1.0401	2	1	5	945	0.293198
1.0401	2	1	5	945	0.293098
1.0401	2	1	5	945	0.292998
1.0401	2	1	5	945	0.292898
1.0401	2	1	5	945	0.292798
1.0401	2	1	5	945	0.292698
1.0401	2	1	5	945	0.292598
1.0411	2	1	4	945	0.293498
1.0411	2	1	4	945	0.293398
1.0411	2	1	4	945	0.293298
1.0411	2	1	4	945	0.293198
1.0411	2	1	4	945	0.293098
1.0411	2	1	4	945	0.292998
1.0411	2	1	4	945	0.292898
1.0411	2	1	4	945	0.292798
1.0411	2	1	4	945	0.292698
1.0411	2	1	4	945	0.292598
1.0411	2	1	5	945	0.293498
1.0411	2	1	5	945	0.293398
1.0411	2	1	5	945	0.293298
1.0411	2	1	5	945	0.293198
1.0411	2	1	5	945	0.293098
1.0411	2	1	5	945	0.292998
1.0411	2	1	5	945	0.292898
1.0411	2	1	5	945	0.292798
1.0411	2	1	5	945	0.292698
1.0411	2	1	5	945	0.292598
1.04203	2	1	4	945	0.293427
1.04203	2	1	4	945	0.293327
1.04203	2	1	4	945	0.293227
1.04203	2	1	4	945	0.293127
1.04203	2	1	4	945	0.293027
1.04203	2	1	4	945	0.292927
1.04203	2	1	4	945	0.292827
1.04203	2	1	4	945	0.292727
1.04203	2	1	5	945	0.293426
1.04203	2	1	5	945	0.293326
1.04203	2	1	5	945	0.293226
1.04203	2	1	5	945	0.293126
1.04203	2	1	5	945	0.293026
1.04203	2	1	5	945	0.292926
1.04203	2	1	5	945	0.292826
1.04203	2	1	5	945	0.292726
1.0451	2	1	4	945	0.295698
1.0451	2	1	4	945	0.295598
1.0451	2	1	4	945	0.295498
1.0451	2	1	4	945	0.295398
1.0451	2	1	4	945	0.295298
1.0451	2	1	4	945	0.295198
1.0451	2	1	4	945	0.295098
1.0451	2	1	4	945	0.294998
1.0451	2	1	4	945	0.294898
1.0451	2	1	4	945	0.294798
1.0451	2	1	5	945	0.295698
1.0451	2	1	5	945	0.295598
1.0451	2	1	5	945	0.295498
1.0451	2	1	5	945	0.295398
1.0451	2	1	5	945	0.295298
1.0451	2	1	5	945	0.295198
1.0451	2	1	5	945	0.295098
1.0451	2	1	5	945	0.294998
1.0451	2	1	5	945	0.294898
1.0451	2	1	5	945	0.294798
1.0461	2	1	4	945	0.295698
1.0461	2	1	4	945	0.295598
1.0461	2	1	4	945	0.295498
1.0461	2	1	4	945	0.295398
1.0461	2	1	4	945	0.295298
1.0461	2	1	4	945	0.295198
1.0461	2	1	4	945	0.295098
1.0461	2	1	4	945	0.294998
1.0461	2	1	4	945	0.294898
1.0461	2	1	5	945	0.295698
1.0461	2	1	5	945	0.295598
1.0461	2	1	5	945	0.295498
1.0461	2	1	5	945	0.295398
1.0461	2	1	5	945	0.295298
1.0461	2	1	5	945	0.295198
1.0461	2	1	5	945	0.295098
1.0461	2	1	5	945	0.294998
1.0461	2	1	5	945	0.294898
1.04703	2	1	4	945	0.295727
1.04703	2	1	4	945	0.295627
1.04703	2	1	4	945	0.295527
1.04703	2	1	4	945	0.295427
1.04703	2	1	4	945	0.295327
1.04703	2	1	4	945	0.295227
1.04703	2	1	4	945	0.295127
1.04703	2	1	4	945	0.295027
1.04703	2	1	4	945	0.294927
1.04703	2	1	5	945	0.295726
1.04703	2	1	5	945	0.295626
1.04703	2	1	5	945	0.295526
1.04703	2	1	5	945	0.295426
1.04703	2	1	5	945	0.295326
1.04703	2	1	5	945	0.295226
1.04703	2	1	5	945	0.295126
1.04703	2	1	5	945	0.295026
1.04703	2	1	5	945	0.294926
1.0501	2	1	4	945	0.297898
1.0501	2	1	4	945	0.297798
1.0501	2	1	4	945	0.297698
1.0501	2	1	4	945	0.297598
1.0501	2	1	4	945	0.297498
1.0501	2	1	4	945	0.297398
1.0501	2	1	4	945	0.297298
1.0501	2	1	4	945	0.297198
1.0501	2	1	4	945	0.297098
1.0501	2	1	5	945	0.297898
1.0501	2	1	5	945	0.297798
1.0501	2	1	5	945	0.297698
1.0501	2	1	5	945	0.297598
1.0501	2	1	5	945	0.297498
1.0501	2	1	5	945	0.297398
1.0501	2	1	5	945	0.297298
1.0501	2	1	5	945	0.297198
1.0501	2	1	5	945	0.297098
1.0511	2	1	4	945	0.297998
1.0511	2	1	4	945	0.297898
1.0511	2	1	4	945	0.297798
1.0511	2	1	4	945	0.297698
1.0511	2	1	4	945	0.297598
1.0511	2	1	4	945	0.297498
1.0511	2	1	4	945	0.297398
1.0511	2	1	4	945	0.297298
1.0511	2	1	4	945	0.297198
1.0511	2	1	4	945	0.297098
1.0511	2	1	5	945	0.297998
1.0511	2	1	5	945	0.297898
1.0511	2	1	5	945	0.297798
1.0511	2	1	5	945	0.297698
1.0511	2	1	5	945	0.297598
1.0511	2	1	5	945	0.297498
1.0511	2	1	5	945	0.297398
1.0511	2	1	5	945	0.297298
1.0511	2	1	5	945	0.297198
1.0511	2	1	5	945	0.297098
1.05203	2	1	4	945	0.297927
1.05203	2	1	4	945	0.297827
1.05203	2	1	4	945	0.297727
1.05203	2	1	4	945	0.297627
1.05203	2	1	4	945	0.297527
1.05203	2	1	4	945	0.297427
1.05203	2	1	4	945	0.297327
1.05203	2	1	4	945	0.297227
1.05203	2	1	5	945	0.297926
1.05203	2	1	5	945	0.297826
1.05203	2	1	5	945	0.297726
1.05203	2	1	5	945	0.297626
1.05203	2	1	5	945	0.297526
1.05203	2	1	5	945	0.297426
1.05203	2	1	5	945	0.297326
1.05203	2	1	5	945	0.297226
1.0551	2	1	4	945	0.300198
1.0551	2	1	4	945	0.300098
1.0551	2	1	4	945	0.299998
1.0551	2	1	4	945	0.299898
1.0551	2	1	4	945	0.299798
1.0551	2	1	4	945	0.299698
1.0551	2	1	4	945	0.299598
1.0551	2	1	4	945	0.299498
1.0551	2	1	4	945	0.299398
1.0551	2	1	4	945	0.299298
1.0551	2	1	5	945	0.300198
1.0551	2	1	5	945	0.300098
1.0551	2	1	5	945	0.299998
1.0551	2	1	5	945	0.299898
1.0551	2	1	5	945	0.299798
1.0551	2	1	5	945	0.299698
1.0551	2	1	5	945	0.299598
1.0551	2	1	5	945	0.299498
1.0551	2	1	5	945	0.299398
1.0551	2	1	5	945	0.299298
1.0561	2	1	4	945	0.300198
1.0561	2	1	4	945	0.300098
1.0561	2	1	4	945	0.299998
1.0561	2	1	4	945	0.299898
1.0561	2	1	4	945	0.299798
1.0561	2	1	4	945	0.299698
1.0561	2	1	4	945	0.299598
1.0561	2	1	4	945	0.299498
1.0561	2	1	4	945	0.299398
1.0561	2	1	5	945	0.300198
1.0561	2	1	5	945	0.300098
1.0561	2	1	5	945	0.299998
1.0561	2	1	5	945	0.299898
1.0561	2	1	5	945	0.299798
1.0561	2	1	5	945	0.299698
1.0561	2	1	5	945	0.299598
1.0561	2	1	5	945	0.299498
1.0561	2	1	5	945	0.299398
1.05703	2	1	4	945	0.300227
1.05703	2	1	4	945	0.300127
1.05703	2	1	4	945	0.300027
1.05703	2	1	4	945	0.299927
1.05703	2	1	4	945	0.299827
1.05703	2	1	4	945	0.299727
1.05703	2	1	4	945	0.299627
1.05703	2	1	4	945	0.299527
1.05703	2	1	4	945	0.299427
1.05703	2	1	5	945	0.300226
1.05703	2	1	5	945	0.300126
1.05703	2	1	5	945	0.300026
1.05703	2	1	5	945	0.299926
1.05703	2	1	5	945	0.299826
1.05703	2	1	5	945	0.299726
1.05703	2	1	5	945	0.299626
1.05703	2	1	5	945	0.299526
1.05703	2	1	5	945	0.299426
1.0601	2	1	4	945	0.302398
1.0601	2	1	4	945	0.302298
1.0601	2	1	4	945	0.302198
1.0601	2	1	4	945	0.302098
1.0601	2	1	4	945	0.301998
1.0601	2	1	4	945	0.301898
1.0601	2	1	4	945	0.301798
1.0601	2	1	4	945	0.301698
1.0601	2	1	4	945	0.301598
1.0601	2	1	5	945	0.302398
1.0601	2	1	5	945	0.302298
1.0601	2	1	5	945	0.302198
1.0601	2	1	5	945	0.302098
1.0601	2	1	5	945	0.301998
1.0601	2	1	5	945	0.301898
1.0601	2	1	5	945	0.301798
1.0601	2	1	5	945	0.301698
1.0601	2	1	5	945	0.301598
1.0611	2	1	4	945	0.302498
1.0611	2	1	4	945	0.302398
1.0611	2	1	4	945	0.302298
1.0611	2	1	4	945	0.302198
1.0611	2	1	4	945	0.302098
1.0611	2	1	4	945	0.301998
1.0611	2	1	4	945	0.301898
1.0611	2	1	4	945	0.301798
1.0611	2	1	4	945	0.301698
1.0611	2	1	4	945	0.301598
1.0611	2	1	5	945	0.302498
1.0611	2	1	5	945	0.302398
1.0611	2	1	5	945	0.302298
1.0611	2	1	5	945	0.302198
1.0611	2	1	5	945	0.302098
1.0611	2	1	5	945	0.301998
1.0611	2	1	5	945	0.301898
1.0611	2	1	5	945	0.301798
1.0611	2	1	5	945	0.301698
1.0611	2	1	5	945	0.301598
1.06203	2	1	4	945	0.302427
1.06203	2	1	4	945	0.302327
1.06203	2	1	4	945	0.302227
1.06203	2	1	4	945	0.302127
1.06203	2	1	4	945	0.302027
1.06203	2	1	4	945	0.301927
1.06203	2	1	4	945	0.301827
1.06203	2	1	4	945	0.301727
1.06203	2	1	4	945	0.301627
1.06203	2	1	5	945	0.302426
1.06203	2	1	5	945	0.302326
1.06203	2	1	5	945	0.302226
1.06203	2	1	5	945	0.302126
1.06203	2	1	5	945	0.302026
1.06203	2	1	5	945	0.301926
1.06203	2	1	5	945	0.301826
1.06203	2	1	5	945	0.301726
1.06203	2	1	5	945	0.301626
1.0651	2	1	4	945	0.304598
1.0651	2	1	4	945	0.304498
1.0651	2	1	4	945	0.304398
1.0651	2	1	4	945	0.304298
1.0651	2	1	4	945	0.304198
1.0651	2	1	4	945	0.304098
1.0651	2	1	4	945	0.303998
1.0651	2	1	4	945	0.303898
1.0651	2	1	4	945	0.303798
1.0651	2	1	5	945	0.304598
1.0651	2	1	5	945	0.304498
1.0651	2	1	5	945	0.304398
1.0651	2	1	5	945	0.304298
1.0651	2	1	5	945	0.304198
1.0651	2	1	5	945	0.304098
1.0651	2	1	5	945	0.303998
1.0651	2	1	5	945	0.303898
1.0651	2	1	5	945	0.303798
1.0661	2	1	4	945	0.304698
1.0661	2	1	4	945	0.304598
1.0661	2	1	4	945	0.304498
1.0661	2	1	4	945	0.304398
1.0661	2	1	4	945	0.304298
1.0661	2	1	4	945	0.304198
1.0661	2	1	4	945	0.304098
1.0661	2	1	4	945	0.303998
1.0661	2	1	4	945	0.303898
1.0661	2	1	5	945	0.304698
1.0661	2	1	5	945	0.304598
1.0661	2	1	5	945	0.304498
1.0661	2	1	5	945	0.304398
1.0661	2	1	5	945	0.304298
1.0661	2	1	5	945	0.304198
1.0661	2	1	5	945	0.304098
1.0661	2	1	5	945	0.303998
1.0661	2	1	5	945	0.303898
1.06703	2	1	4	945	0.304727
1.06703	2	1	4	945	0.304627
1.06703	2	1	4	945	0.304527
1.06703	2	1	4	945	0.304427
1.06703	2	1	4	945	0.304327
1.06703	2	1	4	945	0.304227
1.06703	2	1	4	945	0.304127
1.06703	2	1	4	945	0.304027
1.06703	2	1	4	945	0.303927
1.06703	2	1	5	945	0.304726
1.06703	2	1	5	945	0.304626
1.06703	2	1	5	945	0.304526
1.06703	2	1	5	945	0.304426
1.06703	2	1	5	945	0.304326
1.06703	2	1	5	945	0.304226
1.06703	2	1	5	945	0.304126
1.06703	2	1	5	945	0.304026
1.06703	2	1	5	945	0.303926
1.0701	2	1	4	945	0.306898
1.0701	2	1	4	945	0.306798
1.0701	2	1	4	945	0.306698
1.0701	2	1	4	945	0.306598
1.0701	2	1	4	945	0.306498
1.0701	2	1	4	945	0.306398
1.0701	2	1	4	945	0.306298
1.0701	2	1	4	945	0.306198
1.0701	2	1	4	945	0.306098
1.0701	2	1	4	945	0.305998
1.0701	2	1	5	945	0.306898
1.0701	2	1	5	945	0.306798
1.0701	2	1	5	945	0.306698
1.0701	2	1	5	945	0.306598
1.0701	2	1	5	945	0.306498
1.0701	2	1	5	945	0.306398
1.0701	2	1	5	945	0.306298
1.0701	2	1	5	945	0.306198
1.0701	2	1	5	945	0.306098
1.0701	2	1	5	945	0.305998
1.0711	2	1	4	945	0.306898
1.0711	2	1	4	945	0.306798
1.0711	2	1	4	945	0.306698
1.0711	2	1	4	945	0.306598
1.0711	2	1	4	945	0.306498
1.0711	2	1	4	945	0.306398
1.0711	2	1	4	945	0.306298
1.0711	2	1	4	945	0.306198
1.0711	2	1	4	945	0.306098
1.0711	2	1	5	945	0.306898
1.0711	2	1	5	945	0.306798
1.0711	2	1	5	945	0.306698
1.0711	2	1	5	945	0.306598
1.0711	2	1	5	945	0.306498
1.0711	2	1	5	945	0.306398
1.0711	2	1	5	945	0.306298
1.0711	2	1	5	945	0.306198
1.0711	2	1	5	945	0.306098
1.07203	2	1	4	945	0.306927
1.07203	2	1	4	945	0.306827
1.07203	2	1	4	945	0.306727
1.07203	2	1	4	945	0.306627
1.07203	2	1	4	945	0.306527
1.07203	2	1	4	945	0.306427
1.07203	2	1	4	945	0.306327
1.07203	2	1	4	945	0.306227
1.07203	2	1	4	945	0.306127
1.07203	2	1	5	945	0.306926
1.07203	2	1	5	945	0.306826
1.07203	2	1	5	945	0.306726
1.07203	2	1	5	945	0.306626
1.07203	2	1	5	945	0.306526
1.07203	2	1	5	945	0.306426
1.07203	2	1	5	945	0.306326
1.07203	2	1	5	945	0.306226
1.07203	2	1	5	945	0.306126
1.0751	2	1	4	945	0.309098
1.0751	2	1	4	945	0.308998
1.0751	2	1	4	945	0.308898
1.0751	2	1	4	945	0.308798
1.0751	2	1	4	945	0.308698
1.0751	2	1	4	945	0.308598
1.0751	2	1	4	945	0.308498
1.0751	2	1	4	945	0.308398
1.0751	2	1	4	945	0.308298
1.0751	2	1	5	945	0.309098
1.0751	2	1	5	945	0.308998
1.0751	2	1	5	945	0.308898
1.0751	2	1	5	945	0.308798
1.0751	2	1	5	945	0.308698
1.0751	2	1	5	945	0.308598
1.0751	2	1	5	945	0.308498
1.0751	2	1	5	945	0.308398
1.0751	2	1	5	945	0.308298
1.0761	2	1	4	945	0.309198
1.0761	2	1	4	945	0.309098
1.0761	2	1	4	945	0.308998
1.0761	2	1	4	945	0.308898
1.0761	2	1	4	945	0.308798
1.0761	2	1	4	945	0.308698
1.0761	2	1	4	945	0.308598
1.0761	2	1	4	945	0.308498
1.0761	2	1	4	945	0.308398
1.0761	2	1	4	945	0.308298
1.0761	2	1	5	945	0.309198
1.0761	2	1	5	945	0.309098
1.0761	2	1	5	945	0.308998
1.0761	2	1	5	945	0.308898
1.0761	2	1	5	945	0.308798
1.0761	2	1	5	945	0.308698
1.0761	2	1	5	945	0.308598
1.0761	2	1	5	945	0.308498
1.0761	2	1	5	945	0.308398
1.0761	2	1	5	945	0.308298
1.07703	2	1	4	945	0.309127
1.07703	2	1	4	945	0.309027
1.07703	2	1	4	945	0.308927
1.07703	2	1	4	945	0.308827
1.07703	2	1	4	945	0.308727
1.07703	2	1	4	945	0.308627
1.07703	2	1	4	945	0.308527
1.07703	2	1	4	945	0.308427
1.07703	2	1	5	945	0.309126
1.07703	2	1	5	945	0.309026
1.07703	2	1	5	945	0.308926
1.07703	2	1	5	945	0.308826
1.07703	2	1	5	945	0.308726
1.07703	2	1	5	945	0.308626
1.07703	2	1	5	945	0.308526
1.07703	2	1	5	945	0.308426
1.0801	2	1	4	945	0.311398
1.0801	2	1	4	945	0.311298
1.0801	2	1	4	945	0.311198
1.0801	2	1	4	945	0.311098
1.0801	2	1	4	945	0.310998
1.0801	2	1	4	945	0.310898
1.0801	2	1	4	945	0.310798
1.0801	2	1	4	945	0.310698
1.0801	2	1	4	945	0.310598
1.0801	2	1	4	945	0.310498
1.0801	2	1	5	945	0.311398
1.0801	2	1	5	945	0.311298
1.0801	2	1	5	945	0.311198
1.0801	2	1	5	945	0.311098
1.0801	2	1	5	945	0.310998
1.0801	2	1	5	945	0.310898
1.0801	2	1	5	945	0.310798
1.0801	2	1	5	945	0.310698
1.0801	2	1	5	945	0.310598
1.0801	2	1	5	945	0.310498
1.0811	2	1	4	945	0.311398
1.0811	2	1	4	945	0.311298
1.0811	2	1	4	945	0.311198
1.0811	2	1	4	945	0.311098
1.0811	2	1	4	945	0.310998
1.0811	2	1	4	945	0.310898
1.0811	2	1	4	945	0.310798
1.0811	2	1	4	945	0.310698
1.0811	2	1	4	945	0.310598
1.0811	2	1	5	945	0.311398
1.0811	2	1	5	945	0.311298
1.0811	2	1	5	945	0.311198
1.0811	2	1	5	945	0.311098
1.0811	2	1	5	945	0.310998
1.0811	2	1	5	945	0.310898
1.0811	2	1	5	945	0.310798
1.0811	2	1	5	945	0.310698
1.0811	2	1	5	945	0.310598
1.08203	2	1	4	945	0.311427
1.08203	2	1	4	945	0.311327
1.08203	2	1	4	945	0.311227
1.08203	2	1	4	945	0.311127
1.08203	2	1	4	945	0.311027
1.08203	2	1	4	945	0.310927
1.08203	2	1	4	945	0.310827
1.08203	2	1	4	945	0.310727
1.08203	2	1	4	945	0.310627
1.08203	2	1	5	945	0.311426
1.08203	2	1	5	945	0.311326
1.08203	2	1	5	945	0.311226
1.08203	2	1	5	945	0.311126
1.08203	2	1	5	945	0.311026
1.08203	2	1	5	945	0.310926
1.08203	2	1	5	945	0.310826
1.08203	2	1	5	945	0.310726
1.08203	2	1	5	945	0.310626
1.0851	2	1	4	945	0.313598
1.0851	2	1	4	945	0.313498
1.0851	2	1	4	945	0.313398
1.0851	2	1	4	945	0.313298
1.0851	2	1	4	945	0.313198
1.0851	2	1	4	945	0.313098
1.0851	2	1	4	945	0.312998
1.0851	2	1	4	945	0.312898
1.0851	2	1	4	945	0.312798
1.0851	2	1	5	945	0.313598
1.0851	2	1	5	945	0.313498
1.0851	2	1	5	945	0.313398
1.0851	2	1	5	945	0.313298
1.0851	2	1	5	945	0.313198
1.0851	2	1	5	945	0.313098
1.0851	2	1	5	945	0.312998
1.0851	2	1	5	945	0.312898
1.0851	2	1	5	945	0.312798
1.0861	2	1	4	945	0.313698
1.0861	2	1	4	945	0.313598
1.0861	2	1	4	945	0.313498
1.0861	2	1	4	945	0.313398
1.0861	2	1	4	945	0.313298
1.0861	2	1	4	945	0.313198
1.0861	2	1	4	945	0.313098
1.0861	2	1	4	945	0.312998
1.0861	2	1	4	945	0.312898
1.0861	2	1	4	945	0.312798
1.0861	2	1	5	945	0.313698
1.0861	2	1	5	945	0.313598
1.0861	2	1	5	945	0.313498
1.0861	2	1	5	945	0.313398
1.0861	2	1	5	945	0.313298
1.0861	2	1	5	945	0.313198
1.0861	2	1	5	945	0.313098
1.0861	2	1	5	945	0.312998
1.0861	2	1	5	945	0.312898
1.0861	2	1	5	945	0.312798
1.08703	2	1	4	945	0.313627
1.08703	2	1	4	945	0.313527
1.08703	2	1	4	945	0.313427
1.08703	2	1	4	945	0.313327
1.08703	2	1	4	945	0.313227
1.08703	2	1	4	945	0.313127
1.08703	2	1	4	945	0.313027
1.08703	2	1	4	945	0.312927
1.08703	2	1	4	945	0.312827
1.08703	2	1	5	945	0.313626
1.08703	2	1	5	945	0.313526
1.08703	2	1	5	945	0.313426
1.08703	2	1	5	945	0.313326
1.08703	2	1	5	945	0.313226
1.08703	2	1	5	945	0.313126
1.08703	2	1	5	945	0.313026
1.08703	2	1	5	945	0.312926
1.08703	2	1	5	945	0.312826
1.0901	2	1	4	945	0.315798
1.0901	2	1	4	945	0.315698
1.0901	2	1	4	945	0.315598
1.0901	2	1	4	945	0.315498
1.0901	2	1	4	945	0.315398
1.0901	2	1	4	945	0.315298
1.0901	2	1	4	945	0.315198
1.0901	2	1	4	945	0.315098
1.0901	2	1	4	945	0.314998
1.0901	2	1	5	945	0.315798
1.0901	2	1	5	945	0.315698
1.0901	2	1	5	945	0.315598
1.0901	2	1	5	945	0.315498
1.0901	2	1	5	945	0.315398
1.0901	2	1	5	945	0.315298
1.0901	2	1	5	945	0.315198
1.0901	2	1	5	945	0.315098
1.0901	2	1	5	945	0.314998
1.0911	2	1	4	945	0.315898
1.0911	2	1	4	945	0.315798
1.0911	2	1	4	945	0.315698
1.0911	2	1	4	945	0.315598
1.0911	2	1	4	945	0.315498
1.0911	2	1	4	945	0.315398
1.0911	2	1	4	945	0.315298
1.0911	2	1	4	945	0.315198
1.0911	2	1	4	945	0.315098
1.0911	2	1	5	945	0.315898
1.0911	2	1	5	945	0.315798
1.0911	2	1	5	945	0.315698
1.0911	2	1	5	945	0.315598
1.0911	2	1	5	945	0.315498
1.0911	2	1	5	945	0.315398
1.0911	2	1	5	945	0.315298
1.0911	2	1	5	945	0.315198
1.0911	2	1	5	945	0.315098
1.09203	2	1	4	945	0.315927
1.09203	2	1	4	945	0.315827
1.09203	2	1	4	945	0.315727
1.09203	2	1	4	945	0.315627
1.09203	2	1	4	945	0.315527
1.09203	2	1	4	945	0.315427
1.09203	2	1	4	945	0.315327
1.09203	2	1	4	945	0.315227
1.09203	2	1	4	945	0.315127
1.09203	2	1	5	945	0.315926
1.09203	2	1	5	945	0.315826
1.09203	2	1	5	945	0.315726
1.09203	2	1	5	945	0.315626
1.09203	2	1	5	945	0.315526
1.09203	2	1	5	945	0.315426
1.09203	2	1	5	945	0.315326
1.09203	2	1	5	945	0.315226
1.09203	2	1	5	945	0.315126
1.0951	2	1	4	945	0.318098
1.0951	2	1	4	945	0.317998
1.0951	2	1	4	945	0.317898
1.0951	2	1	4	945	0.317798
1.0951	2	1	4	945	0.317698
1.0951	2	1	4	945	0.317598
1.0951	2	1	4	945	0.317498
1.0951	2	1	4	945	0.317398
1.0951	2	1	4	945	0.317298
1.0951	2	1	4	945	0.317198
1.0951	2	1	5	945	0.318098
1.0951	2	1	5	945	0.317998
1.0951	2	1	5	945	0.317898
1.0951	2	1	5	945	0.317798
1.0951	2	1	5	945	0.317698
1.0951	2	1	5	945	0.317598
1.0951	2	1	5	945	0.317498
1.0951	2	1	5	945	0.317398
1.0951	2	1	5	945	0.317298
1.0951	2	1	5	945	0.317198
1.0961	2	1	4	945	0.318098
1.0961	2	1	4	945	0.317998
1.0961	2	1	4	945	0.317898
1.0961	2	1	4	945	0.317798
1.0961	2	1	4	945	0.317698
1.0961	2	1	4	945	0.317598
1.0961	2	1	4	945	0.317498
1.0961	2	1	4	945	0.317398
1.0961	2	1	4	945	0.317298
1.0961	2	1	5	945	0.318098
1.0961	2	1	5	945	0.317998
1.0961	2	1	5	945	0.317898
1.0961	2	1	5	945	0.317798
1.0961	2	1	5	945	0.317698
1.0961	2	1	5	945	0.317598
1.0961	2	1	5	945	0.317498
1.0961	2	1	5	945	0.317398
1.0961	2	1	5	945	0.317298
1.09703	2	1	4	945	0.318127
1.09703	2	1	4	945	0.318027
1.09703	2	1	4	945	0.317927
1.09703	2	1	4	945	0.317827
1.09703	2	1	4	945	0.317727
1.09703	2	1	4	945	0.317627
1.09703	2	1	4	945	0.317527
1.09703	2	1	4	945	0.317427
1.09703	2	1	4	945	0.317327
1.09703	2	1	5	945	0.318126
1.09703	2	1	5	945	0.318026
1.09703	2	1	5	945	0.317926
1.09703	2	1	5	945	0.317826
1.09703	2	1	5	945	0.317726
1.09703	2	1	5	945	0.317626
1.09703	2	1	5	945	0.317526
1.09703	2	1	5	945	0.317426
1.09703	2	1	5	945	0.317326
1.1001	2	1	4	945	0.320298
1.1001	2	1	4	945	0.320198
1.1001	2	1	4	945	0.320098
1.1001	2	1	4	945	0.319998
1.1001	2	1	4	945	0.319898
1.1001	2	1	4	945	0.319798
1.1001	2	1	4	945	0.319698
1.1001	2	1	4	945	0.319598
1.1001	2	1	4	945	0.319498
1.1001	2	1	5	945	0.320298
1.1001	2	1	5	945	0.320198
1.1001	2	1	5	945	0.320098
1.1001	2	1	5	945	0.319998
1.1001	2	1	5	945	0.319898
1.1001	2	1	5	945	0.319798
1.1001	2	1	5	945	0.319698
1.1001	2	1	5	945	0.319598
1.1001	2	1	5	945	0.319498
1.1011	2	1	4	945	0.320398
1.1011	2	1	4	945	0.320298
1.1011	2	1	4	945	0.320198
1.1011	2	1	4	945	0.320098
1.1011	2	1	4	945	0.319998
1.1011	2	1	4	945	0.319898
1.1011	2	1	4	945	0.319798
1.1011	2	1	4	945	0.319698
1.1011	2	1	4	945	0.319598
1.1011	2	1	4	945	0.319498
1.1011	2	1	5	945	0.320398
1.1011	2	1	5	945	0.320298
1.1011	2	1	5	945	0.320198
1.1011	2	1	5	945	0.320098
1.1011	2	1	5	945	0.319998
1.1011	2	1	5	945	0.319898
1.1011	2	1	5	945	0.319798
1.1011	2	1	5	945	0.319698
1.1011	2	1	5	945	0.319598
1.1011	2	1	5	945	0.319498
1.10203	2	1	4	945	0.320327
1.10203	2	1	4	945	0.320227
1.10203	2	1	4	945	0.320127
1.10203	2	1	4	945	0.320027
1.10203	2	1	4	945	0.319927
1.10203	2	1	4	945	0.319827
1.10203	2	1	4	945	0.319727
1.10203	2	1	4	945	0.319627
1.10203	2	1	5	945	0.320326
1.10203	2	1	5	945	0.320226
1.10203	2	1	5	945	0.320126
1.10203	2	1	5	945	0.320026
1.10203	2	1	5	945	0.319926
1.10203	2	1	5	945	0.319826
1.10203	2	1	5	945	0.319726
1.10203	2	1	5	945	0.319626
1.1051	2	1	4	945	0.322598
1.1051	2	1	4	945	0.322498
1.1051	2	1	4	945	0.322398
1.1051	2	1	4	945	0.322298
1.1051	2	1	4	945	0.322198
1.1051	2	1	4	945	0.322098
1.1051	2	1	4	945	0.321998
1.1051	2	1	4	945	0.321898
1.1051	2	1	4	945	0.321798
1.1051	2	1	4	945	0.321698
1.1051	2	1	5	945	0.322598
1.1051	2	1	5	945	0.322498
1.1051	2	1	5	945	0.322398
1.1051	2	1	5	945	0.322298
1.1051	2	1	5	945	0.322198
1.1051	2	1	5	945	0.322098
1.1051	2	1	5	945	0.321998
1.1051	2	1	5	945	0.321898
1.1051	2	1	5	945	0.321798
1.1051	2	1	5	945	0.321698
1.1061	2	1	4	945	0.322598
1.1061	2	1	4	945	0.322498
1.1061	2	1	4	945	0.322398
1.1061	2	1	4	945	0.322298
1.1061	2	1	4	945	0.322198
1.1061	2	1	4	945	0.322098
1.1061	2	1	4	945	0.321998
1.1061	2	1	4	945	0.321898
1.1061	2	1	4	945	0.321798
1.1061	2	1	5	945	0.322598
1.1061	2	1	5	945	0.322498
1.1061	2	1	5	945	0.322398
1.1061	2	1	5	945	0.322298
1.1061	2	1	5	945	0.322198
1.1061	2	1	5	945	0.322098
1.1061	2	1	5	945	0.321998
1.1061	2	1	5	945	0.321898
1.1061	2	1	5	945	0.321798
1.10703	2	1	4	945	0.322627
1.10703	2	1	4	945	0.322527
1.10703	2	1	4	945	0.322427
1.10703	2	1	4	945	0.322327
1.10703	2	1	4	945	0.322227
1.10703	2	1	4	945	0.322127
1.10703	2	1	4	945	0.322027
1.10703	2	1	4	945	0.321927
1.10703	2	1	4	945	0.321827
1.10703	2	1	5	945	0.322626
1.10703	2	1	5	945	0.322526
1.10703	2	1	5	945	0.322426
1.10703	2	1	5	945	0.322326
1.10703	2	1	5	945	0.322226
1.10703	2	1	5	945	0.322126
1.10703	2	1	5	945	0.322026
1.10703	2	1	5	945	0.321926
1.10703	2	1	5	945	0.321826
1.1101	2	1	4	945	0.324798
1.1101	2	1	4	945	0.324698
1.1101	2	1	4	945	0.324598
1.1101	2	1	4	945	0.324498
1.1101	2	1	4	945	0.324398
1.1101	2	1	4	945	0.324298
1.1101	2	1	4	945	0.324198
1.1101	2	1	4	945	0.324098
1.1101	2	1	4	945	0.323998
1.1101	2	1	5	945	0.324798
1.1101	2	1	5	945	0.324698
1.1101	2	1	5	945	0.324598
1.1101	2	1	5	945	0.324498
1.1101	2	1	5	945	0.324398
1.1101	2	1	5	945	0.324298
1.1101	2	1	5	945	0.324198
1.1101	2	1	5	945	0.324098
1.1101	2	1	5	945	0.323998
1.1111	2	1	4	945	0.324898
1.1111	2	1	4	945	0.324798
1.1111	2	1	4	945	0.324698
1.1111	2	1	4	945	0.324598
1.1111	2	1	4	945	0.324498
1.1111	2	1	4	945	0.324398
1.1111	2	1	4	945	0.324298
1.1111	2	1	4	945	0.324198
1.1111	2	1	4	945	0.324098
1.1111	2	1	4	945	0.323998
1.1111	2	1	5	945	0.324898
1.1111	2	1	5	945	0.324798
1.1111	2	1	5	945	0.324698
1.1111	2	1	5	945	0.324598
1.1111	2	1	5	945	0.324498
1.1111	2	1	5	945	0.324398
1.1111	2	1	5	945	0.324298
1.1111	2	1	5	945	0.324198
1.1111	2	1	5	945	0.324098
1.1111	2	1	5	945	0.323998
1.11203	2	1	4	945	0.324827
1.11203	2	1	4	945	0.324727
1.11203	2	1	4	945	0.324627
1.11203	2	1	4	945	0.324527
1.11203	2	1	4	945	0.324427
1.11203	2	1	4	945	0.324327
1.11203	2	1	4	945	0.324227
1.11203	2	1	4	945	0.324127
1.11203	2	1	5	945	0.324826
1.11203	2	1	5	945	0.324726
1.11203	2	1	5	945	0.324626
1.11203	2	1	5	945	0.324526
1.11203	2	1	5	945	0.324426
1.11203	2	1	5	945	0.324326
1.11203	2	1	5	945	0.324226
1.11203	2	1	5	945	0.324126
1.1151	2	1	4	945	0.327098
1.1151	2	1	4	945	0.326998
1.1151	2	1	4	945	0.326898
1.1151	2	1	4	945	0.326798
1.1151	2	1	4	945	0.326698
1.1151	2	1	4	945	0.326598
1.1151	2	1	4	945	0.326498
1.1151	2	1	4	945	0.326398
1.1151	2	1	4	945	0.326298
1.1151	2	1	4	945	0.326198
1.1151	2	1	5	945	0.327098
1.1151	2	1	5	945	0.326998
1.1151	2	1	5	945	0.326898
1.1151	2	1	5	945	0.326798
1.1151	2	1	5	945	0.326698
1.1151	2	1	5	945	0.326598
1.1151	2	1	5	945	0.326498
1.1151	2	1	5	945	0.326398
1.1151	2	1	5	945	0.326298
1.1151	2	1	5	945	0.326198
1.1161	2	1	4	945	0.327098
1.1161	2	1	4	945	0.326998
1.1161	2	1	4	945	0.326898
1.1161	2	1	4	945	0.326798
1.1161	2	1	4	945	0.326698
1.1161	2	1	4	945	0.326598
1.1161	2	1	4	945	0.326498
1.1161	2	1	4	945	0.326398
1.1161	2	1	4	945	0.326298
1.1161	2	1	5	945	0.327098
1.1161	2	1	5	945	0.326998
1.1161	2	1	5	945	0.326898
1.1161	2	1	5	945	0.326798
1.1161	2	1	5	945	0.326698
1.1161	2	1	5	945	0.326598
1.1161	2	1	5	945	0.326498
1.1161	2	1	5	945	0.326398
1.1161	2	1	5	945	0.326298
1.11703	2	1	4	945	0.327127
1.11703	2	1	4	945	0.327027
1.11703	2	1	4	945	0.326927
1.11703	2	1	4	945	0.326827
1.11703	2	1	4	945	0.326727
1.11703	2	1	4	945	0.326627
1.11703	2	1	4	945	0.326527
1.11703	2	1	4	945	0.326427
1.11703	2	1	4	945	0.326327
1.11703	2	1	5	945	0.327126
1.11703	2	1	5	945	0.327026
1.11703	2	1	5	945	0.326926
1.11703	2	1	5	945	0.326826
1.11703	2	1	5	945	0.326726
1.11703	2	1	5	945	0.326626
1.11703	2	1	5	945	0.326526
1.11703	2	1	5	945	0.326426
1.11703	2	1	5	945	0.326326
1.1201	2	1	4	945	0.329298
1.1201	2	1	4	945	0.329198
1.1201	2	1	4	945	0.329098
1.1201	2	1	4	945	0.328998
1.1201	2	1	4	945	0.328898
1.1201	2	1	4	945	0.328798
1.1201	2	1	4	945	0.328698
1.1201	2	1	4	945	0.328598
1.1201	2	1	4	945	0.328498
1.1201	2	1	5	945	0.329298
1.1201	2	1	5	945	0.329198
1.1201	2	1	5	945	0.329098
1.1201	2	1	5	945	0.328998
1.1201	2	1	5	945	0.328898
1.1201	2	1	5	945	0.328798
1.1201	2	1	5	945	0.328698
1.1201	2	1	5	945	0.328598
1.1201	2	1	5	945	0.328498
1.1211	2	1	4	945	0.329398
1.1211	2	1	4	945	0.329298
1.1211	2	1	4	945	0.329198
1.1211	2	1	4	945	0.329098
1.1211	2	1	4	945	0.328998
1.1211	2	1	4	945	0.328898
1.1211	2	1	4	945	0.328798
1.1211	2	1	4	945	0.328698
1.1211	2	1	4	945	0.328598
1.1211	2	1	4	945	0.328498
1.1211	2	1	5	945	0.329398
1.1211	2	1	5	945	0.329298
1.1211	2	1	5	945	0.329198
1.1211	2	1	5	945	0.329098
1.1211	2	1	5	945	0.328998
1.1211	2	1	5	945	0.328898
1.1211	2	1	5	945	0.328798
1.1211	2	1	5	945	0.328698
1.1211	2	1	5	945	0.328598
1.1211	2	1	5	945	0.328498
1.12203	2	1	4	945	0.329327
1.12203	2	1	4	945	0.329227
1.12203	2	1	4	945	0.329127
1.12203	2	1	4	945	0.329027
1.12203	2	1	4	945	0.328927
1.12203	2	1	4	945	0.328827
1.12203	2	1	4	945	0.328727
1.12203	2	1	4	945	0.328627
1.12203	2	1	4	945	0.328527
1.12203	2	1	5	945	0.329326
1.12203	2	1	5	945	0.329226
1.12203	2	1	5	945	0.329126
1.12203	2	1	5	945	0.329026
1.12203	2	1	5	945	0.328926
1.12203	2	1	5	945	0.328826
1.12203	2	1	5	945	0.328726
1.12203	2	1	5	945	0.328626
1.12203	2	1	5	945	0.328526
1.1251	2	1	4	945	0.331498
1.1251	2	1	4	945	0.331398
1.1251	2	1	4	945	0.331298
1.1251	2	1	4	945	0.331198
1.1251	2	1	4	945	0.331098
1.1251	2	1	4	945	0.330998
1.1251	2	1	4	945	0.330898
1.1251	2	1	4	945	0.330798
1.1251	2	1	4	945	0.330698
1.1251	2	1	5	945	0.331498
1.1251	2	1	5	945	0.331398
1.1251	2	1	5	945	0.331298
1.1251	2	1	5	945	0.331198
1.1251	2	1	5	945	0.331098
1.1251	2	1	5	945	0.330998
1.1251	2	1	5	945	0.330898
1.1251	2	1	5	945	0.330798
1.1251	2	1	5	945	0.330698
1.1261	2	1	4	945	0.331598
1.1261	2	1	4	945	0.331498
1.1261	2	1	4	945	0.331398
1.1261	2	1	4	945	0.331298
1.1261	2	1	4	945	0.331198
1.1261	2	1	4	945	0.331098
1.1261	2	1	4	945	0.330998
1.1261	2	1	4	945	0.330898
1.1261	2	1	4	945	0.330798
1.1261	2	1	5	945	0.331598
1.1261	2	1	5	945	0.331498
1.1261	2	1	5	945	0.331398
1.1261	2	1	5	945	0.331298
1.1261	2	1	5	945	0.331198
1.1261	2	1	5	945	0.331098
1.1261	2	1	5	945	0.330998
1.1261	2	1	5	945	0.330898
1.1261	2	1	5	945	0.330798
1.12703	2	1	4	945	0.331627
1.12703	2	1	4	945	0.331527
1.12703	2	1	4	945	0.331427
1.12703	2	1	4	945	0.331327
1.12703	2	1	4	945	0.331227
1.12703	2	1	4	945	0.331127
1.12703	2	1	4	945	0.331027
1.12703	2	1	4	945	0.330927
1.12703	2	1	4	945	0.330827
1.12703	2	1	5	945	0.331626
1.12703	2	1	5	945	0.331526
1.12703	2	1	5	945	0.331426
1.12703	2	1	5	945	0.331326
1.12703	2	1	5	945	0.331226
1.12703	2	1	5	945	0.331126
1.12703	2	1	5	945	0.331026
1.12703	2	1	5	945	0.330926
1.12703	2	1	5	945	0.330826
1.1301	2	1	4	945	0.333798
1.1301	2	1	4	945	0.333698
1.1301	2	1	4	945	0.333598
1.1301	2	1	4	945	0.333498
1.1301	2	1	4	945	0.333398
1.1301	2	1	4	945	0.333298
1.1301	2	1	4	945	0.333198
1.1301	2	1	4	945	0.333098
1.1301	2	1	4	945	0.332998
1.1301	2	1	4	945	0.332898
1.1301	2	1	5	945	0.333798
1.1301	2	1	5	945	0.333698
1.1301	2	1	5	945	0.333598
1.1301	2	1	5	945	0.333498
1.1301	2	1	5	945	0.333398
1.1301	2	1	5	945	0.333298
1.1301	2	1	5	945	0.333198
1.1301	2	1	5	945	0.333098
1.1301	2	1	5	945	0.332998
1.1301	2	1	5	945	0.332898
1.1311	2	1	4	945	0.333798
1.1311	2	1	4	945	0.333698
1.1311	2	1	4	945	0.333598
1.1311	2	1	4	945	0.333498
1.1311	2	1	4	945	0.333398
1.1311	2	1	4	945	0.333298
1.1311	2	1	4	945	0.333198
1.1311	2	1	4	945	0.333098
1.1311	2	1	4	945	0.332998
1.1311	2	1	5	945	0.333798
1.1311	2	1	5	945	0.333698
1.1311	2	1	5	945	0.333598
1.1311	2	1	5	945	0.333498
1.1311	2	1	5	945	0.333398
1.1311	2	1	5	945	0.333298
1.1311	2	1	5	945	0.333198
1.1311	2	1	5	945	0.333098
1.1311	2	1	5	945	0.332998
1.13203	2	1	4	945	0.333827
1.13203	2	1	4	945	0.333727
1.13203	2	1	4	945	0.333627
1.13203	2	1	4	945	0.333527
1.13203	2	1	4	945	0.333427
1.13203	2	1	4	945	0.333327
1.13203	2	1	4	945	0.333227
1.13203	2	1	4	945	0.333127
1.13203	2	1	4	945	0.333027
1.13203	2	1	5	945	0.333826
1.13203	2	1	5	945	0.333726
1.13203	2	1	5	945	0.333626
1.13203	2	1	5	945	0.333526
1.13203	2	1	5	945	0.333426
1.13203	2	1	5	945	0.333326
1.13203	2	1	5	945	0.333226
1.13203	2	1	5	945	0.333126
1.13203	2	1	5	945	0.333026
1.1351	2	1	4	945	0.335998
1.1351	2	1	4	945	0.335898
1.1351	2	1	4	945	0.335798
1.1351	2	1	4	945	0.335698
1.1351	2	1	4	945	0.335598
1.1351	2	1	4	945	0.335498
1.1351	2	1	4	945	0.335398
1.1351	2	1	4	945	0.335298
1.1351	2	1	4	945	0.335198
1.1351	2	1	5	945	0.335998
1.1351	2	1	5	945	0.335898
1.1351	2	1	5	945	0.335798
1.1351	2	1	5	945	0.335698
1.1351	2	1	5	945	0.335598
1.1351	2	1	5	945	0.335498
1.1351	2	1	5	945	0.335398
1.1351	2	1	5	945	0.335298
1.1351	2	1	5	945	0.335198
1.1361	2	1	4	945	0.336098
1.1361	2	1	4	945	0.335998
1.1361	2	1	4	945	0.335898
1.1361	2	1	4	945	0.335798
1.1361	2	1	4	945	0.335698
1.1361	2	1	4	945	0.335598
1.1361	2	1	4	945	0.335498
1.1361	2	1	4	945	0.335398
1.1361	2	1	4	945	0.335298
1.1361	2	1	4	945	0.335198
1.1361	2	1	5	945	0.336098
1.1361	2	1	5	945	0.335998
1.1361	2	1	5	945	0.335898
1.1361	2	1	5	945	0.335798
1.1361	2	1	5	945	0.335698
1.1361	2	1	5	945	0.335598
1.1361	2	1	5	945	0.335498
1.1361	2	1	5	945	0.335398
1.1361	2	1	5	945	0.335298
1.1361	2	1	5	945	0.335198
1.13703	2	1	4	945	0.336027
1.13703	2	1	4	945	0.335927
1.13703	2	1	4	945	0.335827
1.13703	2	1	4	945	0.335727
1.13703	2	1	4	945	0.335627
1.13703	2	1	4	945	0.335527
1.13703	2	1	4	945	0.335427
1.13703	2	1	4	945	0.335327
1.13703	2	1	5	945	0.336026
1.13703	2	1	5	945	0.335926
1.13703	2	1	5	945	0.335826
1.13703	2	1	5	945	0.335726
1.13703	2	1	5	945	0.335626
1.13703	2	1	5	945	0.335526
1.13703	2	1	5	945	0.335426
1.13703	2	1	5	945	0.335326
1.1401	2	1	4	945	0.338298
1.1401	2	1	4	945	0.338198
1.1401	2	1	4	945	0.338098
1.1401	2	1	4	945	0.337998
1.1401	2	1	4	945	0.337898
1.1401	2	1	4	945	0.337798
1.1401	2	1	4	945	0.337698
1.1401	2	1	4	945	0.337598
1.1401	2	1	4	945	0.337498
1.1401	2	1	4	945	0.337398
1.1401	2	1	5	945	0.338298
1.1401	2	1	5	945	0.338198
1.1401	2	1	5	945	0.338098
1.1401	2	1	5	945	0.337998
1.1401	2	1	5	945	0.337898
1.1401	2	1	5	945	0.337798
1.1401	2	1	5	945	0.337698
1.1401	2	1	5	945	0.337598
1.1401	2	1	5	945	0.337498
1.1401	2	1	5	945	0.337398
1.1411	2	1	4	945	0.338298
1.1411	2	1	4	945	0.338198
1.1411	2	1	4	945	0.338098
1.1411	2	1	4	945	0.337998
1.1411	2	1	4	945	0.337898
1.1411	2	1	4	945	0.337798
1.1411	2	1	4	945	0.337698
1.1411	2	1	4	945	0.337598
1.1411	2	1	4	945	0.337498
1.1411	2	1	5	945	0.338298
1.1411	2	1	5	945	0.338198
1.1411	2	1	5	945	0.338098
1.1411	2	1	5	945	0.337998
1.1411	2	1	5	945	0.337898
1.1411	2	1	5	945	0.337798
1.1411	2	1	5	945	0.337698
1.1411	2	1	5	945	0.337598
1.1411	2	1	5	945	0.337498
1.14203	2	1	4	945	0.338327
1.14203	2	1	4	945	0.338227
1.14203	2	1	4	945	0.338127
1.14203	2	1	4	945	0.338027
1.14203	2	1	4	945	0.337927
1.14203	2	1	4	945	0.337827
1.14203	2	1	4	945	0.337727
1.14203	2	1	4	945	0.337627
1.14203	2	1	4	945	0.337527
1.14203	2	1	5	945	0.338326
1.14203	2	1	5	945	0.338226
1.14203	2	1	5	945	0.338126
1.14203	2	1	5	945	0.338026
1.14203	2	1	5	945	0.337926
1.14203	2	1	5	945	0.337826
1.14203	2	1	5	945	0.337726
1.14203	2	1	5	945	0.337626
1.14203	2	1	5	945	0.337526
1.1451	2	1	4	945	0.340498
1.1451	2	1	4	945	0.340398
1.1451	2	1	4	945	0.340298
1.1451	2	1	4	945	0.340198
1.1451	2	1	4	945	0.340098
1.1451	2	1	4	945	0.339998
1.1451	2	1	4	945	0.339898
1.1451	2	1	4	945	0.339798
1.1451	2	1	4	945	0.339698
1.1451	2	1	5	945	0.340498
1.1451	2	1	5	945	0.340398
1.1451	2	1	5	945	0.340298
1.1451	2	1	5	945	0.340198
1.1451	2	1	5	945	0.340098
1.1451	2	1	5	945	0.339998
1.1451	2	1	5	945	0.339898
1.1451	2	1	5	945	0.339798
1.1451	2	1	5	945	0.339698
1.1461	2	1	4	945	0.340598
1.1461	2	1	4	945	0.340498
1.1461	2	1	4	945	0.340398
1.1461	2	1	4	945	0.340298
1.1461	2	1	4	945	0.340198
1.1461	2	1	4	945	0.340098
1.1461	2	1	4	945	0.339998
1.1461	2	1	4	945	0.339898
1.1461	2	1	4	945	0.339798
1.1461	2	1	4	945	0.339698
1.1461	2	1	5	945	0.340598
1.1461	2	1	5	945	0.340498
1.1461	2	1	5	945	0.340398
1.1461	2	1	5	945	0.340298
1.1461	2	1	5	945	0.340198
1.1461	2	1	5	945	0.340098
1.1461	2	1	5	945	0.339998
1.1461	2	1	5	945	0.339898
1.1461	2	1	5	945	0.339798
1.1461	2	1	5	945	0.339698
1.14703	2	1	4	945	0.340527
1.14703	2	1	4	945	0.340427
1.14703	2	1	4	945	0.340327
1.14703	2	1	4	945	0.340227
1.14703	2	1	4	945	0.340127
1.14703	2	1	4	945	0.340027
1.14703	2	1	4	945	0.339927
1.14703	2	1	4	945	0.339827
1.14703	2	1	4	945	0.339727
1.14703	2	1	5	945	0.340526
1.14703	2	1	5	945	0.340426
1.14703	2	1	5	945	0.340326
1.14703	2	1	5	945	0.340226
1.14703	2	1	5	945	0.340126
1.14703	2	1	5	945	0.340026
1.14703	2	1	5	945	0.339926
1.14703	2	1	5	945	0.339826
1.14703	2	1	5	945	0.339726
1.1501	2	1	4	945	0.342698
1.1501	2	1	4	945	0.342598
1.1501	2	1	4	945	0.342498
1.1501	2	1	4	945	0.342398
1.1501	2	1	4	945	0.342298
1.1501	2	1	4	945	0.342198
1.1501	2	1	4	945	0.342098
1.1501	2	1	4	945	0.341998
1.1501	2	1	4	945	0.341898
1.1501	2	1	5	945	0.342698
1.1501	2	1	5	945	0.342598
1.1501	2	1	5	945	0.342498
1.1501	2	1	5	945	0.342398
1.1501	2	1	5	945	0.342298
1.1501	2	1	5	945	0.342198
1.1501	2	1	5	945	0.342098
1.1501	2	1	5	945	0.341998
1.1501	2	1	5	945	0.341898
1.1511	2	1	4	945	0.342798
1.1511	2	1	4	945	0.342698
1.1511	2	1	4	945	0.342598
1.1511	2	1	4	945	0.342498
1.1511	2	1	4	945	0.342398
1.1511	2	1	4	945	0.342298
1.1511	2	1	4	945	0.342198
1.1511	2	1	4	945	0.342098
1.1511	2	1	4	945	0.341998
1.1511	2	1	5	945	0.342798
1.1511	2	1	5	945	0.342698
1.1511	2	1	5	945	0.342598
1.1511	2	1	5	945	0.342498
1.1511	2	1	5	945	0.342398
1.1511	2	1	5	945	0.342298
1.1511	2	1	5	945	0.342198
1.1511	2	1	5	945	0.342098
1.1511	2	1	5	945	0.341998
1.15203	2	1	4	945	0.342827
1.15203	2	1	4	945	0.342727
1.15203	2	1	4	945	0.342627
1.15203	2	1	4	945	0.342527
1.15203	2	1	4	945	0.342427
1.15203	2	1	4	945	0.342327
1.15203	2	1	4	945	0.342227
1.15203	2	1	4	945	0.342127
1.15203	2	1	4	945	0.342027
1.15203	2	1	5	945	0.342826
1.15203	2	1	5	945	0.342726
1.15203	2	1	5	945	0.342626
1.15203	2	1	5	945	0.342526
1.15203	2	1	5	945	0.342426
1.15203	2	1	5	945	0.342326
1.15203	2	1	5	945	0.342226
1.15203	2	1	5	945	0.342126
1.15203	2	1	5	945	0.342026
1.1551	2	1	4	945	0.344998
1.1551	2	1	4	945	0.344898
1.1551	2	1	4	945	0.344798
1.1551	2	1	4	945	0.344698
1.1551	2	1	4	945	0.344598
1.1551	2	1	4	945	0.344498
1.1551	2	1	4	945	0.344398
1.1551	2	1	4	945	0.344298
1.1551	2	1	4	945	0.344198
1.1551	2	1	4	945	0.344098
1.1551	2	1	5	945	0.344998
1.1551	2	1	5	945	0.344898
1.1551	2	1	5	945	0.344798
1.1551	2	1	5	945	0.344698
1.1551	2	1	5	945	0.344598
1.1551	2	1	5	945	0.344498
1.1551	2	1	5	945	0.344398
1.1551	2	1	5	945	0.344298
1.1551	2	1	5	945	0.344198
1.1551	2	1	5	945	0.344098
1.1561	2	1	4	945	0.344998
1.1561	2	1	4	945	0.344898
1.1561	2	1	4	945	0.344798
1.1561	2	1	4	945	0.344698
1.1561	2	1	4	945	0.344598
1.1561	2	1	4	945	0.344498
1.1561	2	1	4	945	0.344398
1.1561	2	1	4	945	0.344298
1.1561	2	1	4	945	0.344198
1.1561	2	1	5	945	0.344998
1.1561	2	1	5	945	0.344898
1.1561	2	1	5	945	0.344798
1.1561	2	1	5	945	0.344698
1.1561	2	1	5	945	0.344598
1.1561	2	1	5	945	0.344498
1.1561	2	1	5	945	0.344398
1.1561	2	1	5	945	0.344298
1.1561	2	1	5	945	0.344198
1.15703	2	1	4	945	0.345027
1.15703	2	1	4	945	0.344927
1.15703	2	1	4	945	0.344827
1.15703	2	1	4	945	0.344727
1.15703	2	1	4	945	0.344627
1.15703	2	1	4	945	0.344527
1.15703	2	1	4	945	0.344427
1.15703	2	1	4	945	0.344327
1.15703	2	1	4	945	0.344227
1.15703	2	1	5	945	0.345026
1.15703	2	1	5	945	0.344926
1.15703	2	1	5	945	0.344826
1.15703	2	1	5	945	0.344726
1.15703	2	1	5	945	0.344626
1.15703	2	1	5	945	0.344526
1.15703	2	1	5	945	0.344426
1.15703	2	1	5	945	0.344326
1.15703	2	1	5	945	0.344226
1.1601	2	1	4	945	0.347198
1.1601	2	1	4	945	0.347098
1.1601	2	1	4	945	0.346998
1.1601	2	1	4	945	0.346898
1.1601	2	1	4	945	0.346798
1.1601	2	1	4	945	0.346698
1.1601	2	1	4	945	0.346598
1.1601	2	1	4	945	0.346498
1.1601	2	1	4	945	0.346398
1.1601	2	1	5	945	0.347198
1.1601	2	1	5	945	0.347098
1.1601	2	1	5	945	0.346998
1.1601	2	1	5	945	0.346898
1.1601	2	1	5	945	0.346798
1.1601	2	1	5	945	0.346698
1.1601	2	1	5	945	0.346598
1.1601	2	1	5	945	0.346498
1.1601	2	1	5	945	0.346398
1.1611	2	1	4	945	0.347298
1.1611	2	1	4	945	0.347198
1.1611	2	1	4	945	0.347098
1.1611	2	1	4	945	0.346998
1.1611	2	1	4	945	0.346898
1.1611	2	1	4	945	0.346798
1.1611	2	1	4	945	0.346698
1.1611	2	1	4	945	0.346598
1.1611	2	1	4	945	0.346498
1.1611	2	1	4	945	0.346398
1.1611	2	1	5	945	0.347298
1.1611	2	1	5	945	0.347198
1.1611	2	1	5	945	0.347098
1.1611	2	1	5	945	0.346998
1.1611	2	1	5	945	0.346898
1.1611	2	1	5	945	0.346798
1.1611	2	1	5	945	0.346698
1.1611	2	1	5	945	0.346598
1.1611	2	1	5	945	0.346498
1.1611	2	1	5	945	0.346398
1.16203	2	1	4	945	0.347227
1.16203	2	1	4	945	0.347127
1.16203	2	1	4	945	0.347027
1.16203	2	1	4	945	0.346927
1.16203	2	1	4	945	0.346827
1.16203	2	1	4	945	0.346727
1.16203	2	1	4	945	0.346627
1.16203	2	1	4	945	0.346527
1.16203	2	1	5	945	0.347226
1.16203	2	1	5	945	0.347126
1.16203	2	1	5	945	0.347026
1.16203	2	1	5	945	0.346926
1.16203	2	1	5	945	0.346826
1.16203	2	1	5	945	0.346726
1.16203	2	1	5	945	0.346626
1.16203	2	1	5	945	0.346526
1.1651	2	1	4	945	0.349498
1.1651	2	1	4	945	0.349398
1.1651	2	1	4	945	0.349298
1.1651	2	1	4	945	0.349198
1.1651	2	1	4	945	0.349098
1.1651	2	1	4	945	0.348998
1.1651	2	1	4	945	0.348898
1.1651	2	1	4	945	0.348798
1.1651	2	1	4	945	0.348698
1.1651	2	1	4	945	0.348598
1.1651	2	1	5	945	0.349498
1.1651	2	1	5	945	0.349398
1.1651	2	1	5	945	0.349298
1.1651	2	1	5	945	0.349198
1.1651	2	1	5	945	0.349098
1.1651	2	1	5	945	0.348998
1.1651	2	1	5	945	0.348898
1.1651	2	1	5	945	0.348798
1.1651	2	1	5	945	0.348698
1.1651	2	1	5	945	0.348598
1.1661	2	1	4	945	0.349498
1.1661	2	1	4	945	0.349398
1.1661	2	1	4	945	0.349298
1.1661	2	1	4	945	0.349198
1.1661	2	1	4	945	0.349098
1.1661	2	1	4	945	0.348998
1.1661	2	1	4	945	0.348898
1.1661	2	1	4	945	0.348798
1.1661	2	1	4	945	0.348698
1.1661	2	1	5	945	0.349498
1.1661	2	1	5	945	0.349398
1.1661	2	1	5	945	0.349298
1.1661	2	1	5	945	0.349198
1.1661	2	1	5	945	0.349098
1.1661	2	1	5	945	0.348998
1.1661	2	1	5	945	0.348898
1.1661	2	1	5	945	0.348798
1.1661	2	1	5	945	0.348698
1.16703	2	1	4	945	0.349527
1.16703	2	1	4	945	0.349427
1.16703	2	1	4	945	0.349327
1.16703	2	1	4	945	0.349227
1.16703	2	1	4	945	0.349127
1.16703	2	1	4	945	0.349027
1.16703	2	1	4	945	0.348927
1.16703	2	1	4	945	0.348827
1.16703	2	1	4	945	0.348727
1.16703	2	1	5	945	0.349526
1.16703	2	1	5	945	0.349426
1.16703	2	1	5	945	0.349326
1.16703	2	1	5	945	0.349226
1.16703	2	1	5	945	0.349126
1.16703	2	1	5	945	0.349026
1.16703	2	1	5	945	0.348926
1.16703	2	1	5	945	0.348826
1.16703	2	1	5	945	0.348726
1.1701	2	1	4	945	0.351698
1.1701	2	1	4	945	0.351598
1.1701	2	1	4	945	0.351498
1.1701	2	1	4	945	0.351398
1.1701	2	1	4	945	0.351298
1.1701	2	1	4	945	0.351198
1.1701	2	1	4	945	0.351098
1.1701	2	1	4	945	0.350998
1.1701	2	1	4	945	0.350898
1.1701	2	1	5	945	0.351698
1.1701	2	1	5	945	0.351598
1.1701	2	1	5	945	0.351498
1.1701	2	1	5	945	0.351398
1.1701	2	1	5	945	0.351298
1.1701	2	1	5	945	0.351198
1.1701	2	1	5	945	0.351098
1.1701	2	1	5	945	0.350998
1.1701	2	1	5	945	0.350898
1.1711	2	1	4	945	0.351798
1.1711	2	1	4	945	0.351698
1.1711	2	1	4	945	0.351598
1.1711	2	1	4	945	0.351498
1.1711	2	1	4	945	0.351398
1.1711	2	1	4	945	0.351298
1.1711	2	1	4	945	0.351198
1.1711	2	1	4	945	0.351098
1.1711	2	1	4	945	0.350998
1.1711	2	1	4	945	0.350898
1.1711	2	1	5	945	0.351798
1.1711	2	1	5	945	0.351698
1.1711	2	1	5	945	0.351598
1.1711	2	1	5	945	0.351498
1.1711	2	1	5	945	0.351398
1.1711	2	1	5	945	0.351298
1.1711	2	1	5	945	0.351198
1.1711	2	1	5	945	0.351098
1.1711	2	1	5	945	0.350998
1.1711	2	1	5	945	0.350898
1.17203	2	1	4	945	0.351727
1.17203	2	1	4	945	0.351627
1.17203	2	1	4	945	0.351527
1.17203	2	1	4	945	0.351427
1.17203	2	1	4	945	0.351327
1.17203	2	1	4	945	0.351227
1.17203	2	1	4	945	0.351127
1.17203	2	1	4	945	0.351027
1.17203	2	1	5	945	0.351726
1.17203	2	1	5	945	0.351626
1.17203	2	1	5	945	0.351526
1.17203	2	1	5	945	0.351426
1.17203	2	1	5	945	0.351326
1.17203	2	1	5	945	0.351226
1.17203	2	1	5	945	0.351126
1.17203	2	1	5	945	0.351026
1.1751	2	1	4	945	0.353998
1.1751	2	1	4	945	0.353898
1.1751	2	1	4	945	0.353798
1.1751	2	1	4	945	0.353698
1.1751	2	1	4	945	0.353598
1.1751	2	1	4	945	0.353498
1.1751	2	1	4	945	0.353398
1.1751	2	1	4	945	0.353298
1.1751	2	1	4	945	0.353198
1.1751	2	1	4	945	0.353098
1.1751	2	1	5	945	0.353998
1.1751	2	1	5	945	0.353898
1.1751	2	1	5	945	0.353798
1.1751	2	1	5	945	0.353698
1.1751	2	1	5	945	0.353598
1.1751	2	1	5	945	0.353498
1.1751	2	1	5	945	0.353398
1.1751	2	1	5	945	0.353298
1.1751	2	1	5	945	0.353198
1.1751	2	1	5	945	0.353098
1.1761	2	1	4	945	0.353998
1.1761	2	1	4	945	0.353898
1.1761	2	1	4	945	0.353798
1.1761	2	1	4	945	0.353698
1.1761	2	1	4	945	0.353598
1.1761	2	1	4	945	0.353498
1.1761	2	1	4	945	0.353398
1.1761	2	1	4	945	0.353298
1.1761	2	1	4	945	0.353198
1.1761	2	1	5	945	0.353998
1.1761	2	1	5	945	0.353898
1.1761	2	1	5	945	0.353798
1.1761	2	1	5	945	0.353698
1.1761	2	1	5	945	0.353598
1.1761	2	1	5	945	0.353498
1.1761	2	1	5	945	0.353398
1.1761	2	1	5	945	0.353298
1.1761	2	1	5	945	0.353198
1.17703	2	1	4	945	0.354027
1.17703	2	1	4	945	0.353927
1.17703	2	1	4	945	0.353827
1.17703	2	1	4	945	0.353727
1.17703	2	1	4	945	0.353627
1.17703	2	1	4	945	0.353527
1.17703	2	1	4	945	0.353427
1.17703	2	1	4	945	0.353327
1.17703	2	1	4	945	0.353227
1.17703	2	1	5	945	0.354026
1.17703	2	1	5	945	0.353926
1.17703	2	1	5	945	0.353826
1.17703	2	1	5	945	0.353726
1.17703	2	1	5	945	0.353626
1.17703	2	1	5	945	0.353526
1.17703	2	1	5	945	0.353426
1.17703	2	1	5	945	0.353326
1.17703	2	1	5	945	0.353226
1.1801	2	1	4	945	0.356198
1.1801	2	1	4	945	0.356098
1.1801	2	1	4	945	0.355998
1.1801	2	1	4	945	0.355898
1.1801	2	1	4	945	0.355798
1.1801	2	1	4	945	0.355698
1.1801	2	1	4	945	0.355598
1.1801	2	1	4	945	0.355498
1.1801	2	1	4	945	0.355398
1.1801	2	1	5	945	0.356198
1.1801	2	1	5	945	0.356098
1.1801	2	1	5	945	0.355998
1.1801	2	1	5	945	0.355898
1.1801	2	1	5	945	0.355798
1.1801	2	1	5	945	0.355698
1.1801	2	1	5	945	0.355598
1.1801	2	1	5	945	0.355498
1.1801	2	1	5	945	0.355398
1.1811	2	1	4	945	0.356298
1.1811	2	1	4	945	0.356198
1.1811	2	1	4	945	0.356098
1.1811	2	1	4	945	0.355998
1.1811	2	1	4	945	0.355898
1.1811	2	1	4	945	0.355798
1.1811	2	1	4	945	0.355698
1.1811	2	1	4	945	0.355598
1.1811	2	1	4	945	0.355498
1.1811	2	1	4	945	0.355398
1.1811	2	1	5	945	0.356298
1.1811	2	1	5	945	0.356198
1.1811	2	1	5	945	0.356098
1.1811	2	1	5	945	0.355998
1.1811	2	1	5	945	0.355898
1.1811	2	1	5	945	0.355798
1.1811	2	1	5	945	0.355698
1.1811	2	1	5	945	0.355598
1.1811	2	1	5	945	0.355498
1.1811	2	1	5	945	0.355398
1.18203	2	1	4	945	0.356227
1.18203	2	1	4	945	0.356127
1.18203	2	1	4	945	0.356027
1.18203	2	1	4	945	0.355927
1.18203	2	1	4	945	0.355827
1.18203	2	1	4	945	0.355727
1.18203	2	1	4	945	0.355627
1.18203	2	1	4	945	0.355527
1.18203	2	1	4	945	0.355427
1.18203	2	1	5	945	0.356226
1.18203	2	1	5	945	0.356126
1.18203	2	1	5	945	0.356026
1.18203	2	1	5	945	0.355926
1.18203	2	1	5	945	0.355826
1.18203	2	1	5	945	0.355726
1.18203	2	1	5	945	0.355626
1.18203	2	1	5	945	0.355526
1.18203	2	1	5	945	0.355426
1.1851	2	1	4	945	0.358398
1.1851	2	1	4	945	0.358298
1.1851	2	1	4	945	0.358198
1.1851	2	1	4	945	0.358098
1.1851	2	1	4	945	0.357998
1.1851	2	1	4	945	0.357898
1.1851	2	1	4	945	0.357798
1.1851	2	1	4	945	0.357698
1.1851	2	1	4	945	0.357598
1.1851	2	1	5	945	0.358398
1.1851	2	1	5	945	0.358298
1.1851	2	1	5	945	0.358198
1.1851	2	1	5	945	0.358098
1.1851	2	1	5	945	0.357998
1.1851	2	1	5	945	0.357898
1.1851	2	1	5	945	0.357798
1.1851	2	1	5	945	0.357698
1.1851	2	1	5	945	0.357598
1.1861	2	1	4	945	0.358498
1.1861	2	1	4	945	0.358398
1.1861	2	1	4	945	0.358298
1.1861	2	1	4	945	0.358198
1.1861	2	1	4	945	0.358098
1.1861	2	1	4	945	0.357998
1.1861	2	1	4	945	0.357898
1.1861	2	1	4	945	0.357798
1.1861	2	1	4	945	0.357698
1.1861	2	1	5	945	0.358498
1.1861	2	1	5	945	0.358398
1.1861	2	1	5	945	0.358298
1.1861	2	1	5	945	0.358198
1.1861	2	1	5	945	0.358098
1.1861	2	1	5	945	0.357998
1.1861	2	1	5	945	0.357898
1.1861	2	1	5	945	0.357798
1.1861	2	1	5	945	0.357698
1.18703	2	1	4	945	0.358527
1.18703	2	1	4	945	0.358427
1.18703	2	1	4	945	0.358327
1.18703	2	1	4	945	0.358227
1.18703	2	1	4	945	0.358127
1.18703	2	1	4	945	0.358027
1.18703	2	1	4	945	0.357927
1.18703	2	1	4	945	0.357827
1.18703	2	1	4	945	0.357727
1.18703	2	1	5	945	0.358526
1.18703	2	1	5	945	0.358426
1.18703	2	1	5	945	0.358326
1.18703	2	1	5	945	0.358226
1.18703	2	1	5	945	0.358126
1.18703	2	1	5	945	0.358026
1.18703	2	1	5	945	0.357926
1.18703	2	1	5	945	0.357826
1.18703	2	1	5	945	0.357726
1.1901	2	1	4	945	0.360698
1.1901	2	1	4	945	0.360598
1.1901	2	1	4	945	0.360498
1.1901	2	1	4	945	0.360398
1.1901	2	1	4	945	0.360298
1.1901	2	1	4	945	0.360198
1.1901	2	1	4	945	0.360098
1.1901	2	1	4	945	0.359998
1.1901	2	1	4	945	0.359898
1.1901	2	1	4	945	0.359798
1.1901	2	1	5	945	0.360698
1.1901	2	1	5	945	0.360598
1.1901	2	1	5	945	0.360498
1.1901	2	1	5	945	0.360398
1.1901	2	1	5	945	0.360298
1.1901	2	1	5	945	0.360198
1.1901	2	1	5	945	0.360098
1.1901	2	1	5	945	0.359998
1.1901	2	1	5	945	0.359898
1.1901	2	1	5	945	0.359798
1.1911	2	1	4	945	0.360698
1.1911	2	1	4	945	0.360598
1.1911	2	1	4	945	0.360498
1.1911	2	1	4	945	0.360398
1.1911	2	1	4	945	0.360298
1.1911	2	1	4	945	0.360198
1.1911	2	1	4	945	0.360098
1.1911	2	1	4	945	0.359998
1.1911	2	1	4	945	0.359898
1.1911	2	1	5	945	0.360698
1.1911	2	1	5	945	0.360598
1.1911	2	1	5	945	0.360498
1.1911	2	1	5	945	0.360398
1.1911	2	1	5	945	0.360298
1.1911	2	1	5	945	0.360198
1.1911	2	1	5	945	0.360098
1.1911	2	1	5	945	0.359998
1.1911	2	1	5	945	0.359898
1.19203	2	1	4	945	0.360727
1.19203	2	1	4	945	0.360627
1.19203	2	1	4	945	0.360527
1.19203	2	1	4	945	0.360427
1.19203	2	1	4	945	0.360327
1.19203	2	1	4	945	0.360227
1.19203	2	1	4	945	0.360127
1.19203	2	1	4	945	0.360027
1.19203	2	1	4	945	0.359927
1.19203	2	1	5	945	0.360726
1.19203	2	1	5	945	0.360626
1.19203	2	1	5	945	0.360526
1.19203	2	1	5	945	0.360426
1.19203	2	1	5	945	0.360326
1.19203	2	1	5	945	0.360226
1.19203	2	1	5	945	0.360126
1.19203	2	1	5	945	0.360026
1.19203	2	1	5	945	0.359926
1.1951	2	1	4	945	0.362898
1.1951	2	1	4	945	0.362798
1.1951	2	1	4	945	0.362698
1.1951	2	1	4	945	0.362598
1.1951	2	1	4	945	0.362498
1.1951	2	1	4	945	0.362398
1.1951	2	1	4	945	0.362298
1.1951	2	1	4	945	0.362198
1.1951	2	1	4	945	0.362098
1.1951	2	1	5	945	0.362898
1.1951	2	1	5	945	0.362798
1.1951	2	1	5	945	0.362698
1.1951	2	1	5	945	0.362598
1.1951	2	1	5	945	0.362498
1.1951	2	1	5	945	0.362398
1.1951	2	1	5	945	0.362298
1.1951	2	1	5	945	0.362198
1.1951	2	1	5	945	0.362098
1.1961	2	1	4	945	0.362998
1.1961	2	1	4	945	0.362898
1.1961	2	1	4	945	0.362798
1.1961	2	1	4	945	0.362698
1.1961	2	1	4	945	0.362598
1.1961	2	1	4	945	0.362498
1.1961	2	1	4	945	0.362398
1.1961	2	1	4	945	0.362298
1.1961	2	1	4	945	0.362198
1.1961	2	1	4	945	0.362098
1.1961	2	1	5	945	0.362998
1.1961	2	1	5	945	0.362898
1.1961	2	1	5	945	0.362798
1.1961	2	1	5	945	0.362698
1.1961	2	1	5	945	0.362598
1.1961	2	1	5	945	0.362498
1.1961	2	1	5	945	0.362398
1.1961	2	1	5	945	0.362298
1.1961	2	1	5	945	0.362198
1.1961	2	1	5	945	0.362098
1.19703	2	1	4	945	0.362927
1.19703	2	1	4	945	0.362827
1.19703	2	1	4	945	0.362727
1.19703	2	1	4	945	0.362627
1.19703	2	1	4	945	0.362527
1.19703	2	1	4	945	0.362427
1.19703	2	1	4	945	0.362327
1.19703	2	1	4	945	0.362227
1.19703	2	1	5	945	0.362926
1.19703	2	1	5	945	0.362826
1.19703	2	1	5	945	0.362726
1.19703	2	1	5	945	0.362626
1.19703	2	1	5	945	0.362526
1.19703	2	1	5	945	0.362426
1.19703	2	1	5	945	0.362326
1.19703	2	1	5	945	0.362226
1.2001	2	1	4	945	0.365198
1.2001	2	1	4	945	0.365098
1.2001	2	1	4	945	0.364998
1.2001	2	1	4	945	0.364898
1.2001	2	1	4	945	0.364798
1.2001	2	1	4	945	0.364698
1.2001	2	1	4	945	0.364598
1.2001	2	1	4	945	0.364498
1.2001	2	1	4	945	0.364398
1.2001	2	1	4	945	0.364298
1.2001	2	1	5	945	0.365198
1.2001	2	1	5	945	0.365098
1.2001	2	1	5	945	0.364998
1.2001	2	1	5	945	0.364898
1.2001	2	1	5	945	0.364798
1.2001	2	1	5	945	0.364698
1.2001	2	1	5	945	0.364598
1.2001	2	1	5	945	0.364498
1.2001	2	1	5	945	0.364398
1.2001	2	1	5	945	0.364298
1.2011	2	1	4	945	0.365198
1.2011	2	1	4	945	0.365098
1.2011	2	1	4	945	0.364998
1.2011	2	1	4	945	0.364898
1.2011	2	1	4	945	0.364798
1.2011	2	1	4	945	0.364698
1.2011	2	1	4	945	0.364598
1.2011	2	1	4	945	0.364498
1.2011	2	1	4	945	0.364398
1.2011	2	1	5	945	0.365198
1.2011	2	1	5	945	0.365098
1.2011	2	1	5	945	0.364998
1.2011	2	1	5	945	0.364898
1.2011	2	1	5	945	0.364798
1.2011	2	1	5	945	0.364698
1.2011	2	1	5	945	0.364598
1.2011	2	1	5	945	0.364498
1.2011	2	1	5	945	0.364398
1.20203	2	1	4	945	0.365227
1.20203	2	1	4	945	0.365127
1.20203	2	1	4	945	0.365027
1.20203	2	1	4	945	0.364927
1.20203	2	1	4	945	0.364827
1.20203	2	1	4	945	0.364727
1.20203	2	1	4	945	0.364627
1.20203	2	1	4	945	0.364527
1.20203	2	1	4	945	0.364427
1.20203	2	1	5	945	0.365226
1.20203	2	1	5	945	0.365126
1.20203	2	1	5	945	0.365026
1.20203	2	1	5	945	0.364926
1.20203	2	1	5	945	0.364826
1.20203	2	1	5	945	0.364726
1.20203	2	1	5	945	0.364626
1.20203	2	1	5	945	0.364526
1.20203	2	1	5	945	0.364426
1.2051	2	1	4	945	0.367398
1.2051	2	1	4	945	0.367298
1.2051	2	1	4	945	0.367198
1.2051	2	1	4	945	0.367098
1.2051	2	1	4	945	0.366998
1.2051	2	1	4	945	0.366898
1.2051	2	1	4	945	0.366798
1.2051	2	1	4	945	0.366698
1.2051	2	1	4	945	0.366598
1.2051	2	1	5	945	0.367398
1.2051	2	1	5	945	0.367298
1.2051	2	1	5	945	0.367198
1.2051	2	1	5	945	0.367098
1.2051	2	1	5	945	0.366998
1.2051	2	1	5	945	0.366898
1.2051	2	1	5	945	0.366798
1.2051	2	1	5	945	0.366698
1.2051	2	1	5	945	0.366598
1.2061	2	1	4	945	0.367498
1.2061	2	1	4	945	0.367398
1.2061	2	1	4	945	0.367298
1.2061	2	1	4	945	0.367198
1.2061	2	1	4	945	0.367098
1.2061	2	1	4	945	0.366998
1.2061	2	1	4	945	0.366898
1.2061	2	1	4	945	0.366798
1.2061	2	1	4	945	0.366698
1.2061	2	1	4	945	0.366598
1.2061	2	1	5	945	0.367498
1.2061	2	1	5	945	0.367398
1.2061	2	1	5	945	0.367298
1.2061	2	1	5	945	0.367198
1.2061	2	1	5	945	0.367098
1.2061	2	1	5	945	0.366998
1.2061	2	1	5	945	0.366898
1.2061	2	1	5	945	0.366798
1.2061	2	1	5	945	0.366698
1.2061	2	1	5	945	0.366598
1.20703	2	1	4	945	0.367427
1.20703	2	1	4	945	0.367327
1.20703	2	1	4	945	0.367227
1.20703	2	1	4	945	0.367127
1.20703	2	1	4	945	0.367027
1.20703	2	1	4	945	0.366927
1.20703	2	1	4	945	0.366827
1.20703	2	1	4	945	0.366727
1.20703	2	1	4	945	0.366627
1.20703	2	1	5	945	0.367426
1.20703	2	1	5	945	0.367326
1.20703	2	1	5	945	0.367226
1.20703	2	1	5	945	0.367126
1.20703	2	1	5	945	0.367026
1.20703	2	1	5	945	0.366926
1.20703	2	1	5	945	0.366826
1.20703	2	1	5	945	0.366726
1.20703	2	1	5	945	0.366626
1.2101	2	1	4	945	0.369598
1.2101	2	1	4	945	0.369498
1.2101	2	1	4	945	0.369398
1.2101	2	1	4	945	0.369298
1.2101	2	1	4	945	0.369198
1.2101	2	1	4	945	0.369098
1.2101	2	1	4	945	0.368998
1.2101	2	1	4	945	0.368898
1.2101	2	1	4	945	0.368798
1.2101	2	1	5	945	0.369598
1.2101	2	1	5	945	0.369498
1.2101	2	1	5	945	0.369398
1.2101	2	1	5	945	0.369298
1.2101	2	1	5	945	0.369198
1.2101	2	1	5	945	0.369098
1.2101	2	1	5	945	0.368998
1.2101	2	1	5	945	0.368898
1.2101	2	1	5	945	0.368798
1.2111	2	1	4	945	0.369698
1.2111	2	1	4	945	0.369598
1.2111	2	1	4	945	0.369498
1.2111	2	1	4	945	0.369398
1.2111	2	1	4	945	0.369298
1.2111	2	1	4	945	0.369198
1.2111	2	1	4	945	0.369098
1.2111	2	1	4	945	0.368998
1.2111	2	1	4	945	0.368898
1.2111	2	1	5	945	0.369698
1.2111	2	1	5	945	0.369598
1.2111	2	1	5	945	0.369498
1.2111	2	1	5	945	0.369398
1.2111	2	1	5	945	0.369298
1.2111	2	1	5	945	0.369198
1.2111	2	1	5	945	0.369098
1.2111	2	1	5	945	0.368998
1.2111	2	1	5	945	0.368898
1.21203	2	1	4	945	0.369727
1.21203	2	1	4	945	0.369627
1.21203	2	1	4	945	0.369527
1.21203	2	1	4	945	0.369427
1.21203	2	1	4	945	0.369327
1.21203	2	1	4	945	0.369227
1.21203	2	1	4	945	0.369127
1.21203	2	1	4	945	0.369027
1.21203	2	1	4	945	0.368927
1.21203	2	1	5	945	0.369726
1.21203	2	1	5	945	0.369626
1.21203	2	1	5	945	0.369526
1.21203	2	1	5	945	0.369426
1.21203	2	1	5	945	0.369326
1.21203	2	1	5	945	0.369226
1.21203	2	1	5	945	0.369126
1.21203	2	1	5	945	0.369026
1.21203	2	1	5	945	0.368926
1.2151	2	1	4	945	0.371898
1.2151	2	1	4	945	0.371798
1.2151	2	1	4	945	0.371698
1.2151	2	1	4	945	0.371598
1.2151	2	1	4	945	0.371498
1.2151	2	1	4	945	0.371398
1.2151	2	1	4	945	0.371298
1.2151	2	1	4	945	0.371198
1.2151	2	1	4	945	0.371098
1.2151	2	1	4	945	0.370998
1.2151	2	1	5	945	0.371898
1.2151	2	1	5	945	0.371798
1.2151	2	1	5	945	0.371698
1.2151	2	1	5	945	0.371598
1.2151	2	1	5	945	0.371498
1.2151	2	1	5	945	0.371398
1.2151	2	1	5	945	0.371298
1.2151	2	1	5	945	0.371198
1.2151	2	1	5	945	0.371098
1.2151	2	1	5	945	0.370998
1.2161	2	1	4	945	0.371898
1.2161	2	1	4	945	0.371798
1.2161	2	1	4	945	0.371698
1.2161	2	1	4	945	0.371598
1.2161	2	1	4	945	0.371498
1.2161	2	1	4	945	0.371398
1.2161	2	1	4	945	0.371298
1.2161	2	1	4	945	0.371198
1.2161	2	1	4	945	0.371098
1.2161	2	1	5	945	0.371898
1.2161	2	1	5	945	0.371798
1.2161	2	1	5	945	0.371698
1.2161	2	1	5	945	0.371598
1.2161	2	1	5	945	0.371498
1.2161	2	1	5	945	0.371398
1.2161	2	1	5	945	0.371298
1.2161	2	1	5	945	0.371198
1.2161	2	1	5	945	0.371098
1.21703	2	1	4	945	0.371927
1.21703	2	1	4	945	0.371827
1.21703	2	1	4	945	0.371727
1.21703	2	1	4	945	0.371627
1.21703	2	1	4	945	0.371527
1.21703	2	1	4	945	0.371427
1.21703	2	1	4	945	0.371327
1.21703	2	1	4	945	0.371227
1.21703	2	1	4	945	0.371127
1.21703	2	1	5	945	0.371926
1.21703	2	1	5	945	0.371826
1.21703	2	1	5	945	0.371726
1.21703	2	1	5	945	0.371626
1.21703	2	1	5	945	0.371526
1.21703	2	1	5	945	0.371426
1.21703	2	1	5	945	0.371326
1.21703	2	1	5	945	0.371226
1.21703	2	1	5	945	0.371126
1.2201	2	1	4	945	0.374098
1.2201	2	1	4	945	0.373998
1.2201	2	1	4	945	0.373898
1.2201	2	1	4	945	0.373798
1.2201	2	1	4	945	0.373698
1.2201	2	1	4	945	0.373598
1.2201	2	1	4	945	0.373498
1.2201	2	1	4	945	0.373398
1.2201	2	1	4	945	0.373298
1.2201	2	1	5	945	0.374098
1.2201	2	1	5	945	0.373998
1.2201	2	1	5	945	0.373898
1.2201	2	1	5	945	0.373798
1.2201	2	1	5	945	0.373698
1.2201	2	1	5	945	0.373598
1.2201	2	1	5	945	0.373498
1.2201	2	1	5	945	0.373398
1.2201	2	1	5	945	0.373298
1.2211	2	1	4	945	0.374198
1.2211	2	1	4	945	0.374098
1.2211	2	1	4	945	0.373998
1.2211	2	1	4	945	0.373898
1.2211	2	1	4	945	0.373798
1.2211	2	1	4	945	0.373698
1.2211	2	1	4	945	0.373598
1.2211	2	1	4	945	0.373498
1.2211	2	1	4	945	0.373398
1.2211	2	1	4	945	0.373298
1.2211	2	1	5	945	0.374198
1.2211	2	1	5	945	0.374098
1.2211	2	1	5	945	0.373998
1.2211	2	1	5	945	0.373898
1.2211	2	1	5	945	0.373798
1.2211	2	1	5	945	0.373698
1.2211	2	1	5	945	0.373598
1.2211	2	1	5	945	0.373498
1.2211	2	1	5	945	0.373398
1.2211	2	1	5	945	0.373298
1.22203	2	1	4	945	0.374127
1.22203	2	1	4	945	0.374027
1.22203	2	1	4	945	0.373927
1.22203	2	1	4	945	0.373827
1.22203	2	1	4	945	0.373727
1.22203	2	1	4	945	0.373627
1.22203	2	1	4	945	0.373527
1.22203	2	1	4	945	0.373427
1.22203	2	1	5	945	0.374126
1.22203	2	1	5	945	0.374026
1.22203	2	1	5	945	0.373926
1.22203	2	1	5	945	0.373826
1.22203	2	1	5	945	0.373726
1.22203	2	1	5	945	0.373626
1.22203	2	1	5	945	0.373526
1.22203	2	1	5	945	0.373426
1.2251	2	1	4	945	0.376398
1.2251	2	1	4	945	0.376298
1.2251	2	1	4	945	0.376198
1.2251	2	1	4	945	0.376098
1.2251	2	1	4	945	0.375998
1.2251	2	1	4	945	0.375898
1.2251	2	1	4	945	0.375798
1.2251	2	1	4	945	0.375698
1.2251	2	1	4	945	0.375598
1.2251	2	1	4	945	0.375498
1.2251	2	1	5	945	0.376398
1.2251	2	1	5	945	0.376298
1.2251	2	1	5	945	0.376198
1.2251	2	1	5	945	0.376098
1.2251	2	1	5	945	0.375998
1.2251	2	1	5	945	0.375898
1.2251	2	1	5	945	0.375798
1.2251	2	1	5	945	0.375698
1.2251	2	1	5	945	0.375598
1.2251	2	1	5	945	0.375498
1.2261	2	1	4	945	0.376398
1.2261	2	1	4	945	0.376298
1.2261	2	1	4	945	0.376198
1.2261	2	1	4	945	0.376098
1.2261	2	1	4	945	0.375998
1.2261	2	1	4	945	0.375898
1.2261	2	1	4	945	0.375798
1.2261	2	1	4	945	0.375698
1.2261	2	1	4	945	0.375598
1.2261	2	1	5	945	0.376398
1.2261	2	1	5	945	0.376298
1.2261	2	1	5	945	0.376198
1.2261	2	1	5	945	0.376098
1.2261	2	1	5	945	0.375998
1.2261	2	1	5	945	0.375898
1.2261	2	1	5	945	0.375798
1.2261	2	1	5	945	0.375698
1.2261	2	1	5	945	0.375598
1.22703	2	1	4	945	0.376427
1.22703	2	1	4	945	0.376327
1.22703	2	1	4	945	0.376227
1.22703	2	1	4	945	0.376127
1.22703	2	1	4	945	0.376027
1.22703	2	1	4	945	0.375927
1.22703	2	1	4	945	0.375827
1.22703	2	1	4	945	0.375727
1.22703	2	1	4	945	0.375627
1.22703	2	1	5	945	0.376426
1.22703	2	1	5	945	0.376326
1.22703	2	1	5	945	0.376226
1.22703	2	1	5	945	0.376126
1.22703	2	1	5	945	0.376026
1.22703	2	1	5	945	0.375926
1.22703	2	1	5	945	0.375826
1.22703	2	1	5	945	0.375726
1.22703	2	1	5	945	0.375626
1.2301	2	1	4	945	0.378598
1.2301	2	1	4	945	0.378498
1.2301	2	1	4	945	0.378398
1.2301	2	1	4	945	0.378298
1.2301	2	1	4	945	0.378198
1.2301	2	1	4	945	0.378098
1.2301	2	1	4	945	0.377998
1.2301	2	1	4	945	0.377898
1.2301	2	1	4	945	0.377798
1.2301	2	1	5	945	0.378598
1.2301	2	1	5	945	0.378498
1.2301	2	1	5	945	0.378398
1.2301	2	1	5	945	0.378298
1.2301	2	1	5	945	0.378198
1.2301	2	1	5	945	0.378098
1.2301	2	1	5	945	0.377998
1.2301	2	1	5	945	0.377898
1.2301	2	1	5	945	0.377798
1.2311	2	1	4	945	0.378698
1.2311	2	1	4	945	0.378598
1.2311	2	1	4	945	0.378498
1.2311	2	1	4	945	0.378398
1.2311	2	1	4	945	0.378298
1.2311	2	1	4	945	0.378198
1.2311	2	1	4	945	0.378098
1.2311	2	1	4	945	0.377998
1.2311	2	1	4	945	0.377898
1.2311	2	1	4	945	0.377798
1.2311	2	1	5	945	0.378698
1.2311	2	1	5	945	0.378598
1.2311	2	1	5	945	0.378498
1.2311	2	1	5	945	0.378398
1.2311	2	1	5	945	0.378298
1.2311	2	1	5	945	0.378198
1.2311	2	1	5	945	0.378098
1.2311	2	1	5	945	0.377998
1.2311	2	1	5	945	0.377898
1.2311	2	1	5	945	0.377798
1.23203	2	1	4	945	0.378627
1.23203	2	1	4	945	0.378527
1.23203	2	1	4	945	0.378427
1.23203	2	1	4	945	0.378327
1.23203	2	1	4	945	0.378227
1.23203	2	1	4	945	0.378127
1.23203	2	1	4	945	0.378027
1.23203	2	1	4	945	0.377927
1.23203	2	1	5	945	0.378626
1.23203	2	1	5	945	0.378526
1.23203	2	1	5	945	0.378426
1.23203	2	1	5	945	0.378326
1.23203	2	1	5	945	0.378226
1.23203	2	1	5	945	0.378126
1.23203	2	1	5	945	0.378026
1.23203	2	1	5	945	0.377926
1.2351	2	1	4	945	0.380898
1.2351	2	1	4	945	0.380798
1.2351	2	1	4	945	0.380698
1.2351	2	1	4	945	0.380598
1.2351	2	1	4	945	0.380498
1.2351	2	1	4	945	0.380398
1.2351	2	1	4	945	0.380298
1.2351	2	1	4	945	0.380198
1.2351	2	1	4	945	0.380098
1.2351	2	1	4	945	0.379998
1.2351	2	1	5	945	0.380898
1.2351	2	1	5	945	0.380798
1.2351	2	1	5	945	0.380698
1.2351	2	1	5	945	0.380598
1.2351	2	1	5	945	0.380498
1.2351	2	1	5	945	0.380398
1.2351	2	1	5	945	0.380298
1.2351	2	1	5	945	0.380198
1.2351	2	1	5	945	0.380098
1.2351	2	1	5	945	0.379998
1.2361	2	1	4	945	0.380898
1.2361	2	1	4	945	0.380798
1.2361	2	1	4	945	0.380698
1.2361	2	1	4	945	0.380598
1.2361	2	1	4	945	0.380498
1.2361	2	1	4	945	0.380398
1.2361	2	1	4	945	0.380298
1.2361	2	1	4	945	0.380198
1.2361	2	1	4	945	0.380098
1.2361	2	1	5	945	0.380898
1.2361	2	1	5	945	0.380798
1.2361	2	1	5	945	0.380698
1.2361	2	1	5	945	0.380598
1.2361	2	1	5	945	0.380498
1.2361	2	1	5	945	0.380398
1.2361	2	1	5	945	0.380298
1.2361	2	1	5	945	0.380198
1.2361	2	1	5	945	0.380098
1.23703	2	1	4	945	0.380927
1.23703	2	1	4	945	0.380827
1.23703	2	1	4	945	0.380727
1.23703	2	1	4	945	0.380627
1.23703	2	1	4	945	0.380527
1.23703	2	1	4	945	0.380427
1.23703	2	1	4	945	0.380327
1.23703	2	1	4	945	0.380227
1.23703	2	1	4	945	0.380127
1.23703	2	1	5	945	0.380926
1.23703	2	1	5	945	0.380826
1.23703	2	1	5	945	0.380726
1.23703	2	1	5	945	0.380626
1.23703	2	1	5	945	0.380526
1.23703	2	1	5	945	0.380426
1.23703	2	1	5	945	0.380326
1.23703	2	1	5	945	0.380226
1.23703	2	1	5	945	0.380126
1.2401	2	1	4	945	0.383098
1.2401	2	1	4	945	0.382998
1.2401	2	1	4	945	0.382898
1.2401	2	1	4	945	0.382798
1.2401	2	1	4	945	0.382698
1.2401	2	1	4	945	0.382598
1.2401	2	1	4	945	0.382498
1.2401	2	1	4	945	0.382398
1.2401	2	1	4	945	0.382298
1.2401	2	1	5	945	0.383098
1.2401	2	1	5	945	0.382998
1.2401	2	1	5	945	0.382898
1.2401	2	1	5	945	0.382798
1.2401	2	1	5	945	0.382698
1.2401	2	1	5	945	0.382598
1.2401	2	1	5	945	0.382498
1.2401	2	1	5	945	0.382398
1.2401	2	1	5	945	0.382298
1.2411	2	1	4	945	0.383198
1.2411	2	1	4	945	0.383098
1.2411	2	1	4	945	0.382998
1.2411	2	1	4	945	0.382898
1.2411	2	1	4	945	0.382798
1.2411	2	1	4	945	0.382698
1.2411	2	1	4	945	0.382598
1.2411	2	1	4	945	0.382498
1.2411	2	1	4	945	0.382398
1.2411	2	1	4	945	0.382298
1.2411	2	1	5	945	0.383198
1.2411	2	1	5	945	0.383098
1.2411	2	1	5	945	0.382998
1.2411	2	1	5	945	0.382898
1.2411	2	1	5	945	0.382798
1.2411	2	1	5	945	0.382698
1.2411	2	1	5	945	0.382598
1.2411	2	1	5	945	0.382498
1.2411	2	1	5	945	0.382398
1.2411	2	1	5	945	0.382298
1.24203	2	1	4	945	0.383127
1.24203	2	1	4	945	0.383027
1.24203	2	1	4	945	0.382927
1.24203	2	1	4	945	0.382827
1.24203	2	1	4	945	0.382727
1.24203	2	1	4	945	0.382627
1.24203	2	1	4	945	0.382527
1.24203	2	1	4	945	0.382427
1.24203	2	1	4	945	0.382327
1.24203	2	1	5	945	0.383126
1.24203	2	1	5	945	0.383026
1.24203	2	1	5	945	0.382926
1.24203	2	1	5	945	0.382826
1.24203	2	1	5	945	0.382726
1.24203	2	1	5	945	0.382626
1.24203	2	1	5	945	0.382526
1.24203	2	1	5	945	0.382426
1.24203	2	1	5	945	0.382326
1.2451	2	1	4	945	0.385298
1.2451	2	1	4	945	0.385198
1.2451	2	1	4	945	0.385098
1.2451	2	1	4	945	0.384998
1.2451	2	1	4	945	0.384898
1.2451	2	1	4	945	0.384798
1.2451	2	1	4	945	0.384698
1.2451	2	1	4	945	0.384598
1.2451	2	1	4	945	0.384498
1.2451	2	1	5	945	0.385298
1.2451	2	1	5	945	0.385198
1.2451	2	1	5	945	0.385098
1.2451	2	1	5	945	0.384998
1.2451	2	1	5	945	0.384898
1.2451	2	1	5	945	0.384798
1.2451	2	1	5	945	0.384698
1.2451	2	1	5	945	0.384598
1.2451	2	1	5	945	0.384498
1.2461	2	1	4	945	0.385398
1.2461	2	1	4	945	0.385298
1.2461	2	1	4	945	0.385198
1.2461	2	1	4	945	0.385098
1.2461	2	1	4	945	0.384998
1.2461	2	1	4	945	0.384898
1.2461	2	1	4	945	0.384798
1.2461	2	1	4	945	0.384698
1.2461	2	1	4	945	0.384598
1.2461	2	1	5	945	0.385398
1.2461	2	1	5	945	0.385298
1.2461	2	1	5	945	0.385198
1.2461	2	1	5	945	0.385098
1.2461	2	1	5	945	0.384998
1.2461	2	1	5	945	0.384898
1.2461	2	1	5	945	0.384798
1.2461	2	1	5	945	0.384698
1.2461	2	1	5	945	0.384598
1.24703	2	1	4	945	0.385427
1.24703	2	1	4	945	0.385327
1.24703	2	1	4	945	0.385227
1.24703	2	1	4	945	0.385127
1.24703	2	1	4	945	0.385027
1.24703	2	1	4	945	0.384927
1.24703	2	1	4	945	0.384827
1.24703	2	1	4	945	0.384727
1.24703	2	1	4	945	0.384627
1.24703	2	1	5	945	0.385426
1.24703	2	1	5	945	0.385326
1.24703	2	1	5	945	0.385226
1.24703	2	1	5	945	0.385126
1.24703	2	1	5	945	0.385026
1.24703	2	1	5	945	0.384926
1.24703	2	1	5	945	0.384826
1.24703	2	1	5	945	0.384726
1.24703	2	1	5	945	0.384626
1.2501	2	1	4	945	0.387598
1.2501	2	1	4	945	0.387498
1.2501	2	1	4	945	0.387398
1.2501	2	1	4	945	0.387298
1.2501	2	1	4	945	0.387198
1.2501	2	1	4	945	0.387098
1.2501	2	1	4	945	0.386998
1.2501	2	1	4	945	0.386898
1.2501	2	1	4	945	0.386798
1.2501	2	1	4	945	0.386698
1.2501	2	1	5	945	0.387598
1.2501	2	1	5	945	0.387498
1.2501	2	1	5	945	0.387398
1.2501	2	1	5	945	0.387298
1.2501	2	1	5	945	0.387198
1.2501	2	1	5	945	0.387098
1.2501	2	1	5	945	0.386998
1.2501	2	1	5	945	0.386898
1.2501	2	1	5	945	0.386798
1.2501	2	1	5	945	0.386698
1.2511	2	1	4	945	0.387598
1.2511	2	1	4	945	0.387498
1.2511	2	1	4	945	0.387398
1.2511	2	1	4	945	0.387298
1.2511	2	1	4	945	0.387198
1.2511	2	1	4	945	0.387098
1.2511	2	1	4	945	0.386998
1.2511	2	1	4	945	0.386898
1.2511	2	1	4	945	0.386798
1.2511	2	1	5	945	0.387598
1.2511	2	1	5	945	0.387498
1.2511	2	1	5	945	0.387398
1.2511	2	1	5	945	0.387298
1.2511	2	1	5	945	0.387198
1.2511	2	1	5	945	0.387098
1.2511	2	1	5	945	0.386998
1.2511	2	1	5	945	0.386898
1.2511	2	1	5	945	0.386798
1.25203	2	1	4	945	0.387627
1.25203	2	1	4	945	0.387527
1.25203	2	1	4	945	0.387427
1.25203	2	1	4	945	0.387327
1.25203	2	1	4	945	0.387227
1.25203	2	1	4	945	0.387127
1.25203	2	1	4	945	0.387027
1.25203	2	1	4	945	0.386927
1.25203	2	1	4	945	0.386827
1.25203	2	1	5	945	0.387626
1.25203	2	1	5	945	0.387526
1.25203	2	1	5	945	0.387426
1.25203	2	1	5	945	0.387326
1.25203	2	1	5	945	0.387226
1.25203	2	1	5	945	0.387126
1.25203	2	1	5	945	0.387026
1.25203	2	1	5	945	0.386926
1.25203	2	1	5	945	0.386826
1.2551	2	1	4	945	0.389798
1.2551	2	1	4	945	0.389698
1.2551	2	1	4	945	0.389598
1.2551	2	1	4	945	0.389498
1.2551	2	1	4	945	0.389398
1.2551	2	1	4	945	0.389298
1.2551	2	1	4	945	0.389198
1.2551	2	1	4	945	0.389098
1.2551	2	1	4	945	0.388998
1.2551	2	1	5	945	0.389798
1.2551	2	1	5	945	0.389698
1.2551	2	1	5	945	0.389598
1.2551	2	1	5	945	0.389498
1.2551	2	1	5	945	0.389398
1.2551	2	1	5	945	0.389298
1.2551	2	1	5	945	0.389198
1.2551	2	1	5	945	0.389098
1.2551	2	1	5	945	0.388998
1.2561	2	1	4	945	0.389898
1.2561	2	1	4	945	0.389798
1.2561	2	1	4	945	0.389698
1.2561	2	1	4	945	0.389598
1.2561	2	1	4	945	0.389498
1.2561	2	1	4	945	0.389398
1.2561	2	1	4	945	0.389298
1.2561	2	1	4	945	0.389198
1.2561	2	1	4	945	0.389098
1.2561	2	1	4	945	0.388998
1.2561	2	1	5	945	0.389898
1.2561	2	1	5	945	0.389798
1.2561	2	1	5	945	0.389698
1.2561	2	1	5	945	0.389598
1.2561	2	1	5	945	0.389498
1.2561	2	1	5	945	0.389398
1.2561	2	1	5	945	0.389298
1.2561	2	1	5	945	0.389198
1.2561	2	1	5	945	0.389098
1.2561	2	1	5	945	0.388998
1.25703	2	1	4	945	0.389827
1.25703	2	1	4	945	0.389727
1.25703	2	1	4	945	0.389627
1.25703	2	1	4	945	0.389527
1.25703	2	1	4	945	0.389427
1.25703	2	1	4	945	0.389327
1.25703	2	1	4	945	0.389227
1.25703	2	1	4	945	0.389127
1.25703	2	1	5	945	0.389826
1.25703	2	1	5	945	0.389726
1.25703	2	1	5	945	0.389626
1.25703	2	1	5	945	0.389526
1.25703	2	1	5	945	0.389426
1.25703	2	1	5	945	0.389326
1.25703	2	1	5	945	0.389226
1.25703	2	1	5	945	0.389126
1.2601	2	1	4	945	0.392098
1.2601	2	1	4	945	0.391998
1.2601	2	1	4	945	0.391898
1.2601	2	1	4	945	0.391798
1.2601	2	1	4	945	0.391698
1.2601	2	1	4	945	0.391598
1.2601	2	1	4	945	0.391498
1.2601	2	1	4	945	0.391398
1.2601	2	1	4	945	0.391298
1.2601	2	1	4	945	0.391198
1.2601	2	1	5	945	0.392098
1.2601	2	1	5	945	0.391998
1.2601	2	1	5	945	0.391898
1.2601	2	1	5	945	0.391798
1.2601	2	1	5	945	0.391698
1.2601	2	1	5	945	0.391598
1.2601	2	1	5	945	0.391498
1.2601	2	1	5	945	0.391398
1.2601	2	1	5	945	0.391298
1.2601	2	1	5	945	0.391198
1.2611	2	1	4	945	0.392098
1.2611	2	1	4	945	0.391998
1.2611	2	1	4	945	0.391898
1.2611	2	1	4	945	0.391798
1.2611	2	1	4	945	0.391698
1.2611	2	1	4	945	0.391598
1.2611	2	1	4	945	0.391498
1.2611	2	1	4	945	0.391398
1.2611	2	1	4	945	0.391298
1.2611	2	1	5	945	0.392098
1.2611	2	1	5	945	0.391998
1.2611	2	1	5	945	0.391898
1.2611	2	1	5	945	0.391798
1.2611	2	1	5	945	0.391698
1.2611	2	1	5	945	0.391598
1.2611	2	1	5	945	0.391498
1.2611	2	1	5	945	0.391398
1.2611	2	1	5	945	0.391298
1.26203	2	1	4	945	0.392127
1.26203	2	1	4	945	0.392027
1.26203	2	1	4	945	0.391927
1.26203	2	1	4	945	0.391827
1.26203	2	1	4	945	0.391727
1.26203	2	1	4	945	0.391627
1.26203	2	1	4	945	0.391527
1.26203	2	1	4	945	0.391427
1.26203	2	1	4	945	0.391327
1.26203	2	1	5	945	0.392126
1.26203	2	1	5	945	0.392026
1.26203	2	1	5	945	0.391926
1.26203	2	1	5	945	0.391826
1.26203	2	1	5	945	0.391726
1.26203	2	1	5	945	0.391626
1.26203	2	1	5	945	0.391526
1.26203	2	1	5	945	0.391426
1.26203	2	1	5	945	0.391326
1.2651	2	1	4	945	0.394298
1.2651	2	1	4	945	0.394198
1.2651	2	1	4	945	0.394098
1.2651	2	1	4	945	0.393998
1.2651	2	1	4	945	0.393898
1.2651	2	1	4	945	0.393798
1.2651	2	1	4	945	0.393698
1.2651	2	1	4	945	0.393598
1.2651	2	1	4	945	0.393498
1.2651	2	1	5	945	0.394298
1.2651	2	1	5	945	0.394198
1.2651	2	1	5	945	0.394098
1.2651	2	1	5	945	0.393998
1.2651	2	1	5	945	0.393898
1.2651	2	1	5	945	0.393798
1.2651	2	1	5	945	0.393698
1.2651	2	1	5	945	0.393598
1.2651	2	1	5	945	0.393498
1.2661	2	1	4	945	0.394398
1.2661	2	1	4	945	0.394298
1.2661	2	1	4	945	0.394198
1.2661	2	1	4	945	0.394098
1.2661	2	1	4	945	0.393998
1.2661	2	1	4	945	0.393898
1.2661	2	1	4	945	0.393798
1.2661	2	1	4	945	0.393698
1.2661	2	1	4	945	0.393598
1.2661	2	1	4	945	0.393498
1.2661	2	1	5	945	0.394398
1.2661	2	1	5	945	0.394298
1.2661	2	1	5	945	0.394198
1.2661	2	1	5	945	0.394098
1.2661	2	1	5	945	0.393998
1.2661	2	1	5	945	0.393898
1.2661	2	1	5	945	0.393798
1.2661	2	1	5	945	0.393698
1.2661	2	1	5	945	0.393598
1.2661	2	1	5	945	0.393498
1.26703	2	1	4	945	0.394327
1.26703	2	1	4	945	0.394227
1.26703	2	1	4	945	0.394127
1.26703	2	1	4	945	0.394027
1.26703	2	1	4	945	0.393927
1.26703	2	1	4	945	0.393827
1.26703	2	1	4	945	0.393727
1.26703	2	1	4	945	0.393627
1.26703	2	1	4	945	0.393527
1.26703	2	1	5	945	0.394326
1.26703	2	1	5	945	0.394226
1.26703	2	1	5	945	0.394126
1.26703	2	1	5	945	0.394026
1.26703	2	1	5	945	0.393926
1.26703	2	1	5	945	0.393826
1.26703	2	1	5	945	0.393726
1.26703	2	1	5	945	0.393626
1.26703	2	1	5	945	0.393526
1.2701	2	1	4	945	0.396498
1.2701	2	1	4	945	0.396398
1.2701	2	1	4	945	0.396298
1.2701	2	1	4	945	0.396198
1.2701	2	1	4	945	0.396098
1.2701	2	1	4	945	0.395998
1.2701	2	1	4	945	0.395898
1.2701	2	1	4	945	0.395798
1.2701	2	1	4	945	0.395698
1.2701	2	1	5	945	0.396498
1.2701	2	1	5	945	0.396398
1.2701	2	1	5	945	0.396298
1.2701	2	1	5	945	0.396198
1.2701	2	1	5	945	0.396098
1.2701	2	1	5	945	0.395998
1.2701	2	1	5	945	0.395898
1.2701	2	1	5	945	0.395798
1.2701	2	1	5	945	0.395698
1.2711	2	1	4	945	0.396598
1.2711	2	1	4	945	0.396498
1.2711	2	1	4	945	0.396398
1.2711	2	1	4	945	0.396298
1.2711	2	1	4	945	0.396198
1.2711	2	1	4	945	0.396098
1.2711	2	1	4	945	0.395998
1.2711	2	1	4	945	0.395898
1.2711	2	1	4	945	0.395798
1.2711	2	1	5	945	0.396598
1.2711	2	1	5	945	0.396498
1.2711	2	1	5	945	0.396398
1.2711	2	1	5	945	0.396298
1.2711	2	1	5	945	0.396198
1.2711	2	1	5	945	0.396098
1.2711	2	1	5	945	0.395998
1.2711	2	1	5	945	0.395898
1.2711	2	1	5	945	0.395798
1.27203	2	1	4	945	0.396627
1.27203	2	1	4	945	0.396527
1.27203	2	1	4	945	0.396427
1.27203	2	1	4	945	0.396327
1.27203	2	1	4	945	0.396227
1.27203	2	1	4	945	0.396127
1.27203	2	1	4	945	0.396027
1.27203	2	1	4	945	0.395927
1.27203	2	1	4	945	0.395827
1.27203	2	1	5	945	0.396626
1.27203	2	1	5	945	0.396526
1.27203	2	1	5	945	0.396426
1.27203	2	1	5	945	0.396326
1.27203	2	1	5	945	0.396226
1.27203	2	1	5	945	0.396126
1.27203	2	1	5	945	0.396026
1.27203	2	1	5	945	0.395926
1.27203	2	1	5	945	0.395826
1.2751	2	1	4	945	0.398798
1.2751	2	1	4	945	0.398698
1.2751	2	1	4	945	0.398598
1.2751	2	1	4	945	0.398498
1.2751	2	1	4	945	0.398398
1.2751	2	1	4	945	0.398298
1.2751	2	1	4	945	0.398198
1.2751	2	1	4	945	0.398098
1.2751	2	1	4	945	0.397998
1.2751	2	1	4	945	0.397898
1.2751	2	1	5	945	0.398798
1.2751	2	1	5	945	0.398698
1.2751	2	1	5	945	0.398598
1.2751	2	1	5	945	0.398498
1.2751	2	1	5	945	0.398398
1.2751	2	1	5	945	0.398298
1.2751	2	1	5	945	0.398198
1.2751	2	1	5	945	0.398098
1.2751	2	1	5	945	0.397998
1.2751	2	1	5	945	0.397898
1.2761	2	1	4	945	0.398798
1.2761	2	1	4	945	0.398698
1.2761	2	1	4	945	0.398598
1.2761	2	1	4	945	0.398498
1.2761	2	1	4	945	0.398398
1.2761	2	1	4	945	0.398298
1.2761	2	1	4	945	0.398198
1.2761	2	1	4	945	0.398098
1.2761	2	1	4	945	0.397998
1.2761	2	1	5	945	0.398798
1.2761	2	1	5	945	0.398698
1.2761	2	1	5	945	0.398598
1.2761	2	1	5	945	0.398498
1.2761	2	1	5	945	0.398398
1.2761	2	1	5	945	0.398298
1.2761	2	1	5	945	0.398198
1.2761	2	1	5	945	0.398098
1.2761	2	1	5	945	0.397998
1.27703	2	1	4	945	0.398827
1.27703	2	1	4	945	0.398727
1.27703	2	1	4	945	0.398627
1.27703	2	1	4	945	0.398527
1.27703	2	1	4	945	0.398427
1.27703	2	1	4	945	0.398327
1.27703	2	1	4	945	0.398227
1.27703	2	1	4	945	0.398127
1.27703	2	1	4	945	0.398027
1.27703	2	1	5	945	0.398826
1.27703	2	1	5	945	0.398726
1.27703	2	1	5	945	0.398626
1.27703	2	1	5	945	0.398526
1.27703	2	1	5	945	0.398426
1.27703	2	1	5	945	0.398326
1.27703	2	1	5	945	0.398226
1.27703	2	1	5	945	0.398126
1.27703	2	1	5	945	0.398026
1.2801	2	1	4	945	0.400998
1.2801	2	1	4	945	0.400898
1.2801	2	1	4	945	0.400798
1.2801	2	1	4	945	0.400698
1.2801	2	1	4	945	0.400598
1.2801	2	1	4	945	0.400498
1.2801	2	1	4	945	0.400398
1.2801	2	1	4	945	0.400298
1.2801	2	1	4	945	0.400198
1.2801	2	1	5	945	0.400998
1.2801	2	1	5	945	0.400898
1.2801	2	1	5	945	0.400798
1.2801	2	1	5	945	0.400698
1.2801	2	1	5	945	0.400598
1.2801	2	1	5	945	0.400498
1.2801	2	1	5	945	0.400398
1.2801	2	1	5	945	0.400298
1.2801	2	1	5	945	0.400198
1.2811	2	1	4	945	0.401098
1.2811	2	1	4	945	0.400998
1.2811	2	1	4	945	0.400898
1.2811	2	1	4	945	0.400798
1.2811	2	1	4	945	0.400698
1.2811	2	1	4	945	0.400598
1.2811	2	1	4	945	0.400498
1.2811	2	1	4	945	0.400398
1.2811	2	1	4	945	0.400298
1.2811	2	1	4	945	0.400198
1.2811	2	1	5	945	0.401098
1.2811	2	1	5	945	0.400998
1.2811	2	1	5	945	0.400898
1.2811	2	1	5	945	0.400798
1.2811	2	1	5	945	0.400698
1.2811	2	1	5	945	0.400598
1.2811	2	1	5	945	0.400498
1.2811	2	1	5	945	0.400398
1.2811	2	1	5	945	0.400298
1.2811	2	1	5	945	0.400198
1.28203	2	1	4	945	0.401027
1.28203	2	1	4	945	0.400927
1.28203	2	1	4	945	0.400827
1.28203	2	1	4	945	0.400727
1.28203	2	1	4	945	0.400627
1.28203	2	1	4	945	0.400527
1.28203	2	1	4	945	0.400427
1.28203	2	1	4	945	0.400327
1.28203	2	1	5	945	0.401026
1.28203	2	1	5	945	0.400926
1.28203	2	1	5	945	0.400826
1.28203	2	1	5	945	0.400726
1.28203	2	1	5	945	0.400626
1.28203	2	1	5	945	0.400526
1.28203	2	1	5	945	0.400426
1.28203	2	1	5	945	0.400326
1.2851	2	1	4	945	0.403298
1.2851	2	1	4	945	0.403198
1.2851	2	1	4	945	0.403098
1.2851	2	1	4	945	0.402998
1.2851	2	1	4	945	0.402898
1.2851	2	1	4	945	0.402798
1.2851	2	1	4	945	0.402698
1.2851	2	1	4	945	0.402598
1.2851	2	1	4	945	0.402498
1.2851	2	1	4	945	0.402398
1.2851	2	1	5	945	0.403298
1.2851	2	1	5	945	0.403198
1.2851	2	1	5	945	0.403098
1.2851	2	1	5	945	0.402998
1.2851	2	1	5	945	0.402898
1.2851	2	1	5	945	0.402798
1.2851	2	1	5	945	0.402698
1.2851	2	1	5	945	0.402598
1.2851	2	1	5	945	0.402498
1.2851	2	1	5	945	0.402398
1.2861	2	1	4	945	0.403298
1.2861	2	1	4	945	0.403198
1.2861	2	1	4	945	0.403098
1.2861	2	1	4	945	0.402998
1.2861	2	1	4	945	0.402898
1.2861	2	1	4	945	0.402798
1.2861	2	1	4	945	0.402698
1.2861	2	1	4	945	0.402598
1.2861	2	1	4	945	0.402498
1.2861	2	1	5	945	0.403298
1.2861	2	1	5	945	0.403198
1.2861	2	1	5	945	0.403098
1.2861	2	1	5	945	0.402998
1.2861	2	1	5	945	0.402898
1.2861	2	1	5	945	0.402798
1.2861	2	1	5	945	0.402698
1.2861	2	1	5	945	0.402598
1.2861	2	1	5	945	0.402498
1.28703	2	1	4	945	0.403327
1.28703	2	1	4	945	0.403227
1.28703	2	1	4	945	0.403127
1.28703	2	1	4	945	0.403027
1.28703	2	1	4	945	0.402927
1.28703	2	1	4	945	0.402827
1.28703	2	1	4	945	0.402727
1.28703	2	1	4	945	0.402627
1.28703	2	1	4	945	0.402527
1.28703	2	1	5	945	0.403326
1.28703	2	1	5	945	0.403226
1.28703	2	1	5	945	0.403126
1.28703	2	1	5	945	0.403026
1.28703	2	1	5	945	0.402926
1.28703	2	1	5	945	0.402826
1.28703	2	1	5	945	0.402726
1.28703	2	1	5	945	0.402626
1.28703	2	1	5	945	0.402526
1.2901	2	1	4	945	0.405498
1.2901	2	1	4	945	0.405398
1.2901	2	1	4	945	0.405298
1.2901	2	1	4	945	0.405198
1.2901	2	1	4	945	0.405098
1.2901	2	1	4	945	0.404998
1.2901	2	1	4	945	0.404898
1.2901	2	1	4	945	0.404798
1.2901	2	1	4	945	0.404698
1.2901	2	1	5	945	0.405498
1.2901	2	1	5	945	0.405398
1.2901	2	1	5	945	0.405298
1.2901	2	1	5	945	0.405198
1.2901	2	1	5	945	0.405098
1.2901	2	1	5	945	0.404998
1.2901	2	1	5	945	0.404898
1.2901	2	1	5	945	0.404798
1.2901	2	1	5	945	0.404698
1.2911	2	1	4	945	0.405598
1.2911	2	1	4	945	0.405498
1.2911	2	1	4	945	0.405398
1.2911	2	1	4	945	0.405298
1.2911	2	1	4	945	0.405198
1.2911	2	1	4	945	0.405098
1.2911	2	1	4	945	0.404998
1.2911	2	1	4	945	0.404898
1.2911	2	1	4	945	0.404798
1.2911	2	1	4	945	0.404698
1.2911	2	1	5	945	0.405598
1.2911	2	1	5	945	0.405498
1.2911	2	1	5	945	0.405398
1.2911	2	1	5	945	0.405298
1.2911	2	1	5	945	0.405198
1.2911	2	1	5	945	0.405098
1.2911	2	1	5	945	0.404998
1.2911	2	1	5	945	0.404898
1.2911	2	1	5	945	0.404798
1.2911	2	1	5	945	0.404698
1.29203	2	1	4	945	0.405527
1.29203	2	1	4	945	0.405427
1.29203	2	1	4	945	0.405327
1.29203	2	1	4	945	0.405227
1.29203	2	1	4	945	0.405127
1.29203	2	1	4	945	0.405027
1.29203	2	1	4	945	0.404927
1.29203	2	1	4	945	0.404827
1.29203	2	1	5	945	0.405526
1.29203	2	1	5	945	0.405426
1.29203	2	1	5	945	0.405326
1.29203	2	1	5	945	0.405226
1.29203	2	1	5	945	0.405126
1.29203	2	1	5	945	0.405026
1.29203	2	1	5	945	0.404926
1.29203	2	1	5	945	0.404826
1.2951	2	1	4	945	0.407798
1.2951	2	1	4	945	0.407698
1.2951	2	1	4	945	0.407598
1.2951	2	1	4	945	0.407498
1.2951	2	1	4	945	0.407398
1.2951	2	1	4	945	0.407298
1.2951	2	1	4	945	0.407198
1.2951	2	1	4	945	0.407098
1.2951	2	1	4	945	0.406998
1.2951	2	1	4	945	0.406898
1.2951	2	1	5	945	0.407798
1.2951	2	1	5	945	0.407698
1.2951	2	1	5	945	0.407598
1.2951	2	1	5	945	0.407498
1.2951	2	1	5	945	0.407398
1.2951	2	1	5	945	0.407298
1.2951	2	1	5	945	0.407198
1.2951	2	1	5	945	0.407098
1.2951	2	1	5	945	0.406998
1.2951	2	1	5	945	0.406898
1.2961	2	1	4	945	0.407798
1.2961	2	1	4	945	0.407698
1.2961	2	1	4	945	0.407598
1.2961	2	1	4	945	0.407498
1.2961	2	1	4	945	0.407398
1.2961	2	1	4	945	0.407298
1.2961	2	1	4	945	0.407198
1.2961	2	1	4	945	0.407098
1.2961	2	1	4	945	0.406998
1.2961	2	1	5	945	0.407798
1.2961	2	1	5	945	0.407698
1.2961	2	1	5	945	0.407598
1.2961	2	1	5	945	0.407498
1.2961	2	1	5	945	0.407398
1.2961	2	1	5	945	0.407298
1.2961	2	1	5	945	0.407198
1.2961	2	1	5	945	0.407098
1.2961	2	1	5	945	0.406998
1.29703	2	1	4	945	0.407827
1.29703	2	1	4	945	0.407727
1.29703	2	1	4	945	0.407627
1.29703	2	1	4	945	0.407527
1.29703	2	1	4	945	0.407427
1.29703	2	1	4	945	0.407327
1.29703	2	1	4	945	0.407227
1.29703	2	1	4	945	0.407127
1.29703	2	1	4	945	0.407027
1.29703	2	1	5	945	0.407826
1.29703	2	1	5	945	0.407726
1.29703	2	1	5	945	0.407626
1.29703	2	1	5	945	0.407526
1.29703	2	1	5	945	0.407426
1.29703	2	1	5	945	0.407326
1.29703	2	1	5	945	0.407226
1.29703	2	1	5	945	0.407126
1.29703	2	1	5	945	0.407026
1.3001	2	1	4	945	0.409998
1.3001	2	1	4	945	0.409898
1.3001	2	1	4	945	0.409798
1.3001	2	1	4	945	0.409698
1.3001	2	1	4	945	0.409598
1.3001	2	1	4	945	0.409498
1.3001	2	1	4	945	0.409398
1.3001	2	1	4	945	0.409298
1.3001	2	1	4	945	0.409198
1.3001	2	1	5	945	0.409998
1.3001	2	1	5	945	0.409898
1.3001	2	1	5	945	0.409798
1.3001	2	1	5	945	0.409698
1.3001	2	1	5	945	0.409598
1.3001	2	1	5	945	0.409498
1.3001	2	1	5	945	0.409398
1.3001	2	1	5	945	0.409298
1.3001	2	1	5	945	0.409198
1.3011	2	1	4	945	0.410098
1.3011	2	1	4	945	0.409998
1.3011	2	1	4	945	0.409898
1.3011	2	1	4	945	0.409798
1.3011	2	1	4	945	0.409698
1.3011	2	1	4	945	0.409598
1.3011	2	1	4	945	0.409498
1.3011	2	1	4	945	0.409398
1.3011	2	1	4	945	0.409298
1.3011	2	1	4	945	0.409198
1.3011	2	1	5	945	0.410098
1.3011	2	1	5	945	0.409998
1.3011	2	1	5	945	0.409898
1.3011	2	1	5	945	0.409798
1.3011	2	1	5	945	0.409698
1.3011	2	1	5	945	0.409598
1.3011	2	1	5	945	0.409498
1.3011	2	1	5	945	0.409398
1.3011	2	1	5	945	0.409298
1.3011	2	1	5	945	0.409198
1.30203	2	1	4	945	0.410027
1.30203	2	1	4	945	0.409927
1.30203	2	1	4	945	0.409827
1.30203	2	1	4	945	0.409727
1.30203	2	1	4	945	0.409627
1.30203	2	1	4	945	0.409527
1.30203	2	1	4	945	0.409427
1.30203	2	1	4	945	0.409327
1.30203	2	1	4	945	0.409227
1.30203	2	1	5	945	0.410026
1.30203	2	1	5	945	0.409926
1.30203	2	1	5	945	0.409826
1.30203	2	1	5	945	0.409726
1.30203	2	1	5	945	0.409626
1.30203	2	1	5	945	0.409526
1.30203	2	1	5	945	0.409426
1.30203	2	1	5	945	0.409326
1.30203	2	1	5	945	0.409226
1.3051	2	1	4	945	0.412198
1.3051	2	1	4	945	0.412098
1.3051	2	1	4	945	0.411998
1.3051	2	1	4	945	0.411898
1.3051	2	1	4	945	0.411798
1.3051	2	1	4	945	0.411698
1.3051	2	1	4	945	0.411598
1.3051	2	1	4	945	0.411498
1.3051	2	1	4	945	0.411398
1.3051	2	1	5	945	0.412198
1.3051	2	1	5	945	0.412098
1.3051	2	1	5	945	0.411998
1.3051	2	1	5	945	0.411898
1.3051	2	1	5	945	0.411798
1.3051	2	1	5	945	0.411698
1.3051	2	1	5	945	0.411598
1.3051	2	1	5	945	0.411498
1.3051	2	1	5	945	0.411398
1.3061	2	1	4	945	0.412298
1.3061	2	1	4	945	0.412198
1.3061	2	1	4	945	0.412098
1.3061	2	1	4	945	0.411998
1.3061	2	1	4	945	0.411898
1.3061	2	1	4	945	0.411798
1.3061	2	1	4	945	0.411698
1.3061	2	1	4	945	0.411598
1.3061	2	1	4	945	0.411498
1.3061	2	1	5	945	0.412298
1.3061	2	1	5	945	0.412198
1.3061	2	1	5	945	0.412098
1.3061	2	1	5	945	0.411998
1.3061	2	1	5	945	0.411898
1.3061	2	1	5	945	0.411798
1.3061	2	1	5	945	0.411698
1.3061	2	1	5	945	0.411598
1.3061	2	1	5	945	0.411498
1.30703	2	1	4	945	0.412327
1.30703	2	1	4	945	0.412227
1.30703	2	1	4	945	0.412127
1.30703	2	1	4	945	0.412027
1.30703	2	1	4	945	0.411927
1.30703	2	1	4	945	0.411827
1.30703	2	1	4	945	0.411727
1.30703	2	1	4	945	0.411627
1.30703	2	1	4	945	0.411527
1.30703	2	1	5	945	0.412326
1.30703	2	1	5	945	0.412226
1.30703	2	1	5	945	0.412126
1.30703	2	1	5	945	0.412026
1.30703	2	1	5	945	0.411926
1.30703	2	1	5	945	0.411826
1.30703	2	1	5	945	0.411726
1.30703	2	1	5	945	0.411626
1.30703	2	1	5	945	0.411526
1.3101	2	1	4	945	0.414498
1.3101	2	1	4	945	0.414398
1.3101	2	1	4	945	0.414298
1.3101	2	1	4	945	0.414198
1.3101	2	1	4	945	0.414098
1.3101	2	1	4	945	0.413998
1.3101	2	1	4	945	0.413898
1.3101	2	1	4	945	0.413798
1.3101	2	1	4	945	0.413698
1.3101	2	1	4	945	0.413598
1.3101	2	1	5	945	0.414498
1.3101	2	1	5	945	0.414398
1.3101	2	1	5	945	0.414298
1.3101	2	1	5	945	0.414198
1.3101	2	1	5	945	0.414098
1.3101	2	1	5	945	0.413998
1.3101	2	1	5	945	0.413898
1.3101	2	1	5	945	0.413798
1.3101	2	1	5	945	0.413698
1.3101	2	1	5	945	0.413598
1.3111	2	1	4	945	0.414498
1.3111	2	1	4	945	0.414398
1.3111	2	1	4	945	0.414298
1.3111	2	1	4	945	0.414198
1.3111	2	1	4	945	0.414098
1.3111	2	1	4	945	0.413998
1.3111	2	1	4	945	0.413898
1.3111	2	1	4	945	0.413798
1.3111	2	1	4	945	0.413698
1.3111	2	1	5	945	0.414498
1.3111	2	1	5	945	0.414398
1.3111	2	1	5	945	0.414298
1.3111	2	1	5	945	0.414198
1.3111	2	1	5	945	0.414098
1.3111	2	1	5	945	0.413998
1.3111	2	1	5	945	0.413898
1.3111	2	1	5	945	0.413798
1.3111	2	1	5	945	0.413698
1.31203	2	1	4	945	0.414527
1.31203	2	1	4	945	0.414427
1.31203	2	1	4	945	0.414327
1.31203	2	1	4	945	0.414227
1.31203	2	1	4	945	0.414127
1.31203	2	1	4	945	0.414027
1.31203	2	1	4	945	0.413927
1.31203	2	1	4	945	0.413827
1.31203	2	1	4	945	0.413727
1.31203	2	1	5	945	0.414526
1.31203	2	1	5	945	0.414426
1.31203	2	1	5	945	0.414326
1.31203	2	1	5	945	0.414226
1.31203	2	1	5	945	0.414126
1.31203	2	1	5	945	0.414026
1.31203	2	1	5	945	0.413926
1.31203	2	1	5	945	0.413826
1.31203	2	1	5	945	0.413726
1.3151	2	1	4	945	0.416698
1.3151	2	1	4	945	0.416598
1.3151	2	1	4	945	0.416498
1.3151	2	1	4	945	0.416398
1.3151	2	1	4	945	0.416298
1.3151	2	1	4	945	0.416198
1.3151	2	1	4	945	0.416098
1.3151	2	1	4	945	0.415998
1.3151	2	1	4	945	0.415898
1.3151	2	1	5	945	0.416698
1.3151	2	1	5	945	0.416598
1.3151	2	1	5	945	0.416498
1.3151	2	1	5	945	0.416398
1.3151	2	1	5	945	0.416298
1.3151	2	1	5	945	0.416198
1.3151	2	1	5	945	0.416098
1.3151	2	1	5	945	0.415998
1.3151	2	1	5	945	0.415898
1.3161	2	1	4	945	0.416798
1.3161	2	1	4	945	0.416698
1.3161	2	1	4	945	0.416598
1.3161	2	1	4	945	0.416498
1.3161	2	1	4	945	0.416398
1.3161	2	1	4	945	0.416298
1.3161	2	1	4	945	0.416198
1.3161	2	1	4	945	0.416098
1.3161	2	1	4	945	0.415998
1.3161	2	1	4	945	0.415898
1.3161	2	1	5	945	0.416798
1.3161	2	1	5	945	0.416698
1.3161	2	1	5	945	0.416598
1.3161	2	1	5	945	0.416498
1.3161	2	1	5	945	0.416398
1.3161	2	1	5	945	0.416298
1.3161	2	1	5	945	0.416198
1.3161	2	1	5	945	0.416098
1.3161	2	1	5	945	0.415998
1.3161	2	1	5	945	0.415898
1.31703	2	1	4	945	0.416727
1.31703	2	1	4	945	0.416627
1.31703	2	1	4	945	0.416527
1.31703	2	1	4	945	0.416427
1.31703	2	1	4	945	0.416327
1.31703	2	1	4	945	0.416227
1.31703	2	1	4	945	0.416127
1.31703	2	1	4	945	0.416027
1.31703	2	1	5	945	0.416726
1.31703	2	1	5	945	0.416626
1.31703	2	1	5	945	0.416526
1.31703	2	1	5	945	0.416426
1.31703	2	1	5	945	0.416326
1.31703	2	1	5	945	0.416226
1.31703	2	1	5	945	0.416126
1.31703	2	1	5	945	0.416026
1.3201	2	1	4	945	0.418998
1.3201	2	1	4	945	0.418898
1.3201	2	1	4	945	0.418798
1.3201	2	1	4	945	0.418698
1.3201	2	1	4	945	0.418598
1.3201	2	1	4	945	0.418498
1.3201	2	1	4	945	0.418398
1.3201	2	1	4	945	0.418298
1.3201	2	1	4	945	0.418198
1.3201	2	1	4	945	0.418098
1.3201	2	1	5	945	0.418998
1.3201	2	1	5	945	0.418898
1.3201	2	1	5	945	0.418798
1.3201	2	1	5	945	0.418698
1.3201	2	1	5	945	0.418598
1.3201	2	1	5	945	0.418498
1.3201	2	1	5	945	0.418398
1.3201	2	1	5	945	0.418298
1.3201	2	1	5	945	0.418198
1.3201	2	1	5	945	0.418098
1.3211	2	1	4	945	0.418998
1.3211	2	1	4	945	0.418898
1.3211	2	1	4	945	0.418798
1.3211	2	1	4	945	0.418698
1.3211	2	1	4	945	0.418598
1.3211	2	1	4	945	0.418498
1.3211	2	1	4	945	0.418398
1.3211	2	1	4	945	0.418298
1.3211	2	1	4	945	0.418198
1.3211	2	1	5	945	0.418998
1.3211	2	1	5	945	0.418898
1.3211	2	1	5	945	0.418798
1.3211	2	1	5	945	0.418698
1.3211	2	1	5	945	0.418598
1.3211	2	1	5	945	0.418498
1.3211	2	1	5	945	0.418398
1.3211	2	1	5	945	0.418298
1.3211	2	1	5	945	0.418198
1.32203	2	1	4	945	0.419027
1.32203	2	1	4	945	0.418927
1.32203	2	1	4	945	0.418827
1.32203	2	1	4	945	0.418727
1.32203	2	1	4	945	0.418627
1.32203	2	1	4	945	0.418527
1.32203	2	1	4	945	0.418427
1.32203	2	1	4	945	0.418327
1.32203	2	1	4	945	0.418227
1.32203	2	1	5	945	0.419026
1.32203	2	1	5	945	0.418926
1.32203	2	1	5	945	0.418826
1.32203	2	1	5	945	0.418726
1.32203	2	1	5	945	0.418626
1.32203	2	1	5	945	0.418526
1.32203	2	1	5	945	0.418426
1.32203	2	1	5	945	0.418326
1.32203	2	1	5	945	0.418226
1.3251	2	1	4	945	0.421198
1.3251	2	1	4	945	0.421098
1.3251	2	1	4	945	0.420998
1.3251	2	1	4	945	0.420898
1.3251	2	1	4	945	0.420798
1.3251	2	1	4	945	0.420698
1.3251	2	1	4	945	0.420598
1.3251	2	1	4	945	0.420498
1.3251	2	1	4	945	0.420398
1.3251	2	1	5	945	0.421198
1.3251	2	1	5	945	0.421098
1.3251	2	1	5	945	0.420998
1.3251	2	1	5	945	0.420898
1.3251	2	1	5	945	0.420798
1.3251	2	1	5	945	0.420698
1.3251	2	1	5	945	0.420598
1.3251	2	1	5	945	0.420498
1.3251	2	1	5	945	0.420398
1.3261	2	1	4	945	0.421298
1.3261	2	1	4	945	0.421198
1.3261	2	1	4	945	0.421098
1.3261	2	1	4	945	0.420998
1.3261	2	1	4	945	0.420898
1.3261	2	1	4	945	0.420798
1.3261	2	1	4	945	0.420698
1.3261	2	1	4	945	0.420598
1.3261	2	1	4	945	0.420498
1.3261	2	1	4	945	0.420398
1.3261	2	1	5	945	0.421298
1.3261	2	1	5	945	0.421198
1.3261	2	1	5	945	0.421098
1.3261	2	1	5	945	0.420998
1.3261	2	1	5	945	0.420898
1.3261	2	1	5	945	0.420798
1.3261	2	1	5	945	0.420698
1.3261	2	1	5	945	0.420598
1.3261	2	1	5	945	0.420498
1.3261	2	1	5	945	0.420398
1.32703	2	1	4	945	0.421227
1.32703	2	1	4	945	0.421127
1.32703	2	1	4	945	0.421027
1.32703	2	1	4	945	0.420927
1.32703	2	1	4	945	0.420827
1.32703	2	1	4	945	0.420727
1.32703	2	1	4	945	0.420627
1.32703	2	1	4	945	0.420527
1.32703	2	1	4	945	0.420427
1.32703	2	1	5	945	0.421226
1.32703	2	1	5	945	0.421126
1.32703	2	1	5	945	0.421026
1.32703	2	1	5	945	0.420926
1.32703	2	1	5	945	0.420826
1.32703	2	1	5	945	0.420726
1.32703	2	1	5	945	0.420626
1.32703	2	1	5	945	0.420526
1.32703	2	1	5	945	0.420426
1.3301	2	1	4	945	0.423398
1.3301	2	1	4	945	0.423298
1.3301	2	1	4	945	0.423198
1.3301	2	1	4	945	0.423098
1.3301	2	1	4	945	0.422998
1.3301	2	1	4	945	0.422898
1.3301	2	1	4	945	0.422798
1.3301	2	1	4	945	0.422698
1.3301	2	1	4	945	0.422598
1.3301	2	1	5	945	0.423398
1.3301	2	1	5	945	0.423298
1.3301	2	1	5	945	0.423198
1.3301	2	1	5	945	0.423098
1.3301	2	1	5	945	0.422998
1.3301	2	1	5	945	0.422898
1.3301	2	1	5	945	0.422798
1.3301	2	1	5	945	0.422698
1.3301	2	1	5	945	0.422598
1.3311	2	1	4	945	0.423498
1.3311	2	1	4	945	0.423398
1.3311	2	1	4	945	0.423298
1.3311	2	1	4	945	0.423198
1.3311	2	1	4	945	0.423098
1.3311	2	1	4	945	0.422998
1.3311	2	1	4	945	0.422898
1.3311	2	1	4	945	0.422798
1.3311	2	1	4	945	0.422698
1.3311	2	1	5	945	0.423498
1.3311	2	1	5	945	0.423398
1.3311	2	1	5	945	0.423298
1.3311	2	1	5	945	0.423198
1.3311	2	1	5	945	0.423098
1.3311	2	1	5	945	0.422998
1.3311	2	1	5	945	0.422898
1.3311	2	1	5	945	0.422798
1.3311	2	1	5	945	0.422698
1.33203	2	1	4	945	0.423527
1.33203	2	1	4	945	0.423427
1.33203	2	1	4	945	0.423327
1.33203	2	1	4	945	0.423227
1.33203	2	1	4	945	0.423127
1.33203	2	1	4	945	0.423027
1.33203	2	1	4	945	0.422927
1.33203	2	1	4	945	0.422827
1.33203	2	1	4	945	0.422727
1.33203	2	1	5	945	0.423526
1.33203	2	1	5	945	0.423426
1.33203	2	1	5	945	0.423326
1.33203	2	1	5	945	0.423226
1.33203	2	1	5	945	0.423126
1.33203	2	1	5	945	0.423026
1.33203	2	1	5	945	0.422926
1.33203	2	1	5	945	0.422826
1.33203	2	1	5	945	0.422726
1.3351	2	1	4	945	0.425698
1.3351	2	1	4	945	0.425598
1.3351	2	1	4	945	0.425498
1.3351	2	1	4	945	0.425398
1.3351	2	1	4	945	0.425298
1.3351	2	1	4	945	0.425198
1.3351	2	1	4	945	0.425098
1.3351	2	1	4	945	0.424998
1.3351	2	1	4	945	0.424898
1.3351	2	1	4	945	0.424798
1.3351	2	1	5	945	0.425698
1.3351	2	1	5	945	0.425598
1.3351	2	1	5	945	0.425498
1.3351	2	1	5	945	0.425398
1.3351	2	1	5	945	0.425298
1.3351	2	1	5	945	0.425198
1.3351	2	1	5	945	0.425098
1.3351	2	1	5	945	0.424998
1.3351	2	1	5	945	0.424898
1.3351	2	1	5	945	0.424798
1.3361	2	1	4	945	0.425698
1.3361	2	1	4	945	0.425598
1.3361	2	1	4	945	0.425498
1.3361	2	1	4	945	0.425398
1.3361	2	1	4	945	0.425298
1.3361	2	1	4	945	0.425198
1.3361	2	1	4	945	0.425098
1.3361	2	1	4	945	0.424998
1.3361	2	1	4	945	0.424898
1.3361	2	1	5	945	0.425698
1.3361	2	1	5	945	0.425598
1.3361	2	1	5	945	0.425498
1.3361	2	1	5	945	0.425398
1.3361	2	1	5	945	0.425298
1.3361	2	1	5	945	0.425198
1.3361	2	1	5	945	0.425098
1.3361	2	1	5	945	0.424998
1.3361	2	1	5	945	0.424898
1.33703	2	1	4	945	0.425727
1.33703	2	1	4	945	0.425627
1.33703	2	1	4	945	0.425527
1.33703	2	1	4	945	0.425427
1.33703	2	1	4	945	0.425327
1.33703	2	1	4	945	0.425227
1.33703	2	1	4	945	0.425127
1.33703	2	1	4	945	0.425027
1.33703	2	1	4	945	0.424927
1.33703	2	1	5	945	0.425726
1.33703	2	1	5	945	0.425626
1.33703	2	1	5	945	0.425526
1.33703	2	1	5	945	0.425426
1.33703	2	1	5	945	0.425326
1.33703	2	1	5	945	0.425226
1.33703	2	1	5	945	0.425126
1.33703	2	1	5	945	0.425026
1.33703	2	1	5	945	0.424926
1.3401	2	1	4	945	0.427898
1.3401	2	1	4	945	0.427798
1.3401	2	1	4	945	0.427698
1.3401	2	1	4	945	0.427598
1.3401	2	1	4	945	0.427498
1.3401	2	1	4	945	0.427398
1.3401	2	1	4	945	0.427298
1.3401	2	1	4	945	0.427198
1.3401	2	1	4	945	0.427098
1.3401	2	1	5	945	0.427898
1.3401	2	1	5	945	0.427798
1.3401	2	1	5	945	0.427698
1.3401	2	1	5	945	0.427598
1.3401	2	1	5	945	0.427498
1.3401	2	1	5	945	0.427398
1.3401	2	1	5	945	0.427298
1.3401	2	1	5	945	0.427198
1.3401	2	1	5	945	0.427098
1.3411	2	1	4	945	0.427998
1.3411	2	1	4	945	0.427898
1.3411	2	1	4	945	0.427798
1.3411	2	1	4	945	0.427698
1.3411	2	1	4	945	0.427598
1.3411	2	1	4	945	0.427498
1.3411	2	1	4	945	0.427398
1.3411	2	1	4	945	0.427298
1.3411	2	1	4	945	0.427198
1.3411	2	1	4	945	0.427098
1.3411	2	1	5	945	0.427998
1.3411	2	1	5	945	0.427898
1.3411	2	1	5	945	0.427798
1.3411	2	1	5	945	0.427698
1.3411	2	1	5	945	0.427598
1.3411	2	1	5	945	0.427498
1.3411	2	1	5	945	0.427398
1.3411	2	1	5	945	0.427298
1.3411	2	1	5	945	0.427198
1.3411	2	1	5	945	0.427098
1.34203	2	1	4	945	0.427927
1.34203	2	1	4	945	0.427827
1.34203	2	1	4	945	0.427727
1.34203	2	1	4	945	0.427627
1.34203	2	1	4	945	0.427527
1.34203	2	1	4	945	0.427427
1.34203	2	1	4	945	0.427327
1.34203	2	1	4	945	0.427227
1.34203	2	1	5	945	0.427926
1.34203	2	1	5	945	0.427826
1.34203	2	1	5	945	0.427726
1.34203	2	1	5	945	0.427626
1.34203	2	1	5	945	0.427526
1.34203	2	1	5	945	0.427426
1.34203	2	1	5	945	0.427326
1.34203	2	1	5	945	0.427226
1.3451	2	1	4	945	0.430198
1.3451	2	1	4	945	0.430098
1.3451	2	1	4	945	0.429998
1.3451	2	1	4	945	0.429898
1.3451	2	1	4	945	0.429798
1.3451	2	1	4	945	0.429698
1.3451	2	1	4	945	0.429598
1.3451	2	1	4	945	0.429498
1.3451	2	1	4	945	0.429398
1.3451	2	1	4	945	0.429298
1.3451	2	1	5	945	0.430198
1.3451	2	1	5	945	0.430098
1.3451	2	1	5	945	0.429998
1.3451	2	1	5	945	0.429898
1.3451	2	1	5	945	0.429798
1.3451	2	1	5	945	0.429698
1.3451	2	1	5	945	0.429598
1.3451	2	1	5	945	0.429498
1.3451	2	1	5	945	0.429398
1.3451	2	1	5	945	0.429298
1.3461	2	1	4	945	0.430198
1.3461	2	1	4	945	0.430098
1.3461	2	1	4	945	0.429998
1.3461	2	1	4	945	0.429898
1.3461	2	1	4	945	0.429798
1.3461	2	1	4	945	0.429698
1.3461	2	1	4	945	0.429598
1.3461	2	1	4	945	0.429498
1.3461	2	1	4	945	0.429398
1.3461	2	1	5	945	0.430198
1.3461	2	1	5	945	0.430098
1.3461	2	1	5	945	0.429998
1.3461	2	1	5	945	0.429898
1.3461	2	1	5	945	0.429798
1.3461	2	1	5	945	0.429698
1.3461	2	1	5	945	0.429598
1.3461	2	1	5	945	0.429498
1.3461	2	1	5	945	0.429398
1.34703	2	1	4	945	0.430227
1.34703	2	1	4	945	0.430127
1.34703	2	1	4	945	0.430027
1.34703	2	1	4	945	0.429927
1.34703	2	1	4	945	0.429827
1.34703	2	1	4	945	0.429727
1.34703	2	1	4	945	0.429627
1.34703	2	1	4	945	0.429527
1.34703	2	1	4	945	0.429427
1.34703	2	1	5	945	0.430226
1.34703	2	1	5	945	0.430126
1.34703	2	1	5	945	0.430026
1.34703	2	1	5	945	0.429926
1.34703	2	1	5	945	0.429826
1.34703	2	1	5	945	0.429726
1.34703	2	1	5	945	0.429626
1.34703	2	1	5	945	0.429526
1.34703	2	1	5	945	0.429426
1.3501	2	1	4	945	0.432398
1.3501	2	1	4	945	0.432298
1.3501	2	1	4	945	0.432198
1.3501	2	1	4	945	0.432098
1.3501	2	1	4	945	0.431998
1.3501	2	1	4	945	0.431898
1.3501	2	1	4	945	0.431798
1.3501	2	1	4	945	0.431698
1.3501	2	1	4	945	0.431598
1.3501	2	1	5	945	0.432398
1.3501	2	1	5	945	0.432298
1.3501	2	1	5	945	0.432198
1.3501	2	1	5	945	0.432098
1.3501	2	1	5	945	0.431998
1.3501	2	1	5	945	0.431898
1.3501	2	1	5	945	0.431798
1.3501	2	1	5	945	0.431698
1.3501	2	1	5	945	0.431598
1.3511	2	1	4	945	0.432498
1.3511	2	1	4	945	0.432398
1.3511	2	1	4	945	0.432298
1.3511	2	1	4	945	0.432198
1.3511	2	1	4	945	0.432098
1.3511	2	1	4	945	0.431998
1.3511	2	1	4	945	0.431898
1.3511	2	1	4	945	0.431798
1.3511	2	1	4	945	0.431698
1.3511	2	1	4	945	0.431598
1.3511	2	1	5	945	0.432498
1.3511	2	1	5	945	0.432398
1.3511	2	1	5	945	0.432298
1.3511	2	1	5	945	0.432198
1.3511	2	1	5	945	0.432098
1.3511	2	1	5	945	0.431998
1.3511	2	1	5	945	0.431898
1.3511	2	1	5	945	0.431798
1.3511	2	1	5	945	0.431698
1.3511	2	1	5	945	0.431598
1.35203	2	1	4	945	0.432427
1.35203	2	1	4	945	0.432327
1.35203	2	1	4	945	0.432227
1.35203	2	1	4	945	0.432127
1.35203	2	1	4	945	0.432027
1.35203	2	1	4	945	0.431927
1.35203	2	1	4	945	0.431827
1.35203	2	1	4	945	0.431727
1.35203	2	1	5	945	0.432426
1.35203	2	1	5	945	0.432326
1.35203	2	1	5	945	0.432226
1.35203	2	1	5	945	0.432126
1.35203	2	1	5	945	0.432026
1.35203	2	1	5	945	0.431926
1.35203	2	1	5	945	0.431826
1.35203	2	1	5	945	0.431726
1.3551	2	1	4	945	0.434698
1.3551	2	1	4	945	0.434598
1.3551	2	1	4	945	0.434498
1.3551	2	1	4	945	0.434398
1.3551	2	1	4	945	0.434298
1.3551	2	1	4	945	0.434198
1.3551	2	1	4	945	0.434098
1.3551	2	1	4	945	0.433998
1.3551	2	1	4	945	0.433898
1.3551	2	1	4	945	0.433798
1.3551	2	1	5	945	0.434698
1.3551	2	1	5	945	0.434598
1.3551	2	1	5	945	0.434498
1.3551	2	1	5	945	0.434398
1.3551	2	1	5	945	0.434298
1.3551	2	1	5	945	0.434198
1.3551	2	1	5	945	0.434098
1.3551	2	1	5	945	0.433998
1.3551	2	1	5	945	0.433898
1.3551	2	1	5	945	0.433798
1.3561	2	1	4	945	0.434698
1.3561	2	1	4	945	0.434598
1.3561	2	1	4	945	0.434498
1.3561	2	1	4	945	0.434398
1.3561	2	1	4	945	0.434298
1.3561	2	1	4	945	0.434198
1.3561	2	1	4	945	0.434098
1.3561	2	1	4	945	0.433998
1.3561	2	1	4	945	0.433898
1.3561	2	1	5	945	0.434698
1.3561	2	1	5	945	0.434598
1.3561	2	1	5	945	0.434498
1.3561	2	1	5	945	0.434398
1.3561	2	1	5	945	0.434298
1.3561	2	1	5	945	0.434198
1.3561	2	1	5	945	0.434098
1.3561	2	1	5	945	0.433998
1.3561	2	1	5	945	0.433898
1.35703	2	1	4	945	0.434727
1.35703	2	1	4	945	0.434627
1.35703	2	1	4	945	0.434527
1.35703	2	1	4	945	0.434427
1.35703	2	1	4	945	0.434327
1.35703	2	1	4	945	0.434227
1.35703	2	1	4	945	0.434127
1.35703	2	1	4	945	0.434027
1.35703	2	1	4	945	0.433927
1.35703	2	1	5	945	0.434726
1.35703	2	1	5	945	0.434626
1.35703	2	1	5	945	0.434526
1.35703	2	1	5	945	0.434426
1.35703	2	1	5	945	0.434326
1.35703	2	1	5	945	0.434226
1.35703	2	1	5	945	0.434126
1.35703	2	1	5	945	0.434026
1.35703	2	1	5	945	0.433926
1.3601	2	1	4	945	0.436898
1.3601	2	1	4	945	0.436798
1.3601	2	1	4	945	0.436698
1.3601	2	1	4	945	0.436598
1.3601	2	1	4	945	0.436498
1.3601	2	1	4	945	0.436398
1.3601	2	1	4	945	0.436298
1.3601	2	1	4	945	0.436198
1.3601	2	1	4	945	0.436098
1.3601	2	1	5	945	0.436898
1.3601	2	1	5	945	0.436798
1.3601	2	1	5	945	0.436698
1.3601	2	1	5	945	0.436598
1.3601	2	1	5	945	0.436498
1.3601	2	1	5	945	0.436398
1.3601	2	1	5	945	0.436298
1.3601	2	1	5	945	0.436198
1.3601	2	1	5	945	0.436098
1.3611	2	1	4	945	0.436998
1.3611	2	1	4	945	0.436898
1.3611	2	1	4	945	0.436798
1.3611	2	1	4	945	0.436698
1.3611	2	1	4	945	0.436598
1.3611	2	1	4	945	0.436498
1.3611	2	1	4	945	0.436398
1.3611	2	1	4	945	0.436298
1.3611	2	1	4	945	0.436198
1.3611	2	1	4	945	0.436098
1.3611	2	1	5	945	0.436998
1.3611	2	1	5	945	0.436898
1.3611	2	1	5	945	0.436798
1.3611	2	1	5	945	0.436698
1.3611	2	1	5	945	0.436598
1.3611	2	1	5	945	0.436498
1.3611	2	1	5	945	0.436398
1.3611	2	1	5	945	0.436298
1.3611	2	1	5	945	0.436198
1.3611	2	1	5	945	0.436098
1.36203	2	1	4	945	0.436927
1.36203	2	1	4	945	0.436827
1.36203	2	1	4	945	0.436727
1.36203	2	1	4	945	0.436627
1.36203	2	1	4	945	0.436527
1.36203	2	1	4	945	0.436427
1.36203	2	1	4	945	0.436327
1.36203	2	1	4	945	0.436227
1.36203	2	1	4	945	0.436127
1.36203	2	1	5	945	0.436926
1.36203	2	1	5	945	0.436826
1.36203	2	1	5	945	0.436726
1.36203	2	1	5	945	0.436626
1.36203	2	1	5	945	0.436526
1.36203	2	1	5	945	0.436426
1.36203	2	1	5	945	0.436326
1.36203	2	1	5	945	0.436226
1.36203	2	1	5	945	0.436126
1.3651	2	1	4	945	0.439098
1.3651	2	1	4	945	0.438998
1.3651	2	1	4	945	0.438898
1.3651	2	1	4	945	0.438798
1.3651	2	1	4	945	0.438698
1.3651	2	1	4	945	0.438598
1.3651	2	1	4	945	0.438498
1.3651	2	1	4	945	0.438398
1.3651	2	1	4	945	0.438298
1.3651	2	1	5	945	0.439098
1.3651	2	1	5	945	0.438998
1.3651	2	1	5	945	0.438898
1.3651	2	1	5	945	0.438798
1.3651	2	1	5	945	0.438698
1.3651	2	1	5	945	0.438598
1.3651	2	1	5	945	0.438498
1.3651	2	1	5	945	0.438398
1.3651	2	1	5	945	0.438298
1.3661	2	1	4	945	0.439198
1.3661	2	1	4	945	0.439098
1.3661	2	1	4	945	0.438998
1.3661	2	1	4	945	0.438898
1.3661	2	1	4	945	0.438798
1.3661	2	1	4	945	0.438698
1.3661	2	1	4	945	0.438598
1.3661	2	1	4	945	0.438498
1.3661	2	1	4	945	0.438398
1.3661	2	1	5	945	0.439198
1.3661	2	1	5	945	0.439098
1.3661	2	1	5	945	0.438998
1.3661	2	1	5	945	0.438898
1.3661	2	1	5	945	0.438798
1.3661	2	1	5	945	0.438698
1.3661	2	1	5	945	0.438598
1.3661	2	1	5	945	0.438498
1.3661	2	1	5	945	0.438398
1.36703	2	1	4	945	0.439227
1.36703	2	1	4	945	0.439127
1.36703	2	1	4	945	0.439027
1.36703	2	1	4	945	0.438927
1.36703	2	1	4	945	0.438827
1.36703	2	1	4	945	0.438727
1.36703	2	1	4	945	0.438627
1.36703	2	1	4	945	0.438527
1.36703	2	1	4	945	0.438427
1.36703	2	1	5	945	0.439226
1.36703	2	1	5	945	0.439126
1.36703	2	1	5	945	0.439026
1.36703	2	1	5	945	0.438926
1.36703	2	1	5	945	0.438826
1.36703	2	1	5	945	0.438726
1.36703	2	1	5	945	0.438626
1.36703	2	1	5	945	0.438526
1.36703	2	1	5	945	0.438426
1.3701	2	1	4	945	0.441398
1.3701	2	1	4	945	0.441298
1.3701	2	1	4	945	0.441198
1.3701	2	1	4	945	0.441098
1.3701	2	1	4	945	0.440998
1.3701	2	1	4	945	0.440898
1.3701	2	1	4	945	0.440798
1.3701	2	1	4	945	0.440698
1.3701	2	1	4	945	0.440598
1.3701	2	1	4	945	0.440498
1.3701	2	1	5	945	0.441398
1.3701	2	1	5	945	0.441298
1.3701	2	1	5	945	0.441198
1.3701	2	1	5	945	0.441098
1.3701	2	1	5	945	0.440998
1.3701	2	1	5	945	0.440898
1.3701	2	1	5	945	0.440798
1.3701	2	1	5	945	0.440698
1.3701	2	1	5	945	0.440598
1.3701	2	1	5	945	0.440498
1.3711	2	1	4	945	0.441398
1.3711	2	1	4	945	0.441298
1.3711	2	1	4	945	0.441198
1.3711	2	1	4	945	0.441098
1.3711	2	1	4	945	0.440998
1.3711	2	1	4	945	0.440898
1.3711	2	1	4	945	0.440798
1.3711	2	1	4	945	0.440698
1.3711	2	1	4	945	0.440598
1.3711	2	1	5	945	0.441398
1.3711	2	1	5	945	0.441298
1.3711	2	1	5	945	0.441198
1.3711	2	1	5	945	0.441098
1.3711	2	1	5	945	0.440998
1.3711	2	1	5	945	0.440898
1.3711	2	1	5	945	0.440798
1.3711	2	1	5	945	0.440698
1.3711	2	1	5	945	0.440598
1.37203	2	1	4	945	0.441427
1.37203	2	1	4	945	0.441327
1.37203	2	1	4	945	0.441227
1.37203	2	1	4	945	0.441127
1.37203	2	1	4	945	0.441027
1.37203	2	1	4	945	0.440927
1.37203	2	1	4	945	0.440827
1.37203	2	1	4	945	0.440727
1.37203	2	1	4	945	0.440627
1.37203	2	1	5	945	0.441426
1.37203	2	1	5	945	0.441326
1.37203	2	1	5	945	0.441226
1.37203	2	1	5	945	0.441126
1.37203	2	1	5	945	0.441026
1.37203	2	1	5	945	0.440926
1.37203	2	1	5	945	0.440826
1.37203	2	1	5	945	0.440726
1.37203	2	1	5	945	0.440626
1.3751	2	1	4	945	0.443598
1.3751	2	1	4	945	0.443498
1.3751	2	1	4	945	0.443398
1.3751	2	1	4	945	0.443298
1.3751	2	1	4	945	0.443198
1.3751	2	1	4	945	0.443098
1.3751	2	1	4	945	0.442998
1.3751	2	1	4	945	0.442898
1.3751	2	1	4	945	0.442798
1.3751	2	1	5	945	0.443598
1.3751	2	1	5	945	0.443498
1.3751	2	1	5	945	0.443398
1.3751	2	1	5	945	0.443298
1.3751	2	1	5	945	0.443198
1.3751	2	1	5	945	0.443098
1.3751	2	1	5	945	0.442998
1.3751	2	1	5	945	0.442898
1.3751	2	1	5	945	0.442798
1.3761	2	1	4	945	0.443698
1.3761	2	1	4	945	0.443598
1.3761	2	1	4	945	0.443498
1.3761	2	1	4	945	0.443398
1.3761	2	1	4	945	0.443298
1.3761	2	1	4	945	0.443198
1.3761	2	1	4	945	0.443098
1.3761	2	1	4	945	0.442998
1.3761	2	1	4	945	0.442898
1.3761	2	1	4	945	0.442798
1.3761	2	1	5	945	0.443698
1.3761	2	1	5	945	0.443598
1.3761	2	1	5	945	0.443498
1.3761	2	1	5	945	0.443398
1.3761	2	1	5	945	0.443298
1.3761	2	1	5	945	0.443198
1.3761	2	1	5	945	0.443098
1.3761	2	1	5	945	0.442998
1.3761	2	1	5	945	0.442898
1.3761	2	1	5	945	0.442798
1.37703	2	1	4	945	0.443627
1.37703	2	1	4	945	0.443527
1.37703	2	1	4	945	0.443427
1.37703	2	1	4	945	0.443327
1.37703	2	1	4	945	0.443227
1.37703	2	1	4	945	0.443127
1.37703	2	1	4	945	0.443027
1.37703	2	1	4	945	0.442927
1.37703	2	1	5	945	0.443626
1.37703	2	1	5	945	0.443526
1.37703	2	1	5	945	0.443426
1.37703	2	1	5	945	0.443326
1.37703	2	1	5	945	0.443226
1.37703	2	1	5	945	0.443126
1.37703	2	1	5	945	0.443026
1.37703	2	1	5	945	0.442926
1.3801	2	1	4	945	0.445898
1.3801	2	1	4	945	0.445798
1.3801	2	1	4	945	0.445698
1.3801	2	1	4	945	0.445598
1.3801	2	1	4	945	0.445498
1.3801	2	1	4	945	0.445398
1.3801	2	1	4	945	0.445298
1.3801	2	1	4	945	0.445198
1.3801	2	1	4	945	0.445098
1.3801	2	1	4	945	0.444998
1.3801	2	1	5	945	0.445898
1.3801	2	1	5	945	0.445798
1.3801	2	1	5	945	0.445698
1.3801	2	1	5	945	0.445598
1.3801	2	1	5	945	0.445498
1.3801	2	1	5	945	0.445398
1.3801	2	1	5	945	0.445298
1.3801	2	1	5	945	0.445198
1.3801	2	1	5	945	0.445098
1.3801	2	1	5	945	0.444998
1.3811	2	1	4	945	0.445898
1.3811	2	1	4	945	0.445798
1.3811	2	1	4	945	0.445698
1.3811	2	1	4	945	0.445598
1.3811	2	1	4	945	0.445498
1.3811	2	1	4	945	0.445398
1.3811	2	1	4	945	0.445298
1.3811	2	1	4	945	0.445198
1.3811	2	1	4	945	0.445098
1.3811	2	1	5	945	0.445898
1.3811	2	1	5	945	0.445798
1.3811	2	1	5	945	0.445698
1.3811	2	1	5	945	0.445598
1.3811	2	1	5	945	0.445498
1.3811	2	1	5	945	0.445398
1.3811	2	1	5	945	0.445298
1.3811	2	1	5	945	0.445198
1.3811	2	1	5	945	0.445098
1.38203	2	1	4	945	0.445927
1.38203	2	1	4	945	0.445827
1.38203	2	1	4	945	0.445727
1.38203	2	1	4	945	0.445627
1.38203	2	1	4	945	0.445527
1.38203	2	1	4	945	0.445427
1.38203	2	1	4	945	0.445327
1.38203	2	1	4	945	0.445227
1.38203	2	1	4	945	0.445127
1.38203	2	1	5	945	0.445926
1.38203	2	1	5	945	0.445826
1.38203	2	1	5	945	0.445726
1.38203	2	1	5	945	0.445626
1.38203	2	1	5	945	0.445526
1.38203	2	1	5	945	0.445426
1.38203	2	1	5	945	0.445326
1.38203	2	1	5	945	0.445226
1.38203	2	1	5	945	0.445126
1.3851	2	1	4	945	0.448098
1.3851	2	1	4	945	0.447998
1.3851	2	1	4	945	0.447898
1.3851	2	1	4	945	0.447798
1.3851	2	1	4	945	0.447698
1.3851	2	1	4	945	0.447598
1.3851	2	1	4	945	0.447498
1.3851	2	1	4	945	0.447398
1.3851	2	1	4	945	0.447298
1.3851	2	1	5	945	0.448098
1.3851	2	1	5	945	0.447998
1.3851	2	1	5	945	0.447898
1.3851	2	1	5	945	0.447798
1.3851	2	1	5	945	0.447698
1.3851	2	1	5	945	0.447598
1.3851	2	1	5	945	0.447498
1.3851	2	1	5	945	0.447398
1.3851	2	1	5	945	0.447298
1.3861	2	1	4	945	0.448198
1.3861	2	1	4	945	0.448098
1.3861	2	1	4	945	0.447998
1.3861	2	1	4	945	0.447898
1.3861	2	1	4	945	0.447798
1.3861	2	1	4	945	0.447698
1.3861	2	1	4	945	0.447598
1.3861	2	1	4	945	0.447498
1.3861	2	1	4	945	0.447398
1.3861	2	1	4	945	0.447298
1.3861	2	1	5	945	0.448198
1.3861	2	1	5	945	0.448098
1.3861	2	1	5	945	0.447998
1.3861	2	1	5	945	0.447898
1.3861	2	1	5	945	0.447798
1.3861	2	1	5	945	0.447698
1.3861	2	1	5	945	0.447598
1.3861	2	1	5	945	0.447498
1.3861	2	1	5	945	0.447398
1.3861	2	1	5	945	0.447298
1.38703	2	1	4	945	0.448127
1.38703	2	1	4	945	0.448027
1.38703	2	1	4	945	0.447927
1.38703	2	1	4	945	0.447827
1.38703	2	1	4	945	0.447727
1.38703	2	1	4	945	0.447627
1.38703	2	1	4	945	0.447527
1.38703	2	1	4	945	0.447427
1.38703	2	1	4	945	0.447327
1.38703	2	1	5	945	0.448126
1.38703	2	1	5	945	0.448026
1.38703	2	1	5	945	0.447926
1.38703	2	1	5	945	0.447826
1.38703	2	1	5	945	0.447726
1.38703	2	1	5	945	0.447626
1.38703	2	1	5	945	0.447526
1.38703	2	1	5	945	0.447426
1.38703	2	1	5	945	0.447326
1.3901	2	1	4	945	0.450298
1.3901	2	1	4	945	0.450198
1.3901	2	1	4	945	0.450098
1.3901	2	1	4	945	0.449998
1.3901	2	1	4	945	0.449898
1.3901	2	1	4	945	0.449798
1.3901	2	1	4	945	0.449698
1.3901	2	1	4	945	0.449598
1.3901	2	1	4	945	0.449498
1.3901	2	1	5	945	0.450298
1.3901	2	1	5	945	0.450198
1.3901	2	1	5	945	0.450098
1.3901	2	1	5	945	0.449998
1.3901	2	1	5	945	0.449898
1.3901	2	1	5	945	0.449798
1.3901	2	1	5	945	0.449698
1.3901	2	1	5	945	0.449598
1.3901	2	1	5	945	0.449498
1.3911	2	1	4	945	0.450398
1.3911	2	1	4	945	0.450298
1.3911	2	1	4	945	0.450198
1.3911	2	1	4	945	0.450098
1.3911	2	1	4	945	0.449998
1.3911	2	1	4	945	0.449898
1.3911	2	1	4	945	0.449798
1.3911	2	1	4	945	0.449698
1.3911	2	1	4	945	0.449598
1.3911	2	1	5	945	0.450398
1.3911	2	1	5	945	0.450298
1.3911	2	1	5	945	0.450198
1.3911	2	1	5	945	0.450098
1.3911	2	1	5	945	0.449998
1.3911	2	1	5	945	0.449898
1.3911	2	1	5	945	0.449798
1.3911	2	1	5	945	0.449698
1.3911	2	1	5	945	0.449598
1.39203	2	1	4	945	0.450427
1.39203	2	1	4	945	0.450327
1.39203	2	1	4	945	0.450227
1.39203	2	1	4	945	0.450127
1.39203	2	1	4	945	0.450027
1.39203	2	1	4	945	0.449927
1.39203	2	1	4	945	0.449827
1.39203	2	1	4	945	0.449727
1.39203	2	1	4	945	0.449627
1.39203	2	1	5	945	0.450426
1.39203	2	1	5	945	0.450326
1.39203	2	1	5	945	0.450226
1.39203	2	1	5	945	0.450126
1.39203	2	1	5	945	0.450026
1.39203	2	1	5	945	0.449926
1.39203	2	1	5	945	0.449826
1.39203	2	1	5	945	0.449726
1.39203	2	1	5	945	0.449626
1.3951	2	1	4	945	0.452598
1.3951	2	1	4	945	0.452498
1.3951	2	1	4	945	0.452398
1.3951	2	1	4	945	0.452298
1.3951	2	1	4	945	0.452198
1.3951	2	1	4	945	0.452098
1.3951	2	1	4	945	0.451998
1.3951	2	1	4	945	0.451898
1.3951	2	1	4	945	0.451798
1.3951	2	1	4	945	0.451698
1.3951	2	1	5	945	0.452598
1.3951	2	1	5	945	0.452498
1.3951	2	1	5	945	0.452398
1.3951	2	1	5	945	0.452298
1.3951	2	1	5	945	0.452198
1.3951	2	1	5	945	0.452098
1.3951	2	1	5	945	0.451998
1.3951	2	1	5	945	0.451898
1.3951	2	1	5	945	0.451798
1.3951	2	1	5	945	0.451698
1.3961	2	1	4	945	0.452598
1.3961	2	1	4	945	0.452498
1.3961	2	1	4	945	0.452398
1.3961	2	1	4	945	0.452298
1.3961	2	1	4	945	0.452198
1.3961	2	1	4	945	0.452098
1.3961	2	1	4	945	0.451998
1.3961	2	1	4	945	0.451898
1.3961	2	1	4	945	0.451798
1.3961	2	1	5	945	0.452598
1.3961	2	1	5	945	0.452498
1.3961	2	1	5	945	0.452398
1.3961	2	1	5	945	0.452298
1.3961	2	1	5	945	0.452198
1.3961	2	1	5	945	0.452098
1.3961	2	1	5	945	0.451998
1.3961	2	1	5	945	0.451898
1.3961	2	1	5	945	0.451798
1.39703	2	1	4	945	0.452627
1.39703	2	1	4	945	0.452527
1.39703	2	1	4	945	0.452427
1.39703	2	1	4	945	0.452327
1.39703	2	1	4	945	0.452227
1.39703	2	1	4	945	0.452127
1.39703	2	1	4	945	0.452027
1.39703	2	1	4	945	0.451927
1.39703	2	1	4	945	0.451827
1.39703	2	1	5	945	0.452626
1.39703	2	1	5	945	0.452526
1.39703	2	1	5	945	0.452426
1.39703	2	1	5	945	0.452326
1.39703	2	1	5	945	0.452226
1.39703	2	1	5	945	0.452126
1.39703	2	1	5	945	0.452026
1.39703	2	1	5	945	0.451926
1.39703	2	1	5	945	0.451826
