time(s)	cellId	rnti	lcid	packetSize	delay(s)
0.418029	2	1	3	945	0.0180286
0.418029	2	1	3	945	0.0179286
0.418029	2	1	3	945	0.0178286
0.418029	2	1	3	945	0.0177286
0.418029	2	1	3	945	0.0176286
0.418029	2	1	3	945	0.0175286
0.418029	2	1	3	945	0.0174286
0.418029	2	1	3	945	0.0173286
0.418029	2	1	3	945	0.0172286
0.419029	2	1	3	945	0.0181286
0.419029	2	1	3	945	0.0180286
0.419029	2	1	3	945	0.0179286
0.419029	2	1	3	945	0.0178286
0.419029	2	1	3	945	0.0177286
0.419029	2	1	3	945	0.0176286
0.419029	2	1	3	945	0.0175286
0.419029	2	1	3	945	0.0174286
0.419029	2	1	3	945	0.0173286
0.419029	2	1	3	945	0.0172286
0.423029	2	1	3	945	0.0211286
0.423029	2	1	3	945	0.0210286
0.423029	2	1	3	945	0.0209286
0.423029	2	1	3	945	0.0208286
0.423029	2	1	3	945	0.0207286
0.423029	2	1	3	945	0.0206286
0.423029	2	1	3	945	0.0205286
0.423029	2	1	3	945	0.0204286
0.423029	2	1	3	945	0.0203286
0.424029	2	1	3	945	0.0212286
0.424029	2	1	3	945	0.0211286
0.424029	2	1	3	945	0.0210286
0.424029	2	1	3	945	0.0209286
0.424029	2	1	3	945	0.0208286
0.424029	2	1	3	945	0.0207286
0.424029	2	1	3	945	0.0206286
0.424029	2	1	3	945	0.0205286
0.424029	2	1	3	945	0.0204286
0.424029	2	1	3	945	0.0203286
0.428029	2	1	3	945	0.0242286
0.428029	2	1	3	945	0.0241286
0.428029	2	1	3	945	0.0240286
0.428029	2	1	3	945	0.0239286
0.428029	2	1	3	945	0.0238286
0.428029	2	1	3	945	0.0237286
0.428029	2	1	3	945	0.0236286
0.428029	2	1	3	945	0.0235286
0.428029	2	1	3	945	0.0234286
0.429029	2	1	3	945	0.0243286
0.429029	2	1	3	945	0.0242286
0.429029	2	1	3	945	0.0241286
0.429029	2	1	3	945	0.0240286
0.429029	2	1	3	945	0.0239286
0.429029	2	1	3	945	0.0238286
0.429029	2	1	3	945	0.0237286
0.429029	2	1	3	945	0.0236286
0.429029	2	1	3	945	0.0235286
0.429029	2	1	3	945	0.0234286
0.433029	2	1	3	945	0.0273286
0.433029	2	1	3	945	0.0272286
0.433029	2	1	3	945	0.0271286
0.433029	2	1	3	945	0.0270286
0.433029	2	1	3	945	0.0269286
0.433029	2	1	3	945	0.0268286
0.433029	2	1	3	945	0.0267286
0.433029	2	1	3	945	0.0266286
0.433029	2	1	3	945	0.0265286
0.434029	2	1	3	945	0.0274286
0.434029	2	1	3	945	0.0273286
0.434029	2	1	3	945	0.0272286
0.434029	2	1	3	945	0.0271286
0.434029	2	1	3	945	0.0270286
0.434029	2	1	3	945	0.0269286
0.434029	2	1	3	945	0.0268286
0.434029	2	1	3	945	0.0267286
0.434029	2	1	3	945	0.0266286
0.438029	2	1	3	945	0.0305286
0.438029	2	1	3	945	0.0304286
0.438029	2	1	3	945	0.0303286
0.438029	2	1	3	945	0.0302286
0.438029	2	1	3	945	0.0301286
0.438029	2	1	3	945	0.0300286
0.438029	2	1	3	945	0.0299286
0.438029	2	1	3	945	0.0298286
0.438029	2	1	3	945	0.0297286
0.438029	2	1	3	945	0.0296286
0.439029	2	1	3	945	0.0305286
0.439029	2	1	3	945	0.0304286
0.439029	2	1	3	945	0.0303286
0.439029	2	1	3	945	0.0302286
0.439029	2	1	3	945	0.0301286
0.439029	2	1	3	945	0.0300286
0.439029	2	1	3	945	0.0299286
0.439029	2	1	3	945	0.0298286
0.439029	2	1	3	945	0.0297286
0.443029	2	1	3	945	0.0336286
0.443029	2	1	3	945	0.0335286
0.443029	2	1	3	945	0.0334286
0.443029	2	1	3	945	0.0333286
0.443029	2	1	3	945	0.0332286
0.443029	2	1	3	945	0.0331286
0.443029	2	1	3	945	0.0330286
0.443029	2	1	3	945	0.0329286
0.443029	2	1	3	945	0.0328286
0.443029	2	1	3	945	0.0327286
0.444029	2	1	3	945	0.0336286
0.444029	2	1	3	945	0.0335286
0.444029	2	1	3	945	0.0334286
0.444029	2	1	3	945	0.0333286
0.444029	2	1	3	945	0.0332286
0.444029	2	1	3	945	0.0331286
0.444029	2	1	3	945	0.0330286
0.444029	2	1	3	945	0.0329286
0.444029	2	1	3	945	0.0328286
0.448029	2	1	3	945	0.0367286
0.448029	2	1	3	945	0.0366286
0.448029	2	1	3	945	0.0365286
0.448029	2	1	3	945	0.0364286
0.448029	2	1	3	945	0.0363286
0.448029	2	1	3	945	0.0362286
0.448029	2	1	3	945	0.0361286
0.448029	2	1	3	945	0.0360286
0.448029	2	1	3	945	0.0359286
0.448029	2	1	3	945	0.0358286
0.449029	2	1	3	945	0.0367286
0.449029	2	1	3	945	0.0366286
0.449029	2	1	3	945	0.0365286
0.449029	2	1	3	945	0.0364286
0.449029	2	1	3	945	0.0363286
0.449029	2	1	3	945	0.0362286
0.449029	2	1	3	945	0.0361286
0.449029	2	1	3	945	0.0360286
0.449029	2	1	3	945	0.0359286
0.453029	2	1	3	945	0.0398286
0.453029	2	1	3	945	0.0397286
0.453029	2	1	3	945	0.0396286
0.453029	2	1	3	945	0.0395286
0.453029	2	1	3	945	0.0394286
0.453029	2	1	3	945	0.0393286
0.453029	2	1	3	945	0.0392286
0.453029	2	1	3	945	0.0391286
0.453029	2	1	3	945	0.0390286
0.454029	2	1	3	945	0.0399286
0.454029	2	1	3	945	0.0398286
0.454029	2	1	3	945	0.0397286
0.454029	2	1	3	945	0.0396286
0.454029	2	1	3	945	0.0395286
0.454029	2	1	3	945	0.0394286
0.454029	2	1	3	945	0.0393286
0.454029	2	1	3	945	0.0392286
0.454029	2	1	3	945	0.0391286
0.454029	2	1	3	945	0.0390286
0.458029	2	1	3	945	0.0429286
0.458029	2	1	3	945	0.0428286
0.458029	2	1	3	945	0.0427286
0.458029	2	1	3	945	0.0426286
0.458029	2	1	3	945	0.0425286
0.458029	2	1	3	945	0.0424286
0.458029	2	1	3	945	0.0423286
0.458029	2	1	3	945	0.0422286
0.458029	2	1	3	945	0.0421286
0.459029	2	1	3	945	0.0430286
0.459029	2	1	3	945	0.0429286
0.459029	2	1	3	945	0.0428286
0.459029	2	1	3	945	0.0427286
0.459029	2	1	3	945	0.0426286
0.459029	2	1	3	945	0.0425286
0.459029	2	1	3	945	0.0424286
0.459029	2	1	3	945	0.0423286
0.459029	2	1	3	945	0.0422286
0.459029	2	1	3	945	0.0421286
0.463029	2	1	3	945	0.0460286
0.463029	2	1	3	945	0.0459286
0.463029	2	1	3	945	0.0458286
0.463029	2	1	3	945	0.0457286
0.463029	2	1	3	945	0.0456286
0.463029	2	1	3	945	0.0455286
0.463029	2	1	3	945	0.0454286
0.463029	2	1	3	945	0.0453286
0.463029	2	1	3	945	0.0452286
0.464029	2	1	3	945	0.0461286
0.464029	2	1	3	945	0.0460286
0.464029	2	1	3	945	0.0459286
0.464029	2	1	3	945	0.0458286
0.464029	2	1	3	945	0.0457286
0.464029	2	1	3	945	0.0456286
0.464029	2	1	3	945	0.0455286
0.464029	2	1	3	945	0.0454286
0.464029	2	1	3	945	0.0453286
0.464029	2	1	3	945	0.0452286
0.468029	2	1	3	945	0.0491286
0.468029	2	1	3	945	0.0490286
0.468029	2	1	3	945	0.0489286
0.468029	2	1	3	945	0.0488286
0.468029	2	1	3	945	0.0487286
0.468029	2	1	3	945	0.0486286
0.468029	2	1	3	945	0.0485286
0.468029	2	1	3	945	0.0484286
0.468029	2	1	3	945	0.0483286
0.469029	2	1	3	945	0.0492286
0.469029	2	1	3	945	0.0491286
0.469029	2	1	3	945	0.0490286
0.469029	2	1	3	945	0.0489286
0.469029	2	1	3	945	0.0488286
0.469029	2	1	3	945	0.0487286
0.469029	2	1	3	945	0.0486286
0.469029	2	1	3	945	0.0485286
0.469029	2	1	3	945	0.0484286
0.473029	2	1	3	945	0.0523286
0.473029	2	1	3	945	0.0522286
0.473029	2	1	3	945	0.0521286
0.473029	2	1	3	945	0.0520286
0.473029	2	1	3	945	0.0519286
0.473029	2	1	3	945	0.0518286
0.473029	2	1	3	945	0.0517286
0.473029	2	1	3	945	0.0516286
0.473029	2	1	3	945	0.0515286
0.473029	2	1	3	945	0.0514286
0.474029	2	1	3	945	0.0523286
0.474029	2	1	3	945	0.0522286
0.474029	2	1	3	945	0.0521286
0.474029	2	1	3	945	0.0520286
0.474029	2	1	3	945	0.0519286
0.474029	2	1	3	945	0.0518286
0.474029	2	1	3	945	0.0517286
0.474029	2	1	3	945	0.0516286
0.474029	2	1	3	945	0.0515286
0.478029	2	1	3	945	0.0554286
0.478029	2	1	3	945	0.0553286
0.478029	2	1	3	945	0.0552286
0.478029	2	1	3	945	0.0551286
0.478029	2	1	3	945	0.0550286
0.478029	2	1	3	945	0.0549286
0.478029	2	1	3	945	0.0548286
0.478029	2	1	3	945	0.0547286
0.478029	2	1	3	945	0.0546286
0.478029	2	1	3	945	0.0545286
0.479029	2	1	3	945	0.0554286
0.479029	2	1	3	945	0.0553286
0.479029	2	1	3	945	0.0552286
0.479029	2	1	3	945	0.0551286
0.479029	2	1	3	945	0.0550286
0.479029	2	1	3	945	0.0549286
0.479029	2	1	3	945	0.0548286
0.479029	2	1	3	945	0.0547286
0.479029	2	1	3	945	0.0546286
0.483029	2	1	3	945	0.0585286
0.483029	2	1	3	945	0.0584286
0.483029	2	1	3	945	0.0583286
0.483029	2	1	3	945	0.0582286
0.483029	2	1	3	945	0.0581286
0.483029	2	1	3	945	0.0580286
0.483029	2	1	3	945	0.0579286
0.483029	2	1	3	945	0.0578286
0.483029	2	1	3	945	0.0577286
0.483029	2	1	3	945	0.0576286
0.484029	2	1	3	945	0.0585286
0.484029	2	1	3	945	0.0584286
0.484029	2	1	3	945	0.0583286
0.484029	2	1	3	945	0.0582286
0.484029	2	1	3	945	0.0581286
0.484029	2	1	3	945	0.0580286
0.484029	2	1	3	945	0.0579286
0.484029	2	1	3	945	0.0578286
0.484029	2	1	3	945	0.0577286
0.488029	2	1	3	945	0.0616286
0.488029	2	1	3	945	0.0615286
0.488029	2	1	3	945	0.0614286
0.488029	2	1	3	945	0.0613286
0.488029	2	1	3	945	0.0612286
0.488029	2	1	3	945	0.0611286
0.488029	2	1	3	945	0.0610286
0.488029	2	1	3	945	0.0609286
0.488029	2	1	3	945	0.0608286
0.489029	2	1	3	945	0.0617286
0.489029	2	1	3	945	0.0616286
0.489029	2	1	3	945	0.0615286
0.489029	2	1	3	945	0.0614286
0.489029	2	1	3	945	0.0613286
0.489029	2	1	3	945	0.0612286
0.489029	2	1	3	945	0.0611286
0.489029	2	1	3	945	0.0610286
0.489029	2	1	3	945	0.0609286
0.489029	2	1	3	945	0.0608286
0.493029	2	1	3	945	0.0647286
0.493029	2	1	3	945	0.0646286
0.493029	2	1	3	945	0.0645286
0.493029	2	1	3	945	0.0644286
0.493029	2	1	3	945	0.0643286
0.493029	2	1	3	945	0.0642286
0.493029	2	1	3	945	0.0641286
0.493029	2	1	3	945	0.0640286
0.493029	2	1	3	945	0.0639286
0.494029	2	1	3	945	0.0648286
0.494029	2	1	3	945	0.0647286
0.494029	2	1	3	945	0.0646286
0.494029	2	1	3	945	0.0645286
0.494029	2	1	3	945	0.0644286
0.494029	2	1	3	945	0.0643286
0.494029	2	1	3	945	0.0642286
0.494029	2	1	3	945	0.0641286
0.494029	2	1	3	945	0.0640286
0.494029	2	1	3	945	0.0639286
0.498029	2	1	3	945	0.0678286
0.498029	2	1	3	945	0.0677286
0.498029	2	1	3	945	0.0676286
0.498029	2	1	3	945	0.0675286
0.498029	2	1	3	945	0.0674286
0.498029	2	1	3	945	0.0673286
0.498029	2	1	3	945	0.0672286
0.498029	2	1	3	945	0.0671286
0.498029	2	1	3	945	0.0670286
0.499029	2	1	3	945	0.0679286
0.499029	2	1	3	945	0.0678286
0.499029	2	1	3	945	0.0677286
0.499029	2	1	3	945	0.0676286
0.499029	2	1	3	945	0.0675286
0.499029	2	1	3	945	0.0674286
0.499029	2	1	3	945	0.0673286
0.499029	2	1	3	945	0.0672286
0.499029	2	1	3	945	0.0671286
0.499029	2	1	3	945	0.0670286
0.503029	2	1	3	945	0.0709286
0.503029	2	1	3	945	0.0708286
0.503029	2	1	3	945	0.0707286
0.503029	2	1	3	945	0.0706286
0.503029	2	1	3	945	0.0705286
0.503029	2	1	3	945	0.0704286
0.503029	2	1	3	945	0.0703286
0.503029	2	1	3	945	0.0702286
0.503029	2	1	3	945	0.0701286
0.504029	2	1	3	945	0.0710286
0.504029	2	1	3	945	0.0709286
0.504029	2	1	3	945	0.0708286
0.504029	2	1	3	945	0.0707286
0.504029	2	1	3	945	0.0706286
0.504029	2	1	3	945	0.0705286
0.504029	2	1	3	945	0.0704286
0.504029	2	1	3	945	0.0703286
0.504029	2	1	3	945	0.0702286
0.508029	2	1	3	945	0.0741286
0.508029	2	1	3	945	0.0740286
0.508029	2	1	3	945	0.0739286
0.508029	2	1	3	945	0.0738286
0.508029	2	1	3	945	0.0737286
0.508029	2	1	3	945	0.0736286
0.508029	2	1	3	945	0.0735286
0.508029	2	1	3	945	0.0734286
0.508029	2	1	3	945	0.0733286
0.508029	2	1	3	945	0.0732286
0.509029	2	1	3	945	0.0741286
0.509029	2	1	3	945	0.0740286
0.509029	2	1	3	945	0.0739286
0.509029	2	1	3	945	0.0738286
0.509029	2	1	3	945	0.0737286
0.509029	2	1	3	945	0.0736286
0.509029	2	1	3	945	0.0735286
0.509029	2	1	3	945	0.0734286
0.509029	2	1	3	945	0.0733286
0.513029	2	1	3	945	0.0772286
0.513029	2	1	3	945	0.0771286
0.513029	2	1	3	945	0.0770286
0.513029	2	1	3	945	0.0769286
0.513029	2	1	3	945	0.0768286
0.513029	2	1	3	945	0.0767286
0.513029	2	1	3	945	0.0766286
0.513029	2	1	3	945	0.0765286
0.513029	2	1	3	945	0.0764286
0.513029	2	1	3	945	0.0763286
0.514029	2	1	3	945	0.0772286
0.514029	2	1	3	945	0.0771286
0.514029	2	1	3	945	0.0770286
0.514029	2	1	3	945	0.0769286
0.514029	2	1	3	945	0.0768286
0.514029	2	1	3	945	0.0767286
0.514029	2	1	3	945	0.0766286
0.514029	2	1	3	945	0.0765286
0.514029	2	1	3	945	0.0764286
0.518029	2	1	3	945	0.0803286
0.518029	2	1	3	945	0.0802286
0.518029	2	1	3	945	0.0801286
0.518029	2	1	3	945	0.0800286
0.518029	2	1	3	945	0.0799286
0.518029	2	1	3	945	0.0798286
0.518029	2	1	3	945	0.0797286
0.518029	2	1	3	945	0.0796286
0.518029	2	1	3	945	0.0795286
0.518029	2	1	3	945	0.0794286
0.519029	2	1	3	945	0.0803286
0.519029	2	1	3	945	0.0802286
0.519029	2	1	3	945	0.0801286
0.519029	2	1	3	945	0.0800286
0.519029	2	1	3	945	0.0799286
0.519029	2	1	3	945	0.0798286
0.519029	2	1	3	945	0.0797286
0.519029	2	1	3	945	0.0796286
0.519029	2	1	3	945	0.0795286
0.523029	2	1	3	945	0.0834286
0.523029	2	1	3	945	0.0833286
0.523029	2	1	3	945	0.0832286
0.523029	2	1	3	945	0.0831286
0.523029	2	1	3	945	0.0830286
0.523029	2	1	3	945	0.0829286
0.523029	2	1	3	945	0.0828286
0.523029	2	1	3	945	0.0827286
0.523029	2	1	3	945	0.0826286
0.524029	2	1	3	945	0.0835286
0.524029	2	1	3	945	0.0834286
0.524029	2	1	3	945	0.0833286
0.524029	2	1	3	945	0.0832286
0.524029	2	1	3	945	0.0831286
0.524029	2	1	3	945	0.0830286
0.524029	2	1	3	945	0.0829286
0.524029	2	1	3	945	0.0828286
0.524029	2	1	3	945	0.0827286
0.524029	2	1	3	945	0.0826286
0.528029	2	1	3	945	0.0865286
0.528029	2	1	3	945	0.0864286
0.528029	2	1	3	945	0.0863286
0.528029	2	1	3	945	0.0862286
0.528029	2	1	3	945	0.0861286
0.528029	2	1	3	945	0.0860286
0.528029	2	1	3	945	0.0859286
0.528029	2	1	3	945	0.0858286
0.528029	2	1	3	945	0.0857286
0.529029	2	1	3	945	0.0866286
0.529029	2	1	3	945	0.0865286
0.529029	2	1	3	945	0.0864286
0.529029	2	1	3	945	0.0863286
0.529029	2	1	3	945	0.0862286
0.529029	2	1	3	945	0.0861286
0.529029	2	1	3	945	0.0860286
0.529029	2	1	3	945	0.0859286
0.529029	2	1	3	945	0.0858286
0.529029	2	1	3	945	0.0857286
0.533029	2	1	3	945	0.0896286
0.533029	2	1	3	945	0.0895286
0.533029	2	1	3	945	0.0894286
0.533029	2	1	3	945	0.0893286
0.533029	2	1	3	945	0.0892286
0.533029	2	1	3	945	0.0891286
0.533029	2	1	3	945	0.0890286
0.533029	2	1	3	945	0.0889286
0.533029	2	1	3	945	0.0888286
0.534029	2	1	3	945	0.0897286
0.534029	2	1	3	945	0.0896286
0.534029	2	1	3	945	0.0895286
0.534029	2	1	3	945	0.0894286
0.534029	2	1	3	945	0.0893286
0.534029	2	1	3	945	0.0892286
0.534029	2	1	3	945	0.0891286
0.534029	2	1	3	945	0.0890286
0.534029	2	1	3	945	0.0889286
0.534029	2	1	3	945	0.0888286
0.538029	2	1	3	945	0.0927286
0.538029	2	1	3	945	0.0926286
0.538029	2	1	3	945	0.0925286
0.538029	2	1	3	945	0.0924286
0.538029	2	1	3	945	0.0923286
0.538029	2	1	3	945	0.0922286
0.538029	2	1	3	945	0.0921286
0.538029	2	1	3	945	0.0920286
0.538029	2	1	3	945	0.0919286
0.539029	2	1	3	945	0.0928286
0.539029	2	1	3	945	0.0927286
0.539029	2	1	3	945	0.0926286
0.539029	2	1	3	945	0.0925286
0.539029	2	1	3	945	0.0924286
0.539029	2	1	3	945	0.0923286
0.539029	2	1	3	945	0.0922286
0.539029	2	1	3	945	0.0921286
0.539029	2	1	3	945	0.0920286
0.543029	2	1	3	945	0.0959286
0.543029	2	1	3	945	0.0958286
0.543029	2	1	3	945	0.0957286
0.543029	2	1	3	945	0.0956286
0.543029	2	1	3	945	0.0955286
0.543029	2	1	3	945	0.0954286
0.543029	2	1	3	945	0.0953286
0.543029	2	1	3	945	0.0952286
0.543029	2	1	3	945	0.0951286
0.543029	2	1	3	945	0.0950286
0.544029	2	1	3	945	0.0959286
0.544029	2	1	3	945	0.0958286
0.544029	2	1	3	945	0.0957286
0.544029	2	1	3	945	0.0956286
0.544029	2	1	3	945	0.0955286
0.544029	2	1	3	945	0.0954286
0.544029	2	1	3	945	0.0953286
0.544029	2	1	3	945	0.0952286
0.544029	2	1	3	945	0.0951286
0.548029	2	1	3	945	0.0990286
0.548029	2	1	3	945	0.0989286
0.548029	2	1	3	945	0.0988286
0.548029	2	1	3	945	0.0987286
0.548029	2	1	3	945	0.0986286
0.548029	2	1	3	945	0.0985286
0.548029	2	1	3	945	0.0984286
0.548029	2	1	3	945	0.0983286
0.548029	2	1	3	945	0.0982286
0.548029	2	1	3	945	0.0981286
0.549029	2	1	3	945	0.0990286
0.549029	2	1	3	945	0.0989286
0.549029	2	1	3	945	0.0988286
0.549029	2	1	3	945	0.0987286
0.549029	2	1	3	945	0.0986286
0.549029	2	1	3	945	0.0985286
0.549029	2	1	3	945	0.0984286
0.549029	2	1	3	945	0.0983286
0.549029	2	1	3	945	0.0982286
0.553029	2	1	3	945	0.102129
0.553029	2	1	3	945	0.102029
0.553029	2	1	3	945	0.101929
0.553029	2	1	3	945	0.101829
0.553029	2	1	3	945	0.101729
0.553029	2	1	3	945	0.101629
0.553029	2	1	3	945	0.101529
0.553029	2	1	3	945	0.101429
0.553029	2	1	3	945	0.101329
0.553029	2	1	3	945	0.101229
0.554029	2	1	3	945	0.102129
0.554029	2	1	3	945	0.102029
0.554029	2	1	3	945	0.101929
0.554029	2	1	3	945	0.101829
0.554029	2	1	3	945	0.101729
0.554029	2	1	3	945	0.101629
0.554029	2	1	3	945	0.101529
0.554029	2	1	3	945	0.101429
0.554029	2	1	3	945	0.101329
0.558029	2	1	3	945	0.105229
0.558029	2	1	3	945	0.105129
0.558029	2	1	3	945	0.105029
0.558029	2	1	3	945	0.104929
0.558029	2	1	3	945	0.104829
0.558029	2	1	3	945	0.104729
0.558029	2	1	3	945	0.104629
0.558029	2	1	3	945	0.104529
0.558029	2	1	3	945	0.104429
0.558029	2	1	3	945	0.104329
0.559029	2	1	3	945	0.105229
0.559029	2	1	3	945	0.105129
0.559029	2	1	3	945	0.105029
0.559029	2	1	3	945	0.104929
0.559029	2	1	3	945	0.104829
0.559029	2	1	3	945	0.104729
0.559029	2	1	3	945	0.104629
0.559029	2	1	3	945	0.104529
0.559029	2	1	3	945	0.104429
0.563029	2	1	3	945	0.108329
0.563029	2	1	3	945	0.108229
0.563029	2	1	3	945	0.108129
0.563029	2	1	3	945	0.108029
0.563029	2	1	3	945	0.107929
0.563029	2	1	3	945	0.107829
0.563029	2	1	3	945	0.107729
0.563029	2	1	3	945	0.107629
0.563029	2	1	3	945	0.107529
0.564029	2	1	3	945	0.108429
0.564029	2	1	3	945	0.108329
0.564029	2	1	3	945	0.108229
0.564029	2	1	3	945	0.108129
0.564029	2	1	3	945	0.108029
0.564029	2	1	3	945	0.107929
0.564029	2	1	3	945	0.107829
0.564029	2	1	3	945	0.107729
0.564029	2	1	3	945	0.107629
0.564029	2	1	3	945	0.107529
0.568029	2	1	3	945	0.111429
0.568029	2	1	3	945	0.111329
0.568029	2	1	3	945	0.111229
0.568029	2	1	3	945	0.111129
0.568029	2	1	3	945	0.111029
0.568029	2	1	3	945	0.110929
0.568029	2	1	3	945	0.110829
0.568029	2	1	3	945	0.110729
0.568029	2	1	3	945	0.110629
0.569029	2	1	3	945	0.111529
0.569029	2	1	3	945	0.111429
0.569029	2	1	3	945	0.111329
0.569029	2	1	3	945	0.111229
0.569029	2	1	3	945	0.111129
0.569029	2	1	3	945	0.111029
0.569029	2	1	3	945	0.110929
0.569029	2	1	3	945	0.110829
0.569029	2	1	3	945	0.110729
0.569029	2	1	3	945	0.110629
0.573029	2	1	3	945	0.114529
0.573029	2	1	3	945	0.114429
0.573029	2	1	3	945	0.114329
0.573029	2	1	3	945	0.114229
0.573029	2	1	3	945	0.114129
0.573029	2	1	3	945	0.114029
0.573029	2	1	3	945	0.113929
0.573029	2	1	3	945	0.113829
0.573029	2	1	3	945	0.113729
0.574029	2	1	3	945	0.114629
0.574029	2	1	3	945	0.114529
0.574029	2	1	3	945	0.114429
0.574029	2	1	3	945	0.114329
0.574029	2	1	3	945	0.114229
0.574029	2	1	3	945	0.114129
0.574029	2	1	3	945	0.114029
0.574029	2	1	3	945	0.113929
0.574029	2	1	3	945	0.113829
0.574029	2	1	3	945	0.113729
0.578029	2	1	3	945	0.117629
0.578029	2	1	3	945	0.117529
0.578029	2	1	3	945	0.117429
0.578029	2	1	3	945	0.117329
0.578029	2	1	3	945	0.117229
0.578029	2	1	3	945	0.117129
0.578029	2	1	3	945	0.117029
0.578029	2	1	3	945	0.116929
0.578029	2	1	3	945	0.116829
0.583029	2	1	3	945	0.121729
0.583029	2	1	3	945	0.121629
0.583029	2	1	3	945	0.121529
0.583029	2	1	3	945	0.121429
0.583029	2	1	3	945	0.121329
0.583029	2	1	3	945	0.121229
0.583029	2	1	3	945	0.121129
0.583029	2	1	3	945	0.121029
0.583029	2	1	3	945	0.120929
0.584029	2	1	3	945	0.121829
0.584029	2	1	3	945	0.121729
0.584029	2	1	3	945	0.121629
0.584029	2	1	3	945	0.121529
0.584029	2	1	3	945	0.121429
0.584029	2	1	3	945	0.121329
0.584029	2	1	3	945	0.121229
0.584029	2	1	3	945	0.121129
0.584029	2	1	3	945	0.121029
0.584029	2	1	3	945	0.120929
0.588029	2	1	3	945	0.124829
0.588029	2	1	3	945	0.124729
0.588029	2	1	3	945	0.124629
0.588029	2	1	3	945	0.124529
0.588029	2	1	3	945	0.124429
0.588029	2	1	3	945	0.124329
0.588029	2	1	3	945	0.124229
0.588029	2	1	3	945	0.124129
0.588029	2	1	3	945	0.124029
0.589029	2	1	3	945	0.124929
0.589029	2	1	3	945	0.124829
0.589029	2	1	3	945	0.124729
0.589029	2	1	3	945	0.124629
0.589029	2	1	3	945	0.124529
0.589029	2	1	3	945	0.124429
0.589029	2	1	3	945	0.124329
0.589029	2	1	3	945	0.124229
0.589029	2	1	3	945	0.124129
0.589029	2	1	3	945	0.124029
0.593029	2	1	3	945	0.127929
0.593029	2	1	3	945	0.127829
0.593029	2	1	3	945	0.127729
0.593029	2	1	3	945	0.127629
0.593029	2	1	3	945	0.127529
0.593029	2	1	3	945	0.127429
0.593029	2	1	3	945	0.127329
0.593029	2	1	3	945	0.127229
0.593029	2	1	3	945	0.127129
0.594029	2	1	3	945	0.128029
0.594029	2	1	3	945	0.127929
0.594029	2	1	3	945	0.127829
0.594029	2	1	3	945	0.127729
0.594029	2	1	3	945	0.127629
0.594029	2	1	3	945	0.127529
0.594029	2	1	3	945	0.127429
0.594029	2	1	3	945	0.127329
0.594029	2	1	3	945	0.127229
0.594029	2	1	3	945	0.127129
0.598029	2	1	3	945	0.131029
0.598029	2	1	3	945	0.130929
0.598029	2	1	3	945	0.130829
0.598029	2	1	3	945	0.130729
0.598029	2	1	3	945	0.130629
0.598029	2	1	3	945	0.130529
0.598029	2	1	3	945	0.130429
0.598029	2	1	3	945	0.130329
0.598029	2	1	3	945	0.130229
0.599029	2	1	3	945	0.131129
0.599029	2	1	3	945	0.131029
0.599029	2	1	3	945	0.130929
0.599029	2	1	3	945	0.130829
0.599029	2	1	3	945	0.130729
0.599029	2	1	3	945	0.130629
0.599029	2	1	3	945	0.130529
0.599029	2	1	3	945	0.130429
0.599029	2	1	3	945	0.130329
0.603029	2	1	3	945	0.134229
0.603029	2	1	3	945	0.134129
0.603029	2	1	3	945	0.134029
0.603029	2	1	3	945	0.133929
0.603029	2	1	3	945	0.133829
0.603029	2	1	3	945	0.133729
0.603029	2	1	3	945	0.133629
0.603029	2	1	3	945	0.133529
0.603029	2	1	3	945	0.133429
0.603029	2	1	3	945	0.133329
0.604029	2	1	3	945	0.134229
0.604029	2	1	3	945	0.134129
0.604029	2	1	3	945	0.134029
0.604029	2	1	3	945	0.133929
0.604029	2	1	3	945	0.133829
0.604029	2	1	3	945	0.133729
0.604029	2	1	3	945	0.133629
0.604029	2	1	3	945	0.133529
0.604029	2	1	3	945	0.133429
0.608029	2	1	3	945	0.137329
0.608029	2	1	3	945	0.137229
0.608029	2	1	3	945	0.137129
0.608029	2	1	3	945	0.137029
0.608029	2	1	3	945	0.136929
0.608029	2	1	3	945	0.136829
0.608029	2	1	3	945	0.136729
0.608029	2	1	3	945	0.136629
0.608029	2	1	3	945	0.136529
0.608029	2	1	3	945	0.136429
0.609029	2	1	3	945	0.137329
0.609029	2	1	3	945	0.137229
0.609029	2	1	3	945	0.137129
0.609029	2	1	3	945	0.137029
0.609029	2	1	3	945	0.136929
0.609029	2	1	3	945	0.136829
0.609029	2	1	3	945	0.136729
0.609029	2	1	3	945	0.136629
0.609029	2	1	3	945	0.136529
0.613029	2	1	3	945	0.140429
0.613029	2	1	3	945	0.140329
0.613029	2	1	3	945	0.140229
0.613029	2	1	3	945	0.140129
0.613029	2	1	3	945	0.140029
0.613029	2	1	3	945	0.139929
0.613029	2	1	3	945	0.139829
0.613029	2	1	3	945	0.139729
0.613029	2	1	3	945	0.139629
0.613029	2	1	3	945	0.139529
0.614029	2	1	3	945	0.140429
0.614029	2	1	3	945	0.140329
0.614029	2	1	3	945	0.140229
0.614029	2	1	3	945	0.140129
0.614029	2	1	3	945	0.140029
0.614029	2	1	3	945	0.139929
0.614029	2	1	3	945	0.139829
0.614029	2	1	3	945	0.139729
0.614029	2	1	3	945	0.139629
0.618029	2	1	3	945	0.143529
0.618029	2	1	3	945	0.143429
0.618029	2	1	3	945	0.143329
0.618029	2	1	3	945	0.143229
0.618029	2	1	3	945	0.143129
0.618029	2	1	3	945	0.143029
0.618029	2	1	3	945	0.142929
0.618029	2	1	3	945	0.142829
0.618029	2	1	3	945	0.142729
0.619029	2	1	3	945	0.143629
0.619029	2	1	3	945	0.143529
0.619029	2	1	3	945	0.143429
0.619029	2	1	3	945	0.143329
0.619029	2	1	3	945	0.143229
0.619029	2	1	3	945	0.143129
0.619029	2	1	3	945	0.143029
0.619029	2	1	3	945	0.142929
0.619029	2	1	3	945	0.142829
0.619029	2	1	3	945	0.142729
0.623029	2	1	3	945	0.146629
0.623029	2	1	3	945	0.146529
0.623029	2	1	3	945	0.146429
0.623029	2	1	3	945	0.146329
0.623029	2	1	3	945	0.146229
0.623029	2	1	3	945	0.146129
0.623029	2	1	3	945	0.146029
0.623029	2	1	3	945	0.145929
0.623029	2	1	3	945	0.145829
0.624029	2	1	3	945	0.146729
0.624029	2	1	3	945	0.146629
0.624029	2	1	3	945	0.146529
0.624029	2	1	3	945	0.146429
0.624029	2	1	3	945	0.146329
0.624029	2	1	3	945	0.146229
0.624029	2	1	3	945	0.146129
0.624029	2	1	3	945	0.146029
0.624029	2	1	3	945	0.145929
0.624029	2	1	3	945	0.145829
0.628029	2	1	3	945	0.149729
0.628029	2	1	3	945	0.149629
0.628029	2	1	3	945	0.149529
0.628029	2	1	3	945	0.149429
0.628029	2	1	3	945	0.149329
0.628029	2	1	3	945	0.149229
0.628029	2	1	3	945	0.149129
0.628029	2	1	3	945	0.149029
0.628029	2	1	3	945	0.148929
0.629029	2	1	3	945	0.149829
0.629029	2	1	3	945	0.149729
0.629029	2	1	3	945	0.149629
0.629029	2	1	3	945	0.149529
0.629029	2	1	3	945	0.149429
0.629029	2	1	3	945	0.149329
0.629029	2	1	3	945	0.149229
0.629029	2	1	3	945	0.149129
0.629029	2	1	3	945	0.149029
0.629029	2	1	3	945	0.148929
0.633029	2	1	3	945	0.152829
0.633029	2	1	3	945	0.152729
0.633029	2	1	3	945	0.152629
0.633029	2	1	3	945	0.152529
0.633029	2	1	3	945	0.152429
0.633029	2	1	3	945	0.152329
0.633029	2	1	3	945	0.152229
0.633029	2	1	3	945	0.152129
0.633029	2	1	3	945	0.152029
0.634029	2	1	3	945	0.152929
0.634029	2	1	3	945	0.152829
0.634029	2	1	3	945	0.152729
0.634029	2	1	3	945	0.152629
0.634029	2	1	3	945	0.152529
0.634029	2	1	3	945	0.152429
0.634029	2	1	3	945	0.152329
0.634029	2	1	3	945	0.152229
0.634029	2	1	3	945	0.152129
0.638029	2	1	3	945	0.156029
0.638029	2	1	3	945	0.155929
0.638029	2	1	3	945	0.155829
0.638029	2	1	3	945	0.155729
0.638029	2	1	3	945	0.155629
0.638029	2	1	3	945	0.155529
0.638029	2	1	3	945	0.155429
0.638029	2	1	3	945	0.155329
0.638029	2	1	3	945	0.155229
0.638029	2	1	3	945	0.155129
0.639029	2	1	3	945	0.156029
0.639029	2	1	3	945	0.155929
0.639029	2	1	3	945	0.155829
0.639029	2	1	3	945	0.155729
0.639029	2	1	3	945	0.155629
0.639029	2	1	3	945	0.155529
0.639029	2	1	3	945	0.155429
0.639029	2	1	3	945	0.155329
0.639029	2	1	3	945	0.155229
0.643029	2	1	3	945	0.159129
0.643029	2	1	3	945	0.159029
0.643029	2	1	3	945	0.158929
0.643029	2	1	3	945	0.158829
0.643029	2	1	3	945	0.158729
0.643029	2	1	3	945	0.158629
0.643029	2	1	3	945	0.158529
0.643029	2	1	3	945	0.158429
0.643029	2	1	3	945	0.158329
0.643029	2	1	3	945	0.158229
0.644029	2	1	3	945	0.159129
0.644029	2	1	3	945	0.159029
0.644029	2	1	3	945	0.158929
0.644029	2	1	3	945	0.158829
0.644029	2	1	3	945	0.158729
0.644029	2	1	3	945	0.158629
0.644029	2	1	3	945	0.158529
0.644029	2	1	3	945	0.158429
0.644029	2	1	3	945	0.158329
0.648029	2	1	3	945	0.162229
0.648029	2	1	3	945	0.162129
0.648029	2	1	3	945	0.162029
0.648029	2	1	3	945	0.161929
0.648029	2	1	3	945	0.161829
0.648029	2	1	3	945	0.161729
0.648029	2	1	3	945	0.161629
0.648029	2	1	3	945	0.161529
0.648029	2	1	3	945	0.161429
0.648029	2	1	3	945	0.161329
0.649029	2	1	3	945	0.162229
0.649029	2	1	3	945	0.162129
0.649029	2	1	3	945	0.162029
0.649029	2	1	3	945	0.161929
0.649029	2	1	3	945	0.161829
0.649029	2	1	3	945	0.161729
0.649029	2	1	3	945	0.161629
0.649029	2	1	3	945	0.161529
0.649029	2	1	3	945	0.161429
0.653029	2	1	3	945	0.165329
0.653029	2	1	3	945	0.165229
0.653029	2	1	3	945	0.165129
0.653029	2	1	3	945	0.165029
0.653029	2	1	3	945	0.164929
0.653029	2	1	3	945	0.164829
0.653029	2	1	3	945	0.164729
0.653029	2	1	3	945	0.164629
0.653029	2	1	3	945	0.164529
0.654029	2	1	3	945	0.165429
0.654029	2	1	3	945	0.165329
0.654029	2	1	3	945	0.165229
0.654029	2	1	3	945	0.165129
0.654029	2	1	3	945	0.165029
0.654029	2	1	3	945	0.164929
0.654029	2	1	3	945	0.164829
0.654029	2	1	3	945	0.164729
0.654029	2	1	3	945	0.164629
0.654029	2	1	3	945	0.164529
0.658029	2	1	3	945	0.168429
0.658029	2	1	3	945	0.168329
0.658029	2	1	3	945	0.168229
0.658029	2	1	3	945	0.168129
0.658029	2	1	3	945	0.168029
0.658029	2	1	3	945	0.167929
0.658029	2	1	3	945	0.167829
0.658029	2	1	3	945	0.167729
0.658029	2	1	3	945	0.167629
0.659029	2	1	3	945	0.168529
0.659029	2	1	3	945	0.168429
0.659029	2	1	3	945	0.168329
0.659029	2	1	3	945	0.168229
0.659029	2	1	3	945	0.168129
0.659029	2	1	3	945	0.168029
0.659029	2	1	3	945	0.167929
0.659029	2	1	3	945	0.167829
0.659029	2	1	3	945	0.167729
0.659029	2	1	3	945	0.167629
0.663029	2	1	3	945	0.171529
0.663029	2	1	3	945	0.171429
0.663029	2	1	3	945	0.171329
0.663029	2	1	3	945	0.171229
0.663029	2	1	3	945	0.171129
0.663029	2	1	3	945	0.171029
0.663029	2	1	3	945	0.170929
0.663029	2	1	3	945	0.170829
0.663029	2	1	3	945	0.170729
0.664029	2	1	3	945	0.171629
0.664029	2	1	3	945	0.171529
0.664029	2	1	3	945	0.171429
0.664029	2	1	3	945	0.171329
0.664029	2	1	3	945	0.171229
0.664029	2	1	3	945	0.171129
0.664029	2	1	3	945	0.171029
0.664029	2	1	3	945	0.170929
0.664029	2	1	3	945	0.170829
0.664029	2	1	3	945	0.170729
0.668029	2	1	3	945	0.174629
0.668029	2	1	3	945	0.174529
0.668029	2	1	3	945	0.174429
0.668029	2	1	3	945	0.174329
0.668029	2	1	3	945	0.174229
0.668029	2	1	3	945	0.174129
0.668029	2	1	3	945	0.174029
0.668029	2	1	3	945	0.173929
0.668029	2	1	3	945	0.173829
0.669029	2	1	3	945	0.174729
0.669029	2	1	3	945	0.174629
0.669029	2	1	3	945	0.174529
0.669029	2	1	3	945	0.174429
0.669029	2	1	3	945	0.174329
0.669029	2	1	3	945	0.174229
0.669029	2	1	3	945	0.174129
0.669029	2	1	3	945	0.174029
0.669029	2	1	3	945	0.173929
0.673029	2	1	3	945	0.177829
0.673029	2	1	3	945	0.177729
0.673029	2	1	3	945	0.177629
0.673029	2	1	3	945	0.177529
0.673029	2	1	3	945	0.177429
0.673029	2	1	3	945	0.177329
0.673029	2	1	3	945	0.177229
0.673029	2	1	3	945	0.177129
0.673029	2	1	3	945	0.177029
0.673029	2	1	3	945	0.176929
0.674029	2	1	3	945	0.177829
0.674029	2	1	3	945	0.177729
0.674029	2	1	3	945	0.177629
0.674029	2	1	3	945	0.177529
0.674029	2	1	3	945	0.177429
0.674029	2	1	3	945	0.177329
0.674029	2	1	3	945	0.177229
0.674029	2	1	3	945	0.177129
0.674029	2	1	3	945	0.177029
0.678029	2	1	3	945	0.180929
0.678029	2	1	3	945	0.180829
0.678029	2	1	3	945	0.180729
0.678029	2	1	3	945	0.180629
0.678029	2	1	3	945	0.180529
0.678029	2	1	3	945	0.180429
0.678029	2	1	3	945	0.180329
0.678029	2	1	3	945	0.180229
0.678029	2	1	3	945	0.180129
0.678029	2	1	3	945	0.180029
0.679029	2	1	3	945	0.180929
0.679029	2	1	3	945	0.180829
0.679029	2	1	3	945	0.180729
0.679029	2	1	3	945	0.180629
0.679029	2	1	3	945	0.180529
0.679029	2	1	3	945	0.180429
0.679029	2	1	3	945	0.180329
0.679029	2	1	3	945	0.180229
0.679029	2	1	3	945	0.180129
0.683029	2	1	3	945	0.184029
0.683029	2	1	3	945	0.183929
0.683029	2	1	3	945	0.183829
0.683029	2	1	3	945	0.183729
0.683029	2	1	3	945	0.183629
0.683029	2	1	3	945	0.183529
0.683029	2	1	3	945	0.183429
0.683029	2	1	3	945	0.183329
0.683029	2	1	3	945	0.183229
0.683029	2	1	3	945	0.183129
0.684029	2	1	3	945	0.184029
0.684029	2	1	3	945	0.183929
0.684029	2	1	3	945	0.183829
0.684029	2	1	3	945	0.183729
0.684029	2	1	3	945	0.183629
0.684029	2	1	3	945	0.183529
0.684029	2	1	3	945	0.183429
0.684029	2	1	3	945	0.183329
0.684029	2	1	3	945	0.183229
0.688029	2	1	3	945	0.187129
0.688029	2	1	3	945	0.187029
0.688029	2	1	3	945	0.186929
0.688029	2	1	3	945	0.186829
0.688029	2	1	3	945	0.186729
0.688029	2	1	3	945	0.186629
0.688029	2	1	3	945	0.186529
0.688029	2	1	3	945	0.186429
0.688029	2	1	3	945	0.186329
0.688029	2	1	3	945	0.186229
0.689029	2	1	3	945	0.187129
0.689029	2	1	3	945	0.187029
0.689029	2	1	3	945	0.186929
0.689029	2	1	3	945	0.186829
0.689029	2	1	3	945	0.186729
0.689029	2	1	3	945	0.186629
0.689029	2	1	3	945	0.186529
0.689029	2	1	3	945	0.186429
0.689029	2	1	3	945	0.186329
0.693029	2	1	3	945	0.190229
0.693029	2	1	3	945	0.190129
0.693029	2	1	3	945	0.190029
0.693029	2	1	3	945	0.189929
0.693029	2	1	3	945	0.189829
0.693029	2	1	3	945	0.189729
0.693029	2	1	3	945	0.189629
0.693029	2	1	3	945	0.189529
0.693029	2	1	3	945	0.189429
0.694029	2	1	3	945	0.190329
0.694029	2	1	3	945	0.190229
0.694029	2	1	3	945	0.190129
0.694029	2	1	3	945	0.190029
0.694029	2	1	3	945	0.189929
0.694029	2	1	3	945	0.189829
0.694029	2	1	3	945	0.189729
0.694029	2	1	3	945	0.189629
0.694029	2	1	3	945	0.189529
0.694029	2	1	3	945	0.189429
0.698029	2	1	3	945	0.193329
0.698029	2	1	3	945	0.193229
0.698029	2	1	3	945	0.193129
0.698029	2	1	3	945	0.193029
0.698029	2	1	3	945	0.192929
0.698029	2	1	3	945	0.192829
0.698029	2	1	3	945	0.192729
0.698029	2	1	3	945	0.192629
0.698029	2	1	3	945	0.192529
0.699029	2	1	3	945	0.193429
0.699029	2	1	3	945	0.193329
0.699029	2	1	3	945	0.193229
0.699029	2	1	3	945	0.193129
0.699029	2	1	3	945	0.193029
0.699029	2	1	3	945	0.192929
0.699029	2	1	3	945	0.192829
0.699029	2	1	3	945	0.192729
0.699029	2	1	3	945	0.192629
0.699029	2	1	3	945	0.192529
0.703029	2	1	3	945	0.196429
0.703029	2	1	3	945	0.196329
0.703029	2	1	3	945	0.196229
0.703029	2	1	3	945	0.196129
0.703029	2	1	3	945	0.196029
0.703029	2	1	3	945	0.195929
0.703029	2	1	3	945	0.195829
0.703029	2	1	3	945	0.195729
0.703029	2	1	3	945	0.195629
0.704029	2	1	3	945	0.196529
0.704029	2	1	3	945	0.196429
0.704029	2	1	3	945	0.196329
0.704029	2	1	3	945	0.196229
0.704029	2	1	3	945	0.196129
0.704029	2	1	3	945	0.196029
0.704029	2	1	3	945	0.195929
0.704029	2	1	3	945	0.195829
0.704029	2	1	3	945	0.195729
0.704029	2	1	3	945	0.195629
0.708029	2	1	3	945	0.199529
0.708029	2	1	3	945	0.199429
0.708029	2	1	3	945	0.199329
0.708029	2	1	3	945	0.199229
0.708029	2	1	3	945	0.199129
0.708029	2	1	3	945	0.199029
0.708029	2	1	3	945	0.198929
0.708029	2	1	3	945	0.198829
0.708029	2	1	3	945	0.198729
0.709029	2	1	3	945	0.199629
0.709029	2	1	3	945	0.199529
0.709029	2	1	3	945	0.199429
0.709029	2	1	3	945	0.199329
0.709029	2	1	3	945	0.199229
0.709029	2	1	3	945	0.199129
0.709029	2	1	3	945	0.199029
0.709029	2	1	3	945	0.198929
0.709029	2	1	3	945	0.198829
0.713029	2	1	3	945	0.202729
0.713029	2	1	3	945	0.202629
0.713029	2	1	3	945	0.202529
0.713029	2	1	3	945	0.202429
0.713029	2	1	3	945	0.202329
0.713029	2	1	3	945	0.202229
0.713029	2	1	3	945	0.202129
0.713029	2	1	3	945	0.202029
0.713029	2	1	3	945	0.201929
0.713029	2	1	3	945	0.201829
0.714029	2	1	3	945	0.202729
0.714029	2	1	3	945	0.202629
0.714029	2	1	3	945	0.202529
0.714029	2	1	3	945	0.202429
0.714029	2	1	3	945	0.202329
0.714029	2	1	3	945	0.202229
0.714029	2	1	3	945	0.202129
0.714029	2	1	3	945	0.202029
0.714029	2	1	3	945	0.201929
0.718029	2	1	3	945	0.205829
0.718029	2	1	3	945	0.205729
0.718029	2	1	3	945	0.205629
0.718029	2	1	3	945	0.205529
0.718029	2	1	3	945	0.205429
0.718029	2	1	3	945	0.205329
0.718029	2	1	3	945	0.205229
0.718029	2	1	3	945	0.205129
0.718029	2	1	3	945	0.205029
0.718029	2	1	3	945	0.204929
0.719029	2	1	3	945	0.205829
0.719029	2	1	3	945	0.205729
0.719029	2	1	3	945	0.205629
0.719029	2	1	3	945	0.205529
0.719029	2	1	3	945	0.205429
0.719029	2	1	3	945	0.205329
0.719029	2	1	3	945	0.205229
0.719029	2	1	3	945	0.205129
0.719029	2	1	3	945	0.205029
0.723029	2	1	3	945	0.208929
0.723029	2	1	3	945	0.208829
0.723029	2	1	3	945	0.208729
0.723029	2	1	3	945	0.208629
0.723029	2	1	3	945	0.208529
0.723029	2	1	3	945	0.208429
0.723029	2	1	3	945	0.208329
0.723029	2	1	3	945	0.208229
0.723029	2	1	3	945	0.208129
0.723029	2	1	3	945	0.208029
0.724029	2	1	3	945	0.208929
0.724029	2	1	3	945	0.208829
0.724029	2	1	3	945	0.208729
0.724029	2	1	3	945	0.208629
0.724029	2	1	3	945	0.208529
0.724029	2	1	3	945	0.208429
0.724029	2	1	3	945	0.208329
0.724029	2	1	3	945	0.208229
0.724029	2	1	3	945	0.208129
0.728029	2	1	3	945	0.212029
0.728029	2	1	3	945	0.211929
0.728029	2	1	3	945	0.211829
0.728029	2	1	3	945	0.211729
0.728029	2	1	3	945	0.211629
0.728029	2	1	3	945	0.211529
0.728029	2	1	3	945	0.211429
0.728029	2	1	3	945	0.211329
0.728029	2	1	3	945	0.211229
0.729029	2	1	3	945	0.212129
0.729029	2	1	3	945	0.212029
0.729029	2	1	3	945	0.211929
0.729029	2	1	3	945	0.211829
0.729029	2	1	3	945	0.211729
0.729029	2	1	3	945	0.211629
0.729029	2	1	3	945	0.211529
0.729029	2	1	3	945	0.211429
0.729029	2	1	3	945	0.211329
0.729029	2	1	3	945	0.211229
0.733029	2	1	3	945	0.215129
0.733029	2	1	3	945	0.215029
0.733029	2	1	3	945	0.214929
0.733029	2	1	3	945	0.214829
0.733029	2	1	3	945	0.214729
0.733029	2	1	3	945	0.214629
0.733029	2	1	3	945	0.214529
0.733029	2	1	3	945	0.214429
0.733029	2	1	3	945	0.214329
0.734029	2	1	3	945	0.215229
0.734029	2	1	3	945	0.215129
0.734029	2	1	3	945	0.215029
0.734029	2	1	3	945	0.214929
0.734029	2	1	3	945	0.214829
0.734029	2	1	3	945	0.214729
0.734029	2	1	3	945	0.214629
0.734029	2	1	3	945	0.214529
0.734029	2	1	3	945	0.214429
0.734029	2	1	3	945	0.214329
0.738029	2	1	3	945	0.218229
0.738029	2	1	3	945	0.218129
0.738029	2	1	3	945	0.218029
0.738029	2	1	3	945	0.217929
0.738029	2	1	3	945	0.217829
0.738029	2	1	3	945	0.217729
0.738029	2	1	3	945	0.217629
0.738029	2	1	3	945	0.217529
0.738029	2	1	3	945	0.217429
0.739029	2	1	3	945	0.218329
0.739029	2	1	3	945	0.218229
0.739029	2	1	3	945	0.218129
0.739029	2	1	3	945	0.218029
0.739029	2	1	3	945	0.217929
0.739029	2	1	3	945	0.217829
0.739029	2	1	3	945	0.217729
0.739029	2	1	3	945	0.217629
0.739029	2	1	3	945	0.217529
0.739029	2	1	3	945	0.217429
0.743029	2	1	3	945	0.221329
0.743029	2	1	3	945	0.221229
0.743029	2	1	3	945	0.221129
0.743029	2	1	3	945	0.221029
0.743029	2	1	3	945	0.220929
0.743029	2	1	3	945	0.220829
0.743029	2	1	3	945	0.220729
0.743029	2	1	3	945	0.220629
0.743029	2	1	3	945	0.220529
0.744029	2	1	3	945	0.221429
0.744029	2	1	3	945	0.221329
0.744029	2	1	3	945	0.221229
0.744029	2	1	3	945	0.221129
0.744029	2	1	3	945	0.221029
0.744029	2	1	3	945	0.220929
0.744029	2	1	3	945	0.220829
0.744029	2	1	3	945	0.220729
0.744029	2	1	3	945	0.220629
0.748029	2	1	3	945	0.224529
0.748029	2	1	3	945	0.224429
0.748029	2	1	3	945	0.224329
0.748029	2	1	3	945	0.224229
0.748029	2	1	3	945	0.224129
0.748029	2	1	3	945	0.224029
0.748029	2	1	3	945	0.223929
0.748029	2	1	3	945	0.223829
0.748029	2	1	3	945	0.223729
0.748029	2	1	3	945	0.223629
0.749029	2	1	3	945	0.224529
0.749029	2	1	3	945	0.224429
0.749029	2	1	3	945	0.224329
0.749029	2	1	3	945	0.224229
0.749029	2	1	3	945	0.224129
0.749029	2	1	3	945	0.224029
0.749029	2	1	3	945	0.223929
0.749029	2	1	3	945	0.223829
0.749029	2	1	3	945	0.223729
0.753029	2	1	3	945	0.227629
0.753029	2	1	3	945	0.227529
0.753029	2	1	3	945	0.227429
0.753029	2	1	3	945	0.227329
0.753029	2	1	3	945	0.227229
0.753029	2	1	3	945	0.227129
0.753029	2	1	3	945	0.227029
0.753029	2	1	3	945	0.226929
0.753029	2	1	3	945	0.226829
0.753029	2	1	3	945	0.226729
0.754029	2	1	3	945	0.227629
0.754029	2	1	3	945	0.227529
0.754029	2	1	3	945	0.227429
0.754029	2	1	3	945	0.227329
0.754029	2	1	3	945	0.227229
0.754029	2	1	3	945	0.227129
0.754029	2	1	3	945	0.227029
0.754029	2	1	3	945	0.226929
0.754029	2	1	3	945	0.226829
0.758029	2	1	3	945	0.230729
0.758029	2	1	3	945	0.230629
0.758029	2	1	3	945	0.230529
0.758029	2	1	3	945	0.230429
0.758029	2	1	3	945	0.230329
0.758029	2	1	3	945	0.230229
0.758029	2	1	3	945	0.230129
0.758029	2	1	3	945	0.230029
0.758029	2	1	3	945	0.229929
0.758029	2	1	3	945	0.229829
0.759029	2	1	3	945	0.230729
0.759029	2	1	3	945	0.230629
0.759029	2	1	3	945	0.230529
0.759029	2	1	3	945	0.230429
0.759029	2	1	3	945	0.230329
0.759029	2	1	3	945	0.230229
0.759029	2	1	3	945	0.230129
0.759029	2	1	3	945	0.230029
0.759029	2	1	3	945	0.229929
0.763029	2	1	3	945	0.233829
0.763029	2	1	3	945	0.233729
0.763029	2	1	3	945	0.233629
0.763029	2	1	3	945	0.233529
0.763029	2	1	3	945	0.233429
0.763029	2	1	3	945	0.233329
0.763029	2	1	3	945	0.233229
0.763029	2	1	3	945	0.233129
0.763029	2	1	3	945	0.233029
0.764029	2	1	3	945	0.233929
0.764029	2	1	3	945	0.233829
0.764029	2	1	3	945	0.233729
0.764029	2	1	3	945	0.233629
0.764029	2	1	3	945	0.233529
0.764029	2	1	3	945	0.233429
0.764029	2	1	3	945	0.233329
0.764029	2	1	3	945	0.233229
0.764029	2	1	3	945	0.233129
0.764029	2	1	3	945	0.233029
0.768029	2	1	3	945	0.236929
0.768029	2	1	3	945	0.236829
0.768029	2	1	3	945	0.236729
0.768029	2	1	3	945	0.236629
0.768029	2	1	3	945	0.236529
0.768029	2	1	3	945	0.236429
0.768029	2	1	3	945	0.236329
0.768029	2	1	3	945	0.236229
0.768029	2	1	3	945	0.236129
0.769029	2	1	3	945	0.237029
0.769029	2	1	3	945	0.236929
0.769029	2	1	3	945	0.236829
0.769029	2	1	3	945	0.236729
0.769029	2	1	3	945	0.236629
0.769029	2	1	3	945	0.236529
0.769029	2	1	3	945	0.236429
0.769029	2	1	3	945	0.236329
0.769029	2	1	3	945	0.236229
0.769029	2	1	3	945	0.236129
0.773029	2	1	3	945	0.240029
0.773029	2	1	3	945	0.239929
0.773029	2	1	3	945	0.239829
0.773029	2	1	3	945	0.239729
0.773029	2	1	3	945	0.239629
0.773029	2	1	3	945	0.239529
0.773029	2	1	3	945	0.239429
0.773029	2	1	3	945	0.239329
0.773029	2	1	3	945	0.239229
0.774029	2	1	3	945	0.240129
0.774029	2	1	3	945	0.240029
0.774029	2	1	3	945	0.239929
0.774029	2	1	3	945	0.239829
0.774029	2	1	3	945	0.239729
0.774029	2	1	3	945	0.239629
0.774029	2	1	3	945	0.239529
0.774029	2	1	3	945	0.239429
0.774029	2	1	3	945	0.239329
0.774029	2	1	3	945	0.239229
0.778029	2	1	3	945	0.243129
0.778029	2	1	3	945	0.243029
0.778029	2	1	3	945	0.242929
0.778029	2	1	3	945	0.242829
0.778029	2	1	3	945	0.242729
0.778029	2	1	3	945	0.242629
0.778029	2	1	3	945	0.242529
0.778029	2	1	3	945	0.242429
0.778029	2	1	3	945	0.242329
0.783029	2	1	3	945	0.247229
0.783029	2	1	3	945	0.247129
0.783029	2	1	3	945	0.247029
0.783029	2	1	3	945	0.246929
0.783029	2	1	3	945	0.246829
0.783029	2	1	3	945	0.246729
0.783029	2	1	3	945	0.246629
0.783029	2	1	3	945	0.246529
0.783029	2	1	3	945	0.246429
0.784029	2	1	3	945	0.247329
0.784029	2	1	3	945	0.247229
0.784029	2	1	3	945	0.247129
0.784029	2	1	3	945	0.247029
0.784029	2	1	3	945	0.246929
0.784029	2	1	3	945	0.246829
0.784029	2	1	3	945	0.246729
0.784029	2	1	3	945	0.246629
0.784029	2	1	3	945	0.246529
0.784029	2	1	3	945	0.246429
0.788029	2	1	3	945	0.250329
0.788029	2	1	3	945	0.250229
0.788029	2	1	3	945	0.250129
0.788029	2	1	3	945	0.250029
0.788029	2	1	3	945	0.249929
0.788029	2	1	3	945	0.249829
0.788029	2	1	3	945	0.249729
0.788029	2	1	3	945	0.249629
0.788029	2	1	3	945	0.249529
0.789029	2	1	3	945	0.250429
0.789029	2	1	3	945	0.250329
0.789029	2	1	3	945	0.250229
0.789029	2	1	3	945	0.250129
0.789029	2	1	3	945	0.250029
0.789029	2	1	3	945	0.249929
0.789029	2	1	3	945	0.249829
0.789029	2	1	3	945	0.249729
0.789029	2	1	3	945	0.249629
0.789029	2	1	3	945	0.249529
0.793029	2	1	3	945	0.253429
0.793029	2	1	3	945	0.253329
0.793029	2	1	3	945	0.253229
0.793029	2	1	3	945	0.253129
0.793029	2	1	3	945	0.253029
0.793029	2	1	3	945	0.252929
0.793029	2	1	3	945	0.252829
0.793029	2	1	3	945	0.252729
0.793029	2	1	3	945	0.252629
0.794029	2	1	3	945	0.253529
0.794029	2	1	3	945	0.253429
0.794029	2	1	3	945	0.253329
0.794029	2	1	3	945	0.253229
0.794029	2	1	3	945	0.253129
0.794029	2	1	3	945	0.253029
0.794029	2	1	3	945	0.252929
0.794029	2	1	3	945	0.252829
0.794029	2	1	3	945	0.252729
0.794029	2	1	3	945	0.252629
0.798029	2	1	3	945	0.256529
0.798029	2	1	3	945	0.256429
0.798029	2	1	3	945	0.256329
0.798029	2	1	3	945	0.256229
0.798029	2	1	3	945	0.256129
0.798029	2	1	3	945	0.256029
0.798029	2	1	3	945	0.255929
0.798029	2	1	3	945	0.255829
0.798029	2	1	3	945	0.255729
0.799029	2	1	3	945	0.256629
0.799029	2	1	3	945	0.256529
0.799029	2	1	3	945	0.256429
0.799029	2	1	3	945	0.256329
0.799029	2	1	3	945	0.256229
0.799029	2	1	3	945	0.256129
0.799029	2	1	3	945	0.256029
0.799029	2	1	3	945	0.255929
0.799029	2	1	3	945	0.255829
0.803029	2	1	3	945	0.259729
0.803029	2	1	3	945	0.259629
0.803029	2	1	3	945	0.259529
0.803029	2	1	3	945	0.259429
0.803029	2	1	3	945	0.259329
0.803029	2	1	3	945	0.259229
0.803029	2	1	3	945	0.259129
0.803029	2	1	3	945	0.259029
0.803029	2	1	3	945	0.258929
0.803029	2	1	3	945	0.258829
0.804029	2	1	3	945	0.259729
0.804029	2	1	3	945	0.259629
0.804029	2	1	3	945	0.259529
0.804029	2	1	3	945	0.259429
0.804029	2	1	3	945	0.259329
0.804029	2	1	3	945	0.259229
0.804029	2	1	3	945	0.259129
0.804029	2	1	3	945	0.259029
0.804029	2	1	3	945	0.258929
0.808029	2	1	3	945	0.262829
0.808029	2	1	3	945	0.262729
0.808029	2	1	3	945	0.262629
0.808029	2	1	3	945	0.262529
0.808029	2	1	3	945	0.262429
0.808029	2	1	3	945	0.262329
0.808029	2	1	3	945	0.262229
0.808029	2	1	3	945	0.262129
0.808029	2	1	3	945	0.262029
0.808029	2	1	3	945	0.261929
0.809029	2	1	3	945	0.262829
0.809029	2	1	3	945	0.262729
0.809029	2	1	3	945	0.262629
0.809029	2	1	3	945	0.262529
0.809029	2	1	3	945	0.262429
0.809029	2	1	3	945	0.262329
0.809029	2	1	3	945	0.262229
0.809029	2	1	3	945	0.262129
0.809029	2	1	3	945	0.262029
0.813029	2	1	3	945	0.265929
0.813029	2	1	3	945	0.265829
0.813029	2	1	3	945	0.265729
0.813029	2	1	3	945	0.265629
0.813029	2	1	3	945	0.265529
0.813029	2	1	3	945	0.265429
0.813029	2	1	3	945	0.265329
0.813029	2	1	3	945	0.265229
0.813029	2	1	3	945	0.265129
0.813029	2	1	3	945	0.265029
0.814029	2	1	3	945	0.265929
0.814029	2	1	3	945	0.265829
0.814029	2	1	3	945	0.265729
0.814029	2	1	3	945	0.265629
0.814029	2	1	3	945	0.265529
0.814029	2	1	3	945	0.265429
0.814029	2	1	3	945	0.265329
0.814029	2	1	3	945	0.265229
0.814029	2	1	3	945	0.265129
0.818029	2	1	3	945	0.269029
0.818029	2	1	3	945	0.268929
0.818029	2	1	3	945	0.268829
0.818029	2	1	3	945	0.268729
0.818029	2	1	3	945	0.268629
0.818029	2	1	3	945	0.268529
0.818029	2	1	3	945	0.268429
0.818029	2	1	3	945	0.268329
0.818029	2	1	3	945	0.268229
0.818029	2	1	3	945	0.268129
0.819029	2	1	3	945	0.269029
0.819029	2	1	3	945	0.268929
0.819029	2	1	3	945	0.268829
0.819029	2	1	3	945	0.268729
0.819029	2	1	3	945	0.268629
0.819029	2	1	3	945	0.268529
0.819029	2	1	3	945	0.268429
0.819029	2	1	3	945	0.268329
0.819029	2	1	3	945	0.268229
0.823029	2	1	3	945	0.272129
0.823029	2	1	3	945	0.272029
0.823029	2	1	3	945	0.271929
0.823029	2	1	3	945	0.271829
0.823029	2	1	3	945	0.271729
0.823029	2	1	3	945	0.271629
0.823029	2	1	3	945	0.271529
0.823029	2	1	3	945	0.271429
0.823029	2	1	3	945	0.271329
0.824029	2	1	3	945	0.272229
0.824029	2	1	3	945	0.272129
0.824029	2	1	3	945	0.272029
0.824029	2	1	3	945	0.271929
0.824029	2	1	3	945	0.271829
0.824029	2	1	3	945	0.271729
0.824029	2	1	3	945	0.271629
0.824029	2	1	3	945	0.271529
0.824029	2	1	3	945	0.271429
0.824029	2	1	3	945	0.271329
0.828029	2	1	3	945	0.275229
0.828029	2	1	3	945	0.275129
0.828029	2	1	3	945	0.275029
0.828029	2	1	3	945	0.274929
0.828029	2	1	3	945	0.274829
0.828029	2	1	3	945	0.274729
0.828029	2	1	3	945	0.274629
0.828029	2	1	3	945	0.274529
0.828029	2	1	3	945	0.274429
0.829029	2	1	3	945	0.275329
0.829029	2	1	3	945	0.275229
0.829029	2	1	3	945	0.275129
0.829029	2	1	3	945	0.275029
0.829029	2	1	3	945	0.274929
0.829029	2	1	3	945	0.274829
0.829029	2	1	3	945	0.274729
0.829029	2	1	3	945	0.274629
0.829029	2	1	3	945	0.274529
0.829029	2	1	3	945	0.274429
0.833029	2	1	3	945	0.278329
0.833029	2	1	3	945	0.278229
0.833029	2	1	3	945	0.278129
0.833029	2	1	3	945	0.278029
0.833029	2	1	3	945	0.277929
0.833029	2	1	3	945	0.277829
0.833029	2	1	3	945	0.277729
0.833029	2	1	3	945	0.277629
0.833029	2	1	3	945	0.277529
0.834029	2	1	3	945	0.278429
0.834029	2	1	3	945	0.278329
0.834029	2	1	3	945	0.278229
0.834029	2	1	3	945	0.278129
0.834029	2	1	3	945	0.278029
0.834029	2	1	3	945	0.277929
0.834029	2	1	3	945	0.277829
0.834029	2	1	3	945	0.277729
0.834029	2	1	3	945	0.277629
0.834029	2	1	3	945	0.277529
0.838029	2	1	3	945	0.281429
0.838029	2	1	3	945	0.281329
0.838029	2	1	3	945	0.281229
0.838029	2	1	3	945	0.281129
0.838029	2	1	3	945	0.281029
0.838029	2	1	3	945	0.280929
0.838029	2	1	3	945	0.280829
0.838029	2	1	3	945	0.280729
0.838029	2	1	3	945	0.280629
0.839029	2	1	3	945	0.281529
0.839029	2	1	3	945	0.281429
0.839029	2	1	3	945	0.281329
0.839029	2	1	3	945	0.281229
0.839029	2	1	3	945	0.281129
0.839029	2	1	3	945	0.281029
0.839029	2	1	3	945	0.280929
0.839029	2	1	3	945	0.280829
0.839029	2	1	3	945	0.280729
0.843029	2	1	3	945	0.284629
0.843029	2	1	3	945	0.284529
0.843029	2	1	3	945	0.284429
0.843029	2	1	3	945	0.284329
0.843029	2	1	3	945	0.284229
0.843029	2	1	3	945	0.284129
0.843029	2	1	3	945	0.284029
0.843029	2	1	3	945	0.283929
0.843029	2	1	3	945	0.283829
0.843029	2	1	3	945	0.283729
0.844029	2	1	3	945	0.284629
0.844029	2	1	3	945	0.284529
0.844029	2	1	3	945	0.284429
0.844029	2	1	3	945	0.284329
0.844029	2	1	3	945	0.284229
0.844029	2	1	3	945	0.284129
0.844029	2	1	3	945	0.284029
0.844029	2	1	3	945	0.283929
0.844029	2	1	3	945	0.283829
0.848029	2	1	3	945	0.287729
0.848029	2	1	3	945	0.287629
0.848029	2	1	3	945	0.287529
0.848029	2	1	3	945	0.287429
0.848029	2	1	3	945	0.287329
0.848029	2	1	3	945	0.287229
0.848029	2	1	3	945	0.287129
0.848029	2	1	3	945	0.287029
0.848029	2	1	3	945	0.286929
0.848029	2	1	3	945	0.286829
0.849029	2	1	3	945	0.287729
0.849029	2	1	3	945	0.287629
0.849029	2	1	3	945	0.287529
0.849029	2	1	3	945	0.287429
0.849029	2	1	3	945	0.287329
0.849029	2	1	3	945	0.287229
0.849029	2	1	3	945	0.287129
0.849029	2	1	3	945	0.287029
0.849029	2	1	3	945	0.286929
0.853029	2	1	3	945	0.290829
0.853029	2	1	3	945	0.290729
0.853029	2	1	3	945	0.290629
0.853029	2	1	3	945	0.290529
0.853029	2	1	3	945	0.290429
0.853029	2	1	3	945	0.290329
0.853029	2	1	3	945	0.290229
0.853029	2	1	3	945	0.290129
0.853029	2	1	3	945	0.290029
0.853029	2	1	3	945	0.289929
0.854029	2	1	3	945	0.290829
0.854029	2	1	3	945	0.290729
0.854029	2	1	3	945	0.290629
0.854029	2	1	3	945	0.290529
0.854029	2	1	3	945	0.290429
0.854029	2	1	3	945	0.290329
0.854029	2	1	3	945	0.290229
0.854029	2	1	3	945	0.290129
0.854029	2	1	3	945	0.290029
0.858029	2	1	3	945	0.293929
0.858029	2	1	3	945	0.293829
0.858029	2	1	3	945	0.293729
0.858029	2	1	3	945	0.293629
0.858029	2	1	3	945	0.293529
0.858029	2	1	3	945	0.293429
0.858029	2	1	3	945	0.293329
0.858029	2	1	3	945	0.293229
0.858029	2	1	3	945	0.293129
0.859029	2	1	3	945	0.294029
0.859029	2	1	3	945	0.293929
0.859029	2	1	3	945	0.293829
0.859029	2	1	3	945	0.293729
0.859029	2	1	3	945	0.293629
0.859029	2	1	3	945	0.293529
0.859029	2	1	3	945	0.293429
0.859029	2	1	3	945	0.293329
0.859029	2	1	3	945	0.293229
0.859029	2	1	3	945	0.293129
0.863029	2	1	3	945	0.297029
0.863029	2	1	3	945	0.296929
0.863029	2	1	3	945	0.296829
0.863029	2	1	3	945	0.296729
0.863029	2	1	3	945	0.296629
0.863029	2	1	3	945	0.296529
0.863029	2	1	3	945	0.296429
0.863029	2	1	3	945	0.296329
0.863029	2	1	3	945	0.296229
0.864029	2	1	3	945	0.297129
0.864029	2	1	3	945	0.297029
0.864029	2	1	3	945	0.296929
0.864029	2	1	3	945	0.296829
0.864029	2	1	3	945	0.296729
0.864029	2	1	3	945	0.296629
0.864029	2	1	3	945	0.296529
0.864029	2	1	3	945	0.296429
0.864029	2	1	3	945	0.296329
0.864029	2	1	3	945	0.296229
0.868029	2	1	3	945	0.300129
0.868029	2	1	3	945	0.300029
0.868029	2	1	3	945	0.299929
0.868029	2	1	3	945	0.299829
0.868029	2	1	3	945	0.299729
0.868029	2	1	3	945	0.299629
0.868029	2	1	3	945	0.299529
0.868029	2	1	3	945	0.299429
0.868029	2	1	3	945	0.299329
0.869029	2	1	3	945	0.300229
0.869029	2	1	3	945	0.300129
0.869029	2	1	3	945	0.300029
0.869029	2	1	3	945	0.299929
0.869029	2	1	3	945	0.299829
0.869029	2	1	3	945	0.299729
0.869029	2	1	3	945	0.299629
0.869029	2	1	3	945	0.299529
0.869029	2	1	3	945	0.299429
0.869029	2	1	3	945	0.299329
0.873029	2	1	3	945	0.303229
0.873029	2	1	3	945	0.303129
0.873029	2	1	3	945	0.303029
0.873029	2	1	3	945	0.302929
0.873029	2	1	3	945	0.302829
0.873029	2	1	3	945	0.302729
0.873029	2	1	3	945	0.302629
0.873029	2	1	3	945	0.302529
0.873029	2	1	3	945	0.302429
0.874029	2	1	3	945	0.303329
0.874029	2	1	3	945	0.303229
0.874029	2	1	3	945	0.303129
0.874029	2	1	3	945	0.303029
0.874029	2	1	3	945	0.302929
0.874029	2	1	3	945	0.302829
0.874029	2	1	3	945	0.302729
0.874029	2	1	3	945	0.302629
0.874029	2	1	3	945	0.302529
0.878029	2	1	3	945	0.306429
0.878029	2	1	3	945	0.306329
0.878029	2	1	3	945	0.306229
0.878029	2	1	3	945	0.306129
0.878029	2	1	3	945	0.306029
0.878029	2	1	3	945	0.305929
0.878029	2	1	3	945	0.305829
0.878029	2	1	3	945	0.305729
0.878029	2	1	3	945	0.305629
0.878029	2	1	3	945	0.305529
0.879029	2	1	3	945	0.306429
0.879029	2	1	3	945	0.306329
0.879029	2	1	3	945	0.306229
0.879029	2	1	3	945	0.306129
0.879029	2	1	3	945	0.306029
0.879029	2	1	3	945	0.305929
0.879029	2	1	3	945	0.305829
0.879029	2	1	3	945	0.305729
0.879029	2	1	3	945	0.305629
0.883029	2	1	3	945	0.309529
0.883029	2	1	3	945	0.309429
0.883029	2	1	3	945	0.309329
0.883029	2	1	3	945	0.309229
0.883029	2	1	3	945	0.309129
0.883029	2	1	3	945	0.309029
0.883029	2	1	3	945	0.308929
0.883029	2	1	3	945	0.308829
0.883029	2	1	3	945	0.308729
0.883029	2	1	3	945	0.308629
0.884029	2	1	3	945	0.309529
0.884029	2	1	3	945	0.309429
0.884029	2	1	3	945	0.309329
0.884029	2	1	3	945	0.309229
0.884029	2	1	3	945	0.309129
0.884029	2	1	3	945	0.309029
0.884029	2	1	3	945	0.308929
0.884029	2	1	3	945	0.308829
0.884029	2	1	3	945	0.308729
0.888029	2	1	3	945	0.312629
0.888029	2	1	3	945	0.312529
0.888029	2	1	3	945	0.312429
0.888029	2	1	3	945	0.312329
0.888029	2	1	3	945	0.312229
0.888029	2	1	3	945	0.312129
0.888029	2	1	3	945	0.312029
0.888029	2	1	3	945	0.311929
0.888029	2	1	3	945	0.311829
0.888029	2	1	3	945	0.311729
0.889029	2	1	3	945	0.312629
0.889029	2	1	3	945	0.312529
0.889029	2	1	3	945	0.312429
0.889029	2	1	3	945	0.312329
0.889029	2	1	3	945	0.312229
0.889029	2	1	3	945	0.312129
0.889029	2	1	3	945	0.312029
0.889029	2	1	3	945	0.311929
0.889029	2	1	3	945	0.311829
0.893029	2	1	3	945	0.315729
0.893029	2	1	3	945	0.315629
0.893029	2	1	3	945	0.315529
0.893029	2	1	3	945	0.315429
0.893029	2	1	3	945	0.315329
0.893029	2	1	3	945	0.315229
0.893029	2	1	3	945	0.315129
0.893029	2	1	3	945	0.315029
0.893029	2	1	3	945	0.314929
0.894029	2	1	3	945	0.315829
0.894029	2	1	3	945	0.315729
0.894029	2	1	3	945	0.315629
0.894029	2	1	3	945	0.315529
0.894029	2	1	3	945	0.315429
0.894029	2	1	3	945	0.315329
0.894029	2	1	3	945	0.315229
0.894029	2	1	3	945	0.315129
0.894029	2	1	3	945	0.315029
0.894029	2	1	3	945	0.314929
0.898029	2	1	3	945	0.318829
0.898029	2	1	3	945	0.318729
0.898029	2	1	3	945	0.318629
0.898029	2	1	3	945	0.318529
0.898029	2	1	3	945	0.318429
0.898029	2	1	3	945	0.318329
0.898029	2	1	3	945	0.318229
0.898029	2	1	3	945	0.318129
0.898029	2	1	3	945	0.318029
0.899029	2	1	3	945	0.318929
0.899029	2	1	3	945	0.318829
0.899029	2	1	3	945	0.318729
0.899029	2	1	3	945	0.318629
0.899029	2	1	3	945	0.318529
0.899029	2	1	3	945	0.318429
0.899029	2	1	3	945	0.318329
0.899029	2	1	3	945	0.318229
0.899029	2	1	3	945	0.318129
0.899029	2	1	3	945	0.318029
0.903029	2	1	3	945	0.321929
0.903029	2	1	3	945	0.321829
0.903029	2	1	3	945	0.321729
0.903029	2	1	3	945	0.321629
0.903029	2	1	3	945	0.321529
0.903029	2	1	3	945	0.321429
0.903029	2	1	3	945	0.321329
0.903029	2	1	3	945	0.321229
0.903029	2	1	3	945	0.321129
0.904029	2	1	3	945	0.322029
0.904029	2	1	3	945	0.321929
0.904029	2	1	3	945	0.321829
0.904029	2	1	3	945	0.321729
0.904029	2	1	3	945	0.321629
0.904029	2	1	3	945	0.321529
0.904029	2	1	3	945	0.321429
0.904029	2	1	3	945	0.321329
0.904029	2	1	3	945	0.321229
0.904029	2	1	3	945	0.321129
0.908029	2	1	3	945	0.325029
0.908029	2	1	3	945	0.324929
0.908029	2	1	3	945	0.324829
0.908029	2	1	3	945	0.324729
0.908029	2	1	3	945	0.324629
0.908029	2	1	3	945	0.324529
0.908029	2	1	3	945	0.324429
0.908029	2	1	3	945	0.324329
0.908029	2	1	3	945	0.324229
0.909029	2	1	3	945	0.325129
0.909029	2	1	3	945	0.325029
0.909029	2	1	3	945	0.324929
0.909029	2	1	3	945	0.324829
0.909029	2	1	3	945	0.324729
0.909029	2	1	3	945	0.324629
0.909029	2	1	3	945	0.324529
0.909029	2	1	3	945	0.324429
0.909029	2	1	3	945	0.324329
0.913029	2	1	3	945	0.328229
0.913029	2	1	3	945	0.328129
0.913029	2	1	3	945	0.328029
0.913029	2	1	3	945	0.327929
0.913029	2	1	3	945	0.327829
0.913029	2	1	3	945	0.327729
0.913029	2	1	3	945	0.327629
0.913029	2	1	3	945	0.327529
0.913029	2	1	3	945	0.327429
0.913029	2	1	3	945	0.327329
0.914029	2	1	3	945	0.328229
0.914029	2	1	3	945	0.328129
0.914029	2	1	3	945	0.328029
0.914029	2	1	3	945	0.327929
0.914029	2	1	3	945	0.327829
0.914029	2	1	3	945	0.327729
0.914029	2	1	3	945	0.327629
0.914029	2	1	3	945	0.327529
0.914029	2	1	3	945	0.327429
0.918029	2	1	3	945	0.331329
0.918029	2	1	3	945	0.331229
0.918029	2	1	3	945	0.331129
0.918029	2	1	3	945	0.331029
0.918029	2	1	3	945	0.330929
0.918029	2	1	3	945	0.330829
0.918029	2	1	3	945	0.330729
0.918029	2	1	3	945	0.330629
0.918029	2	1	3	945	0.330529
0.918029	2	1	3	945	0.330429
0.919029	2	1	3	945	0.331329
0.919029	2	1	3	945	0.331229
0.919029	2	1	3	945	0.331129
0.919029	2	1	3	945	0.331029
0.919029	2	1	3	945	0.330929
0.919029	2	1	3	945	0.330829
0.919029	2	1	3	945	0.330729
0.919029	2	1	3	945	0.330629
0.919029	2	1	3	945	0.330529
0.923029	2	1	3	945	0.334429
0.923029	2	1	3	945	0.334329
0.923029	2	1	3	945	0.334229
0.923029	2	1	3	945	0.334129
0.923029	2	1	3	945	0.334029
0.923029	2	1	3	945	0.333929
0.923029	2	1	3	945	0.333829
0.923029	2	1	3	945	0.333729
0.923029	2	1	3	945	0.333629
0.923029	2	1	3	945	0.333529
0.924029	2	1	3	945	0.334429
0.924029	2	1	3	945	0.334329
0.924029	2	1	3	945	0.334229
0.924029	2	1	3	945	0.334129
0.924029	2	1	3	945	0.334029
0.924029	2	1	3	945	0.333929
0.924029	2	1	3	945	0.333829
0.924029	2	1	3	945	0.333729
0.924029	2	1	3	945	0.333629
0.928029	2	1	3	945	0.337529
0.928029	2	1	3	945	0.337429
0.928029	2	1	3	945	0.337329
0.928029	2	1	3	945	0.337229
0.928029	2	1	3	945	0.337129
0.928029	2	1	3	945	0.337029
0.928029	2	1	3	945	0.336929
0.928029	2	1	3	945	0.336829
0.928029	2	1	3	945	0.336729
0.929029	2	1	3	945	0.337629
0.929029	2	1	3	945	0.337529
0.929029	2	1	3	945	0.337429
0.929029	2	1	3	945	0.337329
0.929029	2	1	3	945	0.337229
0.929029	2	1	3	945	0.337129
0.929029	2	1	3	945	0.337029
0.929029	2	1	3	945	0.336929
0.929029	2	1	3	945	0.336829
0.929029	2	1	3	945	0.336729
0.933029	2	1	3	945	0.340629
0.933029	2	1	3	945	0.340529
0.933029	2	1	3	945	0.340429
0.933029	2	1	3	945	0.340329
0.933029	2	1	3	945	0.340229
0.933029	2	1	3	945	0.340129
0.933029	2	1	3	945	0.340029
0.933029	2	1	3	945	0.339929
0.933029	2	1	3	945	0.339829
0.934029	2	1	3	945	0.340729
0.934029	2	1	3	945	0.340629
0.934029	2	1	3	945	0.340529
0.934029	2	1	3	945	0.340429
0.934029	2	1	3	945	0.340329
0.934029	2	1	3	945	0.340229
0.934029	2	1	3	945	0.340129
0.934029	2	1	3	945	0.340029
0.934029	2	1	3	945	0.339929
0.934029	2	1	3	945	0.339829
0.938029	2	1	3	945	0.343729
0.938029	2	1	3	945	0.343629
0.938029	2	1	3	945	0.343529
0.938029	2	1	3	945	0.343429
0.938029	2	1	3	945	0.343329
0.938029	2	1	3	945	0.343229
0.938029	2	1	3	945	0.343129
0.938029	2	1	3	945	0.343029
0.938029	2	1	3	945	0.342929
0.939029	2	1	3	945	0.343829
0.939029	2	1	3	945	0.343729
0.939029	2	1	3	945	0.343629
0.939029	2	1	3	945	0.343529
0.939029	2	1	3	945	0.343429
0.939029	2	1	3	945	0.343329
0.939029	2	1	3	945	0.343229
0.939029	2	1	3	945	0.343129
0.939029	2	1	3	945	0.343029
0.939029	2	1	3	945	0.342929
0.943029	2	1	3	945	0.346829
0.943029	2	1	3	945	0.346729
0.943029	2	1	3	945	0.346629
0.943029	2	1	3	945	0.346529
0.943029	2	1	3	945	0.346429
0.943029	2	1	3	945	0.346329
0.943029	2	1	3	945	0.346229
0.943029	2	1	3	945	0.346129
0.943029	2	1	3	945	0.346029
0.944029	2	1	3	945	0.346929
0.944029	2	1	3	945	0.346829
0.944029	2	1	3	945	0.346729
0.944029	2	1	3	945	0.346629
0.944029	2	1	3	945	0.346529
0.944029	2	1	3	945	0.346429
0.944029	2	1	3	945	0.346329
0.944029	2	1	3	945	0.346229
0.944029	2	1	3	945	0.346129
0.948029	2	1	3	945	0.350029
0.948029	2	1	3	945	0.349929
0.948029	2	1	3	945	0.349829
0.948029	2	1	3	945	0.349729
0.948029	2	1	3	945	0.349629
0.948029	2	1	3	945	0.349529
0.948029	2	1	3	945	0.349429
0.948029	2	1	3	945	0.349329
0.948029	2	1	3	945	0.349229
0.948029	2	1	3	945	0.349129
0.949029	2	1	3	945	0.350029
0.949029	2	1	3	945	0.349929
0.949029	2	1	3	945	0.349829
0.949029	2	1	3	945	0.349729
0.949029	2	1	3	945	0.349629
0.949029	2	1	3	945	0.349529
0.949029	2	1	3	945	0.349429
0.949029	2	1	3	945	0.349329
0.949029	2	1	3	945	0.349229
0.953029	2	1	3	945	0.353129
0.953029	2	1	3	945	0.353029
0.953029	2	1	3	945	0.352929
0.953029	2	1	3	945	0.352829
0.953029	2	1	3	945	0.352729
0.953029	2	1	3	945	0.352629
0.953029	2	1	3	945	0.352529
0.953029	2	1	3	945	0.352429
0.953029	2	1	3	945	0.352329
0.953029	2	1	3	945	0.352229
0.954029	2	1	3	945	0.353129
0.954029	2	1	3	945	0.353029
0.954029	2	1	3	945	0.352929
0.954029	2	1	3	945	0.352829
0.954029	2	1	3	945	0.352729
0.954029	2	1	3	945	0.352629
0.954029	2	1	3	945	0.352529
0.954029	2	1	3	945	0.352429
0.954029	2	1	3	945	0.352329
0.958029	2	1	3	945	0.356229
0.958029	2	1	3	945	0.356129
0.958029	2	1	3	945	0.356029
0.958029	2	1	3	945	0.355929
0.958029	2	1	3	945	0.355829
0.958029	2	1	3	945	0.355729
0.958029	2	1	3	945	0.355629
0.958029	2	1	3	945	0.355529
0.958029	2	1	3	945	0.355429
0.958029	2	1	3	945	0.355329
0.959029	2	1	3	945	0.356229
0.959029	2	1	3	945	0.356129
0.959029	2	1	3	945	0.356029
0.959029	2	1	3	945	0.355929
0.959029	2	1	3	945	0.355829
0.959029	2	1	3	945	0.355729
0.959029	2	1	3	945	0.355629
0.959029	2	1	3	945	0.355529
0.959029	2	1	3	945	0.355429
0.963029	2	1	3	945	0.359329
0.963029	2	1	3	945	0.359229
0.963029	2	1	3	945	0.359129
0.963029	2	1	3	945	0.359029
0.963029	2	1	3	945	0.358929
0.963029	2	1	3	945	0.358829
0.963029	2	1	3	945	0.358729
0.963029	2	1	3	945	0.358629
0.963029	2	1	3	945	0.358529
0.963029	2	1	3	945	0.358429
0.964029	2	1	3	945	0.359329
0.964029	2	1	3	945	0.359229
0.964029	2	1	3	945	0.359129
0.964029	2	1	3	945	0.359029
0.964029	2	1	3	945	0.358929
0.964029	2	1	3	945	0.358829
0.964029	2	1	3	945	0.358729
0.964029	2	1	3	945	0.358629
0.964029	2	1	3	945	0.358529
0.968029	2	1	3	945	0.362429
0.968029	2	1	3	945	0.362329
0.968029	2	1	3	945	0.362229
0.968029	2	1	3	945	0.362129
0.968029	2	1	3	945	0.362029
0.968029	2	1	3	945	0.361929
0.968029	2	1	3	945	0.361829
0.968029	2	1	3	945	0.361729
0.968029	2	1	3	945	0.361629
0.969029	2	1	3	945	0.362529
0.969029	2	1	3	945	0.362429
0.969029	2	1	3	945	0.362329
0.969029	2	1	3	945	0.362229
0.969029	2	1	3	945	0.362129
0.969029	2	1	3	945	0.362029
0.969029	2	1	3	945	0.361929
0.969029	2	1	3	945	0.361829
0.969029	2	1	3	945	0.361729
0.969029	2	1	3	945	0.361629
0.973029	2	1	3	945	0.365529
0.973029	2	1	3	945	0.365429
0.973029	2	1	3	945	0.365329
0.973029	2	1	3	945	0.365229
0.973029	2	1	3	945	0.365129
0.973029	2	1	3	945	0.365029
0.973029	2	1	3	945	0.364929
0.973029	2	1	3	945	0.364829
0.973029	2	1	3	945	0.364729
0.974029	2	1	3	945	0.365629
0.974029	2	1	3	945	0.365529
0.974029	2	1	3	945	0.365429
0.974029	2	1	3	945	0.365329
0.974029	2	1	3	945	0.365229
0.974029	2	1	3	945	0.365129
0.974029	2	1	3	945	0.365029
0.974029	2	1	3	945	0.364929
0.974029	2	1	3	945	0.364829
0.974029	2	1	3	945	0.364729
0.978029	2	1	3	945	0.368629
0.978029	2	1	3	945	0.368529
0.978029	2	1	3	945	0.368429
0.978029	2	1	3	945	0.368329
0.978029	2	1	3	945	0.368229
0.978029	2	1	3	945	0.368129
0.978029	2	1	3	945	0.368029
0.978029	2	1	3	945	0.367929
0.978029	2	1	3	945	0.367829
0.983029	2	1	3	945	0.372729
0.983029	2	1	3	945	0.372629
0.983029	2	1	3	945	0.372529
0.983029	2	1	3	945	0.372429
0.983029	2	1	3	945	0.372329
0.983029	2	1	3	945	0.372229
0.983029	2	1	3	945	0.372129
0.983029	2	1	3	945	0.372029
0.983029	2	1	3	945	0.371929
0.983029	2	1	3	945	0.371829
0.984029	2	1	3	945	0.372729
0.984029	2	1	3	945	0.372629
0.984029	2	1	3	945	0.372529
0.984029	2	1	3	945	0.372429
0.984029	2	1	3	945	0.372329
0.984029	2	1	3	945	0.372229
0.984029	2	1	3	945	0.372129
0.984029	2	1	3	945	0.372029
0.984029	2	1	3	945	0.371929
0.988029	2	1	3	945	0.375829
0.988029	2	1	3	945	0.375729
0.988029	2	1	3	945	0.375629
0.988029	2	1	3	945	0.375529
0.988029	2	1	3	945	0.375429
0.988029	2	1	3	945	0.375329
0.988029	2	1	3	945	0.375229
0.988029	2	1	3	945	0.375129
0.988029	2	1	3	945	0.375029
0.989029	2	1	3	945	0.375929
0.989029	2	1	3	945	0.375829
0.989029	2	1	3	945	0.375729
0.989029	2	1	3	945	0.375629
0.989029	2	1	3	945	0.375529
0.989029	2	1	3	945	0.375429
0.989029	2	1	3	945	0.375329
0.989029	2	1	3	945	0.375229
0.989029	2	1	3	945	0.375129
0.989029	2	1	3	945	0.375029
0.993029	2	1	3	945	0.378929
0.993029	2	1	3	945	0.378829
0.993029	2	1	3	945	0.378729
0.993029	2	1	3	945	0.378629
0.993029	2	1	3	945	0.378529
0.993029	2	1	3	945	0.378429
0.993029	2	1	3	945	0.378329
0.993029	2	1	3	945	0.378229
0.993029	2	1	3	945	0.378129
0.994029	2	1	3	945	0.379029
0.994029	2	1	3	945	0.378929
0.994029	2	1	3	945	0.378829
0.994029	2	1	3	945	0.378729
0.994029	2	1	3	945	0.378629
0.994029	2	1	3	945	0.378529
0.994029	2	1	3	945	0.378429
0.994029	2	1	3	945	0.378329
0.994029	2	1	3	945	0.378229
0.994029	2	1	3	945	0.378129
0.998029	2	1	3	945	0.382029
0.998029	2	1	3	945	0.381929
0.998029	2	1	3	945	0.381829
0.998029	2	1	3	945	0.381729
0.998029	2	1	3	945	0.381629
0.998029	2	1	3	945	0.381529
0.998029	2	1	3	945	0.381429
0.998029	2	1	3	945	0.381329
0.998029	2	1	3	945	0.381229
0.999029	2	1	3	945	0.382129
0.999029	2	1	3	945	0.382029
0.999029	2	1	3	945	0.381929
0.999029	2	1	3	945	0.381829
0.999029	2	1	3	945	0.381729
0.999029	2	1	3	945	0.381629
0.999029	2	1	3	945	0.381529
0.999029	2	1	3	945	0.381429
0.999029	2	1	3	945	0.381329
0.999029	2	1	3	945	0.381229
1.00303	2	1	3	945	0.385129
1.00303	2	1	3	945	0.385029
1.00303	2	1	3	945	0.384929
1.00303	2	1	3	945	0.384829
1.00303	2	1	3	945	0.384729
1.00303	2	1	3	945	0.384629
1.00303	2	1	3	945	0.384529
1.00303	2	1	3	945	0.384429
1.00303	2	1	3	945	0.384329
1.00403	2	1	3	945	0.385229
1.00403	2	1	3	945	0.385129
1.00403	2	1	3	945	0.385029
1.00403	2	1	3	945	0.384929
1.00403	2	1	3	945	0.384829
1.00403	2	1	3	945	0.384729
1.00403	2	1	3	945	0.384629
1.00403	2	1	3	945	0.384529
1.00403	2	1	3	945	0.384429
1.00803	2	1	3	945	0.388329
1.00803	2	1	3	945	0.388229
1.00803	2	1	3	945	0.388129
1.00803	2	1	3	945	0.388029
1.00803	2	1	3	945	0.387929
1.00803	2	1	3	945	0.387829
1.00803	2	1	3	945	0.387729
1.00803	2	1	3	945	0.387629
1.00803	2	1	3	945	0.387529
1.00803	2	1	3	945	0.387429
1.00903	2	1	3	945	0.388329
1.00903	2	1	3	945	0.388229
1.00903	2	1	3	945	0.388129
1.00903	2	1	3	945	0.388029
1.00903	2	1	3	945	0.387929
1.00903	2	1	3	945	0.387829
1.00903	2	1	3	945	0.387729
1.00903	2	1	3	945	0.387629
1.00903	2	1	3	945	0.387529
1.01303	2	1	3	945	0.391429
1.01303	2	1	3	945	0.391329
1.01303	2	1	3	945	0.391229
1.01303	2	1	3	945	0.391129
1.01303	2	1	3	945	0.391029
1.01303	2	1	3	945	0.390929
1.01303	2	1	3	945	0.390829
1.01303	2	1	3	945	0.390729
1.01303	2	1	3	945	0.390629
1.01303	2	1	3	945	0.390529
1.01403	2	1	3	945	0.391429
1.01403	2	1	3	945	0.391329
1.01403	2	1	3	945	0.391229
1.01403	2	1	3	945	0.391129
1.01403	2	1	3	945	0.391029
1.01403	2	1	3	945	0.390929
1.01403	2	1	3	945	0.390829
1.01403	2	1	3	945	0.390729
1.01403	2	1	3	945	0.390629
1.01803	2	1	3	945	0.394529
1.01803	2	1	3	945	0.394429
1.01803	2	1	3	945	0.394329
1.01803	2	1	3	945	0.394229
1.01803	2	1	3	945	0.394129
1.01803	2	1	3	945	0.394029
1.01803	2	1	3	945	0.393929
1.01803	2	1	3	945	0.393829
1.01803	2	1	3	945	0.393729
1.01803	2	1	3	945	0.393629
1.01903	2	1	3	945	0.394529
1.01903	2	1	3	945	0.394429
1.01903	2	1	3	945	0.394329
1.01903	2	1	3	945	0.394229
1.01903	2	1	3	945	0.394129
1.01903	2	1	3	945	0.394029
1.01903	2	1	3	945	0.393929
1.01903	2	1	3	945	0.393829
1.01903	2	1	3	945	0.393729
1.02303	2	1	3	945	0.397629
1.02303	2	1	3	945	0.397529
1.02303	2	1	3	945	0.397429
1.02303	2	1	3	945	0.397329
1.02303	2	1	3	945	0.397229
1.02303	2	1	3	945	0.397129
1.02303	2	1	3	945	0.397029
1.02303	2	1	3	945	0.396929
1.02303	2	1	3	945	0.396829
1.02403	2	1	3	945	0.397729
1.02403	2	1	3	945	0.397629
1.02403	2	1	3	945	0.397529
1.02403	2	1	3	945	0.397429
1.02403	2	1	3	945	0.397329
1.02403	2	1	3	945	0.397229
1.02403	2	1	3	945	0.397129
1.02403	2	1	3	945	0.397029
1.02403	2	1	3	945	0.396929
1.02403	2	1	3	945	0.396829
1.02803	2	1	3	945	0.400729
1.02803	2	1	3	945	0.400629
1.02803	2	1	3	945	0.400529
1.02803	2	1	3	945	0.400429
1.02803	2	1	3	945	0.400329
1.02803	2	1	3	945	0.400229
1.02803	2	1	3	945	0.400129
1.02803	2	1	3	945	0.400029
1.02803	2	1	3	945	0.399929
1.02903	2	1	3	945	0.400829
1.02903	2	1	3	945	0.400729
1.02903	2	1	3	945	0.400629
1.02903	2	1	3	945	0.400529
1.02903	2	1	3	945	0.400429
1.02903	2	1	3	945	0.400329
1.02903	2	1	3	945	0.400229
1.02903	2	1	3	945	0.400129
1.02903	2	1	3	945	0.400029
1.02903	2	1	3	945	0.399929
1.03303	2	1	3	945	0.403829
1.03303	2	1	3	945	0.403729
1.03303	2	1	3	945	0.403629
1.03303	2	1	3	945	0.403529
1.03303	2	1	3	945	0.403429
1.03303	2	1	3	945	0.403329
1.03303	2	1	3	945	0.403229
1.03303	2	1	3	945	0.403129
1.03303	2	1	3	945	0.403029
1.03403	2	1	3	945	0.403929
1.03403	2	1	3	945	0.403829
1.03403	2	1	3	945	0.403729
1.03403	2	1	3	945	0.403629
1.03403	2	1	3	945	0.403529
1.03403	2	1	3	945	0.403429
1.03403	2	1	3	945	0.403329
1.03403	2	1	3	945	0.403229
1.03403	2	1	3	945	0.403129
1.03403	2	1	3	945	0.403029
1.03803	2	1	3	945	0.406929
1.03803	2	1	3	945	0.406829
1.03803	2	1	3	945	0.406729
1.03803	2	1	3	945	0.406629
1.03803	2	1	3	945	0.406529
1.03803	2	1	3	945	0.406429
1.03803	2	1	3	945	0.406329
1.03803	2	1	3	945	0.406229
1.03803	2	1	3	945	0.406129
1.03903	2	1	3	945	0.407029
1.03903	2	1	3	945	0.406929
1.03903	2	1	3	945	0.406829
1.03903	2	1	3	945	0.406729
1.03903	2	1	3	945	0.406629
1.03903	2	1	3	945	0.406529
1.03903	2	1	3	945	0.406429
1.03903	2	1	3	945	0.406329
1.03903	2	1	3	945	0.406229
1.04303	2	1	3	945	0.410129
1.04303	2	1	3	945	0.410029
1.04303	2	1	3	945	0.409929
1.04303	2	1	3	945	0.409829
1.04303	2	1	3	945	0.409729
1.04303	2	1	3	945	0.409629
1.04303	2	1	3	945	0.409529
1.04303	2	1	3	945	0.409429
1.04303	2	1	3	945	0.409329
1.04303	2	1	3	945	0.409229
1.04403	2	1	3	945	0.410129
1.04403	2	1	3	945	0.410029
1.04403	2	1	3	945	0.409929
1.04403	2	1	3	945	0.409829
1.04403	2	1	3	945	0.409729
1.04403	2	1	3	945	0.409629
1.04403	2	1	3	945	0.409529
1.04403	2	1	3	945	0.409429
1.04403	2	1	3	945	0.409329
1.04803	2	1	3	945	0.413229
1.04803	2	1	3	945	0.413129
1.04803	2	1	3	945	0.413029
1.04803	2	1	3	945	0.412929
1.04803	2	1	3	945	0.412829
1.04803	2	1	3	945	0.412729
1.04803	2	1	3	945	0.412629
1.04803	2	1	3	945	0.412529
1.04803	2	1	3	945	0.412429
1.04803	2	1	3	945	0.412329
1.04903	2	1	3	945	0.413229
1.04903	2	1	3	945	0.413129
1.04903	2	1	3	945	0.413029
1.04903	2	1	3	945	0.412929
1.04903	2	1	3	945	0.412829
1.04903	2	1	3	945	0.412729
1.04903	2	1	3	945	0.412629
1.04903	2	1	3	945	0.412529
1.04903	2	1	3	945	0.412429
1.05303	2	1	3	945	0.416329
1.05303	2	1	3	945	0.416229
1.05303	2	1	3	945	0.416129
1.05303	2	1	3	945	0.416029
1.05303	2	1	3	945	0.415929
1.05303	2	1	3	945	0.415829
1.05303	2	1	3	945	0.415729
1.05303	2	1	3	945	0.415629
1.05303	2	1	3	945	0.415529
1.05303	2	1	3	945	0.415429
1.05403	2	1	3	945	0.416329
1.05403	2	1	3	945	0.416229
1.05403	2	1	3	945	0.416129
1.05403	2	1	3	945	0.416029
1.05403	2	1	3	945	0.415929
1.05403	2	1	3	945	0.415829
1.05403	2	1	3	945	0.415729
1.05403	2	1	3	945	0.415629
1.05403	2	1	3	945	0.415529
1.05803	2	1	3	945	0.419429
1.05803	2	1	3	945	0.419329
1.05803	2	1	3	945	0.419229
1.05803	2	1	3	945	0.419129
1.05803	2	1	3	945	0.419029
1.05803	2	1	3	945	0.418929
1.05803	2	1	3	945	0.418829
1.05803	2	1	3	945	0.418729
1.05803	2	1	3	945	0.418629
1.05903	2	1	3	945	0.419529
1.05903	2	1	3	945	0.419429
1.05903	2	1	3	945	0.419329
1.05903	2	1	3	945	0.419229
1.05903	2	1	3	945	0.419129
1.05903	2	1	3	945	0.419029
1.05903	2	1	3	945	0.418929
1.05903	2	1	3	945	0.418829
1.05903	2	1	3	945	0.418729
1.05903	2	1	3	945	0.418629
1.06303	2	1	3	945	0.422529
1.06303	2	1	3	945	0.422429
1.06303	2	1	3	945	0.422329
1.06303	2	1	3	945	0.422229
1.06303	2	1	3	945	0.422129
1.06303	2	1	3	945	0.422029
1.06303	2	1	3	945	0.421929
1.06303	2	1	3	945	0.421829
1.06303	2	1	3	945	0.421729
1.06403	2	1	3	945	0.422629
1.06403	2	1	3	945	0.422529
1.06403	2	1	3	945	0.422429
1.06403	2	1	3	945	0.422329
1.06403	2	1	3	945	0.422229
1.06403	2	1	3	945	0.422129
1.06403	2	1	3	945	0.422029
1.06403	2	1	3	945	0.421929
1.06403	2	1	3	945	0.421829
1.06403	2	1	3	945	0.421729
1.06803	2	1	3	945	0.425629
1.06803	2	1	3	945	0.425529
1.06803	2	1	3	945	0.425429
1.06803	2	1	3	945	0.425329
1.06803	2	1	3	945	0.425229
1.06803	2	1	3	945	0.425129
1.06803	2	1	3	945	0.425029
1.06803	2	1	3	945	0.424929
1.06803	2	1	3	945	0.424829
1.06903	2	1	3	945	0.425729
1.06903	2	1	3	945	0.425629
1.06903	2	1	3	945	0.425529
1.06903	2	1	3	945	0.425429
1.06903	2	1	3	945	0.425329
1.06903	2	1	3	945	0.425229
1.06903	2	1	3	945	0.425129
1.06903	2	1	3	945	0.425029
1.06903	2	1	3	945	0.424929
1.06903	2	1	3	945	0.424829
1.07303	2	1	3	945	0.428729
1.07303	2	1	3	945	0.428629
1.07303	2	1	3	945	0.428529
1.07303	2	1	3	945	0.428429
1.07303	2	1	3	945	0.428329
1.07303	2	1	3	945	0.428229
1.07303	2	1	3	945	0.428129
1.07303	2	1	3	945	0.428029
1.07303	2	1	3	945	0.427929
1.07403	2	1	3	945	0.428829
1.07403	2	1	3	945	0.428729
1.07403	2	1	3	945	0.428629
1.07403	2	1	3	945	0.428529
1.07403	2	1	3	945	0.428429
1.07403	2	1	3	945	0.428329
1.07403	2	1	3	945	0.428229
1.07403	2	1	3	945	0.428129
1.07403	2	1	3	945	0.428029
1.07803	2	1	3	945	0.431929
1.07803	2	1	3	945	0.431829
1.07803	2	1	3	945	0.431729
1.07803	2	1	3	945	0.431629
1.07803	2	1	3	945	0.431529
1.07803	2	1	3	945	0.431429
1.07803	2	1	3	945	0.431329
1.07803	2	1	3	945	0.431229
1.07803	2	1	3	945	0.431129
1.07803	2	1	3	945	0.431029
1.07903	2	1	3	945	0.431929
1.07903	2	1	3	945	0.431829
1.07903	2	1	3	945	0.431729
1.07903	2	1	3	945	0.431629
1.07903	2	1	3	945	0.431529
1.07903	2	1	3	945	0.431429
1.07903	2	1	3	945	0.431329
1.07903	2	1	3	945	0.431229
1.07903	2	1	3	945	0.431129
1.08303	2	1	3	945	0.435029
1.08303	2	1	3	945	0.434929
1.08303	2	1	3	945	0.434829
1.08303	2	1	3	945	0.434729
1.08303	2	1	3	945	0.434629
1.08303	2	1	3	945	0.434529
1.08303	2	1	3	945	0.434429
1.08303	2	1	3	945	0.434329
1.08303	2	1	3	945	0.434229
1.08303	2	1	3	945	0.434129
1.08403	2	1	3	945	0.435029
1.08403	2	1	3	945	0.434929
1.08403	2	1	3	945	0.434829
1.08403	2	1	3	945	0.434729
1.08403	2	1	3	945	0.434629
1.08403	2	1	3	945	0.434529
1.08403	2	1	3	945	0.434429
1.08403	2	1	3	945	0.434329
1.08403	2	1	3	945	0.434229
1.08803	2	1	3	945	0.438129
1.08803	2	1	3	945	0.438029
1.08803	2	1	3	945	0.437929
1.08803	2	1	3	945	0.437829
1.08803	2	1	3	945	0.437729
1.08803	2	1	3	945	0.437629
1.08803	2	1	3	945	0.437529
1.08803	2	1	3	945	0.437429
1.08803	2	1	3	945	0.437329
1.08803	2	1	3	945	0.437229
1.08903	2	1	3	945	0.438129
1.08903	2	1	3	945	0.438029
1.08903	2	1	3	945	0.437929
1.08903	2	1	3	945	0.437829
1.08903	2	1	3	945	0.437729
1.08903	2	1	3	945	0.437629
1.08903	2	1	3	945	0.437529
1.08903	2	1	3	945	0.437429
1.08903	2	1	3	945	0.437329
1.09303	2	1	3	945	0.441229
1.09303	2	1	3	945	0.441129
1.09303	2	1	3	945	0.441029
1.09303	2	1	3	945	0.440929
1.09303	2	1	3	945	0.440829
1.09303	2	1	3	945	0.440729
1.09303	2	1	3	945	0.440629
1.09303	2	1	3	945	0.440529
1.09303	2	1	3	945	0.440429
1.09303	2	1	3	945	0.440329
1.09403	2	1	3	945	0.441229
1.09403	2	1	3	945	0.441129
1.09403	2	1	3	945	0.441029
1.09403	2	1	3	945	0.440929
1.09403	2	1	3	945	0.440829
1.09403	2	1	3	945	0.440729
1.09403	2	1	3	945	0.440629
1.09403	2	1	3	945	0.440529
1.09403	2	1	3	945	0.440429
1.09803	2	1	3	945	0.444329
1.09803	2	1	3	945	0.444229
1.09803	2	1	3	945	0.444129
1.09803	2	1	3	945	0.444029
1.09803	2	1	3	945	0.443929
1.09803	2	1	3	945	0.443829
1.09803	2	1	3	945	0.443729
1.09803	2	1	3	945	0.443629
1.09803	2	1	3	945	0.443529
1.09903	2	1	3	945	0.444429
1.09903	2	1	3	945	0.444329
1.09903	2	1	3	945	0.444229
1.09903	2	1	3	945	0.444129
1.09903	2	1	3	945	0.444029
1.09903	2	1	3	945	0.443929
1.09903	2	1	3	945	0.443829
1.09903	2	1	3	945	0.443729
1.09903	2	1	3	945	0.443629
1.09903	2	1	3	945	0.443529
1.10303	2	1	3	945	0.447429
1.10303	2	1	3	945	0.447329
1.10303	2	1	3	945	0.447229
1.10303	2	1	3	945	0.447129
1.10303	2	1	3	945	0.447029
1.10303	2	1	3	945	0.446929
1.10303	2	1	3	945	0.446829
1.10303	2	1	3	945	0.446729
1.10303	2	1	3	945	0.446629
1.10403	2	1	3	945	0.447529
1.10403	2	1	3	945	0.447429
1.10403	2	1	3	945	0.447329
1.10403	2	1	3	945	0.447229
1.10403	2	1	3	945	0.447129
1.10403	2	1	3	945	0.447029
1.10403	2	1	3	945	0.446929
1.10403	2	1	3	945	0.446829
1.10403	2	1	3	945	0.446729
1.10403	2	1	3	945	0.446629
1.10803	2	1	3	945	0.450529
1.10803	2	1	3	945	0.450429
1.10803	2	1	3	945	0.450329
1.10803	2	1	3	945	0.450229
1.10803	2	1	3	945	0.450129
1.10803	2	1	3	945	0.450029
1.10803	2	1	3	945	0.449929
1.10803	2	1	3	945	0.449829
1.10803	2	1	3	945	0.449729
1.10903	2	1	3	945	0.450629
1.10903	2	1	3	945	0.450529
1.10903	2	1	3	945	0.450429
1.10903	2	1	3	945	0.450329
1.10903	2	1	3	945	0.450229
1.10903	2	1	3	945	0.450129
1.10903	2	1	3	945	0.450029
1.10903	2	1	3	945	0.449929
1.10903	2	1	3	945	0.449829
1.10903	2	1	3	945	0.449729
1.11303	2	1	3	945	0.453629
1.11303	2	1	3	945	0.453529
1.11303	2	1	3	945	0.453429
1.11303	2	1	3	945	0.453329
1.11303	2	1	3	945	0.453229
1.11303	2	1	3	945	0.453129
1.11303	2	1	3	945	0.453029
1.11303	2	1	3	945	0.452929
1.11303	2	1	3	945	0.452829
1.11403	2	1	3	945	0.453729
1.11403	2	1	3	945	0.453629
1.11403	2	1	3	945	0.453529
1.11403	2	1	3	945	0.453429
1.11403	2	1	3	945	0.453329
1.11403	2	1	3	945	0.453229
1.11403	2	1	3	945	0.453129
1.11403	2	1	3	945	0.453029
1.11403	2	1	3	945	0.452929
1.11803	2	1	3	945	0.456829
1.11803	2	1	3	945	0.456729
1.11803	2	1	3	945	0.456629
1.11803	2	1	3	945	0.456529
1.11803	2	1	3	945	0.456429
1.11803	2	1	3	945	0.456329
1.11803	2	1	3	945	0.456229
1.11803	2	1	3	945	0.456129
1.11803	2	1	3	945	0.456029
1.11803	2	1	3	945	0.455929
1.11903	2	1	3	945	0.456829
1.11903	2	1	3	945	0.456729
1.11903	2	1	3	945	0.456629
1.11903	2	1	3	945	0.456529
1.11903	2	1	3	945	0.456429
1.11903	2	1	3	945	0.456329
1.11903	2	1	3	945	0.456229
1.11903	2	1	3	945	0.456129
1.11903	2	1	3	945	0.456029
1.12303	2	1	3	945	0.459929
1.12303	2	1	3	945	0.459829
1.12303	2	1	3	945	0.459729
1.12303	2	1	3	945	0.459629
1.12303	2	1	3	945	0.459529
1.12303	2	1	3	945	0.459429
1.12303	2	1	3	945	0.459329
1.12303	2	1	3	945	0.459229
1.12303	2	1	3	945	0.459129
1.12303	2	1	3	945	0.459029
1.12403	2	1	3	945	0.459929
1.12403	2	1	3	945	0.459829
1.12403	2	1	3	945	0.459729
1.12403	2	1	3	945	0.459629
1.12403	2	1	3	945	0.459529
1.12403	2	1	3	945	0.459429
1.12403	2	1	3	945	0.459329
1.12403	2	1	3	945	0.459229
1.12403	2	1	3	945	0.459129
1.12803	2	1	3	945	0.463029
1.12803	2	1	3	945	0.462929
1.12803	2	1	3	945	0.462829
1.12803	2	1	3	945	0.462729
1.12803	2	1	3	945	0.462629
1.12803	2	1	3	945	0.462529
1.12803	2	1	3	945	0.462429
1.12803	2	1	3	945	0.462329
1.12803	2	1	3	945	0.462229
1.12803	2	1	3	945	0.462129
1.12903	2	1	3	945	0.463029
1.12903	2	1	3	945	0.462929
1.12903	2	1	3	945	0.462829
1.12903	2	1	3	945	0.462729
1.12903	2	1	3	945	0.462629
1.12903	2	1	3	945	0.462529
1.12903	2	1	3	945	0.462429
1.12903	2	1	3	945	0.462329
1.12903	2	1	3	945	0.462229
1.13303	2	1	3	945	0.466129
1.13303	2	1	3	945	0.466029
1.13303	2	1	3	945	0.465929
1.13303	2	1	3	945	0.465829
1.13303	2	1	3	945	0.465729
1.13303	2	1	3	945	0.465629
1.13303	2	1	3	945	0.465529
1.13303	2	1	3	945	0.465429
1.13303	2	1	3	945	0.465329
1.13403	2	1	3	945	0.466229
1.13403	2	1	3	945	0.466129
1.13403	2	1	3	945	0.466029
1.13403	2	1	3	945	0.465929
1.13403	2	1	3	945	0.465829
1.13403	2	1	3	945	0.465729
1.13403	2	1	3	945	0.465629
1.13403	2	1	3	945	0.465529
1.13403	2	1	3	945	0.465429
1.13403	2	1	3	945	0.465329
1.13803	2	1	3	945	0.469229
1.13803	2	1	3	945	0.469129
1.13803	2	1	3	945	0.469029
1.13803	2	1	3	945	0.468929
1.13803	2	1	3	945	0.468829
1.13803	2	1	3	945	0.468729
1.13803	2	1	3	945	0.468629
1.13803	2	1	3	945	0.468529
1.13803	2	1	3	945	0.468429
1.13903	2	1	3	945	0.469329
1.13903	2	1	3	945	0.469229
1.13903	2	1	3	945	0.469129
1.13903	2	1	3	945	0.469029
1.13903	2	1	3	945	0.468929
1.13903	2	1	3	945	0.468829
1.13903	2	1	3	945	0.468729
1.13903	2	1	3	945	0.468629
1.13903	2	1	3	945	0.468529
1.13903	2	1	3	945	0.468429
1.14303	2	1	3	945	0.472329
1.14303	2	1	3	945	0.472229
1.14303	2	1	3	945	0.472129
1.14303	2	1	3	945	0.472029
1.14303	2	1	3	945	0.471929
1.14303	2	1	3	945	0.471829
1.14303	2	1	3	945	0.471729
1.14303	2	1	3	945	0.471629
1.14303	2	1	3	945	0.471529
1.14403	2	1	3	945	0.472429
1.14403	2	1	3	945	0.472329
1.14403	2	1	3	945	0.472229
1.14403	2	1	3	945	0.472129
1.14403	2	1	3	945	0.472029
1.14403	2	1	3	945	0.471929
1.14403	2	1	3	945	0.471829
1.14403	2	1	3	945	0.471729
1.14403	2	1	3	945	0.471629
1.14403	2	1	3	945	0.471529
1.14803	2	1	3	945	0.475429
1.14803	2	1	3	945	0.475329
1.14803	2	1	3	945	0.475229
1.14803	2	1	3	945	0.475129
1.14803	2	1	3	945	0.475029
1.14803	2	1	3	945	0.474929
1.14803	2	1	3	945	0.474829
1.14803	2	1	3	945	0.474729
1.14803	2	1	3	945	0.474629
1.14903	2	1	3	945	0.475529
1.14903	2	1	3	945	0.475429
1.14903	2	1	3	945	0.475329
1.14903	2	1	3	945	0.475229
1.14903	2	1	3	945	0.475129
1.14903	2	1	3	945	0.475029
1.14903	2	1	3	945	0.474929
1.14903	2	1	3	945	0.474829
1.14903	2	1	3	945	0.474729
1.15303	2	1	3	945	0.478629
1.15303	2	1	3	945	0.478529
1.15303	2	1	3	945	0.478429
1.15303	2	1	3	945	0.478329
1.15303	2	1	3	945	0.478229
1.15303	2	1	3	945	0.478129
1.15303	2	1	3	945	0.478029
1.15303	2	1	3	945	0.477929
1.15303	2	1	3	945	0.477829
1.15303	2	1	3	945	0.477729
1.15403	2	1	3	945	0.478629
1.15403	2	1	3	945	0.478529
1.15403	2	1	3	945	0.478429
1.15403	2	1	3	945	0.478329
1.15403	2	1	3	945	0.478229
1.15403	2	1	3	945	0.478129
1.15403	2	1	3	945	0.478029
1.15403	2	1	3	945	0.477929
1.15403	2	1	3	945	0.477829
1.15803	2	1	3	945	0.481729
1.15803	2	1	3	945	0.481629
1.15803	2	1	3	945	0.481529
1.15803	2	1	3	945	0.481429
1.15803	2	1	3	945	0.481329
1.15803	2	1	3	945	0.481229
1.15803	2	1	3	945	0.481129
1.15803	2	1	3	945	0.481029
1.15803	2	1	3	945	0.480929
1.15803	2	1	3	945	0.480829
1.15903	2	1	3	945	0.481729
1.15903	2	1	3	945	0.481629
1.15903	2	1	3	945	0.481529
1.15903	2	1	3	945	0.481429
1.15903	2	1	3	945	0.481329
1.15903	2	1	3	945	0.481229
1.15903	2	1	3	945	0.481129
1.15903	2	1	3	945	0.481029
1.15903	2	1	3	945	0.480929
1.16303	2	1	3	945	0.484829
1.16303	2	1	3	945	0.484729
1.16303	2	1	3	945	0.484629
1.16303	2	1	3	945	0.484529
1.16303	2	1	3	945	0.484429
1.16303	2	1	3	945	0.484329
1.16303	2	1	3	945	0.484229
1.16303	2	1	3	945	0.484129
1.16303	2	1	3	945	0.484029
1.16303	2	1	3	945	0.483929
1.16403	2	1	3	945	0.484829
1.16403	2	1	3	945	0.484729
1.16403	2	1	3	945	0.484629
1.16403	2	1	3	945	0.484529
1.16403	2	1	3	945	0.484429
1.16403	2	1	3	945	0.484329
1.16403	2	1	3	945	0.484229
1.16403	2	1	3	945	0.484129
1.16403	2	1	3	945	0.484029
1.16803	2	1	3	945	0.487929
1.16803	2	1	3	945	0.487829
1.16803	2	1	3	945	0.487729
1.16803	2	1	3	945	0.487629
1.16803	2	1	3	945	0.487529
1.16803	2	1	3	945	0.487429
1.16803	2	1	3	945	0.487329
1.16803	2	1	3	945	0.487229
1.16803	2	1	3	945	0.487129
1.16903	2	1	3	945	0.488029
1.16903	2	1	3	945	0.487929
1.16903	2	1	3	945	0.487829
1.16903	2	1	3	945	0.487729
1.16903	2	1	3	945	0.487629
1.16903	2	1	3	945	0.487529
1.16903	2	1	3	945	0.487429
1.16903	2	1	3	945	0.487329
1.16903	2	1	3	945	0.487229
1.16903	2	1	3	945	0.487129
1.17303	2	1	3	945	0.491029
1.17303	2	1	3	945	0.490929
1.17303	2	1	3	945	0.490829
1.17303	2	1	3	945	0.490729
1.17303	2	1	3	945	0.490629
1.17303	2	1	3	945	0.490529
1.17303	2	1	3	945	0.490429
1.17303	2	1	3	945	0.490329
1.17303	2	1	3	945	0.490229
1.17403	2	1	3	945	0.491129
1.17403	2	1	3	945	0.491029
1.17403	2	1	3	945	0.490929
1.17403	2	1	3	945	0.490829
1.17403	2	1	3	945	0.490729
1.17403	2	1	3	945	0.490629
1.17403	2	1	3	945	0.490529
1.17403	2	1	3	945	0.490429
1.17403	2	1	3	945	0.490329
1.17403	2	1	3	945	0.490229
1.17803	2	1	3	945	0.494129
1.17803	2	1	3	945	0.494029
1.17803	2	1	3	945	0.493929
1.17803	2	1	3	945	0.493829
1.17803	2	1	3	945	0.493729
1.17803	2	1	3	945	0.493629
1.17803	2	1	3	945	0.493529
1.17803	2	1	3	945	0.493429
1.17803	2	1	3	945	0.493329
1.18303	2	1	3	945	0.498229
1.18303	2	1	3	945	0.498129
1.18303	2	1	3	945	0.498029
1.18303	2	1	3	945	0.497929
1.18303	2	1	3	945	0.497829
1.18303	2	1	3	945	0.497729
1.18303	2	1	3	945	0.497629
1.18303	2	1	3	945	0.497529
1.18303	2	1	3	945	0.497429
1.18303	2	1	3	945	0.497329
1.18403	2	1	3	945	0.498229
1.18403	2	1	3	945	0.498129
1.18403	2	1	3	945	0.498029
1.18403	2	1	3	945	0.497929
1.18403	2	1	3	945	0.497829
1.18403	2	1	3	945	0.497729
1.18403	2	1	3	945	0.497629
1.18403	2	1	3	945	0.497529
1.18403	2	1	3	945	0.497429
1.18803	2	1	3	945	0.501329
1.18803	2	1	3	945	0.501229
1.18803	2	1	3	945	0.501129
1.18803	2	1	3	945	0.501029
1.18803	2	1	3	945	0.500929
1.18803	2	1	3	945	0.500829
1.18803	2	1	3	945	0.500729
1.18803	2	1	3	945	0.500629
1.18803	2	1	3	945	0.500529
1.18903	2	1	3	945	0.501429
1.18903	2	1	3	945	0.501329
1.18903	2	1	3	945	0.501229
1.18903	2	1	3	945	0.501129
1.18903	2	1	3	945	0.501029
1.18903	2	1	3	945	0.500929
1.18903	2	1	3	945	0.500829
1.18903	2	1	3	945	0.500729
1.18903	2	1	3	945	0.500629
1.18903	2	1	3	945	0.500529
1.19303	2	1	3	945	0.504429
1.19303	2	1	3	945	0.504329
1.19303	2	1	3	945	0.504229
1.19303	2	1	3	945	0.504129
1.19303	2	1	3	945	0.504029
1.19303	2	1	3	945	0.503929
1.19303	2	1	3	945	0.503829
1.19303	2	1	3	945	0.503729
1.19303	2	1	3	945	0.503629
1.19403	2	1	3	945	0.504529
1.19403	2	1	3	945	0.504429
1.19403	2	1	3	945	0.504329
1.19403	2	1	3	945	0.504229
1.19403	2	1	3	945	0.504129
1.19403	2	1	3	945	0.504029
1.19403	2	1	3	945	0.503929
1.19403	2	1	3	945	0.503829
1.19403	2	1	3	945	0.503729
1.19403	2	1	3	945	0.503629
1.19803	2	1	3	945	0.507529
1.19803	2	1	3	945	0.507429
1.19803	2	1	3	945	0.507329
1.19803	2	1	3	945	0.507229
1.19803	2	1	3	945	0.507129
1.19803	2	1	3	945	0.507029
1.19803	2	1	3	945	0.506929
1.19803	2	1	3	945	0.506829
1.19803	2	1	3	945	0.506729
1.19903	2	1	3	945	0.507629
1.19903	2	1	3	945	0.507529
1.19903	2	1	3	945	0.507429
1.19903	2	1	3	945	0.507329
1.19903	2	1	3	945	0.507229
1.19903	2	1	3	945	0.507129
1.19903	2	1	3	945	0.507029
1.19903	2	1	3	945	0.506929
1.19903	2	1	3	945	0.506829
1.19903	2	1	3	945	0.506729
1.20303	2	1	3	945	0.510629
1.20303	2	1	3	945	0.510529
1.20303	2	1	3	945	0.510429
1.20303	2	1	3	945	0.510329
1.20303	2	1	3	945	0.510229
1.20303	2	1	3	945	0.510129
1.20303	2	1	3	945	0.510029
1.20303	2	1	3	945	0.509929
1.20303	2	1	3	945	0.509829
1.20403	2	1	3	945	0.510729
1.20403	2	1	3	945	0.510629
1.20403	2	1	3	945	0.510529
1.20403	2	1	3	945	0.510429
1.20403	2	1	3	945	0.510329
1.20403	2	1	3	945	0.510229
1.20403	2	1	3	945	0.510129
1.20403	2	1	3	945	0.510029
1.20403	2	1	3	945	0.509929
1.20803	2	1	3	945	0.513829
1.20803	2	1	3	945	0.513729
1.20803	2	1	3	945	0.513629
1.20803	2	1	3	945	0.513529
1.20803	2	1	3	945	0.513429
1.20803	2	1	3	945	0.513329
1.20803	2	1	3	945	0.513229
1.20803	2	1	3	945	0.513129
1.20803	2	1	3	945	0.513029
1.20803	2	1	3	945	0.512929
1.20903	2	1	3	945	0.513829
1.20903	2	1	3	945	0.513729
1.20903	2	1	3	945	0.513629
1.20903	2	1	3	945	0.513529
1.20903	2	1	3	945	0.513429
1.20903	2	1	3	945	0.513329
1.20903	2	1	3	945	0.513229
1.20903	2	1	3	945	0.513129
1.20903	2	1	3	945	0.513029
1.21303	2	1	3	945	0.516929
1.21303	2	1	3	945	0.516829
1.21303	2	1	3	945	0.516729
1.21303	2	1	3	945	0.516629
1.21303	2	1	3	945	0.516529
1.21303	2	1	3	945	0.516429
1.21303	2	1	3	945	0.516329
1.21303	2	1	3	945	0.516229
1.21303	2	1	3	945	0.516129
1.21303	2	1	3	945	0.516029
1.21403	2	1	3	945	0.516929
1.21403	2	1	3	945	0.516829
1.21403	2	1	3	945	0.516729
1.21403	2	1	3	945	0.516629
1.21403	2	1	3	945	0.516529
1.21403	2	1	3	945	0.516429
1.21403	2	1	3	945	0.516329
1.21403	2	1	3	945	0.516229
1.21403	2	1	3	945	0.516129
1.21803	2	1	3	945	0.520029
1.21803	2	1	3	945	0.519929
1.21803	2	1	3	945	0.519829
1.21803	2	1	3	945	0.519729
1.21803	2	1	3	945	0.519629
1.21803	2	1	3	945	0.519529
1.21803	2	1	3	945	0.519429
1.21803	2	1	3	945	0.519329
1.21803	2	1	3	945	0.519229
1.21803	2	1	3	945	0.519129
1.21903	2	1	3	945	0.520029
1.21903	2	1	3	945	0.519929
1.21903	2	1	3	945	0.519829
1.21903	2	1	3	945	0.519729
1.21903	2	1	3	945	0.519629
1.21903	2	1	3	945	0.519529
1.21903	2	1	3	945	0.519429
1.21903	2	1	3	945	0.519329
1.21903	2	1	3	945	0.519229
1.22303	2	1	3	945	0.523129
1.22303	2	1	3	945	0.523029
1.22303	2	1	3	945	0.522929
1.22303	2	1	3	945	0.522829
1.22303	2	1	3	945	0.522729
1.22303	2	1	3	945	0.522629
1.22303	2	1	3	945	0.522529
1.22303	2	1	3	945	0.522429
1.22303	2	1	3	945	0.522329
1.22303	2	1	3	945	0.522229
1.22403	2	1	3	945	0.523129
1.22403	2	1	3	945	0.523029
1.22403	2	1	3	945	0.522929
1.22403	2	1	3	945	0.522829
1.22403	2	1	3	945	0.522729
1.22403	2	1	3	945	0.522629
1.22403	2	1	3	945	0.522529
1.22403	2	1	3	945	0.522429
1.22403	2	1	3	945	0.522329
1.22803	2	1	3	945	0.526229
1.22803	2	1	3	945	0.526129
1.22803	2	1	3	945	0.526029
1.22803	2	1	3	945	0.525929
1.22803	2	1	3	945	0.525829
1.22803	2	1	3	945	0.525729
1.22803	2	1	3	945	0.525629
1.22803	2	1	3	945	0.525529
1.22803	2	1	3	945	0.525429
1.22903	2	1	3	945	0.526329
1.22903	2	1	3	945	0.526229
1.22903	2	1	3	945	0.526129
1.22903	2	1	3	945	0.526029
1.22903	2	1	3	945	0.525929
1.22903	2	1	3	945	0.525829
1.22903	2	1	3	945	0.525729
1.22903	2	1	3	945	0.525629
1.22903	2	1	3	945	0.525529
1.22903	2	1	3	945	0.525429
1.23303	2	1	3	945	0.529329
1.23303	2	1	3	945	0.529229
1.23303	2	1	3	945	0.529129
1.23303	2	1	3	945	0.529029
1.23303	2	1	3	945	0.528929
1.23303	2	1	3	945	0.528829
1.23303	2	1	3	945	0.528729
1.23303	2	1	3	945	0.528629
1.23303	2	1	3	945	0.528529
1.23403	2	1	3	945	0.529429
1.23403	2	1	3	945	0.529329
1.23403	2	1	3	945	0.529229
1.23403	2	1	3	945	0.529129
1.23403	2	1	3	945	0.529029
1.23403	2	1	3	945	0.528929
1.23403	2	1	3	945	0.528829
1.23403	2	1	3	945	0.528729
1.23403	2	1	3	945	0.528629
1.23403	2	1	3	945	0.528529
1.23803	2	1	3	945	0.532429
1.23803	2	1	3	945	0.532329
1.23803	2	1	3	945	0.532229
1.23803	2	1	3	945	0.532129
1.23803	2	1	3	945	0.532029
1.23803	2	1	3	945	0.531929
1.23803	2	1	3	945	0.531829
1.23803	2	1	3	945	0.531729
1.23803	2	1	3	945	0.531629
1.23903	2	1	3	945	0.532529
1.23903	2	1	3	945	0.532429
1.23903	2	1	3	945	0.532329
1.23903	2	1	3	945	0.532229
1.23903	2	1	3	945	0.532129
1.23903	2	1	3	945	0.532029
1.23903	2	1	3	945	0.531929
1.23903	2	1	3	945	0.531829
1.23903	2	1	3	945	0.531729
1.23903	2	1	3	945	0.531629
1.24303	2	1	3	945	0.535529
1.24303	2	1	3	945	0.535429
1.24303	2	1	3	945	0.535329
1.24303	2	1	3	945	0.535229
1.24303	2	1	3	945	0.535129
1.24303	2	1	3	945	0.535029
1.24303	2	1	3	945	0.534929
1.24303	2	1	3	945	0.534829
1.24303	2	1	3	945	0.534729
1.24403	2	1	3	945	0.535629
1.24403	2	1	3	945	0.535529
1.24403	2	1	3	945	0.535429
1.24403	2	1	3	945	0.535329
1.24403	2	1	3	945	0.535229
1.24403	2	1	3	945	0.535129
1.24403	2	1	3	945	0.535029
1.24403	2	1	3	945	0.534929
1.24403	2	1	3	945	0.534829
1.24803	2	1	3	945	0.538729
1.24803	2	1	3	945	0.538629
1.24803	2	1	3	945	0.538529
1.24803	2	1	3	945	0.538429
1.24803	2	1	3	945	0.538329
1.24803	2	1	3	945	0.538229
1.24803	2	1	3	945	0.538129
1.24803	2	1	3	945	0.538029
1.24803	2	1	3	945	0.537929
1.24803	2	1	3	945	0.537829
1.24903	2	1	3	945	0.538729
1.24903	2	1	3	945	0.538629
1.24903	2	1	3	945	0.538529
1.24903	2	1	3	945	0.538429
1.24903	2	1	3	945	0.538329
1.24903	2	1	3	945	0.538229
1.24903	2	1	3	945	0.538129
1.24903	2	1	3	945	0.538029
1.24903	2	1	3	945	0.537929
1.25303	2	1	3	945	0.541829
1.25303	2	1	3	945	0.541729
1.25303	2	1	3	945	0.541629
1.25303	2	1	3	945	0.541529
1.25303	2	1	3	945	0.541429
1.25303	2	1	3	945	0.541329
1.25303	2	1	3	945	0.541229
1.25303	2	1	3	945	0.541129
1.25303	2	1	3	945	0.541029
1.25303	2	1	3	945	0.540929
1.25403	2	1	3	945	0.541829
1.25403	2	1	3	945	0.541729
1.25403	2	1	3	945	0.541629
1.25403	2	1	3	945	0.541529
1.25403	2	1	3	945	0.541429
1.25403	2	1	3	945	0.541329
1.25403	2	1	3	945	0.541229
1.25403	2	1	3	945	0.541129
1.25403	2	1	3	945	0.541029
1.25803	2	1	3	945	0.544929
1.25803	2	1	3	945	0.544829
1.25803	2	1	3	945	0.544729
1.25803	2	1	3	945	0.544629
1.25803	2	1	3	945	0.544529
1.25803	2	1	3	945	0.544429
1.25803	2	1	3	945	0.544329
1.25803	2	1	3	945	0.544229
1.25803	2	1	3	945	0.544129
1.25803	2	1	3	945	0.544029
1.25903	2	1	3	945	0.544929
1.25903	2	1	3	945	0.544829
1.25903	2	1	3	945	0.544729
1.25903	2	1	3	945	0.544629
1.25903	2	1	3	945	0.544529
1.25903	2	1	3	945	0.544429
1.25903	2	1	3	945	0.544329
1.25903	2	1	3	945	0.544229
1.25903	2	1	3	945	0.544129
1.26303	2	1	3	945	0.548029
1.26303	2	1	3	945	0.547929
1.26303	2	1	3	945	0.547829
1.26303	2	1	3	945	0.547729
1.26303	2	1	3	945	0.547629
1.26303	2	1	3	945	0.547529
1.26303	2	1	3	945	0.547429
1.26303	2	1	3	945	0.547329
1.26303	2	1	3	945	0.547229
1.26403	2	1	3	945	0.548129
1.26403	2	1	3	945	0.548029
1.26403	2	1	3	945	0.547929
1.26403	2	1	3	945	0.547829
1.26403	2	1	3	945	0.547729
1.26403	2	1	3	945	0.547629
1.26403	2	1	3	945	0.547529
1.26403	2	1	3	945	0.547429
1.26403	2	1	3	945	0.547329
1.26403	2	1	3	945	0.547229
1.26803	2	1	3	945	0.551129
1.26803	2	1	3	945	0.551029
1.26803	2	1	3	945	0.550929
1.26803	2	1	3	945	0.550829
1.26803	2	1	3	945	0.550729
1.26803	2	1	3	945	0.550629
1.26803	2	1	3	945	0.550529
1.26803	2	1	3	945	0.550429
1.26803	2	1	3	945	0.550329
1.26903	2	1	3	945	0.551229
1.26903	2	1	3	945	0.551129
1.26903	2	1	3	945	0.551029
1.26903	2	1	3	945	0.550929
1.26903	2	1	3	945	0.550829
1.26903	2	1	3	945	0.550729
1.26903	2	1	3	945	0.550629
1.26903	2	1	3	945	0.550529
1.26903	2	1	3	945	0.550429
1.26903	2	1	3	945	0.550329
1.27303	2	1	3	945	0.554229
1.27303	2	1	3	945	0.554129
1.27303	2	1	3	945	0.554029
1.27303	2	1	3	945	0.553929
1.27303	2	1	3	945	0.553829
1.27303	2	1	3	945	0.553729
1.27303	2	1	3	945	0.553629
1.27303	2	1	3	945	0.553529
1.27303	2	1	3	945	0.553429
1.27403	2	1	3	945	0.554329
1.27403	2	1	3	945	0.554229
1.27403	2	1	3	945	0.554129
1.27403	2	1	3	945	0.554029
1.27403	2	1	3	945	0.553929
1.27403	2	1	3	945	0.553829
1.27403	2	1	3	945	0.553729
1.27403	2	1	3	945	0.553629
1.27403	2	1	3	945	0.553529
1.27403	2	1	3	945	0.553429
1.27803	2	1	3	945	0.557329
1.27803	2	1	3	945	0.557229
1.27803	2	1	3	945	0.557129
1.27803	2	1	3	945	0.557029
1.27803	2	1	3	945	0.556929
1.27803	2	1	3	945	0.556829
1.27803	2	1	3	945	0.556729
1.27803	2	1	3	945	0.556629
1.27803	2	1	3	945	0.556529
1.27903	2	1	3	945	0.557429
1.27903	2	1	3	945	0.557329
1.27903	2	1	3	945	0.557229
1.27903	2	1	3	945	0.557129
1.27903	2	1	3	945	0.557029
1.27903	2	1	3	945	0.556929
1.27903	2	1	3	945	0.556829
1.27903	2	1	3	945	0.556729
1.27903	2	1	3	945	0.556629
1.28303	2	1	3	945	0.560529
1.28303	2	1	3	945	0.560429
1.28303	2	1	3	945	0.560329
1.28303	2	1	3	945	0.560229
1.28303	2	1	3	945	0.560129
1.28303	2	1	3	945	0.560029
1.28303	2	1	3	945	0.559929
1.28303	2	1	3	945	0.559829
1.28303	2	1	3	945	0.559729
1.28303	2	1	3	945	0.559629
1.28403	2	1	3	945	0.560529
1.28403	2	1	3	945	0.560429
1.28403	2	1	3	945	0.560329
1.28403	2	1	3	945	0.560229
1.28403	2	1	3	945	0.560129
1.28403	2	1	3	945	0.560029
1.28403	2	1	3	945	0.559929
1.28403	2	1	3	945	0.559829
1.28403	2	1	3	945	0.559729
1.28803	2	1	3	945	0.563629
1.28803	2	1	3	945	0.563529
1.28803	2	1	3	945	0.563429
1.28803	2	1	3	945	0.563329
1.28803	2	1	3	945	0.563229
1.28803	2	1	3	945	0.563129
1.28803	2	1	3	945	0.563029
1.28803	2	1	3	945	0.562929
1.28803	2	1	3	945	0.562829
1.28803	2	1	3	945	0.562729
1.28903	2	1	3	945	0.563629
1.28903	2	1	3	945	0.563529
1.28903	2	1	3	945	0.563429
1.28903	2	1	3	945	0.563329
1.28903	2	1	3	945	0.563229
1.28903	2	1	3	945	0.563129
1.28903	2	1	3	945	0.563029
1.28903	2	1	3	945	0.562929
1.28903	2	1	3	945	0.562829
1.29303	2	1	3	945	0.566729
1.29303	2	1	3	945	0.566629
1.29303	2	1	3	945	0.566529
1.29303	2	1	3	945	0.566429
1.29303	2	1	3	945	0.566329
1.29303	2	1	3	945	0.566229
1.29303	2	1	3	945	0.566129
1.29303	2	1	3	945	0.566029
1.29303	2	1	3	945	0.565929
1.29303	2	1	3	945	0.565829
1.29403	2	1	3	945	0.566729
1.29403	2	1	3	945	0.566629
1.29403	2	1	3	945	0.566529
1.29403	2	1	3	945	0.566429
1.29403	2	1	3	945	0.566329
1.29403	2	1	3	945	0.566229
1.29403	2	1	3	945	0.566129
1.29403	2	1	3	945	0.566029
1.29403	2	1	3	945	0.565929
1.29803	2	1	3	945	0.569829
1.29803	2	1	3	945	0.569729
1.29803	2	1	3	945	0.569629
1.29803	2	1	3	945	0.569529
1.29803	2	1	3	945	0.569429
1.29803	2	1	3	945	0.569329
1.29803	2	1	3	945	0.569229
1.29803	2	1	3	945	0.569129
1.29803	2	1	3	945	0.569029
1.29903	2	1	3	945	0.569929
1.29903	2	1	3	945	0.569829
1.29903	2	1	3	945	0.569729
1.29903	2	1	3	945	0.569629
1.29903	2	1	3	945	0.569529
1.29903	2	1	3	945	0.569429
1.29903	2	1	3	945	0.569329
1.29903	2	1	3	945	0.569229
1.29903	2	1	3	945	0.569129
1.29903	2	1	3	945	0.569029
1.30303	2	1	3	945	0.572929
1.30303	2	1	3	945	0.572829
1.30303	2	1	3	945	0.572729
1.30303	2	1	3	945	0.572629
1.30303	2	1	3	945	0.572529
1.30303	2	1	3	945	0.572429
1.30303	2	1	3	945	0.572329
1.30303	2	1	3	945	0.572229
1.30303	2	1	3	945	0.572129
1.30403	2	1	3	945	0.573029
1.30403	2	1	3	945	0.572929
1.30403	2	1	3	945	0.572829
1.30403	2	1	3	945	0.572729
1.30403	2	1	3	945	0.572629
1.30403	2	1	3	945	0.572529
1.30403	2	1	3	945	0.572429
1.30403	2	1	3	945	0.572329
1.30403	2	1	3	945	0.572229
1.30403	2	1	3	945	0.572129
1.30803	2	1	3	945	0.576029
1.30803	2	1	3	945	0.575929
1.30803	2	1	3	945	0.575829
1.30803	2	1	3	945	0.575729
1.30803	2	1	3	945	0.575629
1.30803	2	1	3	945	0.575529
1.30803	2	1	3	945	0.575429
1.30803	2	1	3	945	0.575329
1.30803	2	1	3	945	0.575229
1.30903	2	1	3	945	0.576129
1.30903	2	1	3	945	0.576029
1.30903	2	1	3	945	0.575929
1.30903	2	1	3	945	0.575829
1.30903	2	1	3	945	0.575729
1.30903	2	1	3	945	0.575629
1.30903	2	1	3	945	0.575529
1.30903	2	1	3	945	0.575429
1.30903	2	1	3	945	0.575329
1.30903	2	1	3	945	0.575229
1.31303	2	1	3	945	0.579129
1.31303	2	1	3	945	0.579029
1.31303	2	1	3	945	0.578929
1.31303	2	1	3	945	0.578829
1.31303	2	1	3	945	0.578729
1.31303	2	1	3	945	0.578629
1.31303	2	1	3	945	0.578529
1.31303	2	1	3	945	0.578429
1.31303	2	1	3	945	0.578329
1.31403	2	1	3	945	0.579229
1.31403	2	1	3	945	0.579129
1.31403	2	1	3	945	0.579029
1.31403	2	1	3	945	0.578929
1.31403	2	1	3	945	0.578829
1.31403	2	1	3	945	0.578729
1.31403	2	1	3	945	0.578629
1.31403	2	1	3	945	0.578529
1.31403	2	1	3	945	0.578429
1.31803	2	1	3	945	0.582329
1.31803	2	1	3	945	0.582229
1.31803	2	1	3	945	0.582129
1.31803	2	1	3	945	0.582029
1.31803	2	1	3	945	0.581929
1.31803	2	1	3	945	0.581829
1.31803	2	1	3	945	0.581729
1.31803	2	1	3	945	0.581629
1.31803	2	1	3	945	0.581529
1.31803	2	1	3	945	0.581429
1.31903	2	1	3	945	0.582329
1.31903	2	1	3	945	0.582229
1.31903	2	1	3	945	0.582129
1.31903	2	1	3	945	0.582029
1.31903	2	1	3	945	0.581929
1.31903	2	1	3	945	0.581829
1.31903	2	1	3	945	0.581729
1.31903	2	1	3	945	0.581629
1.31903	2	1	3	945	0.581529
1.32303	2	1	3	945	0.585429
1.32303	2	1	3	945	0.585329
1.32303	2	1	3	945	0.585229
1.32303	2	1	3	945	0.585129
1.32303	2	1	3	945	0.585029
1.32303	2	1	3	945	0.584929
1.32303	2	1	3	945	0.584829
1.32303	2	1	3	945	0.584729
1.32303	2	1	3	945	0.584629
1.32303	2	1	3	945	0.584529
1.32403	2	1	3	945	0.585429
1.32403	2	1	3	945	0.585329
1.32403	2	1	3	945	0.585229
1.32403	2	1	3	945	0.585129
1.32403	2	1	3	945	0.585029
1.32403	2	1	3	945	0.584929
1.32403	2	1	3	945	0.584829
1.32403	2	1	3	945	0.584729
1.32403	2	1	3	945	0.584629
1.32803	2	1	3	945	0.588529
1.32803	2	1	3	945	0.588429
1.32803	2	1	3	945	0.588329
1.32803	2	1	3	945	0.588229
1.32803	2	1	3	945	0.588129
1.32803	2	1	3	945	0.588029
1.32803	2	1	3	945	0.587929
1.32803	2	1	3	945	0.587829
1.32803	2	1	3	945	0.587729
1.32803	2	1	3	945	0.587629
1.32903	2	1	3	945	0.588529
1.32903	2	1	3	945	0.588429
1.32903	2	1	3	945	0.588329
1.32903	2	1	3	945	0.588229
1.32903	2	1	3	945	0.588129
1.32903	2	1	3	945	0.588029
1.32903	2	1	3	945	0.587929
1.32903	2	1	3	945	0.587829
1.32903	2	1	3	945	0.587729
1.33303	2	1	3	945	0.591629
1.33303	2	1	3	945	0.591529
1.33303	2	1	3	945	0.591429
1.33303	2	1	3	945	0.591329
1.33303	2	1	3	945	0.591229
1.33303	2	1	3	945	0.591129
1.33303	2	1	3	945	0.591029
1.33303	2	1	3	945	0.590929
1.33303	2	1	3	945	0.590829
1.33403	2	1	3	945	0.591729
1.33403	2	1	3	945	0.591629
1.33403	2	1	3	945	0.591529
1.33403	2	1	3	945	0.591429
1.33403	2	1	3	945	0.591329
1.33403	2	1	3	945	0.591229
1.33403	2	1	3	945	0.591129
1.33403	2	1	3	945	0.591029
1.33403	2	1	3	945	0.590929
1.33403	2	1	3	945	0.590829
1.33803	2	1	3	945	0.594729
1.33803	2	1	3	945	0.594629
1.33803	2	1	3	945	0.594529
1.33803	2	1	3	945	0.594429
1.33803	2	1	3	945	0.594329
1.33803	2	1	3	945	0.594229
1.33803	2	1	3	945	0.594129
1.33803	2	1	3	945	0.594029
1.33803	2	1	3	945	0.593929
1.33903	2	1	3	945	0.594829
1.33903	2	1	3	945	0.594729
1.33903	2	1	3	945	0.594629
1.33903	2	1	3	945	0.594529
1.33903	2	1	3	945	0.594429
1.33903	2	1	3	945	0.594329
1.33903	2	1	3	945	0.594229
1.33903	2	1	3	945	0.594129
1.33903	2	1	3	945	0.594029
1.33903	2	1	3	945	0.593929
1.34303	2	1	3	945	0.597829
1.34303	2	1	3	945	0.597729
1.34303	2	1	3	945	0.597629
1.34303	2	1	3	945	0.597529
1.34303	2	1	3	945	0.597429
1.34303	2	1	3	945	0.597329
1.34303	2	1	3	945	0.597229
1.34303	2	1	3	945	0.597129
1.34303	2	1	3	945	0.597029
1.34403	2	1	3	945	0.597929
1.34403	2	1	3	945	0.597829
1.34403	2	1	3	945	0.597729
1.34403	2	1	3	945	0.597629
1.34403	2	1	3	945	0.597529
1.34403	2	1	3	945	0.597429
1.34403	2	1	3	945	0.597329
1.34403	2	1	3	945	0.597229
1.34403	2	1	3	945	0.597129
1.34403	2	1	3	945	0.597029
1.34803	2	1	3	945	0.600929
1.34803	2	1	3	945	0.600829
1.34803	2	1	3	945	0.600729
1.34803	2	1	3	945	0.600629
1.34803	2	1	3	945	0.600529
1.34803	2	1	3	945	0.600429
1.34803	2	1	3	945	0.600329
1.34803	2	1	3	945	0.600229
1.34803	2	1	3	945	0.600129
1.34903	2	1	3	945	0.601029
1.34903	2	1	3	945	0.600929
1.34903	2	1	3	945	0.600829
1.34903	2	1	3	945	0.600729
1.34903	2	1	3	945	0.600629
1.34903	2	1	3	945	0.600529
1.34903	2	1	3	945	0.600429
1.34903	2	1	3	945	0.600329
1.34903	2	1	3	945	0.600229
1.34903	2	1	3	945	0.600129
1.35303	2	1	3	945	0.604029
1.35303	2	1	3	945	0.603929
1.35303	2	1	3	945	0.603829
1.35303	2	1	3	945	0.603729
1.35303	2	1	3	945	0.603629
1.35303	2	1	3	945	0.603529
1.35303	2	1	3	945	0.603429
1.35303	2	1	3	945	0.603329
1.35303	2	1	3	945	0.603229
1.35403	2	1	3	945	0.604129
1.35403	2	1	3	945	0.604029
1.35403	2	1	3	945	0.603929
1.35403	2	1	3	945	0.603829
1.35403	2	1	3	945	0.603729
1.35403	2	1	3	945	0.603629
1.35403	2	1	3	945	0.603529
1.35403	2	1	3	945	0.603429
1.35403	2	1	3	945	0.603329
1.35803	2	1	3	945	0.607229
1.35803	2	1	3	945	0.607129
1.35803	2	1	3	945	0.607029
1.35803	2	1	3	945	0.606929
1.35803	2	1	3	945	0.606829
1.35803	2	1	3	945	0.606729
1.35803	2	1	3	945	0.606629
1.35803	2	1	3	945	0.606529
1.35803	2	1	3	945	0.606429
1.35803	2	1	3	945	0.606329
1.35903	2	1	3	945	0.607229
1.35903	2	1	3	945	0.607129
1.35903	2	1	3	945	0.607029
1.35903	2	1	3	945	0.606929
1.35903	2	1	3	945	0.606829
1.35903	2	1	3	945	0.606729
1.35903	2	1	3	945	0.606629
1.35903	2	1	3	945	0.606529
1.35903	2	1	3	945	0.606429
1.36303	2	1	3	945	0.610329
1.36303	2	1	3	945	0.610229
1.36303	2	1	3	945	0.610129
1.36303	2	1	3	945	0.610029
1.36303	2	1	3	945	0.609929
1.36303	2	1	3	945	0.609829
1.36303	2	1	3	945	0.609729
1.36303	2	1	3	945	0.609629
1.36303	2	1	3	945	0.609529
1.36303	2	1	3	945	0.609429
1.36403	2	1	3	945	0.610329
1.36403	2	1	3	945	0.610229
1.36403	2	1	3	945	0.610129
1.36403	2	1	3	945	0.610029
1.36403	2	1	3	945	0.609929
1.36403	2	1	3	945	0.609829
1.36403	2	1	3	945	0.609729
1.36403	2	1	3	945	0.609629
1.36403	2	1	3	945	0.609529
1.36803	2	1	3	945	0.613429
1.36803	2	1	3	945	0.613329
1.36803	2	1	3	945	0.613229
1.36803	2	1	3	945	0.613129
1.36803	2	1	3	945	0.613029
1.36803	2	1	3	945	0.612929
1.36803	2	1	3	945	0.612829
1.36803	2	1	3	945	0.612729
1.36803	2	1	3	945	0.612629
1.36803	2	1	3	945	0.612529
1.36903	2	1	3	945	0.613429
1.36903	2	1	3	945	0.613329
1.36903	2	1	3	945	0.613229
1.36903	2	1	3	945	0.613129
1.36903	2	1	3	945	0.613029
1.36903	2	1	3	945	0.612929
1.36903	2	1	3	945	0.612829
1.36903	2	1	3	945	0.612729
1.36903	2	1	3	945	0.612629
1.37303	2	1	3	945	0.616529
1.37303	2	1	3	945	0.616429
1.37303	2	1	3	945	0.616329
1.37303	2	1	3	945	0.616229
1.37303	2	1	3	945	0.616129
1.37303	2	1	3	945	0.616029
1.37303	2	1	3	945	0.615929
1.37303	2	1	3	945	0.615829
1.37303	2	1	3	945	0.615729
1.37403	2	1	3	945	0.616629
1.37403	2	1	3	945	0.616529
1.37403	2	1	3	945	0.616429
1.37403	2	1	3	945	0.616329
1.37403	2	1	3	945	0.616229
1.37403	2	1	3	945	0.616129
1.37403	2	1	3	945	0.616029
1.37403	2	1	3	945	0.615929
1.37403	2	1	3	945	0.615829
1.37403	2	1	3	945	0.615729
1.37803	2	1	3	945	0.619629
1.37803	2	1	3	945	0.619529
1.37803	2	1	3	945	0.619429
1.37803	2	1	3	945	0.619329
1.37803	2	1	3	945	0.619229
1.37803	2	1	3	945	0.619129
1.37803	2	1	3	945	0.619029
1.37803	2	1	3	945	0.618929
1.37803	2	1	3	945	0.618829
1.38303	2	1	3	945	0.623729
1.38303	2	1	3	945	0.623629
1.38303	2	1	3	945	0.623529
1.38303	2	1	3	945	0.623429
1.38303	2	1	3	945	0.623329
1.38303	2	1	3	945	0.623229
1.38303	2	1	3	945	0.623129
1.38303	2	1	3	945	0.623029
1.38303	2	1	3	945	0.622929
1.38303	2	1	3	945	0.622829
1.38403	2	1	3	945	0.623729
1.38403	2	1	3	945	0.623629
1.38403	2	1	3	945	0.623529
1.38403	2	1	3	945	0.623429
1.38403	2	1	3	945	0.623329
1.38403	2	1	3	945	0.623229
1.38403	2	1	3	945	0.623129
1.38403	2	1	3	945	0.623029
1.38403	2	1	3	945	0.622929
1.38803	2	1	3	945	0.626829
1.38803	2	1	3	945	0.626729
1.38803	2	1	3	945	0.626629
1.38803	2	1	3	945	0.626529
1.38803	2	1	3	945	0.626429
1.38803	2	1	3	945	0.626329
1.38803	2	1	3	945	0.626229
1.38803	2	1	3	945	0.626129
1.38803	2	1	3	945	0.626029
1.38803	2	1	3	945	0.625929
1.38903	2	1	3	945	0.626829
1.38903	2	1	3	945	0.626729
1.38903	2	1	3	945	0.626629
1.38903	2	1	3	945	0.626529
1.38903	2	1	3	945	0.626429
1.38903	2	1	3	945	0.626329
1.38903	2	1	3	945	0.626229
1.38903	2	1	3	945	0.626129
1.38903	2	1	3	945	0.626029
1.39303	2	1	3	945	0.629929
1.39303	2	1	3	945	0.629829
1.39303	2	1	3	945	0.629729
1.39303	2	1	3	945	0.629629
1.39303	2	1	3	945	0.629529
1.39303	2	1	3	945	0.629429
1.39303	2	1	3	945	0.629329
1.39303	2	1	3	945	0.629229
1.39303	2	1	3	945	0.629129
1.39403	2	1	3	945	0.630029
1.39403	2	1	3	945	0.629929
1.39403	2	1	3	945	0.629829
1.39403	2	1	3	945	0.629729
1.39403	2	1	3	945	0.629629
1.39403	2	1	3	945	0.629529
1.39403	2	1	3	945	0.629429
1.39403	2	1	3	945	0.629329
1.39403	2	1	3	945	0.629229
1.39403	2	1	3	945	0.629129
1.39803	2	1	3	945	0.633029
1.39803	2	1	3	945	0.632929
1.39803	2	1	3	945	0.632829
1.39803	2	1	3	945	0.632729
1.39803	2	1	3	945	0.632629
1.39803	2	1	3	945	0.632529
1.39803	2	1	3	945	0.632429
1.39803	2	1	3	945	0.632329
1.39803	2	1	3	945	0.632229
1.39903	2	1	3	945	0.633129
1.39903	2	1	3	945	0.633029
1.39903	2	1	3	945	0.632929
1.39903	2	1	3	945	0.632829
1.39903	2	1	3	945	0.632729
1.39903	2	1	3	945	0.632629
1.39903	2	1	3	945	0.632529
1.39903	2	1	3	945	0.632429
1.39903	2	1	3	945	0.632329
1.39903	2	1	3	945	0.632229
