time(s)	cellId	rnti	lcid	packetSize
0.4	2	1	3	945
0.4001	2	1	3	945
0.4002	2	1	3	945
0.4003	2	1	3	945
0.4004	2	1	3	945
0.4005	2	1	3	945
0.4006	2	1	3	945
0.4007	2	1	3	945
0.4008	2	1	3	945
0.4009	2	1	3	945
0.401	2	1	3	945
0.4011	2	1	3	945
0.4012	2	1	3	945
0.4013	2	1	3	945
0.4014	2	1	3	945
0.4015	2	1	3	945
0.4016	2	1	3	945
0.4017	2	1	3	945
0.4018	2	1	3	945
0.4019	2	1	3	945
0.402	2	1	3	945
0.4021	2	1	3	945
0.4022	2	1	3	945
0.4023	2	1	3	945
0.4024	2	1	3	945
0.4025	2	1	3	945
0.4026	2	1	3	945
0.4027	2	1	3	945
0.4028	2	1	3	945
0.4029	2	1	3	945
0.403	2	1	3	945
0.4031	2	1	3	945
0.4032	2	1	3	945
0.4033	2	1	3	945
0.4034	2	1	3	945
0.4035	2	1	3	945
0.4036	2	1	3	945
0.4037	2	1	3	945
0.4038	2	1	3	945
0.4039	2	1	3	945
0.404	2	1	3	945
0.4041	2	1	3	945
0.4042	2	1	3	945
0.4043	2	1	3	945
0.4044	2	1	3	945
0.4045	2	1	3	945
0.4046	2	1	3	945
0.4047	2	1	3	945
0.4048	2	1	3	945
0.4049	2	1	3	945
0.405	2	1	3	945
0.4051	2	1	3	945
0.4052	2	1	3	945
0.4053	2	1	3	945
0.4054	2	1	3	945
0.4055	2	1	3	945
0.4056	2	1	3	945
0.4057	2	1	3	945
0.4058	2	1	3	945
0.4059	2	1	3	945
0.406	2	1	3	945
0.4061	2	1	3	945
0.4062	2	1	3	945
0.4063	2	1	3	945
0.4064	2	1	3	945
0.4065	2	1	3	945
0.4066	2	1	3	945
0.4067	2	1	3	945
0.4068	2	1	3	945
0.4069	2	1	3	945
0.407	2	1	3	945
0.4071	2	1	3	945
0.4072	2	1	3	945
0.4073	2	1	3	945
0.4074	2	1	3	945
0.4075	2	1	3	945
0.4076	2	1	3	945
0.4077	2	1	3	945
0.4078	2	1	3	945
0.4079	2	1	3	945
0.408	2	1	3	945
0.4081	2	1	3	945
0.4082	2	1	3	945
0.4083	2	1	3	945
0.4084	2	1	3	945
0.4085	2	1	3	945
0.4086	2	1	3	945
0.4087	2	1	3	945
0.4088	2	1	3	945
0.4089	2	1	3	945
0.409	2	1	3	945
0.4091	2	1	3	945
0.4092	2	1	3	945
0.4093	2	1	3	945
0.4094	2	1	3	945
0.4095	2	1	3	945
0.4096	2	1	3	945
0.4097	2	1	3	945
0.4098	2	1	3	945
0.4099	2	1	3	945
0.41	2	1	3	945
0.4101	2	1	3	945
0.4102	2	1	3	945
0.4103	2	1	3	945
0.4104	2	1	3	945
0.4105	2	1	3	945
0.4106	2	1	3	945
0.4107	2	1	3	945
0.4108	2	1	3	945
0.4109	2	1	3	945
0.411	2	1	3	945
0.4111	2	1	3	945
0.4112	2	1	3	945
0.4113	2	1	3	945
0.4114	2	1	3	945
0.4115	2	1	3	945
0.4116	2	1	3	945
0.4117	2	1	3	945
0.4118	2	1	3	945
0.4119	2	1	3	945
0.412	2	1	3	945
0.4121	2	1	3	945
0.4122	2	1	3	945
0.4123	2	1	3	945
0.4124	2	1	3	945
0.4125	2	1	3	945
0.4126	2	1	3	945
0.4127	2	1	3	945
0.4128	2	1	3	945
0.4129	2	1	3	945
0.413	2	1	3	945
0.4131	2	1	3	945
0.4132	2	1	3	945
0.4133	2	1	3	945
0.4134	2	1	3	945
0.4135	2	1	3	945
0.4136	2	1	3	945
0.4137	2	1	3	945
0.4138	2	1	3	945
0.4139	2	1	3	945
0.414	2	1	3	945
0.4141	2	1	3	945
0.4142	2	1	3	945
0.4143	2	1	3	945
0.4144	2	1	3	945
0.4145	2	1	3	945
0.4146	2	1	3	945
0.4147	2	1	3	945
0.4148	2	1	3	945
0.4149	2	1	3	945
0.415	2	1	3	945
0.4151	2	1	3	945
0.4152	2	1	3	945
0.4153	2	1	3	945
0.4154	2	1	3	945
0.4155	2	1	3	945
0.4156	2	1	3	945
0.4157	2	1	3	945
0.4158	2	1	3	945
0.4159	2	1	3	945
0.416	2	1	3	945
0.4161	2	1	3	945
0.4162	2	1	3	945
0.4163	2	1	3	945
0.4164	2	1	3	945
0.4165	2	1	3	945
0.4166	2	1	3	945
0.4167	2	1	3	945
0.4168	2	1	3	945
0.4169	2	1	3	945
0.417	2	1	3	945
0.4171	2	1	3	945
0.4172	2	1	3	945
0.4173	2	1	3	945
0.4174	2	1	3	945
0.4175	2	1	3	945
0.4176	2	1	3	945
0.4177	2	1	3	945
0.4178	2	1	3	945
0.4179	2	1	3	945
0.418	2	1	3	945
0.4181	2	1	3	945
0.4182	2	1	3	945
0.4183	2	1	3	945
0.4184	2	1	3	945
0.4185	2	1	3	945
0.4186	2	1	3	945
0.4187	2	1	3	945
0.4188	2	1	3	945
0.4189	2	1	3	945
0.419	2	1	3	945
0.4191	2	1	3	945
0.4192	2	1	3	945
0.4193	2	1	3	945
0.4194	2	1	3	945
0.4195	2	1	3	945
0.4196	2	1	3	945
0.4197	2	1	3	945
0.4198	2	1	3	945
0.4199	2	1	3	945
0.42	2	1	3	945
0.4201	2	1	3	945
0.4202	2	1	3	945
0.4203	2	1	3	945
0.4204	2	1	3	945
0.4205	2	1	3	945
0.4206	2	1	3	945
0.4207	2	1	3	945
0.4208	2	1	3	945
0.4209	2	1	3	945
0.421	2	1	3	945
0.4211	2	1	3	945
0.4212	2	1	3	945
0.4213	2	1	3	945
0.4214	2	1	3	945
0.4215	2	1	3	945
0.4216	2	1	3	945
0.4217	2	1	3	945
0.4218	2	1	3	945
0.4219	2	1	3	945
0.422	2	1	3	945
0.4221	2	1	3	945
0.4222	2	1	3	945
0.4223	2	1	3	945
0.4224	2	1	3	945
0.4225	2	1	3	945
0.4226	2	1	3	945
0.4227	2	1	3	945
0.4228	2	1	3	945
0.4229	2	1	3	945
0.423	2	1	3	945
0.4231	2	1	3	945
0.4232	2	1	3	945
0.4233	2	1	3	945
0.4234	2	1	3	945
0.4235	2	1	3	945
0.4236	2	1	3	945
0.4237	2	1	3	945
0.4238	2	1	3	945
0.4239	2	1	3	945
0.424	2	1	3	945
0.4241	2	1	3	945
0.4242	2	1	3	945
0.4243	2	1	3	945
0.4244	2	1	3	945
0.4245	2	1	3	945
0.4246	2	1	3	945
0.4247	2	1	3	945
0.4248	2	1	3	945
0.4249	2	1	3	945
0.425	2	1	3	945
0.4251	2	1	3	945
0.4252	2	1	3	945
0.4253	2	1	3	945
0.4254	2	1	3	945
0.4255	2	1	3	945
0.4256	2	1	3	945
0.4257	2	1	3	945
0.4258	2	1	3	945
0.4259	2	1	3	945
0.426	2	1	3	945
0.4261	2	1	3	945
0.4262	2	1	3	945
0.4263	2	1	3	945
0.4264	2	1	3	945
0.4265	2	1	3	945
0.4266	2	1	3	945
0.4267	2	1	3	945
0.4268	2	1	3	945
0.4269	2	1	3	945
0.427	2	1	3	945
0.4271	2	1	3	945
0.4272	2	1	3	945
0.4273	2	1	3	945
0.4274	2	1	3	945
0.4275	2	1	3	945
0.4276	2	1	3	945
0.4277	2	1	3	945
0.4278	2	1	3	945
0.4279	2	1	3	945
0.428	2	1	3	945
0.4281	2	1	3	945
0.4282	2	1	3	945
0.4283	2	1	3	945
0.4284	2	1	3	945
0.4285	2	1	3	945
0.4286	2	1	3	945
0.4287	2	1	3	945
0.4288	2	1	3	945
0.4289	2	1	3	945
0.429	2	1	3	945
0.4291	2	1	3	945
0.4292	2	1	3	945
0.4293	2	1	3	945
0.4294	2	1	3	945
0.4295	2	1	3	945
0.4296	2	1	3	945
0.4297	2	1	3	945
0.4298	2	1	3	945
0.4299	2	1	3	945
0.43	2	1	3	945
0.4301	2	1	3	945
0.4302	2	1	3	945
0.4303	2	1	3	945
0.4304	2	1	3	945
0.4305	2	1	3	945
0.4306	2	1	3	945
0.4307	2	1	3	945
0.4308	2	1	3	945
0.4309	2	1	3	945
0.431	2	1	3	945
0.4311	2	1	3	945
0.4312	2	1	3	945
0.4313	2	1	3	945
0.4314	2	1	3	945
0.4315	2	1	3	945
0.4316	2	1	3	945
0.4317	2	1	3	945
0.4318	2	1	3	945
0.4319	2	1	3	945
0.432	2	1	3	945
0.4321	2	1	3	945
0.4322	2	1	3	945
0.4323	2	1	3	945
0.4324	2	1	3	945
0.4325	2	1	3	945
0.4326	2	1	3	945
0.4327	2	1	3	945
0.4328	2	1	3	945
0.4329	2	1	3	945
0.433	2	1	3	945
0.4331	2	1	3	945
0.4332	2	1	3	945
0.4333	2	1	3	945
0.4334	2	1	3	945
0.4335	2	1	3	945
0.4336	2	1	3	945
0.4337	2	1	3	945
0.4338	2	1	3	945
0.4339	2	1	3	945
0.434	2	1	3	945
0.4341	2	1	3	945
0.4342	2	1	3	945
0.4343	2	1	3	945
0.4344	2	1	3	945
0.4345	2	1	3	945
0.4346	2	1	3	945
0.4347	2	1	3	945
0.4348	2	1	3	945
0.4349	2	1	3	945
0.435	2	1	3	945
0.4351	2	1	3	945
0.4352	2	1	3	945
0.4353	2	1	3	945
0.4354	2	1	3	945
0.4355	2	1	3	945
0.4356	2	1	3	945
0.4357	2	1	3	945
0.4358	2	1	3	945
0.4359	2	1	3	945
0.436	2	1	3	945
0.4361	2	1	3	945
0.4362	2	1	3	945
0.4363	2	1	3	945
0.4364	2	1	3	945
0.4365	2	1	3	945
0.4366	2	1	3	945
0.4367	2	1	3	945
0.4368	2	1	3	945
0.4369	2	1	3	945
0.437	2	1	3	945
0.4371	2	1	3	945
0.4372	2	1	3	945
0.4373	2	1	3	945
0.4374	2	1	3	945
0.4375	2	1	3	945
0.4376	2	1	3	945
0.4377	2	1	3	945
0.4378	2	1	3	945
0.4379	2	1	3	945
0.438	2	1	3	945
0.4381	2	1	3	945
0.4382	2	1	3	945
0.4383	2	1	3	945
0.4384	2	1	3	945
0.4385	2	1	3	945
0.4386	2	1	3	945
0.4387	2	1	3	945
0.4388	2	1	3	945
0.4389	2	1	3	945
0.439	2	1	3	945
0.4391	2	1	3	945
0.4392	2	1	3	945
0.4393	2	1	3	945
0.4394	2	1	3	945
0.4395	2	1	3	945
0.4396	2	1	3	945
0.4397	2	1	3	945
0.4398	2	1	3	945
0.4399	2	1	3	945
0.44	2	1	3	945
0.4401	2	1	3	945
0.4402	2	1	3	945
0.4403	2	1	3	945
0.4404	2	1	3	945
0.4405	2	1	3	945
0.4406	2	1	3	945
0.4407	2	1	3	945
0.4408	2	1	3	945
0.4409	2	1	3	945
0.441	2	1	3	945
0.4411	2	1	3	945
0.4412	2	1	3	945
0.4413	2	1	3	945
0.4414	2	1	3	945
0.4415	2	1	3	945
0.4416	2	1	3	945
0.4417	2	1	3	945
0.4418	2	1	3	945
0.4419	2	1	3	945
0.442	2	1	3	945
0.4421	2	1	3	945
0.4422	2	1	3	945
0.4423	2	1	3	945
0.4424	2	1	3	945
0.4425	2	1	3	945
0.4426	2	1	3	945
0.4427	2	1	3	945
0.4428	2	1	3	945
0.4429	2	1	3	945
0.443	2	1	3	945
0.4431	2	1	3	945
0.4432	2	1	3	945
0.4433	2	1	3	945
0.4434	2	1	3	945
0.4435	2	1	3	945
0.4436	2	1	3	945
0.4437	2	1	3	945
0.4438	2	1	3	945
0.4439	2	1	3	945
0.444	2	1	3	945
0.4441	2	1	3	945
0.4442	2	1	3	945
0.4443	2	1	3	945
0.4444	2	1	3	945
0.4445	2	1	3	945
0.4446	2	1	3	945
0.4447	2	1	3	945
0.4448	2	1	3	945
0.4449	2	1	3	945
0.445	2	1	3	945
0.4451	2	1	3	945
0.4452	2	1	3	945
0.4453	2	1	3	945
0.4454	2	1	3	945
0.4455	2	1	3	945
0.4456	2	1	3	945
0.4457	2	1	3	945
0.4458	2	1	3	945
0.4459	2	1	3	945
0.446	2	1	3	945
0.4461	2	1	3	945
0.4462	2	1	3	945
0.4463	2	1	3	945
0.4464	2	1	3	945
0.4465	2	1	3	945
0.4466	2	1	3	945
0.4467	2	1	3	945
0.4468	2	1	3	945
0.4469	2	1	3	945
0.447	2	1	3	945
0.4471	2	1	3	945
0.4472	2	1	3	945
0.4473	2	1	3	945
0.4474	2	1	3	945
0.4475	2	1	3	945
0.4476	2	1	3	945
0.4477	2	1	3	945
0.4478	2	1	3	945
0.4479	2	1	3	945
0.448	2	1	3	945
0.4481	2	1	3	945
0.4482	2	1	3	945
0.4483	2	1	3	945
0.4484	2	1	3	945
0.4485	2	1	3	945
0.4486	2	1	3	945
0.4487	2	1	3	945
0.4488	2	1	3	945
0.4489	2	1	3	945
0.449	2	1	3	945
0.4491	2	1	3	945
0.4492	2	1	3	945
0.4493	2	1	3	945
0.4494	2	1	3	945
0.4495	2	1	3	945
0.4496	2	1	3	945
0.4497	2	1	3	945
0.4498	2	1	3	945
0.4499	2	1	3	945
0.45	2	1	3	945
0.4501	2	1	3	945
0.4502	2	1	3	945
0.4503	2	1	3	945
0.4504	2	1	3	945
0.4505	2	1	3	945
0.4506	2	1	3	945
0.4507	2	1	3	945
0.4508	2	1	3	945
0.4509	2	1	3	945
0.451	2	1	3	945
0.4511	2	1	3	945
0.4512	2	1	3	945
0.4513	2	1	3	945
0.4514	2	1	3	945
0.4515	2	1	3	945
0.4516	2	1	3	945
0.4517	2	1	3	945
0.4518	2	1	3	945
0.4519	2	1	3	945
0.452	2	1	3	945
0.4521	2	1	3	945
0.4522	2	1	3	945
0.4523	2	1	3	945
0.4524	2	1	3	945
0.4525	2	1	3	945
0.4526	2	1	3	945
0.4527	2	1	3	945
0.4528	2	1	3	945
0.4529	2	1	3	945
0.453	2	1	3	945
0.4531	2	1	3	945
0.4532	2	1	3	945
0.4533	2	1	3	945
0.4534	2	1	3	945
0.4535	2	1	3	945
0.4536	2	1	3	945
0.4537	2	1	3	945
0.4538	2	1	3	945
0.4539	2	1	3	945
0.454	2	1	3	945
0.4541	2	1	3	945
0.4542	2	1	3	945
0.4543	2	1	3	945
0.4544	2	1	3	945
0.4545	2	1	3	945
0.4546	2	1	3	945
0.4547	2	1	3	945
0.4548	2	1	3	945
0.4549	2	1	3	945
0.455	2	1	3	945
0.4551	2	1	3	945
0.4552	2	1	3	945
0.4553	2	1	3	945
0.4554	2	1	3	945
0.4555	2	1	3	945
0.4556	2	1	3	945
0.4557	2	1	3	945
0.4558	2	1	3	945
0.4559	2	1	3	945
0.456	2	1	3	945
0.4561	2	1	3	945
0.4562	2	1	3	945
0.4563	2	1	3	945
0.4564	2	1	3	945
0.4565	2	1	3	945
0.4566	2	1	3	945
0.4567	2	1	3	945
0.4568	2	1	3	945
0.4569	2	1	3	945
0.457	2	1	3	945
0.4571	2	1	3	945
0.4572	2	1	3	945
0.4573	2	1	3	945
0.4574	2	1	3	945
0.4575	2	1	3	945
0.4576	2	1	3	945
0.4577	2	1	3	945
0.4578	2	1	3	945
0.4579	2	1	3	945
0.458	2	1	3	945
0.4581	2	1	3	945
0.4582	2	1	3	945
0.4583	2	1	3	945
0.4584	2	1	3	945
0.4585	2	1	3	945
0.4586	2	1	3	945
0.4587	2	1	3	945
0.4588	2	1	3	945
0.4589	2	1	3	945
0.459	2	1	3	945
0.4591	2	1	3	945
0.4592	2	1	3	945
0.4593	2	1	3	945
0.4594	2	1	3	945
0.4595	2	1	3	945
0.4596	2	1	3	945
0.4597	2	1	3	945
0.4598	2	1	3	945
0.4599	2	1	3	945
0.46	2	1	3	945
0.4601	2	1	3	945
0.4602	2	1	3	945
0.4603	2	1	3	945
0.4604	2	1	3	945
0.4605	2	1	3	945
0.4606	2	1	3	945
0.4607	2	1	3	945
0.4608	2	1	3	945
0.4609	2	1	3	945
0.461	2	1	3	945
0.4611	2	1	3	945
0.4612	2	1	3	945
0.4613	2	1	3	945
0.4614	2	1	3	945
0.4615	2	1	3	945
0.4616	2	1	3	945
0.4617	2	1	3	945
0.4618	2	1	3	945
0.4619	2	1	3	945
0.462	2	1	3	945
0.4621	2	1	3	945
0.4622	2	1	3	945
0.4623	2	1	3	945
0.4624	2	1	3	945
0.4625	2	1	3	945
0.4626	2	1	3	945
0.4627	2	1	3	945
0.4628	2	1	3	945
0.4629	2	1	3	945
0.463	2	1	3	945
0.4631	2	1	3	945
0.4632	2	1	3	945
0.4633	2	1	3	945
0.4634	2	1	3	945
0.4635	2	1	3	945
0.4636	2	1	3	945
0.4637	2	1	3	945
0.4638	2	1	3	945
0.4639	2	1	3	945
0.464	2	1	3	945
0.4641	2	1	3	945
0.4642	2	1	3	945
0.4643	2	1	3	945
0.4644	2	1	3	945
0.4645	2	1	3	945
0.4646	2	1	3	945
0.4647	2	1	3	945
0.4648	2	1	3	945
0.4649	2	1	3	945
0.465	2	1	3	945
0.4651	2	1	3	945
0.4652	2	1	3	945
0.4653	2	1	3	945
0.4654	2	1	3	945
0.4655	2	1	3	945
0.4656	2	1	3	945
0.4657	2	1	3	945
0.4658	2	1	3	945
0.4659	2	1	3	945
0.466	2	1	3	945
0.4661	2	1	3	945
0.4662	2	1	3	945
0.4663	2	1	3	945
0.4664	2	1	3	945
0.4665	2	1	3	945
0.4666	2	1	3	945
0.4667	2	1	3	945
0.4668	2	1	3	945
0.4669	2	1	3	945
0.467	2	1	3	945
0.4671	2	1	3	945
0.4672	2	1	3	945
0.4673	2	1	3	945
0.4674	2	1	3	945
0.4675	2	1	3	945
0.4676	2	1	3	945
0.4677	2	1	3	945
0.4678	2	1	3	945
0.4679	2	1	3	945
0.468	2	1	3	945
0.4681	2	1	3	945
0.4682	2	1	3	945
0.4683	2	1	3	945
0.4684	2	1	3	945
0.4685	2	1	3	945
0.4686	2	1	3	945
0.4687	2	1	3	945
0.4688	2	1	3	945
0.4689	2	1	3	945
0.469	2	1	3	945
0.4691	2	1	3	945
0.4692	2	1	3	945
0.4693	2	1	3	945
0.4694	2	1	3	945
0.4695	2	1	3	945
0.4696	2	1	3	945
0.4697	2	1	3	945
0.4698	2	1	3	945
0.4699	2	1	3	945
0.47	2	1	3	945
0.4701	2	1	3	945
0.4702	2	1	3	945
0.4703	2	1	3	945
0.4704	2	1	3	945
0.4705	2	1	3	945
0.4706	2	1	3	945
0.4707	2	1	3	945
0.4708	2	1	3	945
0.4709	2	1	3	945
0.471	2	1	3	945
0.4711	2	1	3	945
0.4712	2	1	3	945
0.4713	2	1	3	945
0.4714	2	1	3	945
0.4715	2	1	3	945
0.4716	2	1	3	945
0.4717	2	1	3	945
0.4718	2	1	3	945
0.4719	2	1	3	945
0.472	2	1	3	945
0.4721	2	1	3	945
0.4722	2	1	3	945
0.4723	2	1	3	945
0.4724	2	1	3	945
0.4725	2	1	3	945
0.4726	2	1	3	945
0.4727	2	1	3	945
0.4728	2	1	3	945
0.4729	2	1	3	945
0.473	2	1	3	945
0.4731	2	1	3	945
0.4732	2	1	3	945
0.4733	2	1	3	945
0.4734	2	1	3	945
0.4735	2	1	3	945
0.4736	2	1	3	945
0.4737	2	1	3	945
0.4738	2	1	3	945
0.4739	2	1	3	945
0.474	2	1	3	945
0.4741	2	1	3	945
0.4742	2	1	3	945
0.4743	2	1	3	945
0.4744	2	1	3	945
0.4745	2	1	3	945
0.4746	2	1	3	945
0.4747	2	1	3	945
0.4748	2	1	3	945
0.4749	2	1	3	945
0.475	2	1	3	945
0.4751	2	1	3	945
0.4752	2	1	3	945
0.4753	2	1	3	945
0.4754	2	1	3	945
0.4755	2	1	3	945
0.4756	2	1	3	945
0.4757	2	1	3	945
0.4758	2	1	3	945
0.4759	2	1	3	945
0.476	2	1	3	945
0.4761	2	1	3	945
0.4762	2	1	3	945
0.4763	2	1	3	945
0.4764	2	1	3	945
0.4765	2	1	3	945
0.4766	2	1	3	945
0.4767	2	1	3	945
0.4768	2	1	3	945
0.4769	2	1	3	945
0.477	2	1	3	945
0.4771	2	1	3	945
0.4772	2	1	3	945
0.4773	2	1	3	945
0.4774	2	1	3	945
0.4775	2	1	3	945
0.4776	2	1	3	945
0.4777	2	1	3	945
0.4778	2	1	3	945
0.4779	2	1	3	945
0.478	2	1	3	945
0.4781	2	1	3	945
0.4782	2	1	3	945
0.4783	2	1	3	945
0.4784	2	1	3	945
0.4785	2	1	3	945
0.4786	2	1	3	945
0.4787	2	1	3	945
0.4788	2	1	3	945
0.4789	2	1	3	945
0.479	2	1	3	945
0.4791	2	1	3	945
0.4792	2	1	3	945
0.4793	2	1	3	945
0.4794	2	1	3	945
0.4795	2	1	3	945
0.4796	2	1	3	945
0.4797	2	1	3	945
0.4798	2	1	3	945
0.4799	2	1	3	945
0.48	2	1	3	945
0.4801	2	1	3	945
0.4802	2	1	3	945
0.4803	2	1	3	945
0.4804	2	1	3	945
0.4805	2	1	3	945
0.4806	2	1	3	945
0.4807	2	1	3	945
0.4808	2	1	3	945
0.4809	2	1	3	945
0.481	2	1	3	945
0.4811	2	1	3	945
0.4812	2	1	3	945
0.4813	2	1	3	945
0.4814	2	1	3	945
0.4815	2	1	3	945
0.4816	2	1	3	945
0.4817	2	1	3	945
0.4818	2	1	3	945
0.4819	2	1	3	945
0.482	2	1	3	945
0.4821	2	1	3	945
0.4822	2	1	3	945
0.4823	2	1	3	945
0.4824	2	1	3	945
0.4825	2	1	3	945
0.4826	2	1	3	945
0.4827	2	1	3	945
0.4828	2	1	3	945
0.4829	2	1	3	945
0.483	2	1	3	945
0.4831	2	1	3	945
0.4832	2	1	3	945
0.4833	2	1	3	945
0.4834	2	1	3	945
0.4835	2	1	3	945
0.4836	2	1	3	945
0.4837	2	1	3	945
0.4838	2	1	3	945
0.4839	2	1	3	945
0.484	2	1	3	945
0.4841	2	1	3	945
0.4842	2	1	3	945
0.4843	2	1	3	945
0.4844	2	1	3	945
0.4845	2	1	3	945
0.4846	2	1	3	945
0.4847	2	1	3	945
0.4848	2	1	3	945
0.4849	2	1	3	945
0.485	2	1	3	945
0.4851	2	1	3	945
0.4852	2	1	3	945
0.4853	2	1	3	945
0.4854	2	1	3	945
0.4855	2	1	3	945
0.4856	2	1	3	945
0.4857	2	1	3	945
0.4858	2	1	3	945
0.4859	2	1	3	945
0.486	2	1	3	945
0.4861	2	1	3	945
0.4862	2	1	3	945
0.4863	2	1	3	945
0.4864	2	1	3	945
0.4865	2	1	3	945
0.4866	2	1	3	945
0.4867	2	1	3	945
0.4868	2	1	3	945
0.4869	2	1	3	945
0.487	2	1	3	945
0.4871	2	1	3	945
0.4872	2	1	3	945
0.4873	2	1	3	945
0.4874	2	1	3	945
0.4875	2	1	3	945
0.4876	2	1	3	945
0.4877	2	1	3	945
0.4878	2	1	3	945
0.4879	2	1	3	945
0.488	2	1	3	945
0.4881	2	1	3	945
0.4882	2	1	3	945
0.4883	2	1	3	945
0.4884	2	1	3	945
0.4885	2	1	3	945
0.4886	2	1	3	945
0.4887	2	1	3	945
0.4888	2	1	3	945
0.4889	2	1	3	945
0.489	2	1	3	945
0.4891	2	1	3	945
0.4892	2	1	3	945
0.4893	2	1	3	945
0.4894	2	1	3	945
0.4895	2	1	3	945
0.4896	2	1	3	945
0.4897	2	1	3	945
0.4898	2	1	3	945
0.4899	2	1	3	945
0.49	2	1	3	945
0.4901	2	1	3	945
0.4902	2	1	3	945
0.4903	2	1	3	945
0.4904	2	1	3	945
0.4905	2	1	3	945
0.4906	2	1	3	945
0.4907	2	1	3	945
0.4908	2	1	3	945
0.4909	2	1	3	945
0.491	2	1	3	945
0.4911	2	1	3	945
0.4912	2	1	3	945
0.4913	2	1	3	945
0.4914	2	1	3	945
0.4915	2	1	3	945
0.4916	2	1	3	945
0.4917	2	1	3	945
0.4918	2	1	3	945
0.4919	2	1	3	945
0.492	2	1	3	945
0.4921	2	1	3	945
0.4922	2	1	3	945
0.4923	2	1	3	945
0.4924	2	1	3	945
0.4925	2	1	3	945
0.4926	2	1	3	945
0.4927	2	1	3	945
0.4928	2	1	3	945
0.4929	2	1	3	945
0.493	2	1	3	945
0.4931	2	1	3	945
0.4932	2	1	3	945
0.4933	2	1	3	945
0.4934	2	1	3	945
0.4935	2	1	3	945
0.4936	2	1	3	945
0.4937	2	1	3	945
0.4938	2	1	3	945
0.4939	2	1	3	945
0.494	2	1	3	945
0.4941	2	1	3	945
0.4942	2	1	3	945
0.4943	2	1	3	945
0.4944	2	1	3	945
0.4945	2	1	3	945
0.4946	2	1	3	945
0.4947	2	1	3	945
0.4948	2	1	3	945
0.4949	2	1	3	945
0.495	2	1	3	945
0.4951	2	1	3	945
0.4952	2	1	3	945
0.4953	2	1	3	945
0.4954	2	1	3	945
0.4955	2	1	3	945
0.4956	2	1	3	945
0.4957	2	1	3	945
0.4958	2	1	3	945
0.4959	2	1	3	945
0.496	2	1	3	945
0.4961	2	1	3	945
0.4962	2	1	3	945
0.4963	2	1	3	945
0.4964	2	1	3	945
0.4965	2	1	3	945
0.4966	2	1	3	945
0.4967	2	1	3	945
0.4968	2	1	3	945
0.4969	2	1	3	945
0.497	2	1	3	945
0.4971	2	1	3	945
0.4972	2	1	3	945
0.4973	2	1	3	945
0.4974	2	1	3	945
0.4975	2	1	3	945
0.4976	2	1	3	945
0.4977	2	1	3	945
0.4978	2	1	3	945
0.4979	2	1	3	945
0.498	2	1	3	945
0.4981	2	1	3	945
0.4982	2	1	3	945
0.4983	2	1	3	945
0.4984	2	1	3	945
0.4985	2	1	3	945
0.4986	2	1	3	945
0.4987	2	1	3	945
0.4988	2	1	3	945
0.4989	2	1	3	945
0.499	2	1	3	945
0.4991	2	1	3	945
0.4992	2	1	3	945
0.4993	2	1	3	945
0.4994	2	1	3	945
0.4995	2	1	3	945
0.4996	2	1	3	945
0.4997	2	1	3	945
0.4998	2	1	3	945
0.4999	2	1	3	945
0.5	2	1	3	945
0.5001	2	1	3	945
0.5002	2	1	3	945
0.5003	2	1	3	945
0.5004	2	1	3	945
0.5005	2	1	3	945
0.5006	2	1	3	945
0.5007	2	1	3	945
0.5008	2	1	3	945
0.5009	2	1	3	945
0.501	2	1	3	945
0.5011	2	1	3	945
0.5012	2	1	3	945
0.5013	2	1	3	945
0.5014	2	1	3	945
0.5015	2	1	3	945
0.5016	2	1	3	945
0.5017	2	1	3	945
0.5018	2	1	3	945
0.5019	2	1	3	945
0.502	2	1	3	945
0.5021	2	1	3	945
0.5022	2	1	3	945
0.5023	2	1	3	945
0.5024	2	1	3	945
0.5025	2	1	3	945
0.5026	2	1	3	945
0.5027	2	1	3	945
0.5028	2	1	3	945
0.5029	2	1	3	945
0.503	2	1	3	945
0.5031	2	1	3	945
0.5032	2	1	3	945
0.5033	2	1	3	945
0.5034	2	1	3	945
0.5035	2	1	3	945
0.5036	2	1	3	945
0.5037	2	1	3	945
0.5038	2	1	3	945
0.5039	2	1	3	945
0.504	2	1	3	945
0.5041	2	1	3	945
0.5042	2	1	3	945
0.5043	2	1	3	945
0.5044	2	1	3	945
0.5045	2	1	3	945
0.5046	2	1	3	945
0.5047	2	1	3	945
0.5048	2	1	3	945
0.5049	2	1	3	945
0.505	2	1	3	945
0.5051	2	1	3	945
0.5052	2	1	3	945
0.5053	2	1	3	945
0.5054	2	1	3	945
0.5055	2	1	3	945
0.5056	2	1	3	945
0.5057	2	1	3	945
0.5058	2	1	3	945
0.5059	2	1	3	945
0.506	2	1	3	945
0.5061	2	1	3	945
0.5062	2	1	3	945
0.5063	2	1	3	945
0.5064	2	1	3	945
0.5065	2	1	3	945
0.5066	2	1	3	945
0.5067	2	1	3	945
0.5068	2	1	3	945
0.5069	2	1	3	945
0.507	2	1	3	945
0.5071	2	1	3	945
0.5072	2	1	3	945
0.5073	2	1	3	945
0.5074	2	1	3	945
0.5075	2	1	3	945
0.5076	2	1	3	945
0.5077	2	1	3	945
0.5078	2	1	3	945
0.5079	2	1	3	945
0.508	2	1	3	945
0.5081	2	1	3	945
0.5082	2	1	3	945
0.5083	2	1	3	945
0.5084	2	1	3	945
0.5085	2	1	3	945
0.5086	2	1	3	945
0.5087	2	1	3	945
0.5088	2	1	3	945
0.5089	2	1	3	945
0.509	2	1	3	945
0.5091	2	1	3	945
0.5092	2	1	3	945
0.5093	2	1	3	945
0.5094	2	1	3	945
0.5095	2	1	3	945
0.5096	2	1	3	945
0.5097	2	1	3	945
0.5098	2	1	3	945
0.5099	2	1	3	945
0.51	2	1	3	945
0.5101	2	1	3	945
0.5102	2	1	3	945
0.5103	2	1	3	945
0.5104	2	1	3	945
0.5105	2	1	3	945
0.5106	2	1	3	945
0.5107	2	1	3	945
0.5108	2	1	3	945
0.5109	2	1	3	945
0.511	2	1	3	945
0.5111	2	1	3	945
0.5112	2	1	3	945
0.5113	2	1	3	945
0.5114	2	1	3	945
0.5115	2	1	3	945
0.5116	2	1	3	945
0.5117	2	1	3	945
0.5118	2	1	3	945
0.5119	2	1	3	945
0.512	2	1	3	945
0.5121	2	1	3	945
0.5122	2	1	3	945
0.5123	2	1	3	945
0.5124	2	1	3	945
0.5125	2	1	3	945
0.5126	2	1	3	945
0.5127	2	1	3	945
0.5128	2	1	3	945
0.5129	2	1	3	945
0.513	2	1	3	945
0.5131	2	1	3	945
0.5132	2	1	3	945
0.5133	2	1	3	945
0.5134	2	1	3	945
0.5135	2	1	3	945
0.5136	2	1	3	945
0.5137	2	1	3	945
0.5138	2	1	3	945
0.5139	2	1	3	945
0.514	2	1	3	945
0.5141	2	1	3	945
0.5142	2	1	3	945
0.5143	2	1	3	945
0.5144	2	1	3	945
0.5145	2	1	3	945
0.5146	2	1	3	945
0.5147	2	1	3	945
0.5148	2	1	3	945
0.5149	2	1	3	945
0.515	2	1	3	945
0.5151	2	1	3	945
0.5152	2	1	3	945
0.5153	2	1	3	945
0.5154	2	1	3	945
0.5155	2	1	3	945
0.5156	2	1	3	945
0.5157	2	1	3	945
0.5158	2	1	3	945
0.5159	2	1	3	945
0.516	2	1	3	945
0.5161	2	1	3	945
0.5162	2	1	3	945
0.5163	2	1	3	945
0.5164	2	1	3	945
0.5165	2	1	3	945
0.5166	2	1	3	945
0.5167	2	1	3	945
0.5168	2	1	3	945
0.5169	2	1	3	945
0.517	2	1	3	945
0.5171	2	1	3	945
0.5172	2	1	3	945
0.5173	2	1	3	945
0.5174	2	1	3	945
0.5175	2	1	3	945
0.5176	2	1	3	945
0.5177	2	1	3	945
0.5178	2	1	3	945
0.5179	2	1	3	945
0.518	2	1	3	945
0.5181	2	1	3	945
0.5182	2	1	3	945
0.5183	2	1	3	945
0.5184	2	1	3	945
0.5185	2	1	3	945
0.5186	2	1	3	945
0.5187	2	1	3	945
0.5188	2	1	3	945
0.5189	2	1	3	945
0.519	2	1	3	945
0.5191	2	1	3	945
0.5192	2	1	3	945
0.5193	2	1	3	945
0.5194	2	1	3	945
0.5195	2	1	3	945
0.5196	2	1	3	945
0.5197	2	1	3	945
0.5198	2	1	3	945
0.5199	2	1	3	945
0.52	2	1	3	945
0.5201	2	1	3	945
0.5202	2	1	3	945
0.5203	2	1	3	945
0.5204	2	1	3	945
0.5205	2	1	3	945
0.5206	2	1	3	945
0.5207	2	1	3	945
0.5208	2	1	3	945
0.5209	2	1	3	945
0.521	2	1	3	945
0.5211	2	1	3	945
0.5212	2	1	3	945
0.5213	2	1	3	945
0.5214	2	1	3	945
0.5215	2	1	3	945
0.5216	2	1	3	945
0.5217	2	1	3	945
0.5218	2	1	3	945
0.5219	2	1	3	945
0.522	2	1	3	945
0.5221	2	1	3	945
0.5222	2	1	3	945
0.5223	2	1	3	945
0.5224	2	1	3	945
0.5225	2	1	3	945
0.5226	2	1	3	945
0.5227	2	1	3	945
0.5228	2	1	3	945
0.5229	2	1	3	945
0.523	2	1	3	945
0.5231	2	1	3	945
0.5232	2	1	3	945
0.5233	2	1	3	945
0.5234	2	1	3	945
0.5235	2	1	3	945
0.5236	2	1	3	945
0.5237	2	1	3	945
0.5238	2	1	3	945
0.5239	2	1	3	945
0.524	2	1	3	945
0.5241	2	1	3	945
0.5242	2	1	3	945
0.5243	2	1	3	945
0.5244	2	1	3	945
0.5245	2	1	3	945
0.5246	2	1	3	945
0.5247	2	1	3	945
0.5248	2	1	3	945
0.5249	2	1	3	945
0.525	2	1	3	945
0.5251	2	1	3	945
0.5252	2	1	3	945
0.5253	2	1	3	945
0.5254	2	1	3	945
0.5255	2	1	3	945
0.5256	2	1	3	945
0.5257	2	1	3	945
0.5258	2	1	3	945
0.5259	2	1	3	945
0.526	2	1	3	945
0.5261	2	1	3	945
0.5262	2	1	3	945
0.5263	2	1	3	945
0.5264	2	1	3	945
0.5265	2	1	3	945
0.5266	2	1	3	945
0.5267	2	1	3	945
0.5268	2	1	3	945
0.5269	2	1	3	945
0.527	2	1	3	945
0.5271	2	1	3	945
0.5272	2	1	3	945
0.5273	2	1	3	945
0.5274	2	1	3	945
0.5275	2	1	3	945
0.5276	2	1	3	945
0.5277	2	1	3	945
0.5278	2	1	3	945
0.5279	2	1	3	945
0.528	2	1	3	945
0.5281	2	1	3	945
0.5282	2	1	3	945
0.5283	2	1	3	945
0.5284	2	1	3	945
0.5285	2	1	3	945
0.5286	2	1	3	945
0.5287	2	1	3	945
0.5288	2	1	3	945
0.5289	2	1	3	945
0.529	2	1	3	945
0.5291	2	1	3	945
0.5292	2	1	3	945
0.5293	2	1	3	945
0.5294	2	1	3	945
0.5295	2	1	3	945
0.5296	2	1	3	945
0.5297	2	1	3	945
0.5298	2	1	3	945
0.5299	2	1	3	945
0.53	2	1	3	945
0.5301	2	1	3	945
0.5302	2	1	3	945
0.5303	2	1	3	945
0.5304	2	1	3	945
0.5305	2	1	3	945
0.5306	2	1	3	945
0.5307	2	1	3	945
0.5308	2	1	3	945
0.5309	2	1	3	945
0.531	2	1	3	945
0.5311	2	1	3	945
0.5312	2	1	3	945
0.5313	2	1	3	945
0.5314	2	1	3	945
0.5315	2	1	3	945
0.5316	2	1	3	945
0.5317	2	1	3	945
0.5318	2	1	3	945
0.5319	2	1	3	945
0.532	2	1	3	945
0.5321	2	1	3	945
0.5322	2	1	3	945
0.5323	2	1	3	945
0.5324	2	1	3	945
0.5325	2	1	3	945
0.5326	2	1	3	945
0.5327	2	1	3	945
0.5328	2	1	3	945
0.5329	2	1	3	945
0.533	2	1	3	945
0.5331	2	1	3	945
0.5332	2	1	3	945
0.5333	2	1	3	945
0.5334	2	1	3	945
0.5335	2	1	3	945
0.5336	2	1	3	945
0.5337	2	1	3	945
0.5338	2	1	3	945
0.5339	2	1	3	945
0.534	2	1	3	945
0.5341	2	1	3	945
0.5342	2	1	3	945
0.5343	2	1	3	945
0.5344	2	1	3	945
0.5345	2	1	3	945
0.5346	2	1	3	945
0.5347	2	1	3	945
0.5348	2	1	3	945
0.5349	2	1	3	945
0.535	2	1	3	945
0.5351	2	1	3	945
0.5352	2	1	3	945
0.5353	2	1	3	945
0.5354	2	1	3	945
0.5355	2	1	3	945
0.5356	2	1	3	945
0.5357	2	1	3	945
0.5358	2	1	3	945
0.5359	2	1	3	945
0.536	2	1	3	945
0.5361	2	1	3	945
0.5362	2	1	3	945
0.5363	2	1	3	945
0.5364	2	1	3	945
0.5365	2	1	3	945
0.5366	2	1	3	945
0.5367	2	1	3	945
0.5368	2	1	3	945
0.5369	2	1	3	945
0.537	2	1	3	945
0.5371	2	1	3	945
0.5372	2	1	3	945
0.5373	2	1	3	945
0.5374	2	1	3	945
0.5375	2	1	3	945
0.5376	2	1	3	945
0.5377	2	1	3	945
0.5378	2	1	3	945
0.5379	2	1	3	945
0.538	2	1	3	945
0.5381	2	1	3	945
0.5382	2	1	3	945
0.5383	2	1	3	945
0.5384	2	1	3	945
0.5385	2	1	3	945
0.5386	2	1	3	945
0.5387	2	1	3	945
0.5388	2	1	3	945
0.5389	2	1	3	945
0.539	2	1	3	945
0.5391	2	1	3	945
0.5392	2	1	3	945
0.5393	2	1	3	945
0.5394	2	1	3	945
0.5395	2	1	3	945
0.5396	2	1	3	945
0.5397	2	1	3	945
0.5398	2	1	3	945
0.5399	2	1	3	945
0.54	2	1	3	945
0.5401	2	1	3	945
0.5402	2	1	3	945
0.5403	2	1	3	945
0.5404	2	1	3	945
0.5405	2	1	3	945
0.5406	2	1	3	945
0.5407	2	1	3	945
0.5408	2	1	3	945
0.5409	2	1	3	945
0.541	2	1	3	945
0.5411	2	1	3	945
0.5412	2	1	3	945
0.5413	2	1	3	945
0.5414	2	1	3	945
0.5415	2	1	3	945
0.5416	2	1	3	945
0.5417	2	1	3	945
0.5418	2	1	3	945
0.5419	2	1	3	945
0.542	2	1	3	945
0.5421	2	1	3	945
0.5422	2	1	3	945
0.5423	2	1	3	945
0.5424	2	1	3	945
0.5425	2	1	3	945
0.5426	2	1	3	945
0.5427	2	1	3	945
0.5428	2	1	3	945
0.5429	2	1	3	945
0.543	2	1	3	945
0.5431	2	1	3	945
0.5432	2	1	3	945
0.5433	2	1	3	945
0.5434	2	1	3	945
0.5435	2	1	3	945
0.5436	2	1	3	945
0.5437	2	1	3	945
0.5438	2	1	3	945
0.5439	2	1	3	945
0.544	2	1	3	945
0.5441	2	1	3	945
0.5442	2	1	3	945
0.5443	2	1	3	945
0.5444	2	1	3	945
0.5445	2	1	3	945
0.5446	2	1	3	945
0.5447	2	1	3	945
0.5448	2	1	3	945
0.5449	2	1	3	945
0.545	2	1	3	945
0.5451	2	1	3	945
0.5452	2	1	3	945
0.5453	2	1	3	945
0.5454	2	1	3	945
0.5455	2	1	3	945
0.5456	2	1	3	945
0.5457	2	1	3	945
0.5458	2	1	3	945
0.5459	2	1	3	945
0.546	2	1	3	945
0.5461	2	1	3	945
0.5462	2	1	3	945
0.5463	2	1	3	945
0.5464	2	1	3	945
0.5465	2	1	3	945
0.5466	2	1	3	945
0.5467	2	1	3	945
0.5468	2	1	3	945
0.5469	2	1	3	945
0.547	2	1	3	945
0.5471	2	1	3	945
0.5472	2	1	3	945
0.5473	2	1	3	945
0.5474	2	1	3	945
0.5475	2	1	3	945
0.5476	2	1	3	945
0.5477	2	1	3	945
0.5478	2	1	3	945
0.5479	2	1	3	945
0.548	2	1	3	945
0.5481	2	1	3	945
0.5482	2	1	3	945
0.5483	2	1	3	945
0.5484	2	1	3	945
0.5485	2	1	3	945
0.5486	2	1	3	945
0.5487	2	1	3	945
0.5488	2	1	3	945
0.5489	2	1	3	945
0.549	2	1	3	945
0.5491	2	1	3	945
0.5492	2	1	3	945
0.5493	2	1	3	945
0.5494	2	1	3	945
0.5495	2	1	3	945
0.5496	2	1	3	945
0.5497	2	1	3	945
0.5498	2	1	3	945
0.5499	2	1	3	945
0.55	2	1	3	945
0.5501	2	1	3	945
0.5502	2	1	3	945
0.5503	2	1	3	945
0.5504	2	1	3	945
0.5505	2	1	3	945
0.5506	2	1	3	945
0.5507	2	1	3	945
0.5508	2	1	3	945
0.5509	2	1	3	945
0.551	2	1	3	945
0.5511	2	1	3	945
0.5512	2	1	3	945
0.5513	2	1	3	945
0.5514	2	1	3	945
0.5515	2	1	3	945
0.5516	2	1	3	945
0.5517	2	1	3	945
0.5518	2	1	3	945
0.5519	2	1	3	945
0.552	2	1	3	945
0.5521	2	1	3	945
0.5522	2	1	3	945
0.5523	2	1	3	945
0.5524	2	1	3	945
0.5525	2	1	3	945
0.5526	2	1	3	945
0.5527	2	1	3	945
0.5528	2	1	3	945
0.5529	2	1	3	945
0.553	2	1	3	945
0.5531	2	1	3	945
0.5532	2	1	3	945
0.5533	2	1	3	945
0.5534	2	1	3	945
0.5535	2	1	3	945
0.5536	2	1	3	945
0.5537	2	1	3	945
0.5538	2	1	3	945
0.5539	2	1	3	945
0.554	2	1	3	945
0.5541	2	1	3	945
0.5542	2	1	3	945
0.5543	2	1	3	945
0.5544	2	1	3	945
0.5545	2	1	3	945
0.5546	2	1	3	945
0.5547	2	1	3	945
0.5548	2	1	3	945
0.5549	2	1	3	945
0.555	2	1	3	945
0.5551	2	1	3	945
0.5552	2	1	3	945
0.5553	2	1	3	945
0.5554	2	1	3	945
0.5555	2	1	3	945
0.5556	2	1	3	945
0.5557	2	1	3	945
0.5558	2	1	3	945
0.5559	2	1	3	945
0.556	2	1	3	945
0.5561	2	1	3	945
0.5562	2	1	3	945
0.5563	2	1	3	945
0.5564	2	1	3	945
0.5565	2	1	3	945
0.5566	2	1	3	945
0.5567	2	1	3	945
0.5568	2	1	3	945
0.5569	2	1	3	945
0.557	2	1	3	945
0.5571	2	1	3	945
0.5572	2	1	3	945
0.5573	2	1	3	945
0.5574	2	1	3	945
0.5575	2	1	3	945
0.5576	2	1	3	945
0.5577	2	1	3	945
0.5578	2	1	3	945
0.5579	2	1	3	945
0.558	2	1	3	945
0.5581	2	1	3	945
0.5582	2	1	3	945
0.5583	2	1	3	945
0.5584	2	1	3	945
0.5585	2	1	3	945
0.5586	2	1	3	945
0.5587	2	1	3	945
0.5588	2	1	3	945
0.5589	2	1	3	945
0.559	2	1	3	945
0.5591	2	1	3	945
0.5592	2	1	3	945
0.5593	2	1	3	945
0.5594	2	1	3	945
0.5595	2	1	3	945
0.5596	2	1	3	945
0.5597	2	1	3	945
0.5598	2	1	3	945
0.5599	2	1	3	945
0.56	2	1	3	945
0.5601	2	1	3	945
0.5602	2	1	3	945
0.5603	2	1	3	945
0.5604	2	1	3	945
0.5605	2	1	3	945
0.5606	2	1	3	945
0.5607	2	1	3	945
0.5608	2	1	3	945
0.5609	2	1	3	945
0.561	2	1	3	945
0.5611	2	1	3	945
0.5612	2	1	3	945
0.5613	2	1	3	945
0.5614	2	1	3	945
0.5615	2	1	3	945
0.5616	2	1	3	945
0.5617	2	1	3	945
0.5618	2	1	3	945
0.5619	2	1	3	945
0.562	2	1	3	945
0.5621	2	1	3	945
0.5622	2	1	3	945
0.5623	2	1	3	945
0.5624	2	1	3	945
0.5625	2	1	3	945
0.5626	2	1	3	945
0.5627	2	1	3	945
0.5628	2	1	3	945
0.5629	2	1	3	945
0.563	2	1	3	945
0.5631	2	1	3	945
0.5632	2	1	3	945
0.5633	2	1	3	945
0.5634	2	1	3	945
0.5635	2	1	3	945
0.5636	2	1	3	945
0.5637	2	1	3	945
0.5638	2	1	3	945
0.5639	2	1	3	945
0.564	2	1	3	945
0.5641	2	1	3	945
0.5642	2	1	3	945
0.5643	2	1	3	945
0.5644	2	1	3	945
0.5645	2	1	3	945
0.5646	2	1	3	945
0.5647	2	1	3	945
0.5648	2	1	3	945
0.5649	2	1	3	945
0.565	2	1	3	945
0.5651	2	1	3	945
0.5652	2	1	3	945
0.5653	2	1	3	945
0.5654	2	1	3	945
0.5655	2	1	3	945
0.5656	2	1	3	945
0.5657	2	1	3	945
0.5658	2	1	3	945
0.5659	2	1	3	945
0.566	2	1	3	945
0.5661	2	1	3	945
0.5662	2	1	3	945
0.5663	2	1	3	945
0.5664	2	1	3	945
0.5665	2	1	3	945
0.5666	2	1	3	945
0.5667	2	1	3	945
0.5668	2	1	3	945
0.5669	2	1	3	945
0.567	2	1	3	945
0.5671	2	1	3	945
0.5672	2	1	3	945
0.5673	2	1	3	945
0.5674	2	1	3	945
0.5675	2	1	3	945
0.5676	2	1	3	945
0.5677	2	1	3	945
0.5678	2	1	3	945
0.5679	2	1	3	945
0.568	2	1	3	945
0.5681	2	1	3	945
0.5682	2	1	3	945
0.5683	2	1	3	945
0.5684	2	1	3	945
0.5685	2	1	3	945
0.5686	2	1	3	945
0.5687	2	1	3	945
0.5688	2	1	3	945
0.5689	2	1	3	945
0.569	2	1	3	945
0.5691	2	1	3	945
0.5692	2	1	3	945
0.5693	2	1	3	945
0.5694	2	1	3	945
0.5695	2	1	3	945
0.5696	2	1	3	945
0.5697	2	1	3	945
0.5698	2	1	3	945
0.5699	2	1	3	945
0.57	2	1	3	945
0.5701	2	1	3	945
0.5702	2	1	3	945
0.5703	2	1	3	945
0.5704	2	1	3	945
0.5705	2	1	3	945
0.5706	2	1	3	945
0.5707	2	1	3	945
0.5708	2	1	3	945
0.5709	2	1	3	945
0.571	2	1	3	945
0.5711	2	1	3	945
0.5712	2	1	3	945
0.5713	2	1	3	945
0.5714	2	1	3	945
0.5715	2	1	3	945
0.5716	2	1	3	945
0.5717	2	1	3	945
0.5718	2	1	3	945
0.5719	2	1	3	945
0.572	2	1	3	945
0.5721	2	1	3	945
0.5722	2	1	3	945
0.5723	2	1	3	945
0.5724	2	1	3	945
0.5725	2	1	3	945
0.5726	2	1	3	945
0.5727	2	1	3	945
0.5728	2	1	3	945
0.5729	2	1	3	945
0.573	2	1	3	945
0.5731	2	1	3	945
0.5732	2	1	3	945
0.5733	2	1	3	945
0.5734	2	1	3	945
0.5735	2	1	3	945
0.5736	2	1	3	945
0.5737	2	1	3	945
0.5738	2	1	3	945
0.5739	2	1	3	945
0.574	2	1	3	945
0.5741	2	1	3	945
0.5742	2	1	3	945
0.5743	2	1	3	945
0.5744	2	1	3	945
0.5745	2	1	3	945
0.5746	2	1	3	945
0.5747	2	1	3	945
0.5748	2	1	3	945
0.5749	2	1	3	945
0.575	2	1	3	945
0.5751	2	1	3	945
0.5752	2	1	3	945
0.5753	2	1	3	945
0.5754	2	1	3	945
0.5755	2	1	3	945
0.5756	2	1	3	945
0.5757	2	1	3	945
0.5758	2	1	3	945
0.5759	2	1	3	945
0.576	2	1	3	945
0.5761	2	1	3	945
0.5762	2	1	3	945
0.5763	2	1	3	945
0.5764	2	1	3	945
0.5765	2	1	3	945
0.5766	2	1	3	945
0.5767	2	1	3	945
0.5768	2	1	3	945
0.5769	2	1	3	945
0.577	2	1	3	945
0.5771	2	1	3	945
0.5772	2	1	3	945
0.5773	2	1	3	945
0.5774	2	1	3	945
0.5775	2	1	3	945
0.5776	2	1	3	945
0.5777	2	1	3	945
0.5778	2	1	3	945
0.5779	2	1	3	945
0.578	2	1	3	945
0.5781	2	1	3	945
0.5782	2	1	3	945
0.5783	2	1	3	945
0.5784	2	1	3	945
0.5785	2	1	3	945
0.5786	2	1	3	945
0.5787	2	1	3	945
0.5788	2	1	3	945
0.5789	2	1	3	945
0.579	2	1	3	945
0.5791	2	1	3	945
0.5792	2	1	3	945
0.5793	2	1	3	945
0.5794	2	1	3	945
0.5795	2	1	3	945
0.5796	2	1	3	945
0.5797	2	1	3	945
0.5798	2	1	3	945
0.5799	2	1	3	945
0.58	2	1	3	945
0.5801	2	1	3	945
0.5802	2	1	3	945
0.5803	2	1	3	945
0.5804	2	1	3	945
0.5805	2	1	3	945
0.5806	2	1	3	945
0.5807	2	1	3	945
0.5808	2	1	3	945
0.5809	2	1	3	945
0.581	2	1	3	945
0.5811	2	1	3	945
0.5812	2	1	3	945
0.5813	2	1	3	945
0.5814	2	1	3	945
0.5815	2	1	3	945
0.5816	2	1	3	945
0.5817	2	1	3	945
0.5818	2	1	3	945
0.5819	2	1	3	945
0.582	2	1	3	945
0.5821	2	1	3	945
0.5822	2	1	3	945
0.5823	2	1	3	945
0.5824	2	1	3	945
0.5825	2	1	3	945
0.5826	2	1	3	945
0.5827	2	1	3	945
0.5828	2	1	3	945
0.5829	2	1	3	945
0.583	2	1	3	945
0.5831	2	1	3	945
0.5832	2	1	3	945
0.5833	2	1	3	945
0.5834	2	1	3	945
0.5835	2	1	3	945
0.5836	2	1	3	945
0.5837	2	1	3	945
0.5838	2	1	3	945
0.5839	2	1	3	945
0.584	2	1	3	945
0.5841	2	1	3	945
0.5842	2	1	3	945
0.5843	2	1	3	945
0.5844	2	1	3	945
0.5845	2	1	3	945
0.5846	2	1	3	945
0.5847	2	1	3	945
0.5848	2	1	3	945
0.5849	2	1	3	945
0.585	2	1	3	945
0.5851	2	1	3	945
0.5852	2	1	3	945
0.5853	2	1	3	945
0.5854	2	1	3	945
0.5855	2	1	3	945
0.5856	2	1	3	945
0.5857	2	1	3	945
0.5858	2	1	3	945
0.5859	2	1	3	945
0.586	2	1	3	945
0.5861	2	1	3	945
0.5862	2	1	3	945
0.5863	2	1	3	945
0.5864	2	1	3	945
0.5865	2	1	3	945
0.5866	2	1	3	945
0.5867	2	1	3	945
0.5868	2	1	3	945
0.5869	2	1	3	945
0.587	2	1	3	945
0.5871	2	1	3	945
0.5872	2	1	3	945
0.5873	2	1	3	945
0.5874	2	1	3	945
0.5875	2	1	3	945
0.5876	2	1	3	945
0.5877	2	1	3	945
0.5878	2	1	3	945
0.5879	2	1	3	945
0.588	2	1	3	945
0.5881	2	1	3	945
0.5882	2	1	3	945
0.5883	2	1	3	945
0.5884	2	1	3	945
0.5885	2	1	3	945
0.5886	2	1	3	945
0.5887	2	1	3	945
0.5888	2	1	3	945
0.5889	2	1	3	945
0.589	2	1	3	945
0.5891	2	1	3	945
0.5892	2	1	3	945
0.5893	2	1	3	945
0.5894	2	1	3	945
0.5895	2	1	3	945
0.5896	2	1	3	945
0.5897	2	1	3	945
0.5898	2	1	3	945
0.5899	2	1	3	945
0.59	2	1	3	945
0.5901	2	1	3	945
0.5902	2	1	3	945
0.5903	2	1	3	945
0.5904	2	1	3	945
0.5905	2	1	3	945
0.5906	2	1	3	945
0.5907	2	1	3	945
0.5908	2	1	3	945
0.5909	2	1	3	945
0.591	2	1	3	945
0.5911	2	1	3	945
0.5912	2	1	3	945
0.5913	2	1	3	945
0.5914	2	1	3	945
0.5915	2	1	3	945
0.5916	2	1	3	945
0.5917	2	1	3	945
0.5918	2	1	3	945
0.5919	2	1	3	945
0.592	2	1	3	945
0.5921	2	1	3	945
0.5922	2	1	3	945
0.5923	2	1	3	945
0.5924	2	1	3	945
0.5925	2	1	3	945
0.5926	2	1	3	945
0.5927	2	1	3	945
0.5928	2	1	3	945
0.5929	2	1	3	945
0.593	2	1	3	945
0.5931	2	1	3	945
0.5932	2	1	3	945
0.5933	2	1	3	945
0.5934	2	1	3	945
0.5935	2	1	3	945
0.5936	2	1	3	945
0.5937	2	1	3	945
0.5938	2	1	3	945
0.5939	2	1	3	945
0.594	2	1	3	945
0.5941	2	1	3	945
0.5942	2	1	3	945
0.5943	2	1	3	945
0.5944	2	1	3	945
0.5945	2	1	3	945
0.5946	2	1	3	945
0.5947	2	1	3	945
0.5948	2	1	3	945
0.5949	2	1	3	945
0.595	2	1	3	945
0.5951	2	1	3	945
0.5952	2	1	3	945
0.5953	2	1	3	945
0.5954	2	1	3	945
0.5955	2	1	3	945
0.5956	2	1	3	945
0.5957	2	1	3	945
0.5958	2	1	3	945
0.5959	2	1	3	945
0.596	2	1	3	945
0.5961	2	1	3	945
0.5962	2	1	3	945
0.5963	2	1	3	945
0.5964	2	1	3	945
0.5965	2	1	3	945
0.5966	2	1	3	945
0.5967	2	1	3	945
0.5968	2	1	3	945
0.5969	2	1	3	945
0.597	2	1	3	945
0.5971	2	1	3	945
0.5972	2	1	3	945
0.5973	2	1	3	945
0.5974	2	1	3	945
0.5975	2	1	3	945
0.5976	2	1	3	945
0.5977	2	1	3	945
0.5978	2	1	3	945
0.5979	2	1	3	945
0.598	2	1	3	945
0.5981	2	1	3	945
0.5982	2	1	3	945
0.5983	2	1	3	945
0.5984	2	1	3	945
0.5985	2	1	3	945
0.5986	2	1	3	945
0.5987	2	1	3	945
0.5988	2	1	3	945
0.5989	2	1	3	945
0.599	2	1	3	945
0.5991	2	1	3	945
0.5992	2	1	3	945
0.5993	2	1	3	945
0.5994	2	1	3	945
0.5995	2	1	3	945
0.5996	2	1	3	945
0.5997	2	1	3	945
0.5998	2	1	3	945
0.5999	2	1	3	945
0.6	2	1	3	945
0.6001	2	1	3	945
0.6002	2	1	3	945
0.6003	2	1	3	945
0.6004	2	1	3	945
0.6005	2	1	3	945
0.6006	2	1	3	945
0.6007	2	1	3	945
0.6008	2	1	3	945
0.6009	2	1	3	945
0.601	2	1	3	945
0.6011	2	1	3	945
0.6012	2	1	3	945
0.6013	2	1	3	945
0.6014	2	1	3	945
0.6015	2	1	3	945
0.6016	2	1	3	945
0.6017	2	1	3	945
0.6018	2	1	3	945
0.6019	2	1	3	945
0.602	2	1	3	945
0.6021	2	1	3	945
0.6022	2	1	3	945
0.6023	2	1	3	945
0.6024	2	1	3	945
0.6025	2	1	3	945
0.6026	2	1	3	945
0.6027	2	1	3	945
0.6028	2	1	3	945
0.6029	2	1	3	945
0.603	2	1	3	945
0.6031	2	1	3	945
0.6032	2	1	3	945
0.6033	2	1	3	945
0.6034	2	1	3	945
0.6035	2	1	3	945
0.6036	2	1	3	945
0.6037	2	1	3	945
0.6038	2	1	3	945
0.6039	2	1	3	945
0.604	2	1	3	945
0.6041	2	1	3	945
0.6042	2	1	3	945
0.6043	2	1	3	945
0.6044	2	1	3	945
0.6045	2	1	3	945
0.6046	2	1	3	945
0.6047	2	1	3	945
0.6048	2	1	3	945
0.6049	2	1	3	945
0.605	2	1	3	945
0.6051	2	1	3	945
0.6052	2	1	3	945
0.6053	2	1	3	945
0.6054	2	1	3	945
0.6055	2	1	3	945
0.6056	2	1	3	945
0.6057	2	1	3	945
0.6058	2	1	3	945
0.6059	2	1	3	945
0.606	2	1	3	945
0.6061	2	1	3	945
0.6062	2	1	3	945
0.6063	2	1	3	945
0.6064	2	1	3	945
0.6065	2	1	3	945
0.6066	2	1	3	945
0.6067	2	1	3	945
0.6068	2	1	3	945
0.6069	2	1	3	945
0.607	2	1	3	945
0.6071	2	1	3	945
0.6072	2	1	3	945
0.6073	2	1	3	945
0.6074	2	1	3	945
0.6075	2	1	3	945
0.6076	2	1	3	945
0.6077	2	1	3	945
0.6078	2	1	3	945
0.6079	2	1	3	945
0.608	2	1	3	945
0.6081	2	1	3	945
0.6082	2	1	3	945
0.6083	2	1	3	945
0.6084	2	1	3	945
0.6085	2	1	3	945
0.6086	2	1	3	945
0.6087	2	1	3	945
0.6088	2	1	3	945
0.6089	2	1	3	945
0.609	2	1	3	945
0.6091	2	1	3	945
0.6092	2	1	3	945
0.6093	2	1	3	945
0.6094	2	1	3	945
0.6095	2	1	3	945
0.6096	2	1	3	945
0.6097	2	1	3	945
0.6098	2	1	3	945
0.6099	2	1	3	945
0.61	2	1	3	945
0.6101	2	1	3	945
0.6102	2	1	3	945
0.6103	2	1	3	945
0.6104	2	1	3	945
0.6105	2	1	3	945
0.6106	2	1	3	945
0.6107	2	1	3	945
0.6108	2	1	3	945
0.6109	2	1	3	945
0.611	2	1	3	945
0.6111	2	1	3	945
0.6112	2	1	3	945
0.6113	2	1	3	945
0.6114	2	1	3	945
0.6115	2	1	3	945
0.6116	2	1	3	945
0.6117	2	1	3	945
0.6118	2	1	3	945
0.6119	2	1	3	945
0.612	2	1	3	945
0.6121	2	1	3	945
0.6122	2	1	3	945
0.6123	2	1	3	945
0.6124	2	1	3	945
0.6125	2	1	3	945
0.6126	2	1	3	945
0.6127	2	1	3	945
0.6128	2	1	3	945
0.6129	2	1	3	945
0.613	2	1	3	945
0.6131	2	1	3	945
0.6132	2	1	3	945
0.6133	2	1	3	945
0.6134	2	1	3	945
0.6135	2	1	3	945
0.6136	2	1	3	945
0.6137	2	1	3	945
0.6138	2	1	3	945
0.6139	2	1	3	945
0.614	2	1	3	945
0.6141	2	1	3	945
0.6142	2	1	3	945
0.6143	2	1	3	945
0.6144	2	1	3	945
0.6145	2	1	3	945
0.6146	2	1	3	945
0.6147	2	1	3	945
0.6148	2	1	3	945
0.6149	2	1	3	945
0.615	2	1	3	945
0.6151	2	1	3	945
0.6152	2	1	3	945
0.6153	2	1	3	945
0.6154	2	1	3	945
0.6155	2	1	3	945
0.6156	2	1	3	945
0.6157	2	1	3	945
0.6158	2	1	3	945
0.6159	2	1	3	945
0.616	2	1	3	945
0.6161	2	1	3	945
0.6162	2	1	3	945
0.6163	2	1	3	945
0.6164	2	1	3	945
0.6165	2	1	3	945
0.6166	2	1	3	945
0.6167	2	1	3	945
0.6168	2	1	3	945
0.6169	2	1	3	945
0.617	2	1	3	945
0.6171	2	1	3	945
0.6172	2	1	3	945
0.6173	2	1	3	945
0.6174	2	1	3	945
0.6175	2	1	3	945
0.6176	2	1	3	945
0.6177	2	1	3	945
0.6178	2	1	3	945
0.6179	2	1	3	945
0.618	2	1	3	945
0.6181	2	1	3	945
0.6182	2	1	3	945
0.6183	2	1	3	945
0.6184	2	1	3	945
0.6185	2	1	3	945
0.6186	2	1	3	945
0.6187	2	1	3	945
0.6188	2	1	3	945
0.6189	2	1	3	945
0.619	2	1	3	945
0.6191	2	1	3	945
0.6192	2	1	3	945
0.6193	2	1	3	945
0.6194	2	1	3	945
0.6195	2	1	3	945
0.6196	2	1	3	945
0.6197	2	1	3	945
0.6198	2	1	3	945
0.6199	2	1	3	945
0.62	2	1	3	945
0.6201	2	1	3	945
0.6202	2	1	3	945
0.6203	2	1	3	945
0.6204	2	1	3	945
0.6205	2	1	3	945
0.6206	2	1	3	945
0.6207	2	1	3	945
0.6208	2	1	3	945
0.6209	2	1	3	945
0.621	2	1	3	945
0.6211	2	1	3	945
0.6212	2	1	3	945
0.6213	2	1	3	945
0.6214	2	1	3	945
0.6215	2	1	3	945
0.6216	2	1	3	945
0.6217	2	1	3	945
0.6218	2	1	3	945
0.6219	2	1	3	945
0.622	2	1	3	945
0.6221	2	1	3	945
0.6222	2	1	3	945
0.6223	2	1	3	945
0.6224	2	1	3	945
0.6225	2	1	3	945
0.6226	2	1	3	945
0.6227	2	1	3	945
0.6228	2	1	3	945
0.6229	2	1	3	945
0.623	2	1	3	945
0.6231	2	1	3	945
0.6232	2	1	3	945
0.6233	2	1	3	945
0.6234	2	1	3	945
0.6235	2	1	3	945
0.6236	2	1	3	945
0.6237	2	1	3	945
0.6238	2	1	3	945
0.6239	2	1	3	945
0.624	2	1	3	945
0.6241	2	1	3	945
0.6242	2	1	3	945
0.6243	2	1	3	945
0.6244	2	1	3	945
0.6245	2	1	3	945
0.6246	2	1	3	945
0.6247	2	1	3	945
0.6248	2	1	3	945
0.6249	2	1	3	945
0.625	2	1	3	945
0.6251	2	1	3	945
0.6252	2	1	3	945
0.6253	2	1	3	945
0.6254	2	1	3	945
0.6255	2	1	3	945
0.6256	2	1	3	945
0.6257	2	1	3	945
0.6258	2	1	3	945
0.6259	2	1	3	945
0.626	2	1	3	945
0.6261	2	1	3	945
0.6262	2	1	3	945
0.6263	2	1	3	945
0.6264	2	1	3	945
0.6265	2	1	3	945
0.6266	2	1	3	945
0.6267	2	1	3	945
0.6268	2	1	3	945
0.6269	2	1	3	945
0.627	2	1	3	945
0.6271	2	1	3	945
0.6272	2	1	3	945
0.6273	2	1	3	945
0.6274	2	1	3	945
0.6275	2	1	3	945
0.6276	2	1	3	945
0.6277	2	1	3	945
0.6278	2	1	3	945
0.6279	2	1	3	945
0.628	2	1	3	945
0.6281	2	1	3	945
0.6282	2	1	3	945
0.6283	2	1	3	945
0.6284	2	1	3	945
0.6285	2	1	3	945
0.6286	2	1	3	945
0.6287	2	1	3	945
0.6288	2	1	3	945
0.6289	2	1	3	945
0.629	2	1	3	945
0.6291	2	1	3	945
0.6292	2	1	3	945
0.6293	2	1	3	945
0.6294	2	1	3	945
0.6295	2	1	3	945
0.6296	2	1	3	945
0.6297	2	1	3	945
0.6298	2	1	3	945
0.6299	2	1	3	945
0.63	2	1	3	945
0.6301	2	1	3	945
0.6302	2	1	3	945
0.6303	2	1	3	945
0.6304	2	1	3	945
0.6305	2	1	3	945
0.6306	2	1	3	945
0.6307	2	1	3	945
0.6308	2	1	3	945
0.6309	2	1	3	945
0.631	2	1	3	945
0.6311	2	1	3	945
0.6312	2	1	3	945
0.6313	2	1	3	945
0.6314	2	1	3	945
0.6315	2	1	3	945
0.6316	2	1	3	945
0.6317	2	1	3	945
0.6318	2	1	3	945
0.6319	2	1	3	945
0.632	2	1	3	945
0.6321	2	1	3	945
0.6322	2	1	3	945
0.6323	2	1	3	945
0.6324	2	1	3	945
0.6325	2	1	3	945
0.6326	2	1	3	945
0.6327	2	1	3	945
0.6328	2	1	3	945
0.6329	2	1	3	945
0.633	2	1	3	945
0.6331	2	1	3	945
0.6332	2	1	3	945
0.6333	2	1	3	945
0.6334	2	1	3	945
0.6335	2	1	3	945
0.6336	2	1	3	945
0.6337	2	1	3	945
0.6338	2	1	3	945
0.6339	2	1	3	945
0.634	2	1	3	945
0.6341	2	1	3	945
0.6342	2	1	3	945
0.6343	2	1	3	945
0.6344	2	1	3	945
0.6345	2	1	3	945
0.6346	2	1	3	945
0.6347	2	1	3	945
0.6348	2	1	3	945
0.6349	2	1	3	945
0.635	2	1	3	945
0.6351	2	1	3	945
0.6352	2	1	3	945
0.6353	2	1	3	945
0.6354	2	1	3	945
0.6355	2	1	3	945
0.6356	2	1	3	945
0.6357	2	1	3	945
0.6358	2	1	3	945
0.6359	2	1	3	945
0.636	2	1	3	945
0.6361	2	1	3	945
0.6362	2	1	3	945
0.6363	2	1	3	945
0.6364	2	1	3	945
0.6365	2	1	3	945
0.6366	2	1	3	945
0.6367	2	1	3	945
0.6368	2	1	3	945
0.6369	2	1	3	945
0.637	2	1	3	945
0.6371	2	1	3	945
0.6372	2	1	3	945
0.6373	2	1	3	945
0.6374	2	1	3	945
0.6375	2	1	3	945
0.6376	2	1	3	945
0.6377	2	1	3	945
0.6378	2	1	3	945
0.6379	2	1	3	945
0.638	2	1	3	945
0.6381	2	1	3	945
0.6382	2	1	3	945
0.6383	2	1	3	945
0.6384	2	1	3	945
0.6385	2	1	3	945
0.6386	2	1	3	945
0.6387	2	1	3	945
0.6388	2	1	3	945
0.6389	2	1	3	945
0.639	2	1	3	945
0.6391	2	1	3	945
0.6392	2	1	3	945
0.6393	2	1	3	945
0.6394	2	1	3	945
0.6395	2	1	3	945
0.6396	2	1	3	945
0.6397	2	1	3	945
0.6398	2	1	3	945
0.6399	2	1	3	945
0.64	2	1	3	945
0.6401	2	1	3	945
0.6402	2	1	3	945
0.6403	2	1	3	945
0.6404	2	1	3	945
0.6405	2	1	3	945
0.6406	2	1	3	945
0.6407	2	1	3	945
0.6408	2	1	3	945
0.6409	2	1	3	945
0.641	2	1	3	945
0.6411	2	1	3	945
0.6412	2	1	3	945
0.6413	2	1	3	945
0.6414	2	1	3	945
0.6415	2	1	3	945
0.6416	2	1	3	945
0.6417	2	1	3	945
0.6418	2	1	3	945
0.6419	2	1	3	945
0.642	2	1	3	945
0.6421	2	1	3	945
0.6422	2	1	3	945
0.6423	2	1	3	945
0.6424	2	1	3	945
0.6425	2	1	3	945
0.6426	2	1	3	945
0.6427	2	1	3	945
0.6428	2	1	3	945
0.6429	2	1	3	945
0.643	2	1	3	945
0.6431	2	1	3	945
0.6432	2	1	3	945
0.6433	2	1	3	945
0.6434	2	1	3	945
0.6435	2	1	3	945
0.6436	2	1	3	945
0.6437	2	1	3	945
0.6438	2	1	3	945
0.6439	2	1	3	945
0.644	2	1	3	945
0.6441	2	1	3	945
0.6442	2	1	3	945
0.6443	2	1	3	945
0.6444	2	1	3	945
0.6445	2	1	3	945
0.6446	2	1	3	945
0.6447	2	1	3	945
0.6448	2	1	3	945
0.6449	2	1	3	945
0.645	2	1	3	945
0.6451	2	1	3	945
0.6452	2	1	3	945
0.6453	2	1	3	945
0.6454	2	1	3	945
0.6455	2	1	3	945
0.6456	2	1	3	945
0.6457	2	1	3	945
0.6458	2	1	3	945
0.6459	2	1	3	945
0.646	2	1	3	945
0.6461	2	1	3	945
0.6462	2	1	3	945
0.6463	2	1	3	945
0.6464	2	1	3	945
0.6465	2	1	3	945
0.6466	2	1	3	945
0.6467	2	1	3	945
0.6468	2	1	3	945
0.6469	2	1	3	945
0.647	2	1	3	945
0.6471	2	1	3	945
0.6472	2	1	3	945
0.6473	2	1	3	945
0.6474	2	1	3	945
0.6475	2	1	3	945
0.6476	2	1	3	945
0.6477	2	1	3	945
0.6478	2	1	3	945
0.6479	2	1	3	945
0.648	2	1	3	945
0.6481	2	1	3	945
0.6482	2	1	3	945
0.6483	2	1	3	945
0.6484	2	1	3	945
0.6485	2	1	3	945
0.6486	2	1	3	945
0.6487	2	1	3	945
0.6488	2	1	3	945
0.6489	2	1	3	945
0.649	2	1	3	945
0.6491	2	1	3	945
0.6492	2	1	3	945
0.6493	2	1	3	945
0.6494	2	1	3	945
0.6495	2	1	3	945
0.6496	2	1	3	945
0.6497	2	1	3	945
0.6498	2	1	3	945
0.6499	2	1	3	945
0.65	2	1	3	945
0.6501	2	1	3	945
0.6502	2	1	3	945
0.6503	2	1	3	945
0.6504	2	1	3	945
0.6505	2	1	3	945
0.6506	2	1	3	945
0.6507	2	1	3	945
0.6508	2	1	3	945
0.6509	2	1	3	945
0.651	2	1	3	945
0.6511	2	1	3	945
0.6512	2	1	3	945
0.6513	2	1	3	945
0.6514	2	1	3	945
0.6515	2	1	3	945
0.6516	2	1	3	945
0.6517	2	1	3	945
0.6518	2	1	3	945
0.6519	2	1	3	945
0.652	2	1	3	945
0.6521	2	1	3	945
0.6522	2	1	3	945
0.6523	2	1	3	945
0.6524	2	1	3	945
0.6525	2	1	3	945
0.6526	2	1	3	945
0.6527	2	1	3	945
0.6528	2	1	3	945
0.6529	2	1	3	945
0.653	2	1	3	945
0.6531	2	1	3	945
0.6532	2	1	3	945
0.6533	2	1	3	945
0.6534	2	1	3	945
0.6535	2	1	3	945
0.6536	2	1	3	945
0.6537	2	1	3	945
0.6538	2	1	3	945
0.6539	2	1	3	945
0.654	2	1	3	945
0.6541	2	1	3	945
0.6542	2	1	3	945
0.6543	2	1	3	945
0.6544	2	1	3	945
0.6545	2	1	3	945
0.6546	2	1	3	945
0.6547	2	1	3	945
0.6548	2	1	3	945
0.6549	2	1	3	945
0.655	2	1	3	945
0.6551	2	1	3	945
0.6552	2	1	3	945
0.6553	2	1	3	945
0.6554	2	1	3	945
0.6555	2	1	3	945
0.6556	2	1	3	945
0.6557	2	1	3	945
0.6558	2	1	3	945
0.6559	2	1	3	945
0.656	2	1	3	945
0.6561	2	1	3	945
0.6562	2	1	3	945
0.6563	2	1	3	945
0.6564	2	1	3	945
0.6565	2	1	3	945
0.6566	2	1	3	945
0.6567	2	1	3	945
0.6568	2	1	3	945
0.6569	2	1	3	945
0.657	2	1	3	945
0.6571	2	1	3	945
0.6572	2	1	3	945
0.6573	2	1	3	945
0.6574	2	1	3	945
0.6575	2	1	3	945
0.6576	2	1	3	945
0.6577	2	1	3	945
0.6578	2	1	3	945
0.6579	2	1	3	945
0.658	2	1	3	945
0.6581	2	1	3	945
0.6582	2	1	3	945
0.6583	2	1	3	945
0.6584	2	1	3	945
0.6585	2	1	3	945
0.6586	2	1	3	945
0.6587	2	1	3	945
0.6588	2	1	3	945
0.6589	2	1	3	945
0.659	2	1	3	945
0.6591	2	1	3	945
0.6592	2	1	3	945
0.6593	2	1	3	945
0.6594	2	1	3	945
0.6595	2	1	3	945
0.6596	2	1	3	945
0.6597	2	1	3	945
0.6598	2	1	3	945
0.6599	2	1	3	945
0.66	2	1	3	945
0.6601	2	1	3	945
0.6602	2	1	3	945
0.6603	2	1	3	945
0.6604	2	1	3	945
0.6605	2	1	3	945
0.6606	2	1	3	945
0.6607	2	1	3	945
0.6608	2	1	3	945
0.6609	2	1	3	945
0.661	2	1	3	945
0.6611	2	1	3	945
0.6612	2	1	3	945
0.6613	2	1	3	945
0.6614	2	1	3	945
0.6615	2	1	3	945
0.6616	2	1	3	945
0.6617	2	1	3	945
0.6618	2	1	3	945
0.6619	2	1	3	945
0.662	2	1	3	945
0.6621	2	1	3	945
0.6622	2	1	3	945
0.6623	2	1	3	945
0.6624	2	1	3	945
0.6625	2	1	3	945
0.6626	2	1	3	945
0.6627	2	1	3	945
0.6628	2	1	3	945
0.6629	2	1	3	945
0.663	2	1	3	945
0.6631	2	1	3	945
0.6632	2	1	3	945
0.6633	2	1	3	945
0.6634	2	1	3	945
0.6635	2	1	3	945
0.6636	2	1	3	945
0.6637	2	1	3	945
0.6638	2	1	3	945
0.6639	2	1	3	945
0.664	2	1	3	945
0.6641	2	1	3	945
0.6642	2	1	3	945
0.6643	2	1	3	945
0.6644	2	1	3	945
0.6645	2	1	3	945
0.6646	2	1	3	945
0.6647	2	1	3	945
0.6648	2	1	3	945
0.6649	2	1	3	945
0.665	2	1	3	945
0.6651	2	1	3	945
0.6652	2	1	3	945
0.6653	2	1	3	945
0.6654	2	1	3	945
0.6655	2	1	3	945
0.6656	2	1	3	945
0.6657	2	1	3	945
0.6658	2	1	3	945
0.6659	2	1	3	945
0.666	2	1	3	945
0.6661	2	1	3	945
0.6662	2	1	3	945
0.6663	2	1	3	945
0.6664	2	1	3	945
0.6665	2	1	3	945
0.6666	2	1	3	945
0.6667	2	1	3	945
0.6668	2	1	3	945
0.6669	2	1	3	945
0.667	2	1	3	945
0.6671	2	1	3	945
0.6672	2	1	3	945
0.6673	2	1	3	945
0.6674	2	1	3	945
0.6675	2	1	3	945
0.6676	2	1	3	945
0.6677	2	1	3	945
0.6678	2	1	3	945
0.6679	2	1	3	945
0.668	2	1	3	945
0.6681	2	1	3	945
0.6682	2	1	3	945
0.6683	2	1	3	945
0.6684	2	1	3	945
0.6685	2	1	3	945
0.6686	2	1	3	945
0.6687	2	1	3	945
0.6688	2	1	3	945
0.6689	2	1	3	945
0.669	2	1	3	945
0.6691	2	1	3	945
0.6692	2	1	3	945
0.6693	2	1	3	945
0.6694	2	1	3	945
0.6695	2	1	3	945
0.6696	2	1	3	945
0.6697	2	1	3	945
0.6698	2	1	3	945
0.6699	2	1	3	945
0.67	2	1	3	945
0.6701	2	1	3	945
0.6702	2	1	3	945
0.6703	2	1	3	945
0.6704	2	1	3	945
0.6705	2	1	3	945
0.6706	2	1	3	945
0.6707	2	1	3	945
0.6708	2	1	3	945
0.6709	2	1	3	945
0.671	2	1	3	945
0.6711	2	1	3	945
0.6712	2	1	3	945
0.6713	2	1	3	945
0.6714	2	1	3	945
0.6715	2	1	3	945
0.6716	2	1	3	945
0.6717	2	1	3	945
0.6718	2	1	3	945
0.6719	2	1	3	945
0.672	2	1	3	945
0.6721	2	1	3	945
0.6722	2	1	3	945
0.6723	2	1	3	945
0.6724	2	1	3	945
0.6725	2	1	3	945
0.6726	2	1	3	945
0.6727	2	1	3	945
0.6728	2	1	3	945
0.6729	2	1	3	945
0.673	2	1	3	945
0.6731	2	1	3	945
0.6732	2	1	3	945
0.6733	2	1	3	945
0.6734	2	1	3	945
0.6735	2	1	3	945
0.6736	2	1	3	945
0.6737	2	1	3	945
0.6738	2	1	3	945
0.6739	2	1	3	945
0.674	2	1	3	945
0.6741	2	1	3	945
0.6742	2	1	3	945
0.6743	2	1	3	945
0.6744	2	1	3	945
0.6745	2	1	3	945
0.6746	2	1	3	945
0.6747	2	1	3	945
0.6748	2	1	3	945
0.6749	2	1	3	945
0.675	2	1	3	945
0.6751	2	1	3	945
0.6752	2	1	3	945
0.6753	2	1	3	945
0.6754	2	1	3	945
0.6755	2	1	3	945
0.6756	2	1	3	945
0.6757	2	1	3	945
0.6758	2	1	3	945
0.6759	2	1	3	945
0.676	2	1	3	945
0.6761	2	1	3	945
0.6762	2	1	3	945
0.6763	2	1	3	945
0.6764	2	1	3	945
0.6765	2	1	3	945
0.6766	2	1	3	945
0.6767	2	1	3	945
0.6768	2	1	3	945
0.6769	2	1	3	945
0.677	2	1	3	945
0.6771	2	1	3	945
0.6772	2	1	3	945
0.6773	2	1	3	945
0.6774	2	1	3	945
0.6775	2	1	3	945
0.6776	2	1	3	945
0.6777	2	1	3	945
0.6778	2	1	3	945
0.6779	2	1	3	945
0.678	2	1	3	945
0.6781	2	1	3	945
0.6782	2	1	3	945
0.6783	2	1	3	945
0.6784	2	1	3	945
0.6785	2	1	3	945
0.6786	2	1	3	945
0.6787	2	1	3	945
0.6788	2	1	3	945
0.6789	2	1	3	945
0.679	2	1	3	945
0.6791	2	1	3	945
0.6792	2	1	3	945
0.6793	2	1	3	945
0.6794	2	1	3	945
0.6795	2	1	3	945
0.6796	2	1	3	945
0.6797	2	1	3	945
0.6798	2	1	3	945
0.6799	2	1	3	945
0.68	2	1	3	945
0.6801	2	1	3	945
0.6802	2	1	3	945
0.6803	2	1	3	945
0.6804	2	1	3	945
0.6805	2	1	3	945
0.6806	2	1	3	945
0.6807	2	1	3	945
0.6808	2	1	3	945
0.6809	2	1	3	945
0.681	2	1	3	945
0.6811	2	1	3	945
0.6812	2	1	3	945
0.6813	2	1	3	945
0.6814	2	1	3	945
0.6815	2	1	3	945
0.6816	2	1	3	945
0.6817	2	1	3	945
0.6818	2	1	3	945
0.6819	2	1	3	945
0.682	2	1	3	945
0.6821	2	1	3	945
0.6822	2	1	3	945
0.6823	2	1	3	945
0.6824	2	1	3	945
0.6825	2	1	3	945
0.6826	2	1	3	945
0.6827	2	1	3	945
0.6828	2	1	3	945
0.6829	2	1	3	945
0.683	2	1	3	945
0.6831	2	1	3	945
0.6832	2	1	3	945
0.6833	2	1	3	945
0.6834	2	1	3	945
0.6835	2	1	3	945
0.6836	2	1	3	945
0.6837	2	1	3	945
0.6838	2	1	3	945
0.6839	2	1	3	945
0.684	2	1	3	945
0.6841	2	1	3	945
0.6842	2	1	3	945
0.6843	2	1	3	945
0.6844	2	1	3	945
0.6845	2	1	3	945
0.6846	2	1	3	945
0.6847	2	1	3	945
0.6848	2	1	3	945
0.6849	2	1	3	945
0.685	2	1	3	945
0.6851	2	1	3	945
0.6852	2	1	3	945
0.6853	2	1	3	945
0.6854	2	1	3	945
0.6855	2	1	3	945
0.6856	2	1	3	945
0.6857	2	1	3	945
0.6858	2	1	3	945
0.6859	2	1	3	945
0.686	2	1	3	945
0.6861	2	1	3	945
0.6862	2	1	3	945
0.6863	2	1	3	945
0.6864	2	1	3	945
0.6865	2	1	3	945
0.6866	2	1	3	945
0.6867	2	1	3	945
0.6868	2	1	3	945
0.6869	2	1	3	945
0.687	2	1	3	945
0.6871	2	1	3	945
0.6872	2	1	3	945
0.6873	2	1	3	945
0.6874	2	1	3	945
0.6875	2	1	3	945
0.6876	2	1	3	945
0.6877	2	1	3	945
0.6878	2	1	3	945
0.6879	2	1	3	945
0.688	2	1	3	945
0.6881	2	1	3	945
0.6882	2	1	3	945
0.6883	2	1	3	945
0.6884	2	1	3	945
0.6885	2	1	3	945
0.6886	2	1	3	945
0.6887	2	1	3	945
0.6888	2	1	3	945
0.6889	2	1	3	945
0.689	2	1	3	945
0.6891	2	1	3	945
0.6892	2	1	3	945
0.6893	2	1	3	945
0.6894	2	1	3	945
0.6895	2	1	3	945
0.6896	2	1	3	945
0.6897	2	1	3	945
0.6898	2	1	3	945
0.6899	2	1	3	945
0.69	2	1	3	945
0.6901	2	1	3	945
0.6902	2	1	3	945
0.6903	2	1	3	945
0.6904	2	1	3	945
0.6905	2	1	3	945
0.6906	2	1	3	945
0.6907	2	1	3	945
0.6908	2	1	3	945
0.6909	2	1	3	945
0.691	2	1	3	945
0.6911	2	1	3	945
0.6912	2	1	3	945
0.6913	2	1	3	945
0.6914	2	1	3	945
0.6915	2	1	3	945
0.6916	2	1	3	945
0.6917	2	1	3	945
0.6918	2	1	3	945
0.6919	2	1	3	945
0.692	2	1	3	945
0.6921	2	1	3	945
0.6922	2	1	3	945
0.6923	2	1	3	945
0.6924	2	1	3	945
0.6925	2	1	3	945
0.6926	2	1	3	945
0.6927	2	1	3	945
0.6928	2	1	3	945
0.6929	2	1	3	945
0.693	2	1	3	945
0.6931	2	1	3	945
0.6932	2	1	3	945
0.6933	2	1	3	945
0.6934	2	1	3	945
0.6935	2	1	3	945
0.6936	2	1	3	945
0.6937	2	1	3	945
0.6938	2	1	3	945
0.6939	2	1	3	945
0.694	2	1	3	945
0.6941	2	1	3	945
0.6942	2	1	3	945
0.6943	2	1	3	945
0.6944	2	1	3	945
0.6945	2	1	3	945
0.6946	2	1	3	945
0.6947	2	1	3	945
0.6948	2	1	3	945
0.6949	2	1	3	945
0.695	2	1	3	945
0.6951	2	1	3	945
0.6952	2	1	3	945
0.6953	2	1	3	945
0.6954	2	1	3	945
0.6955	2	1	3	945
0.6956	2	1	3	945
0.6957	2	1	3	945
0.6958	2	1	3	945
0.6959	2	1	3	945
0.696	2	1	3	945
0.6961	2	1	3	945
0.6962	2	1	3	945
0.6963	2	1	3	945
0.6964	2	1	3	945
0.6965	2	1	3	945
0.6966	2	1	3	945
0.6967	2	1	3	945
0.6968	2	1	3	945
0.6969	2	1	3	945
0.697	2	1	3	945
0.6971	2	1	3	945
0.6972	2	1	3	945
0.6973	2	1	3	945
0.6974	2	1	3	945
0.6975	2	1	3	945
0.6976	2	1	3	945
0.6977	2	1	3	945
0.6978	2	1	3	945
0.6979	2	1	3	945
0.698	2	1	3	945
0.6981	2	1	3	945
0.6982	2	1	3	945
0.6983	2	1	3	945
0.6984	2	1	3	945
0.6985	2	1	3	945
0.6986	2	1	3	945
0.6987	2	1	3	945
0.6988	2	1	3	945
0.6989	2	1	3	945
0.699	2	1	3	945
0.6991	2	1	3	945
0.6992	2	1	3	945
0.6993	2	1	3	945
0.6994	2	1	3	945
0.6995	2	1	3	945
0.6996	2	1	3	945
0.6997	2	1	3	945
0.6998	2	1	3	945
0.6999	2	1	3	945
0.7	2	1	3	945
0.7001	2	1	3	945
0.7002	2	1	3	945
0.7003	2	1	3	945
0.7004	2	1	3	945
0.7005	2	1	3	945
0.7006	2	1	3	945
0.7007	2	1	3	945
0.7008	2	1	3	945
0.7009	2	1	3	945
0.701	2	1	3	945
0.7011	2	1	3	945
0.7012	2	1	3	945
0.7013	2	1	3	945
0.7014	2	1	3	945
0.7015	2	1	3	945
0.7016	2	1	3	945
0.7017	2	1	3	945
0.7018	2	1	3	945
0.7019	2	1	3	945
0.702	2	1	3	945
0.7021	2	1	3	945
0.7022	2	1	3	945
0.7023	2	1	3	945
0.7024	2	1	3	945
0.7025	2	1	3	945
0.7026	2	1	3	945
0.7027	2	1	3	945
0.7028	2	1	3	945
0.7029	2	1	3	945
0.703	2	1	3	945
0.7031	2	1	3	945
0.7032	2	1	3	945
0.7033	2	1	3	945
0.7034	2	1	3	945
0.7035	2	1	3	945
0.7036	2	1	3	945
0.7037	2	1	3	945
0.7038	2	1	3	945
0.7039	2	1	3	945
0.704	2	1	3	945
0.7041	2	1	3	945
0.7042	2	1	3	945
0.7043	2	1	3	945
0.7044	2	1	3	945
0.7045	2	1	3	945
0.7046	2	1	3	945
0.7047	2	1	3	945
0.7048	2	1	3	945
0.7049	2	1	3	945
0.705	2	1	3	945
0.7051	2	1	3	945
0.7052	2	1	3	945
0.7053	2	1	3	945
0.7054	2	1	3	945
0.7055	2	1	3	945
0.7056	2	1	3	945
0.7057	2	1	3	945
0.7058	2	1	3	945
0.7059	2	1	3	945
0.706	2	1	3	945
0.7061	2	1	3	945
0.7062	2	1	3	945
0.7063	2	1	3	945
0.7064	2	1	3	945
0.7065	2	1	3	945
0.7066	2	1	3	945
0.7067	2	1	3	945
0.7068	2	1	3	945
0.7069	2	1	3	945
0.707	2	1	3	945
0.7071	2	1	3	945
0.7072	2	1	3	945
0.7073	2	1	3	945
0.7074	2	1	3	945
0.7075	2	1	3	945
0.7076	2	1	3	945
0.7077	2	1	3	945
0.7078	2	1	3	945
0.7079	2	1	3	945
0.708	2	1	3	945
0.7081	2	1	3	945
0.7082	2	1	3	945
0.7083	2	1	3	945
0.7084	2	1	3	945
0.7085	2	1	3	945
0.7086	2	1	3	945
0.7087	2	1	3	945
0.7088	2	1	3	945
0.7089	2	1	3	945
0.709	2	1	3	945
0.7091	2	1	3	945
0.7092	2	1	3	945
0.7093	2	1	3	945
0.7094	2	1	3	945
0.7095	2	1	3	945
0.7096	2	1	3	945
0.7097	2	1	3	945
0.7098	2	1	3	945
0.7099	2	1	3	945
0.71	2	1	3	945
0.7101	2	1	3	945
0.7102	2	1	3	945
0.7103	2	1	3	945
0.7104	2	1	3	945
0.7105	2	1	3	945
0.7106	2	1	3	945
0.7107	2	1	3	945
0.7108	2	1	3	945
0.7109	2	1	3	945
0.711	2	1	3	945
0.7111	2	1	3	945
0.7112	2	1	3	945
0.7113	2	1	3	945
0.7114	2	1	3	945
0.7115	2	1	3	945
0.7116	2	1	3	945
0.7117	2	1	3	945
0.7118	2	1	3	945
0.7119	2	1	3	945
0.712	2	1	3	945
0.7121	2	1	3	945
0.7122	2	1	3	945
0.7123	2	1	3	945
0.7124	2	1	3	945
0.7125	2	1	3	945
0.7126	2	1	3	945
0.7127	2	1	3	945
0.7128	2	1	3	945
0.7129	2	1	3	945
0.713	2	1	3	945
0.7131	2	1	3	945
0.7132	2	1	3	945
0.7133	2	1	3	945
0.7134	2	1	3	945
0.7135	2	1	3	945
0.7136	2	1	3	945
0.7137	2	1	3	945
0.7138	2	1	3	945
0.7139	2	1	3	945
0.714	2	1	3	945
0.7141	2	1	3	945
0.7142	2	1	3	945
0.7143	2	1	3	945
0.7144	2	1	3	945
0.7145	2	1	3	945
0.7146	2	1	3	945
0.7147	2	1	3	945
0.7148	2	1	3	945
0.7149	2	1	3	945
0.715	2	1	3	945
0.7151	2	1	3	945
0.7152	2	1	3	945
0.7153	2	1	3	945
0.7154	2	1	3	945
0.7155	2	1	3	945
0.7156	2	1	3	945
0.7157	2	1	3	945
0.7158	2	1	3	945
0.7159	2	1	3	945
0.716	2	1	3	945
0.7161	2	1	3	945
0.7162	2	1	3	945
0.7163	2	1	3	945
0.7164	2	1	3	945
0.7165	2	1	3	945
0.7166	2	1	3	945
0.7167	2	1	3	945
0.7168	2	1	3	945
0.7169	2	1	3	945
0.717	2	1	3	945
0.7171	2	1	3	945
0.7172	2	1	3	945
0.7173	2	1	3	945
0.7174	2	1	3	945
0.7175	2	1	3	945
0.7176	2	1	3	945
0.7177	2	1	3	945
0.7178	2	1	3	945
0.7179	2	1	3	945
0.718	2	1	3	945
0.7181	2	1	3	945
0.7182	2	1	3	945
0.7183	2	1	3	945
0.7184	2	1	3	945
0.7185	2	1	3	945
0.7186	2	1	3	945
0.7187	2	1	3	945
0.7188	2	1	3	945
0.7189	2	1	3	945
0.719	2	1	3	945
0.7191	2	1	3	945
0.7192	2	1	3	945
0.7193	2	1	3	945
0.7194	2	1	3	945
0.7195	2	1	3	945
0.7196	2	1	3	945
0.7197	2	1	3	945
0.7198	2	1	3	945
0.7199	2	1	3	945
0.72	2	1	3	945
0.7201	2	1	3	945
0.7202	2	1	3	945
0.7203	2	1	3	945
0.7204	2	1	3	945
0.7205	2	1	3	945
0.7206	2	1	3	945
0.7207	2	1	3	945
0.7208	2	1	3	945
0.7209	2	1	3	945
0.721	2	1	3	945
0.7211	2	1	3	945
0.7212	2	1	3	945
0.7213	2	1	3	945
0.7214	2	1	3	945
0.7215	2	1	3	945
0.7216	2	1	3	945
0.7217	2	1	3	945
0.7218	2	1	3	945
0.7219	2	1	3	945
0.722	2	1	3	945
0.7221	2	1	3	945
0.7222	2	1	3	945
0.7223	2	1	3	945
0.7224	2	1	3	945
0.7225	2	1	3	945
0.7226	2	1	3	945
0.7227	2	1	3	945
0.7228	2	1	3	945
0.7229	2	1	3	945
0.723	2	1	3	945
0.7231	2	1	3	945
0.7232	2	1	3	945
0.7233	2	1	3	945
0.7234	2	1	3	945
0.7235	2	1	3	945
0.7236	2	1	3	945
0.7237	2	1	3	945
0.7238	2	1	3	945
0.7239	2	1	3	945
0.724	2	1	3	945
0.7241	2	1	3	945
0.7242	2	1	3	945
0.7243	2	1	3	945
0.7244	2	1	3	945
0.7245	2	1	3	945
0.7246	2	1	3	945
0.7247	2	1	3	945
0.7248	2	1	3	945
0.7249	2	1	3	945
0.725	2	1	3	945
0.7251	2	1	3	945
0.7252	2	1	3	945
0.7253	2	1	3	945
0.7254	2	1	3	945
0.7255	2	1	3	945
0.7256	2	1	3	945
0.7257	2	1	3	945
0.7258	2	1	3	945
0.7259	2	1	3	945
0.726	2	1	3	945
0.7261	2	1	3	945
0.7262	2	1	3	945
0.7263	2	1	3	945
0.7264	2	1	3	945
0.7265	2	1	3	945
0.7266	2	1	3	945
0.7267	2	1	3	945
0.7268	2	1	3	945
0.7269	2	1	3	945
0.727	2	1	3	945
0.7271	2	1	3	945
0.7272	2	1	3	945
0.7273	2	1	3	945
0.7274	2	1	3	945
0.7275	2	1	3	945
0.7276	2	1	3	945
0.7277	2	1	3	945
0.7278	2	1	3	945
0.7279	2	1	3	945
0.728	2	1	3	945
0.7281	2	1	3	945
0.7282	2	1	3	945
0.7283	2	1	3	945
0.7284	2	1	3	945
0.7285	2	1	3	945
0.7286	2	1	3	945
0.7287	2	1	3	945
0.7288	2	1	3	945
0.7289	2	1	3	945
0.729	2	1	3	945
0.7291	2	1	3	945
0.7292	2	1	3	945
0.7293	2	1	3	945
0.7294	2	1	3	945
0.7295	2	1	3	945
0.7296	2	1	3	945
0.7297	2	1	3	945
0.7298	2	1	3	945
0.7299	2	1	3	945
0.73	2	1	3	945
0.7301	2	1	3	945
0.7302	2	1	3	945
0.7303	2	1	3	945
0.7304	2	1	3	945
0.7305	2	1	3	945
0.7306	2	1	3	945
0.7307	2	1	3	945
0.7308	2	1	3	945
0.7309	2	1	3	945
0.731	2	1	3	945
0.7311	2	1	3	945
0.7312	2	1	3	945
0.7313	2	1	3	945
0.7314	2	1	3	945
0.7315	2	1	3	945
0.7316	2	1	3	945
0.7317	2	1	3	945
0.7318	2	1	3	945
0.7319	2	1	3	945
0.732	2	1	3	945
0.7321	2	1	3	945
0.7322	2	1	3	945
0.7323	2	1	3	945
0.7324	2	1	3	945
0.7325	2	1	3	945
0.7326	2	1	3	945
0.7327	2	1	3	945
0.7328	2	1	3	945
0.7329	2	1	3	945
0.733	2	1	3	945
0.7331	2	1	3	945
0.7332	2	1	3	945
0.7333	2	1	3	945
0.7334	2	1	3	945
0.7335	2	1	3	945
0.7336	2	1	3	945
0.7337	2	1	3	945
0.7338	2	1	3	945
0.7339	2	1	3	945
0.734	2	1	3	945
0.7341	2	1	3	945
0.7342	2	1	3	945
0.7343	2	1	3	945
0.7344	2	1	3	945
0.7345	2	1	3	945
0.7346	2	1	3	945
0.7347	2	1	3	945
0.7348	2	1	3	945
0.7349	2	1	3	945
0.735	2	1	3	945
0.7351	2	1	3	945
0.7352	2	1	3	945
0.7353	2	1	3	945
0.7354	2	1	3	945
0.7355	2	1	3	945
0.7356	2	1	3	945
0.7357	2	1	3	945
0.7358	2	1	3	945
0.7359	2	1	3	945
0.736	2	1	3	945
0.7361	2	1	3	945
0.7362	2	1	3	945
0.7363	2	1	3	945
0.7364	2	1	3	945
0.7365	2	1	3	945
0.7366	2	1	3	945
0.7367	2	1	3	945
0.7368	2	1	3	945
0.7369	2	1	3	945
0.737	2	1	3	945
0.7371	2	1	3	945
0.7372	2	1	3	945
0.7373	2	1	3	945
0.7374	2	1	3	945
0.7375	2	1	3	945
0.7376	2	1	3	945
0.7377	2	1	3	945
0.7378	2	1	3	945
0.7379	2	1	3	945
0.738	2	1	3	945
0.7381	2	1	3	945
0.7382	2	1	3	945
0.7383	2	1	3	945
0.7384	2	1	3	945
0.7385	2	1	3	945
0.7386	2	1	3	945
0.7387	2	1	3	945
0.7388	2	1	3	945
0.7389	2	1	3	945
0.739	2	1	3	945
0.7391	2	1	3	945
0.7392	2	1	3	945
0.7393	2	1	3	945
0.7394	2	1	3	945
0.7395	2	1	3	945
0.7396	2	1	3	945
0.7397	2	1	3	945
0.7398	2	1	3	945
0.7399	2	1	3	945
0.74	2	1	3	945
0.7401	2	1	3	945
0.7402	2	1	3	945
0.7403	2	1	3	945
0.7404	2	1	3	945
0.7405	2	1	3	945
0.7406	2	1	3	945
0.7407	2	1	3	945
0.7408	2	1	3	945
0.7409	2	1	3	945
0.741	2	1	3	945
0.7411	2	1	3	945
0.7412	2	1	3	945
0.7413	2	1	3	945
0.7414	2	1	3	945
0.7415	2	1	3	945
0.7416	2	1	3	945
0.7417	2	1	3	945
0.7418	2	1	3	945
0.7419	2	1	3	945
0.742	2	1	3	945
0.7421	2	1	3	945
0.7422	2	1	3	945
0.7423	2	1	3	945
0.7424	2	1	3	945
0.7425	2	1	3	945
0.7426	2	1	3	945
0.7427	2	1	3	945
0.7428	2	1	3	945
0.7429	2	1	3	945
0.743	2	1	3	945
0.7431	2	1	3	945
0.7432	2	1	3	945
0.7433	2	1	3	945
0.7434	2	1	3	945
0.7435	2	1	3	945
0.7436	2	1	3	945
0.7437	2	1	3	945
0.7438	2	1	3	945
0.7439	2	1	3	945
0.744	2	1	3	945
0.7441	2	1	3	945
0.7442	2	1	3	945
0.7443	2	1	3	945
0.7444	2	1	3	945
0.7445	2	1	3	945
0.7446	2	1	3	945
0.7447	2	1	3	945
0.7448	2	1	3	945
0.7449	2	1	3	945
0.745	2	1	3	945
0.7451	2	1	3	945
0.7452	2	1	3	945
0.7453	2	1	3	945
0.7454	2	1	3	945
0.7455	2	1	3	945
0.7456	2	1	3	945
0.7457	2	1	3	945
0.7458	2	1	3	945
0.7459	2	1	3	945
0.746	2	1	3	945
0.7461	2	1	3	945
0.7462	2	1	3	945
0.7463	2	1	3	945
0.7464	2	1	3	945
0.7465	2	1	3	945
0.7466	2	1	3	945
0.7467	2	1	3	945
0.7468	2	1	3	945
0.7469	2	1	3	945
0.747	2	1	3	945
0.7471	2	1	3	945
0.7472	2	1	3	945
0.7473	2	1	3	945
0.7474	2	1	3	945
0.7475	2	1	3	945
0.7476	2	1	3	945
0.7477	2	1	3	945
0.7478	2	1	3	945
0.7479	2	1	3	945
0.748	2	1	3	945
0.7481	2	1	3	945
0.7482	2	1	3	945
0.7483	2	1	3	945
0.7484	2	1	3	945
0.7485	2	1	3	945
0.7486	2	1	3	945
0.7487	2	1	3	945
0.7488	2	1	3	945
0.7489	2	1	3	945
0.749	2	1	3	945
0.7491	2	1	3	945
0.7492	2	1	3	945
0.7493	2	1	3	945
0.7494	2	1	3	945
0.7495	2	1	3	945
0.7496	2	1	3	945
0.7497	2	1	3	945
0.7498	2	1	3	945
0.7499	2	1	3	945
0.75	2	1	3	945
0.7501	2	1	3	945
0.7502	2	1	3	945
0.7503	2	1	3	945
0.7504	2	1	3	945
0.7505	2	1	3	945
0.7506	2	1	3	945
0.7507	2	1	3	945
0.7508	2	1	3	945
0.7509	2	1	3	945
0.751	2	1	3	945
0.7511	2	1	3	945
0.7512	2	1	3	945
0.7513	2	1	3	945
0.7514	2	1	3	945
0.7515	2	1	3	945
0.7516	2	1	3	945
0.7517	2	1	3	945
0.7518	2	1	3	945
0.7519	2	1	3	945
0.752	2	1	3	945
0.7521	2	1	3	945
0.7522	2	1	3	945
0.7523	2	1	3	945
0.7524	2	1	3	945
0.7525	2	1	3	945
0.7526	2	1	3	945
0.7527	2	1	3	945
0.7528	2	1	3	945
0.7529	2	1	3	945
0.753	2	1	3	945
0.7531	2	1	3	945
0.7532	2	1	3	945
0.7533	2	1	3	945
0.7534	2	1	3	945
0.7535	2	1	3	945
0.7536	2	1	3	945
0.7537	2	1	3	945
0.7538	2	1	3	945
0.7539	2	1	3	945
0.754	2	1	3	945
0.7541	2	1	3	945
0.7542	2	1	3	945
0.7543	2	1	3	945
0.7544	2	1	3	945
0.7545	2	1	3	945
0.7546	2	1	3	945
0.7547	2	1	3	945
0.7548	2	1	3	945
0.7549	2	1	3	945
0.755	2	1	3	945
0.7551	2	1	3	945
0.7552	2	1	3	945
0.7553	2	1	3	945
0.7554	2	1	3	945
0.7555	2	1	3	945
0.7556	2	1	3	945
0.7557	2	1	3	945
0.7558	2	1	3	945
0.7559	2	1	3	945
0.756	2	1	3	945
0.7561	2	1	3	945
0.7562	2	1	3	945
0.7563	2	1	3	945
0.7564	2	1	3	945
0.7565	2	1	3	945
0.7566	2	1	3	945
0.7567	2	1	3	945
0.7568	2	1	3	945
0.7569	2	1	3	945
0.757	2	1	3	945
0.7571	2	1	3	945
0.7572	2	1	3	945
0.7573	2	1	3	945
0.7574	2	1	3	945
0.7575	2	1	3	945
0.7576	2	1	3	945
0.7577	2	1	3	945
0.7578	2	1	3	945
0.7579	2	1	3	945
0.758	2	1	3	945
0.7581	2	1	3	945
0.7582	2	1	3	945
0.7583	2	1	3	945
0.7584	2	1	3	945
0.7585	2	1	3	945
0.7586	2	1	3	945
0.7587	2	1	3	945
0.7588	2	1	3	945
0.7589	2	1	3	945
0.759	2	1	3	945
0.7591	2	1	3	945
0.7592	2	1	3	945
0.7593	2	1	3	945
0.7594	2	1	3	945
0.7595	2	1	3	945
0.7596	2	1	3	945
0.7597	2	1	3	945
0.7598	2	1	3	945
0.7599	2	1	3	945
0.76	2	1	3	945
0.7601	2	1	3	945
0.7602	2	1	3	945
0.7603	2	1	3	945
0.7604	2	1	3	945
0.7605	2	1	3	945
0.7606	2	1	3	945
0.7607	2	1	3	945
0.7608	2	1	3	945
0.7609	2	1	3	945
0.761	2	1	3	945
0.7611	2	1	3	945
0.7612	2	1	3	945
0.7613	2	1	3	945
0.7614	2	1	3	945
0.7615	2	1	3	945
0.7616	2	1	3	945
0.7617	2	1	3	945
0.7618	2	1	3	945
0.7619	2	1	3	945
0.762	2	1	3	945
0.7621	2	1	3	945
0.7622	2	1	3	945
0.7623	2	1	3	945
0.7624	2	1	3	945
0.7625	2	1	3	945
0.7626	2	1	3	945
0.7627	2	1	3	945
0.7628	2	1	3	945
0.7629	2	1	3	945
0.763	2	1	3	945
0.7631	2	1	3	945
0.7632	2	1	3	945
0.7633	2	1	3	945
0.7634	2	1	3	945
0.7635	2	1	3	945
0.7636	2	1	3	945
0.7637	2	1	3	945
0.7638	2	1	3	945
0.7639	2	1	3	945
0.764	2	1	3	945
0.7641	2	1	3	945
0.7642	2	1	3	945
0.7643	2	1	3	945
0.7644	2	1	3	945
0.7645	2	1	3	945
0.7646	2	1	3	945
0.7647	2	1	3	945
0.7648	2	1	3	945
0.7649	2	1	3	945
0.765	2	1	3	945
0.7651	2	1	3	945
0.7652	2	1	3	945
0.7653	2	1	3	945
0.7654	2	1	3	945
0.7655	2	1	3	945
0.7656	2	1	3	945
0.7657	2	1	3	945
0.7658	2	1	3	945
0.7659	2	1	3	945
0.766	2	1	3	945
0.7661	2	1	3	945
0.7662	2	1	3	945
0.7663	2	1	3	945
0.7664	2	1	3	945
0.7665	2	1	3	945
0.7666	2	1	3	945
0.7667	2	1	3	945
0.7668	2	1	3	945
0.7669	2	1	3	945
0.767	2	1	3	945
0.7671	2	1	3	945
0.7672	2	1	3	945
0.7673	2	1	3	945
0.7674	2	1	3	945
0.7675	2	1	3	945
0.7676	2	1	3	945
0.7677	2	1	3	945
0.7678	2	1	3	945
0.7679	2	1	3	945
0.768	2	1	3	945
0.7681	2	1	3	945
0.7682	2	1	3	945
0.7683	2	1	3	945
0.7684	2	1	3	945
0.7685	2	1	3	945
0.7686	2	1	3	945
0.7687	2	1	3	945
0.7688	2	1	3	945
0.7689	2	1	3	945
0.769	2	1	3	945
0.7691	2	1	3	945
0.7692	2	1	3	945
0.7693	2	1	3	945
0.7694	2	1	3	945
0.7695	2	1	3	945
0.7696	2	1	3	945
0.7697	2	1	3	945
0.7698	2	1	3	945
0.7699	2	1	3	945
0.77	2	1	3	945
0.7701	2	1	3	945
0.7702	2	1	3	945
0.7703	2	1	3	945
0.7704	2	1	3	945
0.7705	2	1	3	945
0.7706	2	1	3	945
0.7707	2	1	3	945
0.7708	2	1	3	945
0.7709	2	1	3	945
0.771	2	1	3	945
0.7711	2	1	3	945
0.7712	2	1	3	945
0.7713	2	1	3	945
0.7714	2	1	3	945
0.7715	2	1	3	945
0.7716	2	1	3	945
0.7717	2	1	3	945
0.7718	2	1	3	945
0.7719	2	1	3	945
0.772	2	1	3	945
0.7721	2	1	3	945
0.7722	2	1	3	945
0.7723	2	1	3	945
0.7724	2	1	3	945
0.7725	2	1	3	945
0.7726	2	1	3	945
0.7727	2	1	3	945
0.7728	2	1	3	945
0.7729	2	1	3	945
0.773	2	1	3	945
0.7731	2	1	3	945
0.7732	2	1	3	945
0.7733	2	1	3	945
0.7734	2	1	3	945
0.7735	2	1	3	945
0.7736	2	1	3	945
0.7737	2	1	3	945
0.7738	2	1	3	945
0.7739	2	1	3	945
0.774	2	1	3	945
0.7741	2	1	3	945
0.7742	2	1	3	945
0.7743	2	1	3	945
0.7744	2	1	3	945
0.7745	2	1	3	945
0.7746	2	1	3	945
0.7747	2	1	3	945
0.7748	2	1	3	945
0.7749	2	1	3	945
0.775	2	1	3	945
0.7751	2	1	3	945
0.7752	2	1	3	945
0.7753	2	1	3	945
0.7754	2	1	3	945
0.7755	2	1	3	945
0.7756	2	1	3	945
0.7757	2	1	3	945
0.7758	2	1	3	945
0.7759	2	1	3	945
0.776	2	1	3	945
0.7761	2	1	3	945
0.7762	2	1	3	945
0.7763	2	1	3	945
0.7764	2	1	3	945
0.7765	2	1	3	945
0.7766	2	1	3	945
0.7767	2	1	3	945
0.7768	2	1	3	945
0.7769	2	1	3	945
0.777	2	1	3	945
0.7771	2	1	3	945
0.7772	2	1	3	945
0.7773	2	1	3	945
0.7774	2	1	3	945
0.7775	2	1	3	945
0.7776	2	1	3	945
0.7777	2	1	3	945
0.7778	2	1	3	945
0.7779	2	1	3	945
0.778	2	1	3	945
0.7781	2	1	3	945
0.7782	2	1	3	945
0.7783	2	1	3	945
0.7784	2	1	3	945
0.7785	2	1	3	945
0.7786	2	1	3	945
0.7787	2	1	3	945
0.7788	2	1	3	945
0.7789	2	1	3	945
0.779	2	1	3	945
0.7791	2	1	3	945
0.7792	2	1	3	945
0.7793	2	1	3	945
0.7794	2	1	3	945
0.7795	2	1	3	945
0.7796	2	1	3	945
0.7797	2	1	3	945
0.7798	2	1	3	945
0.7799	2	1	3	945
0.78	2	1	3	945
0.7801	2	1	3	945
0.7802	2	1	3	945
0.7803	2	1	3	945
0.7804	2	1	3	945
0.7805	2	1	3	945
0.7806	2	1	3	945
0.7807	2	1	3	945
0.7808	2	1	3	945
0.7809	2	1	3	945
0.781	2	1	3	945
0.7811	2	1	3	945
0.7812	2	1	3	945
0.7813	2	1	3	945
0.7814	2	1	3	945
0.7815	2	1	3	945
0.7816	2	1	3	945
0.7817	2	1	3	945
0.7818	2	1	3	945
0.7819	2	1	3	945
0.782	2	1	3	945
0.7821	2	1	3	945
0.7822	2	1	3	945
0.7823	2	1	3	945
0.7824	2	1	3	945
0.7825	2	1	3	945
0.7826	2	1	3	945
0.7827	2	1	3	945
0.7828	2	1	3	945
0.7829	2	1	3	945
0.783	2	1	3	945
0.7831	2	1	3	945
0.7832	2	1	3	945
0.7833	2	1	3	945
0.7834	2	1	3	945
0.7835	2	1	3	945
0.7836	2	1	3	945
0.7837	2	1	3	945
0.7838	2	1	3	945
0.7839	2	1	3	945
0.784	2	1	3	945
0.7841	2	1	3	945
0.7842	2	1	3	945
0.7843	2	1	3	945
0.7844	2	1	3	945
0.7845	2	1	3	945
0.7846	2	1	3	945
0.7847	2	1	3	945
0.7848	2	1	3	945
0.7849	2	1	3	945
0.785	2	1	3	945
0.7851	2	1	3	945
0.7852	2	1	3	945
0.7853	2	1	3	945
0.7854	2	1	3	945
0.7855	2	1	3	945
0.7856	2	1	3	945
0.7857	2	1	3	945
0.7858	2	1	3	945
0.7859	2	1	3	945
0.786	2	1	3	945
0.7861	2	1	3	945
0.7862	2	1	3	945
0.7863	2	1	3	945
0.7864	2	1	3	945
0.7865	2	1	3	945
0.7866	2	1	3	945
0.7867	2	1	3	945
0.7868	2	1	3	945
0.7869	2	1	3	945
0.787	2	1	3	945
0.7871	2	1	3	945
0.7872	2	1	3	945
0.7873	2	1	3	945
0.7874	2	1	3	945
0.7875	2	1	3	945
0.7876	2	1	3	945
0.7877	2	1	3	945
0.7878	2	1	3	945
0.7879	2	1	3	945
0.788	2	1	3	945
0.7881	2	1	3	945
0.7882	2	1	3	945
0.7883	2	1	3	945
0.7884	2	1	3	945
0.7885	2	1	3	945
0.7886	2	1	3	945
0.7887	2	1	3	945
0.7888	2	1	3	945
0.7889	2	1	3	945
0.789	2	1	3	945
0.7891	2	1	3	945
0.7892	2	1	3	945
0.7893	2	1	3	945
0.7894	2	1	3	945
0.7895	2	1	3	945
0.7896	2	1	3	945
0.7897	2	1	3	945
0.7898	2	1	3	945
0.7899	2	1	3	945
0.79	2	1	3	945
0.7901	2	1	3	945
0.7902	2	1	3	945
0.7903	2	1	3	945
0.7904	2	1	3	945
0.7905	2	1	3	945
0.7906	2	1	3	945
0.7907	2	1	3	945
0.7908	2	1	3	945
0.7909	2	1	3	945
0.791	2	1	3	945
0.7911	2	1	3	945
0.7912	2	1	3	945
0.7913	2	1	3	945
0.7914	2	1	3	945
0.7915	2	1	3	945
0.7916	2	1	3	945
0.7917	2	1	3	945
0.7918	2	1	3	945
0.7919	2	1	3	945
0.792	2	1	3	945
0.7921	2	1	3	945
0.7922	2	1	3	945
0.7923	2	1	3	945
0.7924	2	1	3	945
0.7925	2	1	3	945
0.7926	2	1	3	945
0.7927	2	1	3	945
0.7928	2	1	3	945
0.7929	2	1	3	945
0.793	2	1	3	945
0.7931	2	1	3	945
0.7932	2	1	3	945
0.7933	2	1	3	945
0.7934	2	1	3	945
0.7935	2	1	3	945
0.7936	2	1	3	945
0.7937	2	1	3	945
0.7938	2	1	3	945
0.7939	2	1	3	945
0.794	2	1	3	945
0.7941	2	1	3	945
0.7942	2	1	3	945
0.7943	2	1	3	945
0.7944	2	1	3	945
0.7945	2	1	3	945
0.7946	2	1	3	945
0.7947	2	1	3	945
0.7948	2	1	3	945
0.7949	2	1	3	945
0.795	2	1	3	945
0.7951	2	1	3	945
0.7952	2	1	3	945
0.7953	2	1	3	945
0.7954	2	1	3	945
0.7955	2	1	3	945
0.7956	2	1	3	945
0.7957	2	1	3	945
0.7958	2	1	3	945
0.7959	2	1	3	945
0.796	2	1	3	945
0.7961	2	1	3	945
0.7962	2	1	3	945
0.7963	2	1	3	945
0.7964	2	1	3	945
0.7965	2	1	3	945
0.7966	2	1	3	945
0.7967	2	1	3	945
0.7968	2	1	3	945
0.7969	2	1	3	945
0.797	2	1	3	945
0.7971	2	1	3	945
0.7972	2	1	3	945
0.7973	2	1	3	945
0.7974	2	1	3	945
0.7975	2	1	3	945
0.7976	2	1	3	945
0.7977	2	1	3	945
0.7978	2	1	3	945
0.7979	2	1	3	945
0.798	2	1	3	945
0.7981	2	1	3	945
0.7982	2	1	3	945
0.7983	2	1	3	945
0.7984	2	1	3	945
0.7985	2	1	3	945
0.7986	2	1	3	945
0.7987	2	1	3	945
0.7988	2	1	3	945
0.7989	2	1	3	945
0.799	2	1	3	945
0.7991	2	1	3	945
0.7992	2	1	3	945
0.7993	2	1	3	945
0.7994	2	1	3	945
0.7995	2	1	3	945
0.7996	2	1	3	945
0.7997	2	1	3	945
0.7998	2	1	3	945
0.7999	2	1	3	945
0.8	2	1	3	945
0.8001	2	1	3	945
0.8002	2	1	3	945
0.8003	2	1	3	945
0.8004	2	1	3	945
0.8005	2	1	3	945
0.8006	2	1	3	945
0.8007	2	1	3	945
0.8008	2	1	3	945
0.8009	2	1	3	945
0.801	2	1	3	945
0.8011	2	1	3	945
0.8012	2	1	3	945
0.8013	2	1	3	945
0.8014	2	1	3	945
0.8015	2	1	3	945
0.8016	2	1	3	945
0.8017	2	1	3	945
0.8018	2	1	3	945
0.8019	2	1	3	945
0.802	2	1	3	945
0.8021	2	1	3	945
0.8022	2	1	3	945
0.8023	2	1	3	945
0.8024	2	1	3	945
0.8025	2	1	3	945
0.8026	2	1	3	945
0.8027	2	1	3	945
0.8028	2	1	3	945
0.8029	2	1	3	945
0.803	2	1	3	945
0.8031	2	1	3	945
0.8032	2	1	3	945
0.8033	2	1	3	945
0.8034	2	1	3	945
0.8035	2	1	3	945
0.8036	2	1	3	945
0.8037	2	1	3	945
0.8038	2	1	3	945
0.8039	2	1	3	945
0.804	2	1	3	945
0.8041	2	1	3	945
0.8042	2	1	3	945
0.8043	2	1	3	945
0.8044	2	1	3	945
0.8045	2	1	3	945
0.8046	2	1	3	945
0.8047	2	1	3	945
0.8048	2	1	3	945
0.8049	2	1	3	945
0.805	2	1	3	945
0.8051	2	1	3	945
0.8052	2	1	3	945
0.8053	2	1	3	945
0.8054	2	1	3	945
0.8055	2	1	3	945
0.8056	2	1	3	945
0.8057	2	1	3	945
0.8058	2	1	3	945
0.8059	2	1	3	945
0.806	2	1	3	945
0.8061	2	1	3	945
0.8062	2	1	3	945
0.8063	2	1	3	945
0.8064	2	1	3	945
0.8065	2	1	3	945
0.8066	2	1	3	945
0.8067	2	1	3	945
0.8068	2	1	3	945
0.8069	2	1	3	945
0.807	2	1	3	945
0.8071	2	1	3	945
0.8072	2	1	3	945
0.8073	2	1	3	945
0.8074	2	1	3	945
0.8075	2	1	3	945
0.8076	2	1	3	945
0.8077	2	1	3	945
0.8078	2	1	3	945
0.8079	2	1	3	945
0.808	2	1	3	945
0.8081	2	1	3	945
0.8082	2	1	3	945
0.8083	2	1	3	945
0.8084	2	1	3	945
0.8085	2	1	3	945
0.8086	2	1	3	945
0.8087	2	1	3	945
0.8088	2	1	3	945
0.8089	2	1	3	945
0.809	2	1	3	945
0.8091	2	1	3	945
0.8092	2	1	3	945
0.8093	2	1	3	945
0.8094	2	1	3	945
0.8095	2	1	3	945
0.8096	2	1	3	945
0.8097	2	1	3	945
0.8098	2	1	3	945
0.8099	2	1	3	945
0.81	2	1	3	945
0.8101	2	1	3	945
0.8102	2	1	3	945
0.8103	2	1	3	945
0.8104	2	1	3	945
0.8105	2	1	3	945
0.8106	2	1	3	945
0.8107	2	1	3	945
0.8108	2	1	3	945
0.8109	2	1	3	945
0.811	2	1	3	945
0.8111	2	1	3	945
0.8112	2	1	3	945
0.8113	2	1	3	945
0.8114	2	1	3	945
0.8115	2	1	3	945
0.8116	2	1	3	945
0.8117	2	1	3	945
0.8118	2	1	3	945
0.8119	2	1	3	945
0.812	2	1	3	945
0.8121	2	1	3	945
0.8122	2	1	3	945
0.8123	2	1	3	945
0.8124	2	1	3	945
0.8125	2	1	3	945
0.8126	2	1	3	945
0.8127	2	1	3	945
0.8128	2	1	3	945
0.8129	2	1	3	945
0.813	2	1	3	945
0.8131	2	1	3	945
0.8132	2	1	3	945
0.8133	2	1	3	945
0.8134	2	1	3	945
0.8135	2	1	3	945
0.8136	2	1	3	945
0.8137	2	1	3	945
0.8138	2	1	3	945
0.8139	2	1	3	945
0.814	2	1	3	945
0.8141	2	1	3	945
0.8142	2	1	3	945
0.8143	2	1	3	945
0.8144	2	1	3	945
0.8145	2	1	3	945
0.8146	2	1	3	945
0.8147	2	1	3	945
0.8148	2	1	3	945
0.8149	2	1	3	945
0.815	2	1	3	945
0.8151	2	1	3	945
0.8152	2	1	3	945
0.8153	2	1	3	945
0.8154	2	1	3	945
0.8155	2	1	3	945
0.8156	2	1	3	945
0.8157	2	1	3	945
0.8158	2	1	3	945
0.8159	2	1	3	945
0.816	2	1	3	945
0.8161	2	1	3	945
0.8162	2	1	3	945
0.8163	2	1	3	945
0.8164	2	1	3	945
0.8165	2	1	3	945
0.8166	2	1	3	945
0.8167	2	1	3	945
0.8168	2	1	3	945
0.8169	2	1	3	945
0.817	2	1	3	945
0.8171	2	1	3	945
0.8172	2	1	3	945
0.8173	2	1	3	945
0.8174	2	1	3	945
0.8175	2	1	3	945
0.8176	2	1	3	945
0.8177	2	1	3	945
0.8178	2	1	3	945
0.8179	2	1	3	945
0.818	2	1	3	945
0.8181	2	1	3	945
0.8182	2	1	3	945
0.8183	2	1	3	945
0.8184	2	1	3	945
0.8185	2	1	3	945
0.8186	2	1	3	945
0.8187	2	1	3	945
0.8188	2	1	3	945
0.8189	2	1	3	945
0.819	2	1	3	945
0.8191	2	1	3	945
0.8192	2	1	3	945
0.8193	2	1	3	945
0.8194	2	1	3	945
0.8195	2	1	3	945
0.8196	2	1	3	945
0.8197	2	1	3	945
0.8198	2	1	3	945
0.8199	2	1	3	945
0.82	2	1	3	945
0.8201	2	1	3	945
0.8202	2	1	3	945
0.8203	2	1	3	945
0.8204	2	1	3	945
0.8205	2	1	3	945
0.8206	2	1	3	945
0.8207	2	1	3	945
0.8208	2	1	3	945
0.8209	2	1	3	945
0.821	2	1	3	945
0.8211	2	1	3	945
0.8212	2	1	3	945
0.8213	2	1	3	945
0.8214	2	1	3	945
0.8215	2	1	3	945
0.8216	2	1	3	945
0.8217	2	1	3	945
0.8218	2	1	3	945
0.8219	2	1	3	945
0.822	2	1	3	945
0.8221	2	1	3	945
0.8222	2	1	3	945
0.8223	2	1	3	945
0.8224	2	1	3	945
0.8225	2	1	3	945
0.8226	2	1	3	945
0.8227	2	1	3	945
0.8228	2	1	3	945
0.8229	2	1	3	945
0.823	2	1	3	945
0.8231	2	1	3	945
0.8232	2	1	3	945
0.8233	2	1	3	945
0.8234	2	1	3	945
0.8235	2	1	3	945
0.8236	2	1	3	945
0.8237	2	1	3	945
0.8238	2	1	3	945
0.8239	2	1	3	945
0.824	2	1	3	945
0.8241	2	1	3	945
0.8242	2	1	3	945
0.8243	2	1	3	945
0.8244	2	1	3	945
0.8245	2	1	3	945
0.8246	2	1	3	945
0.8247	2	1	3	945
0.8248	2	1	3	945
0.8249	2	1	3	945
0.825	2	1	3	945
0.8251	2	1	3	945
0.8252	2	1	3	945
0.8253	2	1	3	945
0.8254	2	1	3	945
0.8255	2	1	3	945
0.8256	2	1	3	945
0.8257	2	1	3	945
0.8258	2	1	3	945
0.8259	2	1	3	945
0.826	2	1	3	945
0.8261	2	1	3	945
0.8262	2	1	3	945
0.8263	2	1	3	945
0.8264	2	1	3	945
0.8265	2	1	3	945
0.8266	2	1	3	945
0.8267	2	1	3	945
0.8268	2	1	3	945
0.8269	2	1	3	945
0.827	2	1	3	945
0.8271	2	1	3	945
0.8272	2	1	3	945
0.8273	2	1	3	945
0.8274	2	1	3	945
0.8275	2	1	3	945
0.8276	2	1	3	945
0.8277	2	1	3	945
0.8278	2	1	3	945
0.8279	2	1	3	945
0.828	2	1	3	945
0.8281	2	1	3	945
0.8282	2	1	3	945
0.8283	2	1	3	945
0.8284	2	1	3	945
0.8285	2	1	3	945
0.8286	2	1	3	945
0.8287	2	1	3	945
0.8288	2	1	3	945
0.8289	2	1	3	945
0.829	2	1	3	945
0.8291	2	1	3	945
0.8292	2	1	3	945
0.8293	2	1	3	945
0.8294	2	1	3	945
0.8295	2	1	3	945
0.8296	2	1	3	945
0.8297	2	1	3	945
0.8298	2	1	3	945
0.8299	2	1	3	945
0.83	2	1	3	945
0.8301	2	1	3	945
0.8302	2	1	3	945
0.8303	2	1	3	945
0.8304	2	1	3	945
0.8305	2	1	3	945
0.8306	2	1	3	945
0.8307	2	1	3	945
0.8308	2	1	3	945
0.8309	2	1	3	945
0.831	2	1	3	945
0.8311	2	1	3	945
0.8312	2	1	3	945
0.8313	2	1	3	945
0.8314	2	1	3	945
0.8315	2	1	3	945
0.8316	2	1	3	945
0.8317	2	1	3	945
0.8318	2	1	3	945
0.8319	2	1	3	945
0.832	2	1	3	945
0.8321	2	1	3	945
0.8322	2	1	3	945
0.8323	2	1	3	945
0.8324	2	1	3	945
0.8325	2	1	3	945
0.8326	2	1	3	945
0.8327	2	1	3	945
0.8328	2	1	3	945
0.8329	2	1	3	945
0.833	2	1	3	945
0.8331	2	1	3	945
0.8332	2	1	3	945
0.8333	2	1	3	945
0.8334	2	1	3	945
0.8335	2	1	3	945
0.8336	2	1	3	945
0.8337	2	1	3	945
0.8338	2	1	3	945
0.8339	2	1	3	945
0.834	2	1	3	945
0.8341	2	1	3	945
0.8342	2	1	3	945
0.8343	2	1	3	945
0.8344	2	1	3	945
0.8345	2	1	3	945
0.8346	2	1	3	945
0.8347	2	1	3	945
0.8348	2	1	3	945
0.8349	2	1	3	945
0.835	2	1	3	945
0.8351	2	1	3	945
0.8352	2	1	3	945
0.8353	2	1	3	945
0.8354	2	1	3	945
0.8355	2	1	3	945
0.8356	2	1	3	945
0.8357	2	1	3	945
0.8358	2	1	3	945
0.8359	2	1	3	945
0.836	2	1	3	945
0.8361	2	1	3	945
0.8362	2	1	3	945
0.8363	2	1	3	945
0.8364	2	1	3	945
0.8365	2	1	3	945
0.8366	2	1	3	945
0.8367	2	1	3	945
0.8368	2	1	3	945
0.8369	2	1	3	945
0.837	2	1	3	945
0.8371	2	1	3	945
0.8372	2	1	3	945
0.8373	2	1	3	945
0.8374	2	1	3	945
0.8375	2	1	3	945
0.8376	2	1	3	945
0.8377	2	1	3	945
0.8378	2	1	3	945
0.8379	2	1	3	945
0.838	2	1	3	945
0.8381	2	1	3	945
0.8382	2	1	3	945
0.8383	2	1	3	945
0.8384	2	1	3	945
0.8385	2	1	3	945
0.8386	2	1	3	945
0.8387	2	1	3	945
0.8388	2	1	3	945
0.8389	2	1	3	945
0.839	2	1	3	945
0.8391	2	1	3	945
0.8392	2	1	3	945
0.8393	2	1	3	945
0.8394	2	1	3	945
0.8395	2	1	3	945
0.8396	2	1	3	945
0.8397	2	1	3	945
0.8398	2	1	3	945
0.8399	2	1	3	945
0.84	2	1	3	945
0.8401	2	1	3	945
0.8402	2	1	3	945
0.8403	2	1	3	945
0.8404	2	1	3	945
0.8405	2	1	3	945
0.8406	2	1	3	945
0.8407	2	1	3	945
0.8408	2	1	3	945
0.8409	2	1	3	945
0.841	2	1	3	945
0.8411	2	1	3	945
0.8412	2	1	3	945
0.8413	2	1	3	945
0.8414	2	1	3	945
0.8415	2	1	3	945
0.8416	2	1	3	945
0.8417	2	1	3	945
0.8418	2	1	3	945
0.8419	2	1	3	945
0.842	2	1	3	945
0.8421	2	1	3	945
0.8422	2	1	3	945
0.8423	2	1	3	945
0.8424	2	1	3	945
0.8425	2	1	3	945
0.8426	2	1	3	945
0.8427	2	1	3	945
0.8428	2	1	3	945
0.8429	2	1	3	945
0.843	2	1	3	945
0.8431	2	1	3	945
0.8432	2	1	3	945
0.8433	2	1	3	945
0.8434	2	1	3	945
0.8435	2	1	3	945
0.8436	2	1	3	945
0.8437	2	1	3	945
0.8438	2	1	3	945
0.8439	2	1	3	945
0.844	2	1	3	945
0.8441	2	1	3	945
0.8442	2	1	3	945
0.8443	2	1	3	945
0.8444	2	1	3	945
0.8445	2	1	3	945
0.8446	2	1	3	945
0.8447	2	1	3	945
0.8448	2	1	3	945
0.8449	2	1	3	945
0.845	2	1	3	945
0.8451	2	1	3	945
0.8452	2	1	3	945
0.8453	2	1	3	945
0.8454	2	1	3	945
0.8455	2	1	3	945
0.8456	2	1	3	945
0.8457	2	1	3	945
0.8458	2	1	3	945
0.8459	2	1	3	945
0.846	2	1	3	945
0.8461	2	1	3	945
0.8462	2	1	3	945
0.8463	2	1	3	945
0.8464	2	1	3	945
0.8465	2	1	3	945
0.8466	2	1	3	945
0.8467	2	1	3	945
0.8468	2	1	3	945
0.8469	2	1	3	945
0.847	2	1	3	945
0.8471	2	1	3	945
0.8472	2	1	3	945
0.8473	2	1	3	945
0.8474	2	1	3	945
0.8475	2	1	3	945
0.8476	2	1	3	945
0.8477	2	1	3	945
0.8478	2	1	3	945
0.8479	2	1	3	945
0.848	2	1	3	945
0.8481	2	1	3	945
0.8482	2	1	3	945
0.8483	2	1	3	945
0.8484	2	1	3	945
0.8485	2	1	3	945
0.8486	2	1	3	945
0.8487	2	1	3	945
0.8488	2	1	3	945
0.8489	2	1	3	945
0.849	2	1	3	945
0.8491	2	1	3	945
0.8492	2	1	3	945
0.8493	2	1	3	945
0.8494	2	1	3	945
0.8495	2	1	3	945
0.8496	2	1	3	945
0.8497	2	1	3	945
0.8498	2	1	3	945
0.8499	2	1	3	945
0.85	2	1	3	945
0.8501	2	1	3	945
0.8502	2	1	3	945
0.8503	2	1	3	945
0.8504	2	1	3	945
0.8505	2	1	3	945
0.8506	2	1	3	945
0.8507	2	1	3	945
0.8508	2	1	3	945
0.8509	2	1	3	945
0.851	2	1	3	945
0.8511	2	1	3	945
0.8512	2	1	3	945
0.8513	2	1	3	945
0.8514	2	1	3	945
0.8515	2	1	3	945
0.8516	2	1	3	945
0.8517	2	1	3	945
0.8518	2	1	3	945
0.8519	2	1	3	945
0.852	2	1	3	945
0.8521	2	1	3	945
0.8522	2	1	3	945
0.8523	2	1	3	945
0.8524	2	1	3	945
0.8525	2	1	3	945
0.8526	2	1	3	945
0.8527	2	1	3	945
0.8528	2	1	3	945
0.8529	2	1	3	945
0.853	2	1	3	945
0.8531	2	1	3	945
0.8532	2	1	3	945
0.8533	2	1	3	945
0.8534	2	1	3	945
0.8535	2	1	3	945
0.8536	2	1	3	945
0.8537	2	1	3	945
0.8538	2	1	3	945
0.8539	2	1	3	945
0.854	2	1	3	945
0.8541	2	1	3	945
0.8542	2	1	3	945
0.8543	2	1	3	945
0.8544	2	1	3	945
0.8545	2	1	3	945
0.8546	2	1	3	945
0.8547	2	1	3	945
0.8548	2	1	3	945
0.8549	2	1	3	945
0.855	2	1	3	945
0.8551	2	1	3	945
0.8552	2	1	3	945
0.8553	2	1	3	945
0.8554	2	1	3	945
0.8555	2	1	3	945
0.8556	2	1	3	945
0.8557	2	1	3	945
0.8558	2	1	3	945
0.8559	2	1	3	945
0.856	2	1	3	945
0.8561	2	1	3	945
0.8562	2	1	3	945
0.8563	2	1	3	945
0.8564	2	1	3	945
0.8565	2	1	3	945
0.8566	2	1	3	945
0.8567	2	1	3	945
0.8568	2	1	3	945
0.8569	2	1	3	945
0.857	2	1	3	945
0.8571	2	1	3	945
0.8572	2	1	3	945
0.8573	2	1	3	945
0.8574	2	1	3	945
0.8575	2	1	3	945
0.8576	2	1	3	945
0.8577	2	1	3	945
0.8578	2	1	3	945
0.8579	2	1	3	945
0.858	2	1	3	945
0.8581	2	1	3	945
0.8582	2	1	3	945
0.8583	2	1	3	945
0.8584	2	1	3	945
0.8585	2	1	3	945
0.8586	2	1	3	945
0.8587	2	1	3	945
0.8588	2	1	3	945
0.8589	2	1	3	945
0.859	2	1	3	945
0.8591	2	1	3	945
0.8592	2	1	3	945
0.8593	2	1	3	945
0.8594	2	1	3	945
0.8595	2	1	3	945
0.8596	2	1	3	945
0.8597	2	1	3	945
0.8598	2	1	3	945
0.8599	2	1	3	945
0.86	2	1	3	945
0.8601	2	1	3	945
0.8602	2	1	3	945
0.8603	2	1	3	945
0.8604	2	1	3	945
0.8605	2	1	3	945
0.8606	2	1	3	945
0.8607	2	1	3	945
0.8608	2	1	3	945
0.8609	2	1	3	945
0.861	2	1	3	945
0.8611	2	1	3	945
0.8612	2	1	3	945
0.8613	2	1	3	945
0.8614	2	1	3	945
0.8615	2	1	3	945
0.8616	2	1	3	945
0.8617	2	1	3	945
0.8618	2	1	3	945
0.8619	2	1	3	945
0.862	2	1	3	945
0.8621	2	1	3	945
0.8622	2	1	3	945
0.8623	2	1	3	945
0.8624	2	1	3	945
0.8625	2	1	3	945
0.8626	2	1	3	945
0.8627	2	1	3	945
0.8628	2	1	3	945
0.8629	2	1	3	945
0.863	2	1	3	945
0.8631	2	1	3	945
0.8632	2	1	3	945
0.8633	2	1	3	945
0.8634	2	1	3	945
0.8635	2	1	3	945
0.8636	2	1	3	945
0.8637	2	1	3	945
0.8638	2	1	3	945
0.8639	2	1	3	945
0.864	2	1	3	945
0.8641	2	1	3	945
0.8642	2	1	3	945
0.8643	2	1	3	945
0.8644	2	1	3	945
0.8645	2	1	3	945
0.8646	2	1	3	945
0.8647	2	1	3	945
0.8648	2	1	3	945
0.8649	2	1	3	945
0.865	2	1	3	945
0.8651	2	1	3	945
0.8652	2	1	3	945
0.8653	2	1	3	945
0.8654	2	1	3	945
0.8655	2	1	3	945
0.8656	2	1	3	945
0.8657	2	1	3	945
0.8658	2	1	3	945
0.8659	2	1	3	945
0.866	2	1	3	945
0.8661	2	1	3	945
0.8662	2	1	3	945
0.8663	2	1	3	945
0.8664	2	1	3	945
0.8665	2	1	3	945
0.8666	2	1	3	945
0.8667	2	1	3	945
0.8668	2	1	3	945
0.8669	2	1	3	945
0.867	2	1	3	945
0.8671	2	1	3	945
0.8672	2	1	3	945
0.8673	2	1	3	945
0.8674	2	1	3	945
0.8675	2	1	3	945
0.8676	2	1	3	945
0.8677	2	1	3	945
0.8678	2	1	3	945
0.8679	2	1	3	945
0.868	2	1	3	945
0.8681	2	1	3	945
0.8682	2	1	3	945
0.8683	2	1	3	945
0.8684	2	1	3	945
0.8685	2	1	3	945
0.8686	2	1	3	945
0.8687	2	1	3	945
0.8688	2	1	3	945
0.8689	2	1	3	945
0.869	2	1	3	945
0.8691	2	1	3	945
0.8692	2	1	3	945
0.8693	2	1	3	945
0.8694	2	1	3	945
0.8695	2	1	3	945
0.8696	2	1	3	945
0.8697	2	1	3	945
0.8698	2	1	3	945
0.8699	2	1	3	945
0.87	2	1	3	945
0.8701	2	1	3	945
0.8702	2	1	3	945
0.8703	2	1	3	945
0.8704	2	1	3	945
0.8705	2	1	3	945
0.8706	2	1	3	945
0.8707	2	1	3	945
0.8708	2	1	3	945
0.8709	2	1	3	945
0.871	2	1	3	945
0.8711	2	1	3	945
0.8712	2	1	3	945
0.8713	2	1	3	945
0.8714	2	1	3	945
0.8715	2	1	3	945
0.8716	2	1	3	945
0.8717	2	1	3	945
0.8718	2	1	3	945
0.8719	2	1	3	945
0.872	2	1	3	945
0.8721	2	1	3	945
0.8722	2	1	3	945
0.8723	2	1	3	945
0.8724	2	1	3	945
0.8725	2	1	3	945
0.8726	2	1	3	945
0.8727	2	1	3	945
0.8728	2	1	3	945
0.8729	2	1	3	945
0.873	2	1	3	945
0.8731	2	1	3	945
0.8732	2	1	3	945
0.8733	2	1	3	945
0.8734	2	1	3	945
0.8735	2	1	3	945
0.8736	2	1	3	945
0.8737	2	1	3	945
0.8738	2	1	3	945
0.8739	2	1	3	945
0.874	2	1	3	945
0.8741	2	1	3	945
0.8742	2	1	3	945
0.8743	2	1	3	945
0.8744	2	1	3	945
0.8745	2	1	3	945
0.8746	2	1	3	945
0.8747	2	1	3	945
0.8748	2	1	3	945
0.8749	2	1	3	945
0.875	2	1	3	945
0.8751	2	1	3	945
0.8752	2	1	3	945
0.8753	2	1	3	945
0.8754	2	1	3	945
0.8755	2	1	3	945
0.8756	2	1	3	945
0.8757	2	1	3	945
0.8758	2	1	3	945
0.8759	2	1	3	945
0.876	2	1	3	945
0.8761	2	1	3	945
0.8762	2	1	3	945
0.8763	2	1	3	945
0.8764	2	1	3	945
0.8765	2	1	3	945
0.8766	2	1	3	945
0.8767	2	1	3	945
0.8768	2	1	3	945
0.8769	2	1	3	945
0.877	2	1	3	945
0.8771	2	1	3	945
0.8772	2	1	3	945
0.8773	2	1	3	945
0.8774	2	1	3	945
0.8775	2	1	3	945
0.8776	2	1	3	945
0.8777	2	1	3	945
0.8778	2	1	3	945
0.8779	2	1	3	945
0.878	2	1	3	945
0.8781	2	1	3	945
0.8782	2	1	3	945
0.8783	2	1	3	945
0.8784	2	1	3	945
0.8785	2	1	3	945
0.8786	2	1	3	945
0.8787	2	1	3	945
0.8788	2	1	3	945
0.8789	2	1	3	945
0.879	2	1	3	945
0.8791	2	1	3	945
0.8792	2	1	3	945
0.8793	2	1	3	945
0.8794	2	1	3	945
0.8795	2	1	3	945
0.8796	2	1	3	945
0.8797	2	1	3	945
0.8798	2	1	3	945
0.8799	2	1	3	945
0.88	2	1	3	945
0.8801	2	1	3	945
0.8802	2	1	3	945
0.8803	2	1	3	945
0.8804	2	1	3	945
0.8805	2	1	3	945
0.8806	2	1	3	945
0.8807	2	1	3	945
0.8808	2	1	3	945
0.8809	2	1	3	945
0.881	2	1	3	945
0.8811	2	1	3	945
0.8812	2	1	3	945
0.8813	2	1	3	945
0.8814	2	1	3	945
0.8815	2	1	3	945
0.8816	2	1	3	945
0.8817	2	1	3	945
0.8818	2	1	3	945
0.8819	2	1	3	945
0.882	2	1	3	945
0.8821	2	1	3	945
0.8822	2	1	3	945
0.8823	2	1	3	945
0.8824	2	1	3	945
0.8825	2	1	3	945
0.8826	2	1	3	945
0.8827	2	1	3	945
0.8828	2	1	3	945
0.8829	2	1	3	945
0.883	2	1	3	945
0.8831	2	1	3	945
0.8832	2	1	3	945
0.8833	2	1	3	945
0.8834	2	1	3	945
0.8835	2	1	3	945
0.8836	2	1	3	945
0.8837	2	1	3	945
0.8838	2	1	3	945
0.8839	2	1	3	945
0.884	2	1	3	945
0.8841	2	1	3	945
0.8842	2	1	3	945
0.8843	2	1	3	945
0.8844	2	1	3	945
0.8845	2	1	3	945
0.8846	2	1	3	945
0.8847	2	1	3	945
0.8848	2	1	3	945
0.8849	2	1	3	945
0.885	2	1	3	945
0.8851	2	1	3	945
0.8852	2	1	3	945
0.8853	2	1	3	945
0.8854	2	1	3	945
0.8855	2	1	3	945
0.8856	2	1	3	945
0.8857	2	1	3	945
0.8858	2	1	3	945
0.8859	2	1	3	945
0.886	2	1	3	945
0.8861	2	1	3	945
0.8862	2	1	3	945
0.8863	2	1	3	945
0.8864	2	1	3	945
0.8865	2	1	3	945
0.8866	2	1	3	945
0.8867	2	1	3	945
0.8868	2	1	3	945
0.8869	2	1	3	945
0.887	2	1	3	945
0.8871	2	1	3	945
0.8872	2	1	3	945
0.8873	2	1	3	945
0.8874	2	1	3	945
0.8875	2	1	3	945
0.8876	2	1	3	945
0.8877	2	1	3	945
0.8878	2	1	3	945
0.8879	2	1	3	945
0.888	2	1	3	945
0.8881	2	1	3	945
0.8882	2	1	3	945
0.8883	2	1	3	945
0.8884	2	1	3	945
0.8885	2	1	3	945
0.8886	2	1	3	945
0.8887	2	1	3	945
0.8888	2	1	3	945
0.8889	2	1	3	945
0.889	2	1	3	945
0.8891	2	1	3	945
0.8892	2	1	3	945
0.8893	2	1	3	945
0.8894	2	1	3	945
0.8895	2	1	3	945
0.8896	2	1	3	945
0.8897	2	1	3	945
0.8898	2	1	3	945
0.8899	2	1	3	945
0.89	2	1	3	945
0.8901	2	1	3	945
0.8902	2	1	3	945
0.8903	2	1	3	945
0.8904	2	1	3	945
0.8905	2	1	3	945
0.8906	2	1	3	945
0.8907	2	1	3	945
0.8908	2	1	3	945
0.8909	2	1	3	945
0.891	2	1	3	945
0.8911	2	1	3	945
0.8912	2	1	3	945
0.8913	2	1	3	945
0.8914	2	1	3	945
0.8915	2	1	3	945
0.8916	2	1	3	945
0.8917	2	1	3	945
0.8918	2	1	3	945
0.8919	2	1	3	945
0.892	2	1	3	945
0.8921	2	1	3	945
0.8922	2	1	3	945
0.8923	2	1	3	945
0.8924	2	1	3	945
0.8925	2	1	3	945
0.8926	2	1	3	945
0.8927	2	1	3	945
0.8928	2	1	3	945
0.8929	2	1	3	945
0.893	2	1	3	945
0.8931	2	1	3	945
0.8932	2	1	3	945
0.8933	2	1	3	945
0.8934	2	1	3	945
0.8935	2	1	3	945
0.8936	2	1	3	945
0.8937	2	1	3	945
0.8938	2	1	3	945
0.8939	2	1	3	945
0.894	2	1	3	945
0.8941	2	1	3	945
0.8942	2	1	3	945
0.8943	2	1	3	945
0.8944	2	1	3	945
0.8945	2	1	3	945
0.8946	2	1	3	945
0.8947	2	1	3	945
0.8948	2	1	3	945
0.8949	2	1	3	945
0.895	2	1	3	945
0.8951	2	1	3	945
0.8952	2	1	3	945
0.8953	2	1	3	945
0.8954	2	1	3	945
0.8955	2	1	3	945
0.8956	2	1	3	945
0.8957	2	1	3	945
0.8958	2	1	3	945
0.8959	2	1	3	945
0.896	2	1	3	945
0.8961	2	1	3	945
0.8962	2	1	3	945
0.8963	2	1	3	945
0.8964	2	1	3	945
0.8965	2	1	3	945
0.8966	2	1	3	945
0.8967	2	1	3	945
0.8968	2	1	3	945
0.8969	2	1	3	945
0.897	2	1	3	945
0.8971	2	1	3	945
0.8972	2	1	3	945
0.8973	2	1	3	945
0.8974	2	1	3	945
0.8975	2	1	3	945
0.8976	2	1	3	945
0.8977	2	1	3	945
0.8978	2	1	3	945
0.8979	2	1	3	945
0.898	2	1	3	945
0.8981	2	1	3	945
0.8982	2	1	3	945
0.8983	2	1	3	945
0.8984	2	1	3	945
0.8985	2	1	3	945
0.8986	2	1	3	945
0.8987	2	1	3	945
0.8988	2	1	3	945
0.8989	2	1	3	945
0.899	2	1	3	945
0.8991	2	1	3	945
0.8992	2	1	3	945
0.8993	2	1	3	945
0.8994	2	1	3	945
0.8995	2	1	3	945
0.8996	2	1	3	945
0.8997	2	1	3	945
0.8998	2	1	3	945
0.8999	2	1	3	945
0.9	2	1	3	945
0.9001	2	1	3	945
0.9002	2	1	3	945
0.9003	2	1	3	945
0.9004	2	1	3	945
0.9005	2	1	3	945
0.9006	2	1	3	945
0.9007	2	1	3	945
0.9008	2	1	3	945
0.9009	2	1	3	945
0.901	2	1	3	945
0.9011	2	1	3	945
0.9012	2	1	3	945
0.9013	2	1	3	945
0.9014	2	1	3	945
0.9015	2	1	3	945
0.9016	2	1	3	945
0.9017	2	1	3	945
0.9018	2	1	3	945
0.9019	2	1	3	945
0.902	2	1	3	945
0.9021	2	1	3	945
0.9022	2	1	3	945
0.9023	2	1	3	945
0.9024	2	1	3	945
0.9025	2	1	3	945
0.9026	2	1	3	945
0.9027	2	1	3	945
0.9028	2	1	3	945
0.9029	2	1	3	945
0.903	2	1	3	945
0.9031	2	1	3	945
0.9032	2	1	3	945
0.9033	2	1	3	945
0.9034	2	1	3	945
0.9035	2	1	3	945
0.9036	2	1	3	945
0.9037	2	1	3	945
0.9038	2	1	3	945
0.9039	2	1	3	945
0.904	2	1	3	945
0.9041	2	1	3	945
0.9042	2	1	3	945
0.9043	2	1	3	945
0.9044	2	1	3	945
0.9045	2	1	3	945
0.9046	2	1	3	945
0.9047	2	1	3	945
0.9048	2	1	3	945
0.9049	2	1	3	945
0.905	2	1	3	945
0.9051	2	1	3	945
0.9052	2	1	3	945
0.9053	2	1	3	945
0.9054	2	1	3	945
0.9055	2	1	3	945
0.9056	2	1	3	945
0.9057	2	1	3	945
0.9058	2	1	3	945
0.9059	2	1	3	945
0.906	2	1	3	945
0.9061	2	1	3	945
0.9062	2	1	3	945
0.9063	2	1	3	945
0.9064	2	1	3	945
0.9065	2	1	3	945
0.9066	2	1	3	945
0.9067	2	1	3	945
0.9068	2	1	3	945
0.9069	2	1	3	945
0.907	2	1	3	945
0.9071	2	1	3	945
0.9072	2	1	3	945
0.9073	2	1	3	945
0.9074	2	1	3	945
0.9075	2	1	3	945
0.9076	2	1	3	945
0.9077	2	1	3	945
0.9078	2	1	3	945
0.9079	2	1	3	945
0.908	2	1	3	945
0.9081	2	1	3	945
0.9082	2	1	3	945
0.9083	2	1	3	945
0.9084	2	1	3	945
0.9085	2	1	3	945
0.9086	2	1	3	945
0.9087	2	1	3	945
0.9088	2	1	3	945
0.9089	2	1	3	945
0.909	2	1	3	945
0.9091	2	1	3	945
0.9092	2	1	3	945
0.9093	2	1	3	945
0.9094	2	1	3	945
0.9095	2	1	3	945
0.9096	2	1	3	945
0.9097	2	1	3	945
0.9098	2	1	3	945
0.9099	2	1	3	945
0.91	2	1	3	945
0.9101	2	1	3	945
0.9102	2	1	3	945
0.9103	2	1	3	945
0.9104	2	1	3	945
0.9105	2	1	3	945
0.9106	2	1	3	945
0.9107	2	1	3	945
0.9108	2	1	3	945
0.9109	2	1	3	945
0.911	2	1	3	945
0.9111	2	1	3	945
0.9112	2	1	3	945
0.9113	2	1	3	945
0.9114	2	1	3	945
0.9115	2	1	3	945
0.9116	2	1	3	945
0.9117	2	1	3	945
0.9118	2	1	3	945
0.9119	2	1	3	945
0.912	2	1	3	945
0.9121	2	1	3	945
0.9122	2	1	3	945
0.9123	2	1	3	945
0.9124	2	1	3	945
0.9125	2	1	3	945
0.9126	2	1	3	945
0.9127	2	1	3	945
0.9128	2	1	3	945
0.9129	2	1	3	945
0.913	2	1	3	945
0.9131	2	1	3	945
0.9132	2	1	3	945
0.9133	2	1	3	945
0.9134	2	1	3	945
0.9135	2	1	3	945
0.9136	2	1	3	945
0.9137	2	1	3	945
0.9138	2	1	3	945
0.9139	2	1	3	945
0.914	2	1	3	945
0.9141	2	1	3	945
0.9142	2	1	3	945
0.9143	2	1	3	945
0.9144	2	1	3	945
0.9145	2	1	3	945
0.9146	2	1	3	945
0.9147	2	1	3	945
0.9148	2	1	3	945
0.9149	2	1	3	945
0.915	2	1	3	945
0.9151	2	1	3	945
0.9152	2	1	3	945
0.9153	2	1	3	945
0.9154	2	1	3	945
0.9155	2	1	3	945
0.9156	2	1	3	945
0.9157	2	1	3	945
0.9158	2	1	3	945
0.9159	2	1	3	945
0.916	2	1	3	945
0.9161	2	1	3	945
0.9162	2	1	3	945
0.9163	2	1	3	945
0.9164	2	1	3	945
0.9165	2	1	3	945
0.9166	2	1	3	945
0.9167	2	1	3	945
0.9168	2	1	3	945
0.9169	2	1	3	945
0.917	2	1	3	945
0.9171	2	1	3	945
0.9172	2	1	3	945
0.9173	2	1	3	945
0.9174	2	1	3	945
0.9175	2	1	3	945
0.9176	2	1	3	945
0.9177	2	1	3	945
0.9178	2	1	3	945
0.9179	2	1	3	945
0.918	2	1	3	945
0.9181	2	1	3	945
0.9182	2	1	3	945
0.9183	2	1	3	945
0.9184	2	1	3	945
0.9185	2	1	3	945
0.9186	2	1	3	945
0.9187	2	1	3	945
0.9188	2	1	3	945
0.9189	2	1	3	945
0.919	2	1	3	945
0.9191	2	1	3	945
0.9192	2	1	3	945
0.9193	2	1	3	945
0.9194	2	1	3	945
0.9195	2	1	3	945
0.9196	2	1	3	945
0.9197	2	1	3	945
0.9198	2	1	3	945
0.9199	2	1	3	945
0.92	2	1	3	945
0.9201	2	1	3	945
0.9202	2	1	3	945
0.9203	2	1	3	945
0.9204	2	1	3	945
0.9205	2	1	3	945
0.9206	2	1	3	945
0.9207	2	1	3	945
0.9208	2	1	3	945
0.9209	2	1	3	945
0.921	2	1	3	945
0.9211	2	1	3	945
0.9212	2	1	3	945
0.9213	2	1	3	945
0.9214	2	1	3	945
0.9215	2	1	3	945
0.9216	2	1	3	945
0.9217	2	1	3	945
0.9218	2	1	3	945
0.9219	2	1	3	945
0.922	2	1	3	945
0.9221	2	1	3	945
0.9222	2	1	3	945
0.9223	2	1	3	945
0.9224	2	1	3	945
0.9225	2	1	3	945
0.9226	2	1	3	945
0.9227	2	1	3	945
0.9228	2	1	3	945
0.9229	2	1	3	945
0.923	2	1	3	945
0.9231	2	1	3	945
0.9232	2	1	3	945
0.9233	2	1	3	945
0.9234	2	1	3	945
0.9235	2	1	3	945
0.9236	2	1	3	945
0.9237	2	1	3	945
0.9238	2	1	3	945
0.9239	2	1	3	945
0.924	2	1	3	945
0.9241	2	1	3	945
0.9242	2	1	3	945
0.9243	2	1	3	945
0.9244	2	1	3	945
0.9245	2	1	3	945
0.9246	2	1	3	945
0.9247	2	1	3	945
0.9248	2	1	3	945
0.9249	2	1	3	945
0.925	2	1	3	945
0.9251	2	1	3	945
0.9252	2	1	3	945
0.9253	2	1	3	945
0.9254	2	1	3	945
0.9255	2	1	3	945
0.9256	2	1	3	945
0.9257	2	1	3	945
0.9258	2	1	3	945
0.9259	2	1	3	945
0.926	2	1	3	945
0.9261	2	1	3	945
0.9262	2	1	3	945
0.9263	2	1	3	945
0.9264	2	1	3	945
0.9265	2	1	3	945
0.9266	2	1	3	945
0.9267	2	1	3	945
0.9268	2	1	3	945
0.9269	2	1	3	945
0.927	2	1	3	945
0.9271	2	1	3	945
0.9272	2	1	3	945
0.9273	2	1	3	945
0.9274	2	1	3	945
0.9275	2	1	3	945
0.9276	2	1	3	945
0.9277	2	1	3	945
0.9278	2	1	3	945
0.9279	2	1	3	945
0.928	2	1	3	945
0.9281	2	1	3	945
0.9282	2	1	3	945
0.9283	2	1	3	945
0.9284	2	1	3	945
0.9285	2	1	3	945
0.9286	2	1	3	945
0.9287	2	1	3	945
0.9288	2	1	3	945
0.9289	2	1	3	945
0.929	2	1	3	945
0.9291	2	1	3	945
0.9292	2	1	3	945
0.9293	2	1	3	945
0.9294	2	1	3	945
0.9295	2	1	3	945
0.9296	2	1	3	945
0.9297	2	1	3	945
0.9298	2	1	3	945
0.9299	2	1	3	945
0.93	2	1	3	945
0.9301	2	1	3	945
0.9302	2	1	3	945
0.9303	2	1	3	945
0.9304	2	1	3	945
0.9305	2	1	3	945
0.9306	2	1	3	945
0.9307	2	1	3	945
0.9308	2	1	3	945
0.9309	2	1	3	945
0.931	2	1	3	945
0.9311	2	1	3	945
0.9312	2	1	3	945
0.9313	2	1	3	945
0.9314	2	1	3	945
0.9315	2	1	3	945
0.9316	2	1	3	945
0.9317	2	1	3	945
0.9318	2	1	3	945
0.9319	2	1	3	945
0.932	2	1	3	945
0.9321	2	1	3	945
0.9322	2	1	3	945
0.9323	2	1	3	945
0.9324	2	1	3	945
0.9325	2	1	3	945
0.9326	2	1	3	945
0.9327	2	1	3	945
0.9328	2	1	3	945
0.9329	2	1	3	945
0.933	2	1	3	945
0.9331	2	1	3	945
0.9332	2	1	3	945
0.9333	2	1	3	945
0.9334	2	1	3	945
0.9335	2	1	3	945
0.9336	2	1	3	945
0.9337	2	1	3	945
0.9338	2	1	3	945
0.9339	2	1	3	945
0.934	2	1	3	945
0.9341	2	1	3	945
0.9342	2	1	3	945
0.9343	2	1	3	945
0.9344	2	1	3	945
0.9345	2	1	3	945
0.9346	2	1	3	945
0.9347	2	1	3	945
0.9348	2	1	3	945
0.9349	2	1	3	945
0.935	2	1	3	945
0.9351	2	1	3	945
0.9352	2	1	3	945
0.9353	2	1	3	945
0.9354	2	1	3	945
0.9355	2	1	3	945
0.9356	2	1	3	945
0.9357	2	1	3	945
0.9358	2	1	3	945
0.9359	2	1	3	945
0.936	2	1	3	945
0.9361	2	1	3	945
0.9362	2	1	3	945
0.9363	2	1	3	945
0.9364	2	1	3	945
0.9365	2	1	3	945
0.9366	2	1	3	945
0.9367	2	1	3	945
0.9368	2	1	3	945
0.9369	2	1	3	945
0.937	2	1	3	945
0.9371	2	1	3	945
0.9372	2	1	3	945
0.9373	2	1	3	945
0.9374	2	1	3	945
0.9375	2	1	3	945
0.9376	2	1	3	945
0.9377	2	1	3	945
0.9378	2	1	3	945
0.9379	2	1	3	945
0.938	2	1	3	945
0.9381	2	1	3	945
0.9382	2	1	3	945
0.9383	2	1	3	945
0.9384	2	1	3	945
0.9385	2	1	3	945
0.9386	2	1	3	945
0.9387	2	1	3	945
0.9388	2	1	3	945
0.9389	2	1	3	945
0.939	2	1	3	945
0.9391	2	1	3	945
0.9392	2	1	3	945
0.9393	2	1	3	945
0.9394	2	1	3	945
0.9395	2	1	3	945
0.9396	2	1	3	945
0.9397	2	1	3	945
0.9398	2	1	3	945
0.9399	2	1	3	945
0.94	2	1	3	945
0.9401	2	1	3	945
0.9402	2	1	3	945
0.9403	2	1	3	945
0.9404	2	1	3	945
0.9405	2	1	3	945
0.9406	2	1	3	945
0.9407	2	1	3	945
0.9408	2	1	3	945
0.9409	2	1	3	945
0.941	2	1	3	945
0.9411	2	1	3	945
0.9412	2	1	3	945
0.9413	2	1	3	945
0.9414	2	1	3	945
0.9415	2	1	3	945
0.9416	2	1	3	945
0.9417	2	1	3	945
0.9418	2	1	3	945
0.9419	2	1	3	945
0.942	2	1	3	945
0.9421	2	1	3	945
0.9422	2	1	3	945
0.9423	2	1	3	945
0.9424	2	1	3	945
0.9425	2	1	3	945
0.9426	2	1	3	945
0.9427	2	1	3	945
0.9428	2	1	3	945
0.9429	2	1	3	945
0.943	2	1	3	945
0.9431	2	1	3	945
0.9432	2	1	3	945
0.9433	2	1	3	945
0.9434	2	1	3	945
0.9435	2	1	3	945
0.9436	2	1	3	945
0.9437	2	1	3	945
0.9438	2	1	3	945
0.9439	2	1	3	945
0.944	2	1	3	945
0.9441	2	1	3	945
0.9442	2	1	3	945
0.9443	2	1	3	945
0.9444	2	1	3	945
0.9445	2	1	3	945
0.9446	2	1	3	945
0.9447	2	1	3	945
0.9448	2	1	3	945
0.9449	2	1	3	945
0.945	2	1	3	945
0.9451	2	1	3	945
0.9452	2	1	3	945
0.9453	2	1	3	945
0.9454	2	1	3	945
0.9455	2	1	3	945
0.9456	2	1	3	945
0.9457	2	1	3	945
0.9458	2	1	3	945
0.9459	2	1	3	945
0.946	2	1	3	945
0.9461	2	1	3	945
0.9462	2	1	3	945
0.9463	2	1	3	945
0.9464	2	1	3	945
0.9465	2	1	3	945
0.9466	2	1	3	945
0.9467	2	1	3	945
0.9468	2	1	3	945
0.9469	2	1	3	945
0.947	2	1	3	945
0.9471	2	1	3	945
0.9472	2	1	3	945
0.9473	2	1	3	945
0.9474	2	1	3	945
0.9475	2	1	3	945
0.9476	2	1	3	945
0.9477	2	1	3	945
0.9478	2	1	3	945
0.9479	2	1	3	945
0.948	2	1	3	945
0.9481	2	1	3	945
0.9482	2	1	3	945
0.9483	2	1	3	945
0.9484	2	1	3	945
0.9485	2	1	3	945
0.9486	2	1	3	945
0.9487	2	1	3	945
0.9488	2	1	3	945
0.9489	2	1	3	945
0.949	2	1	3	945
0.9491	2	1	3	945
0.9492	2	1	3	945
0.9493	2	1	3	945
0.9494	2	1	3	945
0.9495	2	1	3	945
0.9496	2	1	3	945
0.9497	2	1	3	945
0.9498	2	1	3	945
0.9499	2	1	3	945
0.95	2	1	3	945
0.9501	2	1	3	945
0.9502	2	1	3	945
0.9503	2	1	3	945
0.9504	2	1	3	945
0.9505	2	1	3	945
0.9506	2	1	3	945
0.9507	2	1	3	945
0.9508	2	1	3	945
0.9509	2	1	3	945
0.951	2	1	3	945
0.9511	2	1	3	945
0.9512	2	1	3	945
0.9513	2	1	3	945
0.9514	2	1	3	945
0.9515	2	1	3	945
0.9516	2	1	3	945
0.9517	2	1	3	945
0.9518	2	1	3	945
0.9519	2	1	3	945
0.952	2	1	3	945
0.9521	2	1	3	945
0.9522	2	1	3	945
0.9523	2	1	3	945
0.9524	2	1	3	945
0.9525	2	1	3	945
0.9526	2	1	3	945
0.9527	2	1	3	945
0.9528	2	1	3	945
0.9529	2	1	3	945
0.953	2	1	3	945
0.9531	2	1	3	945
0.9532	2	1	3	945
0.9533	2	1	3	945
0.9534	2	1	3	945
0.9535	2	1	3	945
0.9536	2	1	3	945
0.9537	2	1	3	945
0.9538	2	1	3	945
0.9539	2	1	3	945
0.954	2	1	3	945
0.9541	2	1	3	945
0.9542	2	1	3	945
0.9543	2	1	3	945
0.9544	2	1	3	945
0.9545	2	1	3	945
0.9546	2	1	3	945
0.9547	2	1	3	945
0.9548	2	1	3	945
0.9549	2	1	3	945
0.955	2	1	3	945
0.9551	2	1	3	945
0.9552	2	1	3	945
0.9553	2	1	3	945
0.9554	2	1	3	945
0.9555	2	1	3	945
0.9556	2	1	3	945
0.9557	2	1	3	945
0.9558	2	1	3	945
0.9559	2	1	3	945
0.956	2	1	3	945
0.9561	2	1	3	945
0.9562	2	1	3	945
0.9563	2	1	3	945
0.9564	2	1	3	945
0.9565	2	1	3	945
0.9566	2	1	3	945
0.9567	2	1	3	945
0.9568	2	1	3	945
0.9569	2	1	3	945
0.957	2	1	3	945
0.9571	2	1	3	945
0.9572	2	1	3	945
0.9573	2	1	3	945
0.9574	2	1	3	945
0.9575	2	1	3	945
0.9576	2	1	3	945
0.9577	2	1	3	945
0.9578	2	1	3	945
0.9579	2	1	3	945
0.958	2	1	3	945
0.9581	2	1	3	945
0.9582	2	1	3	945
0.9583	2	1	3	945
0.9584	2	1	3	945
0.9585	2	1	3	945
0.9586	2	1	3	945
0.9587	2	1	3	945
0.9588	2	1	3	945
0.9589	2	1	3	945
0.959	2	1	3	945
0.9591	2	1	3	945
0.9592	2	1	3	945
0.9593	2	1	3	945
0.9594	2	1	3	945
0.9595	2	1	3	945
0.9596	2	1	3	945
0.9597	2	1	3	945
0.9598	2	1	3	945
0.9599	2	1	3	945
0.96	2	1	3	945
0.9601	2	1	3	945
0.9602	2	1	3	945
0.9603	2	1	3	945
0.9604	2	1	3	945
0.9605	2	1	3	945
0.9606	2	1	3	945
0.9607	2	1	3	945
0.9608	2	1	3	945
0.9609	2	1	3	945
0.961	2	1	3	945
0.9611	2	1	3	945
0.9612	2	1	3	945
0.9613	2	1	3	945
0.9614	2	1	3	945
0.9615	2	1	3	945
0.9616	2	1	3	945
0.9617	2	1	3	945
0.9618	2	1	3	945
0.9619	2	1	3	945
0.962	2	1	3	945
0.9621	2	1	3	945
0.9622	2	1	3	945
0.9623	2	1	3	945
0.9624	2	1	3	945
0.9625	2	1	3	945
0.9626	2	1	3	945
0.9627	2	1	3	945
0.9628	2	1	3	945
0.9629	2	1	3	945
0.963	2	1	3	945
0.9631	2	1	3	945
0.9632	2	1	3	945
0.9633	2	1	3	945
0.9634	2	1	3	945
0.9635	2	1	3	945
0.9636	2	1	3	945
0.9637	2	1	3	945
0.9638	2	1	3	945
0.9639	2	1	3	945
0.964	2	1	3	945
0.9641	2	1	3	945
0.9642	2	1	3	945
0.9643	2	1	3	945
0.9644	2	1	3	945
0.9645	2	1	3	945
0.9646	2	1	3	945
0.9647	2	1	3	945
0.9648	2	1	3	945
0.9649	2	1	3	945
0.965	2	1	3	945
0.9651	2	1	3	945
0.9652	2	1	3	945
0.9653	2	1	3	945
0.9654	2	1	3	945
0.9655	2	1	3	945
0.9656	2	1	3	945
0.9657	2	1	3	945
0.9658	2	1	3	945
0.9659	2	1	3	945
0.966	2	1	3	945
0.9661	2	1	3	945
0.9662	2	1	3	945
0.9663	2	1	3	945
0.9664	2	1	3	945
0.9665	2	1	3	945
0.9666	2	1	3	945
0.9667	2	1	3	945
0.9668	2	1	3	945
0.9669	2	1	3	945
0.967	2	1	3	945
0.9671	2	1	3	945
0.9672	2	1	3	945
0.9673	2	1	3	945
0.9674	2	1	3	945
0.9675	2	1	3	945
0.9676	2	1	3	945
0.9677	2	1	3	945
0.9678	2	1	3	945
0.9679	2	1	3	945
0.968	2	1	3	945
0.9681	2	1	3	945
0.9682	2	1	3	945
0.9683	2	1	3	945
0.9684	2	1	3	945
0.9685	2	1	3	945
0.9686	2	1	3	945
0.9687	2	1	3	945
0.9688	2	1	3	945
0.9689	2	1	3	945
0.969	2	1	3	945
0.9691	2	1	3	945
0.9692	2	1	3	945
0.9693	2	1	3	945
0.9694	2	1	3	945
0.9695	2	1	3	945
0.9696	2	1	3	945
0.9697	2	1	3	945
0.9698	2	1	3	945
0.9699	2	1	3	945
0.97	2	1	3	945
0.9701	2	1	3	945
0.9702	2	1	3	945
0.9703	2	1	3	945
0.9704	2	1	3	945
0.9705	2	1	3	945
0.9706	2	1	3	945
0.9707	2	1	3	945
0.9708	2	1	3	945
0.9709	2	1	3	945
0.971	2	1	3	945
0.9711	2	1	3	945
0.9712	2	1	3	945
0.9713	2	1	3	945
0.9714	2	1	3	945
0.9715	2	1	3	945
0.9716	2	1	3	945
0.9717	2	1	3	945
0.9718	2	1	3	945
0.9719	2	1	3	945
0.972	2	1	3	945
0.9721	2	1	3	945
0.9722	2	1	3	945
0.9723	2	1	3	945
0.9724	2	1	3	945
0.9725	2	1	3	945
0.9726	2	1	3	945
0.9727	2	1	3	945
0.9728	2	1	3	945
0.9729	2	1	3	945
0.973	2	1	3	945
0.9731	2	1	3	945
0.9732	2	1	3	945
0.9733	2	1	3	945
0.9734	2	1	3	945
0.9735	2	1	3	945
0.9736	2	1	3	945
0.9737	2	1	3	945
0.9738	2	1	3	945
0.9739	2	1	3	945
0.974	2	1	3	945
0.9741	2	1	3	945
0.9742	2	1	3	945
0.9743	2	1	3	945
0.9744	2	1	3	945
0.9745	2	1	3	945
0.9746	2	1	3	945
0.9747	2	1	3	945
0.9748	2	1	3	945
0.9749	2	1	3	945
0.975	2	1	3	945
0.9751	2	1	3	945
0.9752	2	1	3	945
0.9753	2	1	3	945
0.9754	2	1	3	945
0.9755	2	1	3	945
0.9756	2	1	3	945
0.9757	2	1	3	945
0.9758	2	1	3	945
0.9759	2	1	3	945
0.976	2	1	3	945
0.9761	2	1	3	945
0.9762	2	1	3	945
0.9763	2	1	3	945
0.9764	2	1	3	945
0.9765	2	1	3	945
0.9766	2	1	3	945
0.9767	2	1	3	945
0.9768	2	1	3	945
0.9769	2	1	3	945
0.977	2	1	3	945
0.9771	2	1	3	945
0.9772	2	1	3	945
0.9773	2	1	3	945
0.9774	2	1	3	945
0.9775	2	1	3	945
0.9776	2	1	3	945
0.9777	2	1	3	945
0.9778	2	1	3	945
0.9779	2	1	3	945
0.978	2	1	3	945
0.9781	2	1	3	945
0.9782	2	1	3	945
0.9783	2	1	3	945
0.9784	2	1	3	945
0.9785	2	1	3	945
0.9786	2	1	3	945
0.9787	2	1	3	945
0.9788	2	1	3	945
0.9789	2	1	3	945
0.979	2	1	3	945
0.9791	2	1	3	945
0.9792	2	1	3	945
0.9793	2	1	3	945
0.9794	2	1	3	945
0.9795	2	1	3	945
0.9796	2	1	3	945
0.9797	2	1	3	945
0.9798	2	1	3	945
0.9799	2	1	3	945
0.98	2	1	3	945
0.9801	2	1	3	945
0.9802	2	1	3	945
0.9803	2	1	3	945
0.9804	2	1	3	945
0.9805	2	1	3	945
0.9806	2	1	3	945
0.9807	2	1	3	945
0.9808	2	1	3	945
0.9809	2	1	3	945
0.981	2	1	3	945
0.9811	2	1	3	945
0.9812	2	1	3	945
0.9813	2	1	3	945
0.9814	2	1	3	945
0.9815	2	1	3	945
0.9816	2	1	3	945
0.9817	2	1	3	945
0.9818	2	1	3	945
0.9819	2	1	3	945
0.982	2	1	3	945
0.9821	2	1	3	945
0.9822	2	1	3	945
0.9823	2	1	3	945
0.9824	2	1	3	945
0.9825	2	1	3	945
0.9826	2	1	3	945
0.9827	2	1	3	945
0.9828	2	1	3	945
0.9829	2	1	3	945
0.983	2	1	3	945
0.9831	2	1	3	945
0.9832	2	1	3	945
0.9833	2	1	3	945
0.9834	2	1	3	945
0.9835	2	1	3	945
0.9836	2	1	3	945
0.9837	2	1	3	945
0.9838	2	1	3	945
0.9839	2	1	3	945
0.984	2	1	3	945
0.9841	2	1	3	945
0.9842	2	1	3	945
0.9843	2	1	3	945
0.9844	2	1	3	945
0.9845	2	1	3	945
0.9846	2	1	3	945
0.9847	2	1	3	945
0.9848	2	1	3	945
0.9849	2	1	3	945
0.985	2	1	3	945
0.9851	2	1	3	945
0.9852	2	1	3	945
0.9853	2	1	3	945
0.9854	2	1	3	945
0.9855	2	1	3	945
0.9856	2	1	3	945
0.9857	2	1	3	945
0.9858	2	1	3	945
0.9859	2	1	3	945
0.986	2	1	3	945
0.9861	2	1	3	945
0.9862	2	1	3	945
0.9863	2	1	3	945
0.9864	2	1	3	945
0.9865	2	1	3	945
0.9866	2	1	3	945
0.9867	2	1	3	945
0.9868	2	1	3	945
0.9869	2	1	3	945
0.987	2	1	3	945
0.9871	2	1	3	945
0.9872	2	1	3	945
0.9873	2	1	3	945
0.9874	2	1	3	945
0.9875	2	1	3	945
0.9876	2	1	3	945
0.9877	2	1	3	945
0.9878	2	1	3	945
0.9879	2	1	3	945
0.988	2	1	3	945
0.9881	2	1	3	945
0.9882	2	1	3	945
0.9883	2	1	3	945
0.9884	2	1	3	945
0.9885	2	1	3	945
0.9886	2	1	3	945
0.9887	2	1	3	945
0.9888	2	1	3	945
0.9889	2	1	3	945
0.989	2	1	3	945
0.9891	2	1	3	945
0.9892	2	1	3	945
0.9893	2	1	3	945
0.9894	2	1	3	945
0.9895	2	1	3	945
0.9896	2	1	3	945
0.9897	2	1	3	945
0.9898	2	1	3	945
0.9899	2	1	3	945
0.99	2	1	3	945
0.9901	2	1	3	945
0.9902	2	1	3	945
0.9903	2	1	3	945
0.9904	2	1	3	945
0.9905	2	1	3	945
0.9906	2	1	3	945
0.9907	2	1	3	945
0.9908	2	1	3	945
0.9909	2	1	3	945
0.991	2	1	3	945
0.9911	2	1	3	945
0.9912	2	1	3	945
0.9913	2	1	3	945
0.9914	2	1	3	945
0.9915	2	1	3	945
0.9916	2	1	3	945
0.9917	2	1	3	945
0.9918	2	1	3	945
0.9919	2	1	3	945
0.992	2	1	3	945
0.9921	2	1	3	945
0.9922	2	1	3	945
0.9923	2	1	3	945
0.9924	2	1	3	945
0.9925	2	1	3	945
0.9926	2	1	3	945
0.9927	2	1	3	945
0.9928	2	1	3	945
0.9929	2	1	3	945
0.993	2	1	3	945
0.9931	2	1	3	945
0.9932	2	1	3	945
0.9933	2	1	3	945
0.9934	2	1	3	945
0.9935	2	1	3	945
0.9936	2	1	3	945
0.9937	2	1	3	945
0.9938	2	1	3	945
0.9939	2	1	3	945
0.994	2	1	3	945
0.9941	2	1	3	945
0.9942	2	1	3	945
0.9943	2	1	3	945
0.9944	2	1	3	945
0.9945	2	1	3	945
0.9946	2	1	3	945
0.9947	2	1	3	945
0.9948	2	1	3	945
0.9949	2	1	3	945
0.995	2	1	3	945
0.9951	2	1	3	945
0.9952	2	1	3	945
0.9953	2	1	3	945
0.9954	2	1	3	945
0.9955	2	1	3	945
0.9956	2	1	3	945
0.9957	2	1	3	945
0.9958	2	1	3	945
0.9959	2	1	3	945
0.996	2	1	3	945
0.9961	2	1	3	945
0.9962	2	1	3	945
0.9963	2	1	3	945
0.9964	2	1	3	945
0.9965	2	1	3	945
0.9966	2	1	3	945
0.9967	2	1	3	945
0.9968	2	1	3	945
0.9969	2	1	3	945
0.997	2	1	3	945
0.9971	2	1	3	945
0.9972	2	1	3	945
0.9973	2	1	3	945
0.9974	2	1	3	945
0.9975	2	1	3	945
0.9976	2	1	3	945
0.9977	2	1	3	945
0.9978	2	1	3	945
0.9979	2	1	3	945
0.998	2	1	3	945
0.9981	2	1	3	945
0.9982	2	1	3	945
0.9983	2	1	3	945
0.9984	2	1	3	945
0.9985	2	1	3	945
0.9986	2	1	3	945
0.9987	2	1	3	945
0.9988	2	1	3	945
0.9989	2	1	3	945
0.999	2	1	3	945
0.9991	2	1	3	945
0.9992	2	1	3	945
0.9993	2	1	3	945
0.9994	2	1	3	945
0.9995	2	1	3	945
0.9996	2	1	3	945
0.9997	2	1	3	945
0.9998	2	1	3	945
0.9999	2	1	3	945
1	2	1	3	945
1.0001	2	1	3	945
1.0002	2	1	3	945
1.0003	2	1	3	945
1.0004	2	1	3	945
1.0005	2	1	3	945
1.0006	2	1	3	945
1.0007	2	1	3	945
1.0008	2	1	3	945
1.0009	2	1	3	945
1.001	2	1	3	945
1.0011	2	1	3	945
1.0012	2	1	3	945
1.0013	2	1	3	945
1.0014	2	1	3	945
1.0015	2	1	3	945
1.0016	2	1	3	945
1.0017	2	1	3	945
1.0018	2	1	3	945
1.0019	2	1	3	945
1.002	2	1	3	945
1.0021	2	1	3	945
1.0022	2	1	3	945
1.0023	2	1	3	945
1.0024	2	1	3	945
1.0025	2	1	3	945
1.0026	2	1	3	945
1.0027	2	1	3	945
1.0028	2	1	3	945
1.0029	2	1	3	945
1.003	2	1	3	945
1.0031	2	1	3	945
1.0032	2	1	3	945
1.0033	2	1	3	945
1.0034	2	1	3	945
1.0035	2	1	3	945
1.0036	2	1	3	945
1.0037	2	1	3	945
1.0038	2	1	3	945
1.0039	2	1	3	945
1.004	2	1	3	945
1.0041	2	1	3	945
1.0042	2	1	3	945
1.0043	2	1	3	945
1.0044	2	1	3	945
1.0045	2	1	3	945
1.0046	2	1	3	945
1.0047	2	1	3	945
1.0048	2	1	3	945
1.0049	2	1	3	945
1.005	2	1	3	945
1.0051	2	1	3	945
1.0052	2	1	3	945
1.0053	2	1	3	945
1.0054	2	1	3	945
1.0055	2	1	3	945
1.0056	2	1	3	945
1.0057	2	1	3	945
1.0058	2	1	3	945
1.0059	2	1	3	945
1.006	2	1	3	945
1.0061	2	1	3	945
1.0062	2	1	3	945
1.0063	2	1	3	945
1.0064	2	1	3	945
1.0065	2	1	3	945
1.0066	2	1	3	945
1.0067	2	1	3	945
1.0068	2	1	3	945
1.0069	2	1	3	945
1.007	2	1	3	945
1.0071	2	1	3	945
1.0072	2	1	3	945
1.0073	2	1	3	945
1.0074	2	1	3	945
1.0075	2	1	3	945
1.0076	2	1	3	945
1.0077	2	1	3	945
1.0078	2	1	3	945
1.0079	2	1	3	945
1.008	2	1	3	945
1.0081	2	1	3	945
1.0082	2	1	3	945
1.0083	2	1	3	945
1.0084	2	1	3	945
1.0085	2	1	3	945
1.0086	2	1	3	945
1.0087	2	1	3	945
1.0088	2	1	3	945
1.0089	2	1	3	945
1.009	2	1	3	945
1.0091	2	1	3	945
1.0092	2	1	3	945
1.0093	2	1	3	945
1.0094	2	1	3	945
1.0095	2	1	3	945
1.0096	2	1	3	945
1.0097	2	1	3	945
1.0098	2	1	3	945
1.0099	2	1	3	945
1.01	2	1	3	945
1.0101	2	1	3	945
1.0102	2	1	3	945
1.0103	2	1	3	945
1.0104	2	1	3	945
1.0105	2	1	3	945
1.0106	2	1	3	945
1.0107	2	1	3	945
1.0108	2	1	3	945
1.0109	2	1	3	945
1.011	2	1	3	945
1.0111	2	1	3	945
1.0112	2	1	3	945
1.0113	2	1	3	945
1.0114	2	1	3	945
1.0115	2	1	3	945
1.0116	2	1	3	945
1.0117	2	1	3	945
1.0118	2	1	3	945
1.0119	2	1	3	945
1.012	2	1	3	945
1.0121	2	1	3	945
1.0122	2	1	3	945
1.0123	2	1	3	945
1.0124	2	1	3	945
1.0125	2	1	3	945
1.0126	2	1	3	945
1.0127	2	1	3	945
1.0128	2	1	3	945
1.0129	2	1	3	945
1.013	2	1	3	945
1.0131	2	1	3	945
1.0132	2	1	3	945
1.0133	2	1	3	945
1.0134	2	1	3	945
1.0135	2	1	3	945
1.0136	2	1	3	945
1.0137	2	1	3	945
1.0138	2	1	3	945
1.0139	2	1	3	945
1.014	2	1	3	945
1.0141	2	1	3	945
1.0142	2	1	3	945
1.0143	2	1	3	945
1.0144	2	1	3	945
1.0145	2	1	3	945
1.0146	2	1	3	945
1.0147	2	1	3	945
1.0148	2	1	3	945
1.0149	2	1	3	945
1.015	2	1	3	945
1.0151	2	1	3	945
1.0152	2	1	3	945
1.0153	2	1	3	945
1.0154	2	1	3	945
1.0155	2	1	3	945
1.0156	2	1	3	945
1.0157	2	1	3	945
1.0158	2	1	3	945
1.0159	2	1	3	945
1.016	2	1	3	945
1.0161	2	1	3	945
1.0162	2	1	3	945
1.0163	2	1	3	945
1.0164	2	1	3	945
1.0165	2	1	3	945
1.0166	2	1	3	945
1.0167	2	1	3	945
1.0168	2	1	3	945
1.0169	2	1	3	945
1.017	2	1	3	945
1.0171	2	1	3	945
1.0172	2	1	3	945
1.0173	2	1	3	945
1.0174	2	1	3	945
1.0175	2	1	3	945
1.0176	2	1	3	945
1.0177	2	1	3	945
1.0178	2	1	3	945
1.0179	2	1	3	945
1.018	2	1	3	945
1.0181	2	1	3	945
1.0182	2	1	3	945
1.0183	2	1	3	945
1.0184	2	1	3	945
1.0185	2	1	3	945
1.0186	2	1	3	945
1.0187	2	1	3	945
1.0188	2	1	3	945
1.0189	2	1	3	945
1.019	2	1	3	945
1.0191	2	1	3	945
1.0192	2	1	3	945
1.0193	2	1	3	945
1.0194	2	1	3	945
1.0195	2	1	3	945
1.0196	2	1	3	945
1.0197	2	1	3	945
1.0198	2	1	3	945
1.0199	2	1	3	945
1.02	2	1	3	945
1.0201	2	1	3	945
1.0202	2	1	3	945
1.0203	2	1	3	945
1.0204	2	1	3	945
1.0205	2	1	3	945
1.0206	2	1	3	945
1.0207	2	1	3	945
1.0208	2	1	3	945
1.0209	2	1	3	945
1.021	2	1	3	945
1.0211	2	1	3	945
1.0212	2	1	3	945
1.0213	2	1	3	945
1.0214	2	1	3	945
1.0215	2	1	3	945
1.0216	2	1	3	945
1.0217	2	1	3	945
1.0218	2	1	3	945
1.0219	2	1	3	945
1.022	2	1	3	945
1.0221	2	1	3	945
1.0222	2	1	3	945
1.0223	2	1	3	945
1.0224	2	1	3	945
1.0225	2	1	3	945
1.0226	2	1	3	945
1.0227	2	1	3	945
1.0228	2	1	3	945
1.0229	2	1	3	945
1.023	2	1	3	945
1.0231	2	1	3	945
1.0232	2	1	3	945
1.0233	2	1	3	945
1.0234	2	1	3	945
1.0235	2	1	3	945
1.0236	2	1	3	945
1.0237	2	1	3	945
1.0238	2	1	3	945
1.0239	2	1	3	945
1.024	2	1	3	945
1.0241	2	1	3	945
1.0242	2	1	3	945
1.0243	2	1	3	945
1.0244	2	1	3	945
1.0245	2	1	3	945
1.0246	2	1	3	945
1.0247	2	1	3	945
1.0248	2	1	3	945
1.0249	2	1	3	945
1.025	2	1	3	945
1.0251	2	1	3	945
1.0252	2	1	3	945
1.0253	2	1	3	945
1.0254	2	1	3	945
1.0255	2	1	3	945
1.0256	2	1	3	945
1.0257	2	1	3	945
1.0258	2	1	3	945
1.0259	2	1	3	945
1.026	2	1	3	945
1.0261	2	1	3	945
1.0262	2	1	3	945
1.0263	2	1	3	945
1.0264	2	1	3	945
1.0265	2	1	3	945
1.0266	2	1	3	945
1.0267	2	1	3	945
1.0268	2	1	3	945
1.0269	2	1	3	945
1.027	2	1	3	945
1.0271	2	1	3	945
1.0272	2	1	3	945
1.0273	2	1	3	945
1.0274	2	1	3	945
1.0275	2	1	3	945
1.0276	2	1	3	945
1.0277	2	1	3	945
1.0278	2	1	3	945
1.0279	2	1	3	945
1.028	2	1	3	945
1.0281	2	1	3	945
1.0282	2	1	3	945
1.0283	2	1	3	945
1.0284	2	1	3	945
1.0285	2	1	3	945
1.0286	2	1	3	945
1.0287	2	1	3	945
1.0288	2	1	3	945
1.0289	2	1	3	945
1.029	2	1	3	945
1.0291	2	1	3	945
1.0292	2	1	3	945
1.0293	2	1	3	945
1.0294	2	1	3	945
1.0295	2	1	3	945
1.0296	2	1	3	945
1.0297	2	1	3	945
1.0298	2	1	3	945
1.0299	2	1	3	945
1.03	2	1	3	945
1.0301	2	1	3	945
1.0302	2	1	3	945
1.0303	2	1	3	945
1.0304	2	1	3	945
1.0305	2	1	3	945
1.0306	2	1	3	945
1.0307	2	1	3	945
1.0308	2	1	3	945
1.0309	2	1	3	945
1.031	2	1	3	945
1.0311	2	1	3	945
1.0312	2	1	3	945
1.0313	2	1	3	945
1.0314	2	1	3	945
1.0315	2	1	3	945
1.0316	2	1	3	945
1.0317	2	1	3	945
1.0318	2	1	3	945
1.0319	2	1	3	945
1.032	2	1	3	945
1.0321	2	1	3	945
1.0322	2	1	3	945
1.0323	2	1	3	945
1.0324	2	1	3	945
1.0325	2	1	3	945
1.0326	2	1	3	945
1.0327	2	1	3	945
1.0328	2	1	3	945
1.0329	2	1	3	945
1.033	2	1	3	945
1.0331	2	1	3	945
1.0332	2	1	3	945
1.0333	2	1	3	945
1.0334	2	1	3	945
1.0335	2	1	3	945
1.0336	2	1	3	945
1.0337	2	1	3	945
1.0338	2	1	3	945
1.0339	2	1	3	945
1.034	2	1	3	945
1.0341	2	1	3	945
1.0342	2	1	3	945
1.0343	2	1	3	945
1.0344	2	1	3	945
1.0345	2	1	3	945
1.0346	2	1	3	945
1.0347	2	1	3	945
1.0348	2	1	3	945
1.0349	2	1	3	945
1.035	2	1	3	945
1.0351	2	1	3	945
1.0352	2	1	3	945
1.0353	2	1	3	945
1.0354	2	1	3	945
1.0355	2	1	3	945
1.0356	2	1	3	945
1.0357	2	1	3	945
1.0358	2	1	3	945
1.0359	2	1	3	945
1.036	2	1	3	945
1.0361	2	1	3	945
1.0362	2	1	3	945
1.0363	2	1	3	945
1.0364	2	1	3	945
1.0365	2	1	3	945
1.0366	2	1	3	945
1.0367	2	1	3	945
1.0368	2	1	3	945
1.0369	2	1	3	945
1.037	2	1	3	945
1.0371	2	1	3	945
1.0372	2	1	3	945
1.0373	2	1	3	945
1.0374	2	1	3	945
1.0375	2	1	3	945
1.0376	2	1	3	945
1.0377	2	1	3	945
1.0378	2	1	3	945
1.0379	2	1	3	945
1.038	2	1	3	945
1.0381	2	1	3	945
1.0382	2	1	3	945
1.0383	2	1	3	945
1.0384	2	1	3	945
1.0385	2	1	3	945
1.0386	2	1	3	945
1.0387	2	1	3	945
1.0388	2	1	3	945
1.0389	2	1	3	945
1.039	2	1	3	945
1.0391	2	1	3	945
1.0392	2	1	3	945
1.0393	2	1	3	945
1.0394	2	1	3	945
1.0395	2	1	3	945
1.0396	2	1	3	945
1.0397	2	1	3	945
1.0398	2	1	3	945
1.0399	2	1	3	945
1.04	2	1	3	945
1.0401	2	1	3	945
1.0402	2	1	3	945
1.0403	2	1	3	945
1.0404	2	1	3	945
1.0405	2	1	3	945
1.0406	2	1	3	945
1.0407	2	1	3	945
1.0408	2	1	3	945
1.0409	2	1	3	945
1.041	2	1	3	945
1.0411	2	1	3	945
1.0412	2	1	3	945
1.0413	2	1	3	945
1.0414	2	1	3	945
1.0415	2	1	3	945
1.0416	2	1	3	945
1.0417	2	1	3	945
1.0418	2	1	3	945
1.0419	2	1	3	945
1.042	2	1	3	945
1.0421	2	1	3	945
1.0422	2	1	3	945
1.0423	2	1	3	945
1.0424	2	1	3	945
1.0425	2	1	3	945
1.0426	2	1	3	945
1.0427	2	1	3	945
1.0428	2	1	3	945
1.0429	2	1	3	945
1.043	2	1	3	945
1.0431	2	1	3	945
1.0432	2	1	3	945
1.0433	2	1	3	945
1.0434	2	1	3	945
1.0435	2	1	3	945
1.0436	2	1	3	945
1.0437	2	1	3	945
1.0438	2	1	3	945
1.0439	2	1	3	945
1.044	2	1	3	945
1.0441	2	1	3	945
1.0442	2	1	3	945
1.0443	2	1	3	945
1.0444	2	1	3	945
1.0445	2	1	3	945
1.0446	2	1	3	945
1.0447	2	1	3	945
1.0448	2	1	3	945
1.0449	2	1	3	945
1.045	2	1	3	945
1.0451	2	1	3	945
1.0452	2	1	3	945
1.0453	2	1	3	945
1.0454	2	1	3	945
1.0455	2	1	3	945
1.0456	2	1	3	945
1.0457	2	1	3	945
1.0458	2	1	3	945
1.0459	2	1	3	945
1.046	2	1	3	945
1.0461	2	1	3	945
1.0462	2	1	3	945
1.0463	2	1	3	945
1.0464	2	1	3	945
1.0465	2	1	3	945
1.0466	2	1	3	945
1.0467	2	1	3	945
1.0468	2	1	3	945
1.0469	2	1	3	945
1.047	2	1	3	945
1.0471	2	1	3	945
1.0472	2	1	3	945
1.0473	2	1	3	945
1.0474	2	1	3	945
1.0475	2	1	3	945
1.0476	2	1	3	945
1.0477	2	1	3	945
1.0478	2	1	3	945
1.0479	2	1	3	945
1.048	2	1	3	945
1.0481	2	1	3	945
1.0482	2	1	3	945
1.0483	2	1	3	945
1.0484	2	1	3	945
1.0485	2	1	3	945
1.0486	2	1	3	945
1.0487	2	1	3	945
1.0488	2	1	3	945
1.0489	2	1	3	945
1.049	2	1	3	945
1.0491	2	1	3	945
1.0492	2	1	3	945
1.0493	2	1	3	945
1.0494	2	1	3	945
1.0495	2	1	3	945
1.0496	2	1	3	945
1.0497	2	1	3	945
1.0498	2	1	3	945
1.0499	2	1	3	945
1.05	2	1	3	945
1.0501	2	1	3	945
1.0502	2	1	3	945
1.0503	2	1	3	945
1.0504	2	1	3	945
1.0505	2	1	3	945
1.0506	2	1	3	945
1.0507	2	1	3	945
1.0508	2	1	3	945
1.0509	2	1	3	945
1.051	2	1	3	945
1.0511	2	1	3	945
1.0512	2	1	3	945
1.0513	2	1	3	945
1.0514	2	1	3	945
1.0515	2	1	3	945
1.0516	2	1	3	945
1.0517	2	1	3	945
1.0518	2	1	3	945
1.0519	2	1	3	945
1.052	2	1	3	945
1.0521	2	1	3	945
1.0522	2	1	3	945
1.0523	2	1	3	945
1.0524	2	1	3	945
1.0525	2	1	3	945
1.0526	2	1	3	945
1.0527	2	1	3	945
1.0528	2	1	3	945
1.0529	2	1	3	945
1.053	2	1	3	945
1.0531	2	1	3	945
1.0532	2	1	3	945
1.0533	2	1	3	945
1.0534	2	1	3	945
1.0535	2	1	3	945
1.0536	2	1	3	945
1.0537	2	1	3	945
1.0538	2	1	3	945
1.0539	2	1	3	945
1.054	2	1	3	945
1.0541	2	1	3	945
1.0542	2	1	3	945
1.0543	2	1	3	945
1.0544	2	1	3	945
1.0545	2	1	3	945
1.0546	2	1	3	945
1.0547	2	1	3	945
1.0548	2	1	3	945
1.0549	2	1	3	945
1.055	2	1	3	945
1.0551	2	1	3	945
1.0552	2	1	3	945
1.0553	2	1	3	945
1.0554	2	1	3	945
1.0555	2	1	3	945
1.0556	2	1	3	945
1.0557	2	1	3	945
1.0558	2	1	3	945
1.0559	2	1	3	945
1.056	2	1	3	945
1.0561	2	1	3	945
1.0562	2	1	3	945
1.0563	2	1	3	945
1.0564	2	1	3	945
1.0565	2	1	3	945
1.0566	2	1	3	945
1.0567	2	1	3	945
1.0568	2	1	3	945
1.0569	2	1	3	945
1.057	2	1	3	945
1.0571	2	1	3	945
1.0572	2	1	3	945
1.0573	2	1	3	945
1.0574	2	1	3	945
1.0575	2	1	3	945
1.0576	2	1	3	945
1.0577	2	1	3	945
1.0578	2	1	3	945
1.0579	2	1	3	945
1.058	2	1	3	945
1.0581	2	1	3	945
1.0582	2	1	3	945
1.0583	2	1	3	945
1.0584	2	1	3	945
1.0585	2	1	3	945
1.0586	2	1	3	945
1.0587	2	1	3	945
1.0588	2	1	3	945
1.0589	2	1	3	945
1.059	2	1	3	945
1.0591	2	1	3	945
1.0592	2	1	3	945
1.0593	2	1	3	945
1.0594	2	1	3	945
1.0595	2	1	3	945
1.0596	2	1	3	945
1.0597	2	1	3	945
1.0598	2	1	3	945
1.0599	2	1	3	945
1.06	2	1	3	945
1.0601	2	1	3	945
1.0602	2	1	3	945
1.0603	2	1	3	945
1.0604	2	1	3	945
1.0605	2	1	3	945
1.0606	2	1	3	945
1.0607	2	1	3	945
1.0608	2	1	3	945
1.0609	2	1	3	945
1.061	2	1	3	945
1.0611	2	1	3	945
1.0612	2	1	3	945
1.0613	2	1	3	945
1.0614	2	1	3	945
1.0615	2	1	3	945
1.0616	2	1	3	945
1.0617	2	1	3	945
1.0618	2	1	3	945
1.0619	2	1	3	945
1.062	2	1	3	945
1.0621	2	1	3	945
1.0622	2	1	3	945
1.0623	2	1	3	945
1.0624	2	1	3	945
1.0625	2	1	3	945
1.0626	2	1	3	945
1.0627	2	1	3	945
1.0628	2	1	3	945
1.0629	2	1	3	945
1.063	2	1	3	945
1.0631	2	1	3	945
1.0632	2	1	3	945
1.0633	2	1	3	945
1.0634	2	1	3	945
1.0635	2	1	3	945
1.0636	2	1	3	945
1.0637	2	1	3	945
1.0638	2	1	3	945
1.0639	2	1	3	945
1.064	2	1	3	945
1.0641	2	1	3	945
1.0642	2	1	3	945
1.0643	2	1	3	945
1.0644	2	1	3	945
1.0645	2	1	3	945
1.0646	2	1	3	945
1.0647	2	1	3	945
1.0648	2	1	3	945
1.0649	2	1	3	945
1.065	2	1	3	945
1.0651	2	1	3	945
1.0652	2	1	3	945
1.0653	2	1	3	945
1.0654	2	1	3	945
1.0655	2	1	3	945
1.0656	2	1	3	945
1.0657	2	1	3	945
1.0658	2	1	3	945
1.0659	2	1	3	945
1.066	2	1	3	945
1.0661	2	1	3	945
1.0662	2	1	3	945
1.0663	2	1	3	945
1.0664	2	1	3	945
1.0665	2	1	3	945
1.0666	2	1	3	945
1.0667	2	1	3	945
1.0668	2	1	3	945
1.0669	2	1	3	945
1.067	2	1	3	945
1.0671	2	1	3	945
1.0672	2	1	3	945
1.0673	2	1	3	945
1.0674	2	1	3	945
1.0675	2	1	3	945
1.0676	2	1	3	945
1.0677	2	1	3	945
1.0678	2	1	3	945
1.0679	2	1	3	945
1.068	2	1	3	945
1.0681	2	1	3	945
1.0682	2	1	3	945
1.0683	2	1	3	945
1.0684	2	1	3	945
1.0685	2	1	3	945
1.0686	2	1	3	945
1.0687	2	1	3	945
1.0688	2	1	3	945
1.0689	2	1	3	945
1.069	2	1	3	945
1.0691	2	1	3	945
1.0692	2	1	3	945
1.0693	2	1	3	945
1.0694	2	1	3	945
1.0695	2	1	3	945
1.0696	2	1	3	945
1.0697	2	1	3	945
1.0698	2	1	3	945
1.0699	2	1	3	945
1.07	2	1	3	945
1.0701	2	1	3	945
1.0702	2	1	3	945
1.0703	2	1	3	945
1.0704	2	1	3	945
1.0705	2	1	3	945
1.0706	2	1	3	945
1.0707	2	1	3	945
1.0708	2	1	3	945
1.0709	2	1	3	945
1.071	2	1	3	945
1.0711	2	1	3	945
1.0712	2	1	3	945
1.0713	2	1	3	945
1.0714	2	1	3	945
1.0715	2	1	3	945
1.0716	2	1	3	945
1.0717	2	1	3	945
1.0718	2	1	3	945
1.0719	2	1	3	945
1.072	2	1	3	945
1.0721	2	1	3	945
1.0722	2	1	3	945
1.0723	2	1	3	945
1.0724	2	1	3	945
1.0725	2	1	3	945
1.0726	2	1	3	945
1.0727	2	1	3	945
1.0728	2	1	3	945
1.0729	2	1	3	945
1.073	2	1	3	945
1.0731	2	1	3	945
1.0732	2	1	3	945
1.0733	2	1	3	945
1.0734	2	1	3	945
1.0735	2	1	3	945
1.0736	2	1	3	945
1.0737	2	1	3	945
1.0738	2	1	3	945
1.0739	2	1	3	945
1.074	2	1	3	945
1.0741	2	1	3	945
1.0742	2	1	3	945
1.0743	2	1	3	945
1.0744	2	1	3	945
1.0745	2	1	3	945
1.0746	2	1	3	945
1.0747	2	1	3	945
1.0748	2	1	3	945
1.0749	2	1	3	945
1.075	2	1	3	945
1.0751	2	1	3	945
1.0752	2	1	3	945
1.0753	2	1	3	945
1.0754	2	1	3	945
1.0755	2	1	3	945
1.0756	2	1	3	945
1.0757	2	1	3	945
1.0758	2	1	3	945
1.0759	2	1	3	945
1.076	2	1	3	945
1.0761	2	1	3	945
1.0762	2	1	3	945
1.0763	2	1	3	945
1.0764	2	1	3	945
1.0765	2	1	3	945
1.0766	2	1	3	945
1.0767	2	1	3	945
1.0768	2	1	3	945
1.0769	2	1	3	945
1.077	2	1	3	945
1.0771	2	1	3	945
1.0772	2	1	3	945
1.0773	2	1	3	945
1.0774	2	1	3	945
1.0775	2	1	3	945
1.0776	2	1	3	945
1.0777	2	1	3	945
1.0778	2	1	3	945
1.0779	2	1	3	945
1.078	2	1	3	945
1.0781	2	1	3	945
1.0782	2	1	3	945
1.0783	2	1	3	945
1.0784	2	1	3	945
1.0785	2	1	3	945
1.0786	2	1	3	945
1.0787	2	1	3	945
1.0788	2	1	3	945
1.0789	2	1	3	945
1.079	2	1	3	945
1.0791	2	1	3	945
1.0792	2	1	3	945
1.0793	2	1	3	945
1.0794	2	1	3	945
1.0795	2	1	3	945
1.0796	2	1	3	945
1.0797	2	1	3	945
1.0798	2	1	3	945
1.0799	2	1	3	945
1.08	2	1	3	945
1.0801	2	1	3	945
1.0802	2	1	3	945
1.0803	2	1	3	945
1.0804	2	1	3	945
1.0805	2	1	3	945
1.0806	2	1	3	945
1.0807	2	1	3	945
1.0808	2	1	3	945
1.0809	2	1	3	945
1.081	2	1	3	945
1.0811	2	1	3	945
1.0812	2	1	3	945
1.0813	2	1	3	945
1.0814	2	1	3	945
1.0815	2	1	3	945
1.0816	2	1	3	945
1.0817	2	1	3	945
1.0818	2	1	3	945
1.0819	2	1	3	945
1.082	2	1	3	945
1.0821	2	1	3	945
1.0822	2	1	3	945
1.0823	2	1	3	945
1.0824	2	1	3	945
1.0825	2	1	3	945
1.0826	2	1	3	945
1.0827	2	1	3	945
1.0828	2	1	3	945
1.0829	2	1	3	945
1.083	2	1	3	945
1.0831	2	1	3	945
1.0832	2	1	3	945
1.0833	2	1	3	945
1.0834	2	1	3	945
1.0835	2	1	3	945
1.0836	2	1	3	945
1.0837	2	1	3	945
1.0838	2	1	3	945
1.0839	2	1	3	945
1.084	2	1	3	945
1.0841	2	1	3	945
1.0842	2	1	3	945
1.0843	2	1	3	945
1.0844	2	1	3	945
1.0845	2	1	3	945
1.0846	2	1	3	945
1.0847	2	1	3	945
1.0848	2	1	3	945
1.0849	2	1	3	945
1.085	2	1	3	945
1.0851	2	1	3	945
1.0852	2	1	3	945
1.0853	2	1	3	945
1.0854	2	1	3	945
1.0855	2	1	3	945
1.0856	2	1	3	945
1.0857	2	1	3	945
1.0858	2	1	3	945
1.0859	2	1	3	945
1.086	2	1	3	945
1.0861	2	1	3	945
1.0862	2	1	3	945
1.0863	2	1	3	945
1.0864	2	1	3	945
1.0865	2	1	3	945
1.0866	2	1	3	945
1.0867	2	1	3	945
1.0868	2	1	3	945
1.0869	2	1	3	945
1.087	2	1	3	945
1.0871	2	1	3	945
1.0872	2	1	3	945
1.0873	2	1	3	945
1.0874	2	1	3	945
1.0875	2	1	3	945
1.0876	2	1	3	945
1.0877	2	1	3	945
1.0878	2	1	3	945
1.0879	2	1	3	945
1.088	2	1	3	945
1.0881	2	1	3	945
1.0882	2	1	3	945
1.0883	2	1	3	945
1.0884	2	1	3	945
1.0885	2	1	3	945
1.0886	2	1	3	945
1.0887	2	1	3	945
1.0888	2	1	3	945
1.0889	2	1	3	945
1.089	2	1	3	945
1.0891	2	1	3	945
1.0892	2	1	3	945
1.0893	2	1	3	945
1.0894	2	1	3	945
1.0895	2	1	3	945
1.0896	2	1	3	945
1.0897	2	1	3	945
1.0898	2	1	3	945
1.0899	2	1	3	945
1.09	2	1	3	945
1.0901	2	1	3	945
1.0902	2	1	3	945
1.0903	2	1	3	945
1.0904	2	1	3	945
1.0905	2	1	3	945
1.0906	2	1	3	945
1.0907	2	1	3	945
1.0908	2	1	3	945
1.0909	2	1	3	945
1.091	2	1	3	945
1.0911	2	1	3	945
1.0912	2	1	3	945
1.0913	2	1	3	945
1.0914	2	1	3	945
1.0915	2	1	3	945
1.0916	2	1	3	945
1.0917	2	1	3	945
1.0918	2	1	3	945
1.0919	2	1	3	945
1.092	2	1	3	945
1.0921	2	1	3	945
1.0922	2	1	3	945
1.0923	2	1	3	945
1.0924	2	1	3	945
1.0925	2	1	3	945
1.0926	2	1	3	945
1.0927	2	1	3	945
1.0928	2	1	3	945
1.0929	2	1	3	945
1.093	2	1	3	945
1.0931	2	1	3	945
1.0932	2	1	3	945
1.0933	2	1	3	945
1.0934	2	1	3	945
1.0935	2	1	3	945
1.0936	2	1	3	945
1.0937	2	1	3	945
1.0938	2	1	3	945
1.0939	2	1	3	945
1.094	2	1	3	945
1.0941	2	1	3	945
1.0942	2	1	3	945
1.0943	2	1	3	945
1.0944	2	1	3	945
1.0945	2	1	3	945
1.0946	2	1	3	945
1.0947	2	1	3	945
1.0948	2	1	3	945
1.0949	2	1	3	945
1.095	2	1	3	945
1.0951	2	1	3	945
1.0952	2	1	3	945
1.0953	2	1	3	945
1.0954	2	1	3	945
1.0955	2	1	3	945
1.0956	2	1	3	945
1.0957	2	1	3	945
1.0958	2	1	3	945
1.0959	2	1	3	945
1.096	2	1	3	945
1.0961	2	1	3	945
1.0962	2	1	3	945
1.0963	2	1	3	945
1.0964	2	1	3	945
1.0965	2	1	3	945
1.0966	2	1	3	945
1.0967	2	1	3	945
1.0968	2	1	3	945
1.0969	2	1	3	945
1.097	2	1	3	945
1.0971	2	1	3	945
1.0972	2	1	3	945
1.0973	2	1	3	945
1.0974	2	1	3	945
1.0975	2	1	3	945
1.0976	2	1	3	945
1.0977	2	1	3	945
1.0978	2	1	3	945
1.0979	2	1	3	945
1.098	2	1	3	945
1.0981	2	1	3	945
1.0982	2	1	3	945
1.0983	2	1	3	945
1.0984	2	1	3	945
1.0985	2	1	3	945
1.0986	2	1	3	945
1.0987	2	1	3	945
1.0988	2	1	3	945
1.0989	2	1	3	945
1.099	2	1	3	945
1.0991	2	1	3	945
1.0992	2	1	3	945
1.0993	2	1	3	945
1.0994	2	1	3	945
1.0995	2	1	3	945
1.0996	2	1	3	945
1.0997	2	1	3	945
1.0998	2	1	3	945
1.0999	2	1	3	945
1.1	2	1	3	945
1.1001	2	1	3	945
1.1002	2	1	3	945
1.1003	2	1	3	945
1.1004	2	1	3	945
1.1005	2	1	3	945
1.1006	2	1	3	945
1.1007	2	1	3	945
1.1008	2	1	3	945
1.1009	2	1	3	945
1.101	2	1	3	945
1.1011	2	1	3	945
1.1012	2	1	3	945
1.1013	2	1	3	945
1.1014	2	1	3	945
1.1015	2	1	3	945
1.1016	2	1	3	945
1.1017	2	1	3	945
1.1018	2	1	3	945
1.1019	2	1	3	945
1.102	2	1	3	945
1.1021	2	1	3	945
1.1022	2	1	3	945
1.1023	2	1	3	945
1.1024	2	1	3	945
1.1025	2	1	3	945
1.1026	2	1	3	945
1.1027	2	1	3	945
1.1028	2	1	3	945
1.1029	2	1	3	945
1.103	2	1	3	945
1.1031	2	1	3	945
1.1032	2	1	3	945
1.1033	2	1	3	945
1.1034	2	1	3	945
1.1035	2	1	3	945
1.1036	2	1	3	945
1.1037	2	1	3	945
1.1038	2	1	3	945
1.1039	2	1	3	945
1.104	2	1	3	945
1.1041	2	1	3	945
1.1042	2	1	3	945
1.1043	2	1	3	945
1.1044	2	1	3	945
1.1045	2	1	3	945
1.1046	2	1	3	945
1.1047	2	1	3	945
1.1048	2	1	3	945
1.1049	2	1	3	945
1.105	2	1	3	945
1.1051	2	1	3	945
1.1052	2	1	3	945
1.1053	2	1	3	945
1.1054	2	1	3	945
1.1055	2	1	3	945
1.1056	2	1	3	945
1.1057	2	1	3	945
1.1058	2	1	3	945
1.1059	2	1	3	945
1.106	2	1	3	945
1.1061	2	1	3	945
1.1062	2	1	3	945
1.1063	2	1	3	945
1.1064	2	1	3	945
1.1065	2	1	3	945
1.1066	2	1	3	945
1.1067	2	1	3	945
1.1068	2	1	3	945
1.1069	2	1	3	945
1.107	2	1	3	945
1.1071	2	1	3	945
1.1072	2	1	3	945
1.1073	2	1	3	945
1.1074	2	1	3	945
1.1075	2	1	3	945
1.1076	2	1	3	945
1.1077	2	1	3	945
1.1078	2	1	3	945
1.1079	2	1	3	945
1.108	2	1	3	945
1.1081	2	1	3	945
1.1082	2	1	3	945
1.1083	2	1	3	945
1.1084	2	1	3	945
1.1085	2	1	3	945
1.1086	2	1	3	945
1.1087	2	1	3	945
1.1088	2	1	3	945
1.1089	2	1	3	945
1.109	2	1	3	945
1.1091	2	1	3	945
1.1092	2	1	3	945
1.1093	2	1	3	945
1.1094	2	1	3	945
1.1095	2	1	3	945
1.1096	2	1	3	945
1.1097	2	1	3	945
1.1098	2	1	3	945
1.1099	2	1	3	945
1.11	2	1	3	945
1.1101	2	1	3	945
1.1102	2	1	3	945
1.1103	2	1	3	945
1.1104	2	1	3	945
1.1105	2	1	3	945
1.1106	2	1	3	945
1.1107	2	1	3	945
1.1108	2	1	3	945
1.1109	2	1	3	945
1.111	2	1	3	945
1.1111	2	1	3	945
1.1112	2	1	3	945
1.1113	2	1	3	945
1.1114	2	1	3	945
1.1115	2	1	3	945
1.1116	2	1	3	945
1.1117	2	1	3	945
1.1118	2	1	3	945
1.1119	2	1	3	945
1.112	2	1	3	945
1.1121	2	1	3	945
1.1122	2	1	3	945
1.1123	2	1	3	945
1.1124	2	1	3	945
1.1125	2	1	3	945
1.1126	2	1	3	945
1.1127	2	1	3	945
1.1128	2	1	3	945
1.1129	2	1	3	945
1.113	2	1	3	945
1.1131	2	1	3	945
1.1132	2	1	3	945
1.1133	2	1	3	945
1.1134	2	1	3	945
1.1135	2	1	3	945
1.1136	2	1	3	945
1.1137	2	1	3	945
1.1138	2	1	3	945
1.1139	2	1	3	945
1.114	2	1	3	945
1.1141	2	1	3	945
1.1142	2	1	3	945
1.1143	2	1	3	945
1.1144	2	1	3	945
1.1145	2	1	3	945
1.1146	2	1	3	945
1.1147	2	1	3	945
1.1148	2	1	3	945
1.1149	2	1	3	945
1.115	2	1	3	945
1.1151	2	1	3	945
1.1152	2	1	3	945
1.1153	2	1	3	945
1.1154	2	1	3	945
1.1155	2	1	3	945
1.1156	2	1	3	945
1.1157	2	1	3	945
1.1158	2	1	3	945
1.1159	2	1	3	945
1.116	2	1	3	945
1.1161	2	1	3	945
1.1162	2	1	3	945
1.1163	2	1	3	945
1.1164	2	1	3	945
1.1165	2	1	3	945
1.1166	2	1	3	945
1.1167	2	1	3	945
1.1168	2	1	3	945
1.1169	2	1	3	945
1.117	2	1	3	945
1.1171	2	1	3	945
1.1172	2	1	3	945
1.1173	2	1	3	945
1.1174	2	1	3	945
1.1175	2	1	3	945
1.1176	2	1	3	945
1.1177	2	1	3	945
1.1178	2	1	3	945
1.1179	2	1	3	945
1.118	2	1	3	945
1.1181	2	1	3	945
1.1182	2	1	3	945
1.1183	2	1	3	945
1.1184	2	1	3	945
1.1185	2	1	3	945
1.1186	2	1	3	945
1.1187	2	1	3	945
1.1188	2	1	3	945
1.1189	2	1	3	945
1.119	2	1	3	945
1.1191	2	1	3	945
1.1192	2	1	3	945
1.1193	2	1	3	945
1.1194	2	1	3	945
1.1195	2	1	3	945
1.1196	2	1	3	945
1.1197	2	1	3	945
1.1198	2	1	3	945
1.1199	2	1	3	945
1.12	2	1	3	945
1.1201	2	1	3	945
1.1202	2	1	3	945
1.1203	2	1	3	945
1.1204	2	1	3	945
1.1205	2	1	3	945
1.1206	2	1	3	945
1.1207	2	1	3	945
1.1208	2	1	3	945
1.1209	2	1	3	945
1.121	2	1	3	945
1.1211	2	1	3	945
1.1212	2	1	3	945
1.1213	2	1	3	945
1.1214	2	1	3	945
1.1215	2	1	3	945
1.1216	2	1	3	945
1.1217	2	1	3	945
1.1218	2	1	3	945
1.1219	2	1	3	945
1.122	2	1	3	945
1.1221	2	1	3	945
1.1222	2	1	3	945
1.1223	2	1	3	945
1.1224	2	1	3	945
1.1225	2	1	3	945
1.1226	2	1	3	945
1.1227	2	1	3	945
1.1228	2	1	3	945
1.1229	2	1	3	945
1.123	2	1	3	945
1.1231	2	1	3	945
1.1232	2	1	3	945
1.1233	2	1	3	945
1.1234	2	1	3	945
1.1235	2	1	3	945
1.1236	2	1	3	945
1.1237	2	1	3	945
1.1238	2	1	3	945
1.1239	2	1	3	945
1.124	2	1	3	945
1.1241	2	1	3	945
1.1242	2	1	3	945
1.1243	2	1	3	945
1.1244	2	1	3	945
1.1245	2	1	3	945
1.1246	2	1	3	945
1.1247	2	1	3	945
1.1248	2	1	3	945
1.1249	2	1	3	945
1.125	2	1	3	945
1.1251	2	1	3	945
1.1252	2	1	3	945
1.1253	2	1	3	945
1.1254	2	1	3	945
1.1255	2	1	3	945
1.1256	2	1	3	945
1.1257	2	1	3	945
1.1258	2	1	3	945
1.1259	2	1	3	945
1.126	2	1	3	945
1.1261	2	1	3	945
1.1262	2	1	3	945
1.1263	2	1	3	945
1.1264	2	1	3	945
1.1265	2	1	3	945
1.1266	2	1	3	945
1.1267	2	1	3	945
1.1268	2	1	3	945
1.1269	2	1	3	945
1.127	2	1	3	945
1.1271	2	1	3	945
1.1272	2	1	3	945
1.1273	2	1	3	945
1.1274	2	1	3	945
1.1275	2	1	3	945
1.1276	2	1	3	945
1.1277	2	1	3	945
1.1278	2	1	3	945
1.1279	2	1	3	945
1.128	2	1	3	945
1.1281	2	1	3	945
1.1282	2	1	3	945
1.1283	2	1	3	945
1.1284	2	1	3	945
1.1285	2	1	3	945
1.1286	2	1	3	945
1.1287	2	1	3	945
1.1288	2	1	3	945
1.1289	2	1	3	945
1.129	2	1	3	945
1.1291	2	1	3	945
1.1292	2	1	3	945
1.1293	2	1	3	945
1.1294	2	1	3	945
1.1295	2	1	3	945
1.1296	2	1	3	945
1.1297	2	1	3	945
1.1298	2	1	3	945
1.1299	2	1	3	945
1.13	2	1	3	945
1.1301	2	1	3	945
1.1302	2	1	3	945
1.1303	2	1	3	945
1.1304	2	1	3	945
1.1305	2	1	3	945
1.1306	2	1	3	945
1.1307	2	1	3	945
1.1308	2	1	3	945
1.1309	2	1	3	945
1.131	2	1	3	945
1.1311	2	1	3	945
1.1312	2	1	3	945
1.1313	2	1	3	945
1.1314	2	1	3	945
1.1315	2	1	3	945
1.1316	2	1	3	945
1.1317	2	1	3	945
1.1318	2	1	3	945
1.1319	2	1	3	945
1.132	2	1	3	945
1.1321	2	1	3	945
1.1322	2	1	3	945
1.1323	2	1	3	945
1.1324	2	1	3	945
1.1325	2	1	3	945
1.1326	2	1	3	945
1.1327	2	1	3	945
1.1328	2	1	3	945
1.1329	2	1	3	945
1.133	2	1	3	945
1.1331	2	1	3	945
1.1332	2	1	3	945
1.1333	2	1	3	945
1.1334	2	1	3	945
1.1335	2	1	3	945
1.1336	2	1	3	945
1.1337	2	1	3	945
1.1338	2	1	3	945
1.1339	2	1	3	945
1.134	2	1	3	945
1.1341	2	1	3	945
1.1342	2	1	3	945
1.1343	2	1	3	945
1.1344	2	1	3	945
1.1345	2	1	3	945
1.1346	2	1	3	945
1.1347	2	1	3	945
1.1348	2	1	3	945
1.1349	2	1	3	945
1.135	2	1	3	945
1.1351	2	1	3	945
1.1352	2	1	3	945
1.1353	2	1	3	945
1.1354	2	1	3	945
1.1355	2	1	3	945
1.1356	2	1	3	945
1.1357	2	1	3	945
1.1358	2	1	3	945
1.1359	2	1	3	945
1.136	2	1	3	945
1.1361	2	1	3	945
1.1362	2	1	3	945
1.1363	2	1	3	945
1.1364	2	1	3	945
1.1365	2	1	3	945
1.1366	2	1	3	945
1.1367	2	1	3	945
1.1368	2	1	3	945
1.1369	2	1	3	945
1.137	2	1	3	945
1.1371	2	1	3	945
1.1372	2	1	3	945
1.1373	2	1	3	945
1.1374	2	1	3	945
1.1375	2	1	3	945
1.1376	2	1	3	945
1.1377	2	1	3	945
1.1378	2	1	3	945
1.1379	2	1	3	945
1.138	2	1	3	945
1.1381	2	1	3	945
1.1382	2	1	3	945
1.1383	2	1	3	945
1.1384	2	1	3	945
1.1385	2	1	3	945
1.1386	2	1	3	945
1.1387	2	1	3	945
1.1388	2	1	3	945
1.1389	2	1	3	945
1.139	2	1	3	945
1.1391	2	1	3	945
1.1392	2	1	3	945
1.1393	2	1	3	945
1.1394	2	1	3	945
1.1395	2	1	3	945
1.1396	2	1	3	945
1.1397	2	1	3	945
1.1398	2	1	3	945
1.1399	2	1	3	945
1.14	2	1	3	945
1.1401	2	1	3	945
1.1402	2	1	3	945
1.1403	2	1	3	945
1.1404	2	1	3	945
1.1405	2	1	3	945
1.1406	2	1	3	945
1.1407	2	1	3	945
1.1408	2	1	3	945
1.1409	2	1	3	945
1.141	2	1	3	945
1.1411	2	1	3	945
1.1412	2	1	3	945
1.1413	2	1	3	945
1.1414	2	1	3	945
1.1415	2	1	3	945
1.1416	2	1	3	945
1.1417	2	1	3	945
1.1418	2	1	3	945
1.1419	2	1	3	945
1.142	2	1	3	945
1.1421	2	1	3	945
1.1422	2	1	3	945
1.1423	2	1	3	945
1.1424	2	1	3	945
1.1425	2	1	3	945
1.1426	2	1	3	945
1.1427	2	1	3	945
1.1428	2	1	3	945
1.1429	2	1	3	945
1.143	2	1	3	945
1.1431	2	1	3	945
1.1432	2	1	3	945
1.1433	2	1	3	945
1.1434	2	1	3	945
1.1435	2	1	3	945
1.1436	2	1	3	945
1.1437	2	1	3	945
1.1438	2	1	3	945
1.1439	2	1	3	945
1.144	2	1	3	945
1.1441	2	1	3	945
1.1442	2	1	3	945
1.1443	2	1	3	945
1.1444	2	1	3	945
1.1445	2	1	3	945
1.1446	2	1	3	945
1.1447	2	1	3	945
1.1448	2	1	3	945
1.1449	2	1	3	945
1.145	2	1	3	945
1.1451	2	1	3	945
1.1452	2	1	3	945
1.1453	2	1	3	945
1.1454	2	1	3	945
1.1455	2	1	3	945
1.1456	2	1	3	945
1.1457	2	1	3	945
1.1458	2	1	3	945
1.1459	2	1	3	945
1.146	2	1	3	945
1.1461	2	1	3	945
1.1462	2	1	3	945
1.1463	2	1	3	945
1.1464	2	1	3	945
1.1465	2	1	3	945
1.1466	2	1	3	945
1.1467	2	1	3	945
1.1468	2	1	3	945
1.1469	2	1	3	945
1.147	2	1	3	945
1.1471	2	1	3	945
1.1472	2	1	3	945
1.1473	2	1	3	945
1.1474	2	1	3	945
1.1475	2	1	3	945
1.1476	2	1	3	945
1.1477	2	1	3	945
1.1478	2	1	3	945
1.1479	2	1	3	945
1.148	2	1	3	945
1.1481	2	1	3	945
1.1482	2	1	3	945
1.1483	2	1	3	945
1.1484	2	1	3	945
1.1485	2	1	3	945
1.1486	2	1	3	945
1.1487	2	1	3	945
1.1488	2	1	3	945
1.1489	2	1	3	945
1.149	2	1	3	945
1.1491	2	1	3	945
1.1492	2	1	3	945
1.1493	2	1	3	945
1.1494	2	1	3	945
1.1495	2	1	3	945
1.1496	2	1	3	945
1.1497	2	1	3	945
1.1498	2	1	3	945
1.1499	2	1	3	945
1.15	2	1	3	945
1.1501	2	1	3	945
1.1502	2	1	3	945
1.1503	2	1	3	945
1.1504	2	1	3	945
1.1505	2	1	3	945
1.1506	2	1	3	945
1.1507	2	1	3	945
1.1508	2	1	3	945
1.1509	2	1	3	945
1.151	2	1	3	945
1.1511	2	1	3	945
1.1512	2	1	3	945
1.1513	2	1	3	945
1.1514	2	1	3	945
1.1515	2	1	3	945
1.1516	2	1	3	945
1.1517	2	1	3	945
1.1518	2	1	3	945
1.1519	2	1	3	945
1.152	2	1	3	945
1.1521	2	1	3	945
1.1522	2	1	3	945
1.1523	2	1	3	945
1.1524	2	1	3	945
1.1525	2	1	3	945
1.1526	2	1	3	945
1.1527	2	1	3	945
1.1528	2	1	3	945
1.1529	2	1	3	945
1.153	2	1	3	945
1.1531	2	1	3	945
1.1532	2	1	3	945
1.1533	2	1	3	945
1.1534	2	1	3	945
1.1535	2	1	3	945
1.1536	2	1	3	945
1.1537	2	1	3	945
1.1538	2	1	3	945
1.1539	2	1	3	945
1.154	2	1	3	945
1.1541	2	1	3	945
1.1542	2	1	3	945
1.1543	2	1	3	945
1.1544	2	1	3	945
1.1545	2	1	3	945
1.1546	2	1	3	945
1.1547	2	1	3	945
1.1548	2	1	3	945
1.1549	2	1	3	945
1.155	2	1	3	945
1.1551	2	1	3	945
1.1552	2	1	3	945
1.1553	2	1	3	945
1.1554	2	1	3	945
1.1555	2	1	3	945
1.1556	2	1	3	945
1.1557	2	1	3	945
1.1558	2	1	3	945
1.1559	2	1	3	945
1.156	2	1	3	945
1.1561	2	1	3	945
1.1562	2	1	3	945
1.1563	2	1	3	945
1.1564	2	1	3	945
1.1565	2	1	3	945
1.1566	2	1	3	945
1.1567	2	1	3	945
1.1568	2	1	3	945
1.1569	2	1	3	945
1.157	2	1	3	945
1.1571	2	1	3	945
1.1572	2	1	3	945
1.1573	2	1	3	945
1.1574	2	1	3	945
1.1575	2	1	3	945
1.1576	2	1	3	945
1.1577	2	1	3	945
1.1578	2	1	3	945
1.1579	2	1	3	945
1.158	2	1	3	945
1.1581	2	1	3	945
1.1582	2	1	3	945
1.1583	2	1	3	945
1.1584	2	1	3	945
1.1585	2	1	3	945
1.1586	2	1	3	945
1.1587	2	1	3	945
1.1588	2	1	3	945
1.1589	2	1	3	945
1.159	2	1	3	945
1.1591	2	1	3	945
1.1592	2	1	3	945
1.1593	2	1	3	945
1.1594	2	1	3	945
1.1595	2	1	3	945
1.1596	2	1	3	945
1.1597	2	1	3	945
1.1598	2	1	3	945
1.1599	2	1	3	945
1.16	2	1	3	945
1.1601	2	1	3	945
1.1602	2	1	3	945
1.1603	2	1	3	945
1.1604	2	1	3	945
1.1605	2	1	3	945
1.1606	2	1	3	945
1.1607	2	1	3	945
1.1608	2	1	3	945
1.1609	2	1	3	945
1.161	2	1	3	945
1.1611	2	1	3	945
1.1612	2	1	3	945
1.1613	2	1	3	945
1.1614	2	1	3	945
1.1615	2	1	3	945
1.1616	2	1	3	945
1.1617	2	1	3	945
1.1618	2	1	3	945
1.1619	2	1	3	945
1.162	2	1	3	945
1.1621	2	1	3	945
1.1622	2	1	3	945
1.1623	2	1	3	945
1.1624	2	1	3	945
1.1625	2	1	3	945
1.1626	2	1	3	945
1.1627	2	1	3	945
1.1628	2	1	3	945
1.1629	2	1	3	945
1.163	2	1	3	945
1.1631	2	1	3	945
1.1632	2	1	3	945
1.1633	2	1	3	945
1.1634	2	1	3	945
1.1635	2	1	3	945
1.1636	2	1	3	945
1.1637	2	1	3	945
1.1638	2	1	3	945
1.1639	2	1	3	945
1.164	2	1	3	945
1.1641	2	1	3	945
1.1642	2	1	3	945
1.1643	2	1	3	945
1.1644	2	1	3	945
1.1645	2	1	3	945
1.1646	2	1	3	945
1.1647	2	1	3	945
1.1648	2	1	3	945
1.1649	2	1	3	945
1.165	2	1	3	945
1.1651	2	1	3	945
1.1652	2	1	3	945
1.1653	2	1	3	945
1.1654	2	1	3	945
1.1655	2	1	3	945
1.1656	2	1	3	945
1.1657	2	1	3	945
1.1658	2	1	3	945
1.1659	2	1	3	945
1.166	2	1	3	945
1.1661	2	1	3	945
1.1662	2	1	3	945
1.1663	2	1	3	945
1.1664	2	1	3	945
1.1665	2	1	3	945
1.1666	2	1	3	945
1.1667	2	1	3	945
1.1668	2	1	3	945
1.1669	2	1	3	945
1.167	2	1	3	945
1.1671	2	1	3	945
1.1672	2	1	3	945
1.1673	2	1	3	945
1.1674	2	1	3	945
1.1675	2	1	3	945
1.1676	2	1	3	945
1.1677	2	1	3	945
1.1678	2	1	3	945
1.1679	2	1	3	945
1.168	2	1	3	945
1.1681	2	1	3	945
1.1682	2	1	3	945
1.1683	2	1	3	945
1.1684	2	1	3	945
1.1685	2	1	3	945
1.1686	2	1	3	945
1.1687	2	1	3	945
1.1688	2	1	3	945
1.1689	2	1	3	945
1.169	2	1	3	945
1.1691	2	1	3	945
1.1692	2	1	3	945
1.1693	2	1	3	945
1.1694	2	1	3	945
1.1695	2	1	3	945
1.1696	2	1	3	945
1.1697	2	1	3	945
1.1698	2	1	3	945
1.1699	2	1	3	945
1.17	2	1	3	945
1.1701	2	1	3	945
1.1702	2	1	3	945
1.1703	2	1	3	945
1.1704	2	1	3	945
1.1705	2	1	3	945
1.1706	2	1	3	945
1.1707	2	1	3	945
1.1708	2	1	3	945
1.1709	2	1	3	945
1.171	2	1	3	945
1.1711	2	1	3	945
1.1712	2	1	3	945
1.1713	2	1	3	945
1.1714	2	1	3	945
1.1715	2	1	3	945
1.1716	2	1	3	945
1.1717	2	1	3	945
1.1718	2	1	3	945
1.1719	2	1	3	945
1.172	2	1	3	945
1.1721	2	1	3	945
1.1722	2	1	3	945
1.1723	2	1	3	945
1.1724	2	1	3	945
1.1725	2	1	3	945
1.1726	2	1	3	945
1.1727	2	1	3	945
1.1728	2	1	3	945
1.1729	2	1	3	945
1.173	2	1	3	945
1.1731	2	1	3	945
1.1732	2	1	3	945
1.1733	2	1	3	945
1.1734	2	1	3	945
1.1735	2	1	3	945
1.1736	2	1	3	945
1.1737	2	1	3	945
1.1738	2	1	3	945
1.1739	2	1	3	945
1.174	2	1	3	945
1.1741	2	1	3	945
1.1742	2	1	3	945
1.1743	2	1	3	945
1.1744	2	1	3	945
1.1745	2	1	3	945
1.1746	2	1	3	945
1.1747	2	1	3	945
1.1748	2	1	3	945
1.1749	2	1	3	945
1.175	2	1	3	945
1.1751	2	1	3	945
1.1752	2	1	3	945
1.1753	2	1	3	945
1.1754	2	1	3	945
1.1755	2	1	3	945
1.1756	2	1	3	945
1.1757	2	1	3	945
1.1758	2	1	3	945
1.1759	2	1	3	945
1.176	2	1	3	945
1.1761	2	1	3	945
1.1762	2	1	3	945
1.1763	2	1	3	945
1.1764	2	1	3	945
1.1765	2	1	3	945
1.1766	2	1	3	945
1.1767	2	1	3	945
1.1768	2	1	3	945
1.1769	2	1	3	945
1.177	2	1	3	945
1.1771	2	1	3	945
1.1772	2	1	3	945
1.1773	2	1	3	945
1.1774	2	1	3	945
1.1775	2	1	3	945
1.1776	2	1	3	945
1.1777	2	1	3	945
1.1778	2	1	3	945
1.1779	2	1	3	945
1.178	2	1	3	945
1.1781	2	1	3	945
1.1782	2	1	3	945
1.1783	2	1	3	945
1.1784	2	1	3	945
1.1785	2	1	3	945
1.1786	2	1	3	945
1.1787	2	1	3	945
1.1788	2	1	3	945
1.1789	2	1	3	945
1.179	2	1	3	945
1.1791	2	1	3	945
1.1792	2	1	3	945
1.1793	2	1	3	945
1.1794	2	1	3	945
1.1795	2	1	3	945
1.1796	2	1	3	945
1.1797	2	1	3	945
1.1798	2	1	3	945
1.1799	2	1	3	945
1.18	2	1	3	945
1.1801	2	1	3	945
1.1802	2	1	3	945
1.1803	2	1	3	945
1.1804	2	1	3	945
1.1805	2	1	3	945
1.1806	2	1	3	945
1.1807	2	1	3	945
1.1808	2	1	3	945
1.1809	2	1	3	945
1.181	2	1	3	945
1.1811	2	1	3	945
1.1812	2	1	3	945
1.1813	2	1	3	945
1.1814	2	1	3	945
1.1815	2	1	3	945
1.1816	2	1	3	945
1.1817	2	1	3	945
1.1818	2	1	3	945
1.1819	2	1	3	945
1.182	2	1	3	945
1.1821	2	1	3	945
1.1822	2	1	3	945
1.1823	2	1	3	945
1.1824	2	1	3	945
1.1825	2	1	3	945
1.1826	2	1	3	945
1.1827	2	1	3	945
1.1828	2	1	3	945
1.1829	2	1	3	945
1.183	2	1	3	945
1.1831	2	1	3	945
1.1832	2	1	3	945
1.1833	2	1	3	945
1.1834	2	1	3	945
1.1835	2	1	3	945
1.1836	2	1	3	945
1.1837	2	1	3	945
1.1838	2	1	3	945
1.1839	2	1	3	945
1.184	2	1	3	945
1.1841	2	1	3	945
1.1842	2	1	3	945
1.1843	2	1	3	945
1.1844	2	1	3	945
1.1845	2	1	3	945
1.1846	2	1	3	945
1.1847	2	1	3	945
1.1848	2	1	3	945
1.1849	2	1	3	945
1.185	2	1	3	945
1.1851	2	1	3	945
1.1852	2	1	3	945
1.1853	2	1	3	945
1.1854	2	1	3	945
1.1855	2	1	3	945
1.1856	2	1	3	945
1.1857	2	1	3	945
1.1858	2	1	3	945
1.1859	2	1	3	945
1.186	2	1	3	945
1.1861	2	1	3	945
1.1862	2	1	3	945
1.1863	2	1	3	945
1.1864	2	1	3	945
1.1865	2	1	3	945
1.1866	2	1	3	945
1.1867	2	1	3	945
1.1868	2	1	3	945
1.1869	2	1	3	945
1.187	2	1	3	945
1.1871	2	1	3	945
1.1872	2	1	3	945
1.1873	2	1	3	945
1.1874	2	1	3	945
1.1875	2	1	3	945
1.1876	2	1	3	945
1.1877	2	1	3	945
1.1878	2	1	3	945
1.1879	2	1	3	945
1.188	2	1	3	945
1.1881	2	1	3	945
1.1882	2	1	3	945
1.1883	2	1	3	945
1.1884	2	1	3	945
1.1885	2	1	3	945
1.1886	2	1	3	945
1.1887	2	1	3	945
1.1888	2	1	3	945
1.1889	2	1	3	945
1.189	2	1	3	945
1.1891	2	1	3	945
1.1892	2	1	3	945
1.1893	2	1	3	945
1.1894	2	1	3	945
1.1895	2	1	3	945
1.1896	2	1	3	945
1.1897	2	1	3	945
1.1898	2	1	3	945
1.1899	2	1	3	945
1.19	2	1	3	945
1.1901	2	1	3	945
1.1902	2	1	3	945
1.1903	2	1	3	945
1.1904	2	1	3	945
1.1905	2	1	3	945
1.1906	2	1	3	945
1.1907	2	1	3	945
1.1908	2	1	3	945
1.1909	2	1	3	945
1.191	2	1	3	945
1.1911	2	1	3	945
1.1912	2	1	3	945
1.1913	2	1	3	945
1.1914	2	1	3	945
1.1915	2	1	3	945
1.1916	2	1	3	945
1.1917	2	1	3	945
1.1918	2	1	3	945
1.1919	2	1	3	945
1.192	2	1	3	945
1.1921	2	1	3	945
1.1922	2	1	3	945
1.1923	2	1	3	945
1.1924	2	1	3	945
1.1925	2	1	3	945
1.1926	2	1	3	945
1.1927	2	1	3	945
1.1928	2	1	3	945
1.1929	2	1	3	945
1.193	2	1	3	945
1.1931	2	1	3	945
1.1932	2	1	3	945
1.1933	2	1	3	945
1.1934	2	1	3	945
1.1935	2	1	3	945
1.1936	2	1	3	945
1.1937	2	1	3	945
1.1938	2	1	3	945
1.1939	2	1	3	945
1.194	2	1	3	945
1.1941	2	1	3	945
1.1942	2	1	3	945
1.1943	2	1	3	945
1.1944	2	1	3	945
1.1945	2	1	3	945
1.1946	2	1	3	945
1.1947	2	1	3	945
1.1948	2	1	3	945
1.1949	2	1	3	945
1.195	2	1	3	945
1.1951	2	1	3	945
1.1952	2	1	3	945
1.1953	2	1	3	945
1.1954	2	1	3	945
1.1955	2	1	3	945
1.1956	2	1	3	945
1.1957	2	1	3	945
1.1958	2	1	3	945
1.1959	2	1	3	945
1.196	2	1	3	945
1.1961	2	1	3	945
1.1962	2	1	3	945
1.1963	2	1	3	945
1.1964	2	1	3	945
1.1965	2	1	3	945
1.1966	2	1	3	945
1.1967	2	1	3	945
1.1968	2	1	3	945
1.1969	2	1	3	945
1.197	2	1	3	945
1.1971	2	1	3	945
1.1972	2	1	3	945
1.1973	2	1	3	945
1.1974	2	1	3	945
1.1975	2	1	3	945
1.1976	2	1	3	945
1.1977	2	1	3	945
1.1978	2	1	3	945
1.1979	2	1	3	945
1.198	2	1	3	945
1.1981	2	1	3	945
1.1982	2	1	3	945
1.1983	2	1	3	945
1.1984	2	1	3	945
1.1985	2	1	3	945
1.1986	2	1	3	945
1.1987	2	1	3	945
1.1988	2	1	3	945
1.1989	2	1	3	945
1.199	2	1	3	945
1.1991	2	1	3	945
1.1992	2	1	3	945
1.1993	2	1	3	945
1.1994	2	1	3	945
1.1995	2	1	3	945
1.1996	2	1	3	945
1.1997	2	1	3	945
1.1998	2	1	3	945
1.1999	2	1	3	945
1.2	2	1	3	945
1.2001	2	1	3	945
1.2002	2	1	3	945
1.2003	2	1	3	945
1.2004	2	1	3	945
1.2005	2	1	3	945
1.2006	2	1	3	945
1.2007	2	1	3	945
1.2008	2	1	3	945
1.2009	2	1	3	945
1.201	2	1	3	945
1.2011	2	1	3	945
1.2012	2	1	3	945
1.2013	2	1	3	945
1.2014	2	1	3	945
1.2015	2	1	3	945
1.2016	2	1	3	945
1.2017	2	1	3	945
1.2018	2	1	3	945
1.2019	2	1	3	945
1.202	2	1	3	945
1.2021	2	1	3	945
1.2022	2	1	3	945
1.2023	2	1	3	945
1.2024	2	1	3	945
1.2025	2	1	3	945
1.2026	2	1	3	945
1.2027	2	1	3	945
1.2028	2	1	3	945
1.2029	2	1	3	945
1.203	2	1	3	945
1.2031	2	1	3	945
1.2032	2	1	3	945
1.2033	2	1	3	945
1.2034	2	1	3	945
1.2035	2	1	3	945
1.2036	2	1	3	945
1.2037	2	1	3	945
1.2038	2	1	3	945
1.2039	2	1	3	945
1.204	2	1	3	945
1.2041	2	1	3	945
1.2042	2	1	3	945
1.2043	2	1	3	945
1.2044	2	1	3	945
1.2045	2	1	3	945
1.2046	2	1	3	945
1.2047	2	1	3	945
1.2048	2	1	3	945
1.2049	2	1	3	945
1.205	2	1	3	945
1.2051	2	1	3	945
1.2052	2	1	3	945
1.2053	2	1	3	945
1.2054	2	1	3	945
1.2055	2	1	3	945
1.2056	2	1	3	945
1.2057	2	1	3	945
1.2058	2	1	3	945
1.2059	2	1	3	945
1.206	2	1	3	945
1.2061	2	1	3	945
1.2062	2	1	3	945
1.2063	2	1	3	945
1.2064	2	1	3	945
1.2065	2	1	3	945
1.2066	2	1	3	945
1.2067	2	1	3	945
1.2068	2	1	3	945
1.2069	2	1	3	945
1.207	2	1	3	945
1.2071	2	1	3	945
1.2072	2	1	3	945
1.2073	2	1	3	945
1.2074	2	1	3	945
1.2075	2	1	3	945
1.2076	2	1	3	945
1.2077	2	1	3	945
1.2078	2	1	3	945
1.2079	2	1	3	945
1.208	2	1	3	945
1.2081	2	1	3	945
1.2082	2	1	3	945
1.2083	2	1	3	945
1.2084	2	1	3	945
1.2085	2	1	3	945
1.2086	2	1	3	945
1.2087	2	1	3	945
1.2088	2	1	3	945
1.2089	2	1	3	945
1.209	2	1	3	945
1.2091	2	1	3	945
1.2092	2	1	3	945
1.2093	2	1	3	945
1.2094	2	1	3	945
1.2095	2	1	3	945
1.2096	2	1	3	945
1.2097	2	1	3	945
1.2098	2	1	3	945
1.2099	2	1	3	945
1.21	2	1	3	945
1.2101	2	1	3	945
1.2102	2	1	3	945
1.2103	2	1	3	945
1.2104	2	1	3	945
1.2105	2	1	3	945
1.2106	2	1	3	945
1.2107	2	1	3	945
1.2108	2	1	3	945
1.2109	2	1	3	945
1.211	2	1	3	945
1.2111	2	1	3	945
1.2112	2	1	3	945
1.2113	2	1	3	945
1.2114	2	1	3	945
1.2115	2	1	3	945
1.2116	2	1	3	945
1.2117	2	1	3	945
1.2118	2	1	3	945
1.2119	2	1	3	945
1.212	2	1	3	945
1.2121	2	1	3	945
1.2122	2	1	3	945
1.2123	2	1	3	945
1.2124	2	1	3	945
1.2125	2	1	3	945
1.2126	2	1	3	945
1.2127	2	1	3	945
1.2128	2	1	3	945
1.2129	2	1	3	945
1.213	2	1	3	945
1.2131	2	1	3	945
1.2132	2	1	3	945
1.2133	2	1	3	945
1.2134	2	1	3	945
1.2135	2	1	3	945
1.2136	2	1	3	945
1.2137	2	1	3	945
1.2138	2	1	3	945
1.2139	2	1	3	945
1.214	2	1	3	945
1.2141	2	1	3	945
1.2142	2	1	3	945
1.2143	2	1	3	945
1.2144	2	1	3	945
1.2145	2	1	3	945
1.2146	2	1	3	945
1.2147	2	1	3	945
1.2148	2	1	3	945
1.2149	2	1	3	945
1.215	2	1	3	945
1.2151	2	1	3	945
1.2152	2	1	3	945
1.2153	2	1	3	945
1.2154	2	1	3	945
1.2155	2	1	3	945
1.2156	2	1	3	945
1.2157	2	1	3	945
1.2158	2	1	3	945
1.2159	2	1	3	945
1.216	2	1	3	945
1.2161	2	1	3	945
1.2162	2	1	3	945
1.2163	2	1	3	945
1.2164	2	1	3	945
1.2165	2	1	3	945
1.2166	2	1	3	945
1.2167	2	1	3	945
1.2168	2	1	3	945
1.2169	2	1	3	945
1.217	2	1	3	945
1.2171	2	1	3	945
1.2172	2	1	3	945
1.2173	2	1	3	945
1.2174	2	1	3	945
1.2175	2	1	3	945
1.2176	2	1	3	945
1.2177	2	1	3	945
1.2178	2	1	3	945
1.2179	2	1	3	945
1.218	2	1	3	945
1.2181	2	1	3	945
1.2182	2	1	3	945
1.2183	2	1	3	945
1.2184	2	1	3	945
1.2185	2	1	3	945
1.2186	2	1	3	945
1.2187	2	1	3	945
1.2188	2	1	3	945
1.2189	2	1	3	945
1.219	2	1	3	945
1.2191	2	1	3	945
1.2192	2	1	3	945
1.2193	2	1	3	945
1.2194	2	1	3	945
1.2195	2	1	3	945
1.2196	2	1	3	945
1.2197	2	1	3	945
1.2198	2	1	3	945
1.2199	2	1	3	945
1.22	2	1	3	945
1.2201	2	1	3	945
1.2202	2	1	3	945
1.2203	2	1	3	945
1.2204	2	1	3	945
1.2205	2	1	3	945
1.2206	2	1	3	945
1.2207	2	1	3	945
1.2208	2	1	3	945
1.2209	2	1	3	945
1.221	2	1	3	945
1.2211	2	1	3	945
1.2212	2	1	3	945
1.2213	2	1	3	945
1.2214	2	1	3	945
1.2215	2	1	3	945
1.2216	2	1	3	945
1.2217	2	1	3	945
1.2218	2	1	3	945
1.2219	2	1	3	945
1.222	2	1	3	945
1.2221	2	1	3	945
1.2222	2	1	3	945
1.2223	2	1	3	945
1.2224	2	1	3	945
1.2225	2	1	3	945
1.2226	2	1	3	945
1.2227	2	1	3	945
1.2228	2	1	3	945
1.2229	2	1	3	945
1.223	2	1	3	945
1.2231	2	1	3	945
1.2232	2	1	3	945
1.2233	2	1	3	945
1.2234	2	1	3	945
1.2235	2	1	3	945
1.2236	2	1	3	945
1.2237	2	1	3	945
1.2238	2	1	3	945
1.2239	2	1	3	945
1.224	2	1	3	945
1.2241	2	1	3	945
1.2242	2	1	3	945
1.2243	2	1	3	945
1.2244	2	1	3	945
1.2245	2	1	3	945
1.2246	2	1	3	945
1.2247	2	1	3	945
1.2248	2	1	3	945
1.2249	2	1	3	945
1.225	2	1	3	945
1.2251	2	1	3	945
1.2252	2	1	3	945
1.2253	2	1	3	945
1.2254	2	1	3	945
1.2255	2	1	3	945
1.2256	2	1	3	945
1.2257	2	1	3	945
1.2258	2	1	3	945
1.2259	2	1	3	945
1.226	2	1	3	945
1.2261	2	1	3	945
1.2262	2	1	3	945
1.2263	2	1	3	945
1.2264	2	1	3	945
1.2265	2	1	3	945
1.2266	2	1	3	945
1.2267	2	1	3	945
1.2268	2	1	3	945
1.2269	2	1	3	945
1.227	2	1	3	945
1.2271	2	1	3	945
1.2272	2	1	3	945
1.2273	2	1	3	945
1.2274	2	1	3	945
1.2275	2	1	3	945
1.2276	2	1	3	945
1.2277	2	1	3	945
1.2278	2	1	3	945
1.2279	2	1	3	945
1.228	2	1	3	945
1.2281	2	1	3	945
1.2282	2	1	3	945
1.2283	2	1	3	945
1.2284	2	1	3	945
1.2285	2	1	3	945
1.2286	2	1	3	945
1.2287	2	1	3	945
1.2288	2	1	3	945
1.2289	2	1	3	945
1.229	2	1	3	945
1.2291	2	1	3	945
1.2292	2	1	3	945
1.2293	2	1	3	945
1.2294	2	1	3	945
1.2295	2	1	3	945
1.2296	2	1	3	945
1.2297	2	1	3	945
1.2298	2	1	3	945
1.2299	2	1	3	945
1.23	2	1	3	945
1.2301	2	1	3	945
1.2302	2	1	3	945
1.2303	2	1	3	945
1.2304	2	1	3	945
1.2305	2	1	3	945
1.2306	2	1	3	945
1.2307	2	1	3	945
1.2308	2	1	3	945
1.2309	2	1	3	945
1.231	2	1	3	945
1.2311	2	1	3	945
1.2312	2	1	3	945
1.2313	2	1	3	945
1.2314	2	1	3	945
1.2315	2	1	3	945
1.2316	2	1	3	945
1.2317	2	1	3	945
1.2318	2	1	3	945
1.2319	2	1	3	945
1.232	2	1	3	945
1.2321	2	1	3	945
1.2322	2	1	3	945
1.2323	2	1	3	945
1.2324	2	1	3	945
1.2325	2	1	3	945
1.2326	2	1	3	945
1.2327	2	1	3	945
1.2328	2	1	3	945
1.2329	2	1	3	945
1.233	2	1	3	945
1.2331	2	1	3	945
1.2332	2	1	3	945
1.2333	2	1	3	945
1.2334	2	1	3	945
1.2335	2	1	3	945
1.2336	2	1	3	945
1.2337	2	1	3	945
1.2338	2	1	3	945
1.2339	2	1	3	945
1.234	2	1	3	945
1.2341	2	1	3	945
1.2342	2	1	3	945
1.2343	2	1	3	945
1.2344	2	1	3	945
1.2345	2	1	3	945
1.2346	2	1	3	945
1.2347	2	1	3	945
1.2348	2	1	3	945
1.2349	2	1	3	945
1.235	2	1	3	945
1.2351	2	1	3	945
1.2352	2	1	3	945
1.2353	2	1	3	945
1.2354	2	1	3	945
1.2355	2	1	3	945
1.2356	2	1	3	945
1.2357	2	1	3	945
1.2358	2	1	3	945
1.2359	2	1	3	945
1.236	2	1	3	945
1.2361	2	1	3	945
1.2362	2	1	3	945
1.2363	2	1	3	945
1.2364	2	1	3	945
1.2365	2	1	3	945
1.2366	2	1	3	945
1.2367	2	1	3	945
1.2368	2	1	3	945
1.2369	2	1	3	945
1.237	2	1	3	945
1.2371	2	1	3	945
1.2372	2	1	3	945
1.2373	2	1	3	945
1.2374	2	1	3	945
1.2375	2	1	3	945
1.2376	2	1	3	945
1.2377	2	1	3	945
1.2378	2	1	3	945
1.2379	2	1	3	945
1.238	2	1	3	945
1.2381	2	1	3	945
1.2382	2	1	3	945
1.2383	2	1	3	945
1.2384	2	1	3	945
1.2385	2	1	3	945
1.2386	2	1	3	945
1.2387	2	1	3	945
1.2388	2	1	3	945
1.2389	2	1	3	945
1.239	2	1	3	945
1.2391	2	1	3	945
1.2392	2	1	3	945
1.2393	2	1	3	945
1.2394	2	1	3	945
1.2395	2	1	3	945
1.2396	2	1	3	945
1.2397	2	1	3	945
1.2398	2	1	3	945
1.2399	2	1	3	945
1.24	2	1	3	945
1.2401	2	1	3	945
1.2402	2	1	3	945
1.2403	2	1	3	945
1.2404	2	1	3	945
1.2405	2	1	3	945
1.2406	2	1	3	945
1.2407	2	1	3	945
1.2408	2	1	3	945
1.2409	2	1	3	945
1.241	2	1	3	945
1.2411	2	1	3	945
1.2412	2	1	3	945
1.2413	2	1	3	945
1.2414	2	1	3	945
1.2415	2	1	3	945
1.2416	2	1	3	945
1.2417	2	1	3	945
1.2418	2	1	3	945
1.2419	2	1	3	945
1.242	2	1	3	945
1.2421	2	1	3	945
1.2422	2	1	3	945
1.2423	2	1	3	945
1.2424	2	1	3	945
1.2425	2	1	3	945
1.2426	2	1	3	945
1.2427	2	1	3	945
1.2428	2	1	3	945
1.2429	2	1	3	945
1.243	2	1	3	945
1.2431	2	1	3	945
1.2432	2	1	3	945
1.2433	2	1	3	945
1.2434	2	1	3	945
1.2435	2	1	3	945
1.2436	2	1	3	945
1.2437	2	1	3	945
1.2438	2	1	3	945
1.2439	2	1	3	945
1.244	2	1	3	945
1.2441	2	1	3	945
1.2442	2	1	3	945
1.2443	2	1	3	945
1.2444	2	1	3	945
1.2445	2	1	3	945
1.2446	2	1	3	945
1.2447	2	1	3	945
1.2448	2	1	3	945
1.2449	2	1	3	945
1.245	2	1	3	945
1.2451	2	1	3	945
1.2452	2	1	3	945
1.2453	2	1	3	945
1.2454	2	1	3	945
1.2455	2	1	3	945
1.2456	2	1	3	945
1.2457	2	1	3	945
1.2458	2	1	3	945
1.2459	2	1	3	945
1.246	2	1	3	945
1.2461	2	1	3	945
1.2462	2	1	3	945
1.2463	2	1	3	945
1.2464	2	1	3	945
1.2465	2	1	3	945
1.2466	2	1	3	945
1.2467	2	1	3	945
1.2468	2	1	3	945
1.2469	2	1	3	945
1.247	2	1	3	945
1.2471	2	1	3	945
1.2472	2	1	3	945
1.2473	2	1	3	945
1.2474	2	1	3	945
1.2475	2	1	3	945
1.2476	2	1	3	945
1.2477	2	1	3	945
1.2478	2	1	3	945
1.2479	2	1	3	945
1.248	2	1	3	945
1.2481	2	1	3	945
1.2482	2	1	3	945
1.2483	2	1	3	945
1.2484	2	1	3	945
1.2485	2	1	3	945
1.2486	2	1	3	945
1.2487	2	1	3	945
1.2488	2	1	3	945
1.2489	2	1	3	945
1.249	2	1	3	945
1.2491	2	1	3	945
1.2492	2	1	3	945
1.2493	2	1	3	945
1.2494	2	1	3	945
1.2495	2	1	3	945
1.2496	2	1	3	945
1.2497	2	1	3	945
1.2498	2	1	3	945
1.2499	2	1	3	945
1.25	2	1	3	945
1.2501	2	1	3	945
1.2502	2	1	3	945
1.2503	2	1	3	945
1.2504	2	1	3	945
1.2505	2	1	3	945
1.2506	2	1	3	945
1.2507	2	1	3	945
1.2508	2	1	3	945
1.2509	2	1	3	945
1.251	2	1	3	945
1.2511	2	1	3	945
1.2512	2	1	3	945
1.2513	2	1	3	945
1.2514	2	1	3	945
1.2515	2	1	3	945
1.2516	2	1	3	945
1.2517	2	1	3	945
1.2518	2	1	3	945
1.2519	2	1	3	945
1.252	2	1	3	945
1.2521	2	1	3	945
1.2522	2	1	3	945
1.2523	2	1	3	945
1.2524	2	1	3	945
1.2525	2	1	3	945
1.2526	2	1	3	945
1.2527	2	1	3	945
1.2528	2	1	3	945
1.2529	2	1	3	945
1.253	2	1	3	945
1.2531	2	1	3	945
1.2532	2	1	3	945
1.2533	2	1	3	945
1.2534	2	1	3	945
1.2535	2	1	3	945
1.2536	2	1	3	945
1.2537	2	1	3	945
1.2538	2	1	3	945
1.2539	2	1	3	945
1.254	2	1	3	945
1.2541	2	1	3	945
1.2542	2	1	3	945
1.2543	2	1	3	945
1.2544	2	1	3	945
1.2545	2	1	3	945
1.2546	2	1	3	945
1.2547	2	1	3	945
1.2548	2	1	3	945
1.2549	2	1	3	945
1.255	2	1	3	945
1.2551	2	1	3	945
1.2552	2	1	3	945
1.2553	2	1	3	945
1.2554	2	1	3	945
1.2555	2	1	3	945
1.2556	2	1	3	945
1.2557	2	1	3	945
1.2558	2	1	3	945
1.2559	2	1	3	945
1.256	2	1	3	945
1.2561	2	1	3	945
1.2562	2	1	3	945
1.2563	2	1	3	945
1.2564	2	1	3	945
1.2565	2	1	3	945
1.2566	2	1	3	945
1.2567	2	1	3	945
1.2568	2	1	3	945
1.2569	2	1	3	945
1.257	2	1	3	945
1.2571	2	1	3	945
1.2572	2	1	3	945
1.2573	2	1	3	945
1.2574	2	1	3	945
1.2575	2	1	3	945
1.2576	2	1	3	945
1.2577	2	1	3	945
1.2578	2	1	3	945
1.2579	2	1	3	945
1.258	2	1	3	945
1.2581	2	1	3	945
1.2582	2	1	3	945
1.2583	2	1	3	945
1.2584	2	1	3	945
1.2585	2	1	3	945
1.2586	2	1	3	945
1.2587	2	1	3	945
1.2588	2	1	3	945
1.2589	2	1	3	945
1.259	2	1	3	945
1.2591	2	1	3	945
1.2592	2	1	3	945
1.2593	2	1	3	945
1.2594	2	1	3	945
1.2595	2	1	3	945
1.2596	2	1	3	945
1.2597	2	1	3	945
1.2598	2	1	3	945
1.2599	2	1	3	945
1.26	2	1	3	945
1.2601	2	1	3	945
1.2602	2	1	3	945
1.2603	2	1	3	945
1.2604	2	1	3	945
1.2605	2	1	3	945
1.2606	2	1	3	945
1.2607	2	1	3	945
1.2608	2	1	3	945
1.2609	2	1	3	945
1.261	2	1	3	945
1.2611	2	1	3	945
1.2612	2	1	3	945
1.2613	2	1	3	945
1.2614	2	1	3	945
1.2615	2	1	3	945
1.2616	2	1	3	945
1.2617	2	1	3	945
1.2618	2	1	3	945
1.2619	2	1	3	945
1.262	2	1	3	945
1.2621	2	1	3	945
1.2622	2	1	3	945
1.2623	2	1	3	945
1.2624	2	1	3	945
1.2625	2	1	3	945
1.2626	2	1	3	945
1.2627	2	1	3	945
1.2628	2	1	3	945
1.2629	2	1	3	945
1.263	2	1	3	945
1.2631	2	1	3	945
1.2632	2	1	3	945
1.2633	2	1	3	945
1.2634	2	1	3	945
1.2635	2	1	3	945
1.2636	2	1	3	945
1.2637	2	1	3	945
1.2638	2	1	3	945
1.2639	2	1	3	945
1.264	2	1	3	945
1.2641	2	1	3	945
1.2642	2	1	3	945
1.2643	2	1	3	945
1.2644	2	1	3	945
1.2645	2	1	3	945
1.2646	2	1	3	945
1.2647	2	1	3	945
1.2648	2	1	3	945
1.2649	2	1	3	945
1.265	2	1	3	945
1.2651	2	1	3	945
1.2652	2	1	3	945
1.2653	2	1	3	945
1.2654	2	1	3	945
1.2655	2	1	3	945
1.2656	2	1	3	945
1.2657	2	1	3	945
1.2658	2	1	3	945
1.2659	2	1	3	945
1.266	2	1	3	945
1.2661	2	1	3	945
1.2662	2	1	3	945
1.2663	2	1	3	945
1.2664	2	1	3	945
1.2665	2	1	3	945
1.2666	2	1	3	945
1.2667	2	1	3	945
1.2668	2	1	3	945
1.2669	2	1	3	945
1.267	2	1	3	945
1.2671	2	1	3	945
1.2672	2	1	3	945
1.2673	2	1	3	945
1.2674	2	1	3	945
1.2675	2	1	3	945
1.2676	2	1	3	945
1.2677	2	1	3	945
1.2678	2	1	3	945
1.2679	2	1	3	945
1.268	2	1	3	945
1.2681	2	1	3	945
1.2682	2	1	3	945
1.2683	2	1	3	945
1.2684	2	1	3	945
1.2685	2	1	3	945
1.2686	2	1	3	945
1.2687	2	1	3	945
1.2688	2	1	3	945
1.2689	2	1	3	945
1.269	2	1	3	945
1.2691	2	1	3	945
1.2692	2	1	3	945
1.2693	2	1	3	945
1.2694	2	1	3	945
1.2695	2	1	3	945
1.2696	2	1	3	945
1.2697	2	1	3	945
1.2698	2	1	3	945
1.2699	2	1	3	945
1.27	2	1	3	945
1.2701	2	1	3	945
1.2702	2	1	3	945
1.2703	2	1	3	945
1.2704	2	1	3	945
1.2705	2	1	3	945
1.2706	2	1	3	945
1.2707	2	1	3	945
1.2708	2	1	3	945
1.2709	2	1	3	945
1.271	2	1	3	945
1.2711	2	1	3	945
1.2712	2	1	3	945
1.2713	2	1	3	945
1.2714	2	1	3	945
1.2715	2	1	3	945
1.2716	2	1	3	945
1.2717	2	1	3	945
1.2718	2	1	3	945
1.2719	2	1	3	945
1.272	2	1	3	945
1.2721	2	1	3	945
1.2722	2	1	3	945
1.2723	2	1	3	945
1.2724	2	1	3	945
1.2725	2	1	3	945
1.2726	2	1	3	945
1.2727	2	1	3	945
1.2728	2	1	3	945
1.2729	2	1	3	945
1.273	2	1	3	945
1.2731	2	1	3	945
1.2732	2	1	3	945
1.2733	2	1	3	945
1.2734	2	1	3	945
1.2735	2	1	3	945
1.2736	2	1	3	945
1.2737	2	1	3	945
1.2738	2	1	3	945
1.2739	2	1	3	945
1.274	2	1	3	945
1.2741	2	1	3	945
1.2742	2	1	3	945
1.2743	2	1	3	945
1.2744	2	1	3	945
1.2745	2	1	3	945
1.2746	2	1	3	945
1.2747	2	1	3	945
1.2748	2	1	3	945
1.2749	2	1	3	945
1.275	2	1	3	945
1.2751	2	1	3	945
1.2752	2	1	3	945
1.2753	2	1	3	945
1.2754	2	1	3	945
1.2755	2	1	3	945
1.2756	2	1	3	945
1.2757	2	1	3	945
1.2758	2	1	3	945
1.2759	2	1	3	945
1.276	2	1	3	945
1.2761	2	1	3	945
1.2762	2	1	3	945
1.2763	2	1	3	945
1.2764	2	1	3	945
1.2765	2	1	3	945
1.2766	2	1	3	945
1.2767	2	1	3	945
1.2768	2	1	3	945
1.2769	2	1	3	945
1.277	2	1	3	945
1.2771	2	1	3	945
1.2772	2	1	3	945
1.2773	2	1	3	945
1.2774	2	1	3	945
1.2775	2	1	3	945
1.2776	2	1	3	945
1.2777	2	1	3	945
1.2778	2	1	3	945
1.2779	2	1	3	945
1.278	2	1	3	945
1.2781	2	1	3	945
1.2782	2	1	3	945
1.2783	2	1	3	945
1.2784	2	1	3	945
1.2785	2	1	3	945
1.2786	2	1	3	945
1.2787	2	1	3	945
1.2788	2	1	3	945
1.2789	2	1	3	945
1.279	2	1	3	945
1.2791	2	1	3	945
1.2792	2	1	3	945
1.2793	2	1	3	945
1.2794	2	1	3	945
1.2795	2	1	3	945
1.2796	2	1	3	945
1.2797	2	1	3	945
1.2798	2	1	3	945
1.2799	2	1	3	945
1.28	2	1	3	945
1.2801	2	1	3	945
1.2802	2	1	3	945
1.2803	2	1	3	945
1.2804	2	1	3	945
1.2805	2	1	3	945
1.2806	2	1	3	945
1.2807	2	1	3	945
1.2808	2	1	3	945
1.2809	2	1	3	945
1.281	2	1	3	945
1.2811	2	1	3	945
1.2812	2	1	3	945
1.2813	2	1	3	945
1.2814	2	1	3	945
1.2815	2	1	3	945
1.2816	2	1	3	945
1.2817	2	1	3	945
1.2818	2	1	3	945
1.2819	2	1	3	945
1.282	2	1	3	945
1.2821	2	1	3	945
1.2822	2	1	3	945
1.2823	2	1	3	945
1.2824	2	1	3	945
1.2825	2	1	3	945
1.2826	2	1	3	945
1.2827	2	1	3	945
1.2828	2	1	3	945
1.2829	2	1	3	945
1.283	2	1	3	945
1.2831	2	1	3	945
1.2832	2	1	3	945
1.2833	2	1	3	945
1.2834	2	1	3	945
1.2835	2	1	3	945
1.2836	2	1	3	945
1.2837	2	1	3	945
1.2838	2	1	3	945
1.2839	2	1	3	945
1.284	2	1	3	945
1.2841	2	1	3	945
1.2842	2	1	3	945
1.2843	2	1	3	945
1.2844	2	1	3	945
1.2845	2	1	3	945
1.2846	2	1	3	945
1.2847	2	1	3	945
1.2848	2	1	3	945
1.2849	2	1	3	945
1.285	2	1	3	945
1.2851	2	1	3	945
1.2852	2	1	3	945
1.2853	2	1	3	945
1.2854	2	1	3	945
1.2855	2	1	3	945
1.2856	2	1	3	945
1.2857	2	1	3	945
1.2858	2	1	3	945
1.2859	2	1	3	945
1.286	2	1	3	945
1.2861	2	1	3	945
1.2862	2	1	3	945
1.2863	2	1	3	945
1.2864	2	1	3	945
1.2865	2	1	3	945
1.2866	2	1	3	945
1.2867	2	1	3	945
1.2868	2	1	3	945
1.2869	2	1	3	945
1.287	2	1	3	945
1.2871	2	1	3	945
1.2872	2	1	3	945
1.2873	2	1	3	945
1.2874	2	1	3	945
1.2875	2	1	3	945
1.2876	2	1	3	945
1.2877	2	1	3	945
1.2878	2	1	3	945
1.2879	2	1	3	945
1.288	2	1	3	945
1.2881	2	1	3	945
1.2882	2	1	3	945
1.2883	2	1	3	945
1.2884	2	1	3	945
1.2885	2	1	3	945
1.2886	2	1	3	945
1.2887	2	1	3	945
1.2888	2	1	3	945
1.2889	2	1	3	945
1.289	2	1	3	945
1.2891	2	1	3	945
1.2892	2	1	3	945
1.2893	2	1	3	945
1.2894	2	1	3	945
1.2895	2	1	3	945
1.2896	2	1	3	945
1.2897	2	1	3	945
1.2898	2	1	3	945
1.2899	2	1	3	945
1.29	2	1	3	945
1.2901	2	1	3	945
1.2902	2	1	3	945
1.2903	2	1	3	945
1.2904	2	1	3	945
1.2905	2	1	3	945
1.2906	2	1	3	945
1.2907	2	1	3	945
1.2908	2	1	3	945
1.2909	2	1	3	945
1.291	2	1	3	945
1.2911	2	1	3	945
1.2912	2	1	3	945
1.2913	2	1	3	945
1.2914	2	1	3	945
1.2915	2	1	3	945
1.2916	2	1	3	945
1.2917	2	1	3	945
1.2918	2	1	3	945
1.2919	2	1	3	945
1.292	2	1	3	945
1.2921	2	1	3	945
1.2922	2	1	3	945
1.2923	2	1	3	945
1.2924	2	1	3	945
1.2925	2	1	3	945
1.2926	2	1	3	945
1.2927	2	1	3	945
1.2928	2	1	3	945
1.2929	2	1	3	945
1.293	2	1	3	945
1.2931	2	1	3	945
1.2932	2	1	3	945
1.2933	2	1	3	945
1.2934	2	1	3	945
1.2935	2	1	3	945
1.2936	2	1	3	945
1.2937	2	1	3	945
1.2938	2	1	3	945
1.2939	2	1	3	945
1.294	2	1	3	945
1.2941	2	1	3	945
1.2942	2	1	3	945
1.2943	2	1	3	945
1.2944	2	1	3	945
1.2945	2	1	3	945
1.2946	2	1	3	945
1.2947	2	1	3	945
1.2948	2	1	3	945
1.2949	2	1	3	945
1.295	2	1	3	945
1.2951	2	1	3	945
1.2952	2	1	3	945
1.2953	2	1	3	945
1.2954	2	1	3	945
1.2955	2	1	3	945
1.2956	2	1	3	945
1.2957	2	1	3	945
1.2958	2	1	3	945
1.2959	2	1	3	945
1.296	2	1	3	945
1.2961	2	1	3	945
1.2962	2	1	3	945
1.2963	2	1	3	945
1.2964	2	1	3	945
1.2965	2	1	3	945
1.2966	2	1	3	945
1.2967	2	1	3	945
1.2968	2	1	3	945
1.2969	2	1	3	945
1.297	2	1	3	945
1.2971	2	1	3	945
1.2972	2	1	3	945
1.2973	2	1	3	945
1.2974	2	1	3	945
1.2975	2	1	3	945
1.2976	2	1	3	945
1.2977	2	1	3	945
1.2978	2	1	3	945
1.2979	2	1	3	945
1.298	2	1	3	945
1.2981	2	1	3	945
1.2982	2	1	3	945
1.2983	2	1	3	945
1.2984	2	1	3	945
1.2985	2	1	3	945
1.2986	2	1	3	945
1.2987	2	1	3	945
1.2988	2	1	3	945
1.2989	2	1	3	945
1.299	2	1	3	945
1.2991	2	1	3	945
1.2992	2	1	3	945
1.2993	2	1	3	945
1.2994	2	1	3	945
1.2995	2	1	3	945
1.2996	2	1	3	945
1.2997	2	1	3	945
1.2998	2	1	3	945
1.2999	2	1	3	945
1.3	2	1	3	945
1.3001	2	1	3	945
1.3002	2	1	3	945
1.3003	2	1	3	945
1.3004	2	1	3	945
1.3005	2	1	3	945
1.3006	2	1	3	945
1.3007	2	1	3	945
1.3008	2	1	3	945
1.3009	2	1	3	945
1.301	2	1	3	945
1.3011	2	1	3	945
1.3012	2	1	3	945
1.3013	2	1	3	945
1.3014	2	1	3	945
1.3015	2	1	3	945
1.3016	2	1	3	945
1.3017	2	1	3	945
1.3018	2	1	3	945
1.3019	2	1	3	945
1.302	2	1	3	945
1.3021	2	1	3	945
1.3022	2	1	3	945
1.3023	2	1	3	945
1.3024	2	1	3	945
1.3025	2	1	3	945
1.3026	2	1	3	945
1.3027	2	1	3	945
1.3028	2	1	3	945
1.3029	2	1	3	945
1.303	2	1	3	945
1.3031	2	1	3	945
1.3032	2	1	3	945
1.3033	2	1	3	945
1.3034	2	1	3	945
1.3035	2	1	3	945
1.3036	2	1	3	945
1.3037	2	1	3	945
1.3038	2	1	3	945
1.3039	2	1	3	945
1.304	2	1	3	945
1.3041	2	1	3	945
1.3042	2	1	3	945
1.3043	2	1	3	945
1.3044	2	1	3	945
1.3045	2	1	3	945
1.3046	2	1	3	945
1.3047	2	1	3	945
1.3048	2	1	3	945
1.3049	2	1	3	945
1.305	2	1	3	945
1.3051	2	1	3	945
1.3052	2	1	3	945
1.3053	2	1	3	945
1.3054	2	1	3	945
1.3055	2	1	3	945
1.3056	2	1	3	945
1.3057	2	1	3	945
1.3058	2	1	3	945
1.3059	2	1	3	945
1.306	2	1	3	945
1.3061	2	1	3	945
1.3062	2	1	3	945
1.3063	2	1	3	945
1.3064	2	1	3	945
1.3065	2	1	3	945
1.3066	2	1	3	945
1.3067	2	1	3	945
1.3068	2	1	3	945
1.3069	2	1	3	945
1.307	2	1	3	945
1.3071	2	1	3	945
1.3072	2	1	3	945
1.3073	2	1	3	945
1.3074	2	1	3	945
1.3075	2	1	3	945
1.3076	2	1	3	945
1.3077	2	1	3	945
1.3078	2	1	3	945
1.3079	2	1	3	945
1.308	2	1	3	945
1.3081	2	1	3	945
1.3082	2	1	3	945
1.3083	2	1	3	945
1.3084	2	1	3	945
1.3085	2	1	3	945
1.3086	2	1	3	945
1.3087	2	1	3	945
1.3088	2	1	3	945
1.3089	2	1	3	945
1.309	2	1	3	945
1.3091	2	1	3	945
1.3092	2	1	3	945
1.3093	2	1	3	945
1.3094	2	1	3	945
1.3095	2	1	3	945
1.3096	2	1	3	945
1.3097	2	1	3	945
1.3098	2	1	3	945
1.3099	2	1	3	945
1.31	2	1	3	945
1.3101	2	1	3	945
1.3102	2	1	3	945
1.3103	2	1	3	945
1.3104	2	1	3	945
1.3105	2	1	3	945
1.3106	2	1	3	945
1.3107	2	1	3	945
1.3108	2	1	3	945
1.3109	2	1	3	945
1.311	2	1	3	945
1.3111	2	1	3	945
1.3112	2	1	3	945
1.3113	2	1	3	945
1.3114	2	1	3	945
1.3115	2	1	3	945
1.3116	2	1	3	945
1.3117	2	1	3	945
1.3118	2	1	3	945
1.3119	2	1	3	945
1.312	2	1	3	945
1.3121	2	1	3	945
1.3122	2	1	3	945
1.3123	2	1	3	945
1.3124	2	1	3	945
1.3125	2	1	3	945
1.3126	2	1	3	945
1.3127	2	1	3	945
1.3128	2	1	3	945
1.3129	2	1	3	945
1.313	2	1	3	945
1.3131	2	1	3	945
1.3132	2	1	3	945
1.3133	2	1	3	945
1.3134	2	1	3	945
1.3135	2	1	3	945
1.3136	2	1	3	945
1.3137	2	1	3	945
1.3138	2	1	3	945
1.3139	2	1	3	945
1.314	2	1	3	945
1.3141	2	1	3	945
1.3142	2	1	3	945
1.3143	2	1	3	945
1.3144	2	1	3	945
1.3145	2	1	3	945
1.3146	2	1	3	945
1.3147	2	1	3	945
1.3148	2	1	3	945
1.3149	2	1	3	945
1.315	2	1	3	945
1.3151	2	1	3	945
1.3152	2	1	3	945
1.3153	2	1	3	945
1.3154	2	1	3	945
1.3155	2	1	3	945
1.3156	2	1	3	945
1.3157	2	1	3	945
1.3158	2	1	3	945
1.3159	2	1	3	945
1.316	2	1	3	945
1.3161	2	1	3	945
1.3162	2	1	3	945
1.3163	2	1	3	945
1.3164	2	1	3	945
1.3165	2	1	3	945
1.3166	2	1	3	945
1.3167	2	1	3	945
1.3168	2	1	3	945
1.3169	2	1	3	945
1.317	2	1	3	945
1.3171	2	1	3	945
1.3172	2	1	3	945
1.3173	2	1	3	945
1.3174	2	1	3	945
1.3175	2	1	3	945
1.3176	2	1	3	945
1.3177	2	1	3	945
1.3178	2	1	3	945
1.3179	2	1	3	945
1.318	2	1	3	945
1.3181	2	1	3	945
1.3182	2	1	3	945
1.3183	2	1	3	945
1.3184	2	1	3	945
1.3185	2	1	3	945
1.3186	2	1	3	945
1.3187	2	1	3	945
1.3188	2	1	3	945
1.3189	2	1	3	945
1.319	2	1	3	945
1.3191	2	1	3	945
1.3192	2	1	3	945
1.3193	2	1	3	945
1.3194	2	1	3	945
1.3195	2	1	3	945
1.3196	2	1	3	945
1.3197	2	1	3	945
1.3198	2	1	3	945
1.3199	2	1	3	945
1.32	2	1	3	945
1.3201	2	1	3	945
1.3202	2	1	3	945
1.3203	2	1	3	945
1.3204	2	1	3	945
1.3205	2	1	3	945
1.3206	2	1	3	945
1.3207	2	1	3	945
1.3208	2	1	3	945
1.3209	2	1	3	945
1.321	2	1	3	945
1.3211	2	1	3	945
1.3212	2	1	3	945
1.3213	2	1	3	945
1.3214	2	1	3	945
1.3215	2	1	3	945
1.3216	2	1	3	945
1.3217	2	1	3	945
1.3218	2	1	3	945
1.3219	2	1	3	945
1.322	2	1	3	945
1.3221	2	1	3	945
1.3222	2	1	3	945
1.3223	2	1	3	945
1.3224	2	1	3	945
1.3225	2	1	3	945
1.3226	2	1	3	945
1.3227	2	1	3	945
1.3228	2	1	3	945
1.3229	2	1	3	945
1.323	2	1	3	945
1.3231	2	1	3	945
1.3232	2	1	3	945
1.3233	2	1	3	945
1.3234	2	1	3	945
1.3235	2	1	3	945
1.3236	2	1	3	945
1.3237	2	1	3	945
1.3238	2	1	3	945
1.3239	2	1	3	945
1.324	2	1	3	945
1.3241	2	1	3	945
1.3242	2	1	3	945
1.3243	2	1	3	945
1.3244	2	1	3	945
1.3245	2	1	3	945
1.3246	2	1	3	945
1.3247	2	1	3	945
1.3248	2	1	3	945
1.3249	2	1	3	945
1.325	2	1	3	945
1.3251	2	1	3	945
1.3252	2	1	3	945
1.3253	2	1	3	945
1.3254	2	1	3	945
1.3255	2	1	3	945
1.3256	2	1	3	945
1.3257	2	1	3	945
1.3258	2	1	3	945
1.3259	2	1	3	945
1.326	2	1	3	945
1.3261	2	1	3	945
1.3262	2	1	3	945
1.3263	2	1	3	945
1.3264	2	1	3	945
1.3265	2	1	3	945
1.3266	2	1	3	945
1.3267	2	1	3	945
1.3268	2	1	3	945
1.3269	2	1	3	945
1.327	2	1	3	945
1.3271	2	1	3	945
1.3272	2	1	3	945
1.3273	2	1	3	945
1.3274	2	1	3	945
1.3275	2	1	3	945
1.3276	2	1	3	945
1.3277	2	1	3	945
1.3278	2	1	3	945
1.3279	2	1	3	945
1.328	2	1	3	945
1.3281	2	1	3	945
1.3282	2	1	3	945
1.3283	2	1	3	945
1.3284	2	1	3	945
1.3285	2	1	3	945
1.3286	2	1	3	945
1.3287	2	1	3	945
1.3288	2	1	3	945
1.3289	2	1	3	945
1.329	2	1	3	945
1.3291	2	1	3	945
1.3292	2	1	3	945
1.3293	2	1	3	945
1.3294	2	1	3	945
1.3295	2	1	3	945
1.3296	2	1	3	945
1.3297	2	1	3	945
1.3298	2	1	3	945
1.3299	2	1	3	945
1.33	2	1	3	945
1.3301	2	1	3	945
1.3302	2	1	3	945
1.3303	2	1	3	945
1.3304	2	1	3	945
1.3305	2	1	3	945
1.3306	2	1	3	945
1.3307	2	1	3	945
1.3308	2	1	3	945
1.3309	2	1	3	945
1.331	2	1	3	945
1.3311	2	1	3	945
1.3312	2	1	3	945
1.3313	2	1	3	945
1.3314	2	1	3	945
1.3315	2	1	3	945
1.3316	2	1	3	945
1.3317	2	1	3	945
1.3318	2	1	3	945
1.3319	2	1	3	945
1.332	2	1	3	945
1.3321	2	1	3	945
1.3322	2	1	3	945
1.3323	2	1	3	945
1.3324	2	1	3	945
1.3325	2	1	3	945
1.3326	2	1	3	945
1.3327	2	1	3	945
1.3328	2	1	3	945
1.3329	2	1	3	945
1.333	2	1	3	945
1.3331	2	1	3	945
1.3332	2	1	3	945
1.3333	2	1	3	945
1.3334	2	1	3	945
1.3335	2	1	3	945
1.3336	2	1	3	945
1.3337	2	1	3	945
1.3338	2	1	3	945
1.3339	2	1	3	945
1.334	2	1	3	945
1.3341	2	1	3	945
1.3342	2	1	3	945
1.3343	2	1	3	945
1.3344	2	1	3	945
1.3345	2	1	3	945
1.3346	2	1	3	945
1.3347	2	1	3	945
1.3348	2	1	3	945
1.3349	2	1	3	945
1.335	2	1	3	945
1.3351	2	1	3	945
1.3352	2	1	3	945
1.3353	2	1	3	945
1.3354	2	1	3	945
1.3355	2	1	3	945
1.3356	2	1	3	945
1.3357	2	1	3	945
1.3358	2	1	3	945
1.3359	2	1	3	945
1.336	2	1	3	945
1.3361	2	1	3	945
1.3362	2	1	3	945
1.3363	2	1	3	945
1.3364	2	1	3	945
1.3365	2	1	3	945
1.3366	2	1	3	945
1.3367	2	1	3	945
1.3368	2	1	3	945
1.3369	2	1	3	945
1.337	2	1	3	945
1.3371	2	1	3	945
1.3372	2	1	3	945
1.3373	2	1	3	945
1.3374	2	1	3	945
1.3375	2	1	3	945
1.3376	2	1	3	945
1.3377	2	1	3	945
1.3378	2	1	3	945
1.3379	2	1	3	945
1.338	2	1	3	945
1.3381	2	1	3	945
1.3382	2	1	3	945
1.3383	2	1	3	945
1.3384	2	1	3	945
1.3385	2	1	3	945
1.3386	2	1	3	945
1.3387	2	1	3	945
1.3388	2	1	3	945
1.3389	2	1	3	945
1.339	2	1	3	945
1.3391	2	1	3	945
1.3392	2	1	3	945
1.3393	2	1	3	945
1.3394	2	1	3	945
1.3395	2	1	3	945
1.3396	2	1	3	945
1.3397	2	1	3	945
1.3398	2	1	3	945
1.3399	2	1	3	945
1.34	2	1	3	945
1.3401	2	1	3	945
1.3402	2	1	3	945
1.3403	2	1	3	945
1.3404	2	1	3	945
1.3405	2	1	3	945
1.3406	2	1	3	945
1.3407	2	1	3	945
1.3408	2	1	3	945
1.3409	2	1	3	945
1.341	2	1	3	945
1.3411	2	1	3	945
1.3412	2	1	3	945
1.3413	2	1	3	945
1.3414	2	1	3	945
1.3415	2	1	3	945
1.3416	2	1	3	945
1.3417	2	1	3	945
1.3418	2	1	3	945
1.3419	2	1	3	945
1.342	2	1	3	945
1.3421	2	1	3	945
1.3422	2	1	3	945
1.3423	2	1	3	945
1.3424	2	1	3	945
1.3425	2	1	3	945
1.3426	2	1	3	945
1.3427	2	1	3	945
1.3428	2	1	3	945
1.3429	2	1	3	945
1.343	2	1	3	945
1.3431	2	1	3	945
1.3432	2	1	3	945
1.3433	2	1	3	945
1.3434	2	1	3	945
1.3435	2	1	3	945
1.3436	2	1	3	945
1.3437	2	1	3	945
1.3438	2	1	3	945
1.3439	2	1	3	945
1.344	2	1	3	945
1.3441	2	1	3	945
1.3442	2	1	3	945
1.3443	2	1	3	945
1.3444	2	1	3	945
1.3445	2	1	3	945
1.3446	2	1	3	945
1.3447	2	1	3	945
1.3448	2	1	3	945
1.3449	2	1	3	945
1.345	2	1	3	945
1.3451	2	1	3	945
1.3452	2	1	3	945
1.3453	2	1	3	945
1.3454	2	1	3	945
1.3455	2	1	3	945
1.3456	2	1	3	945
1.3457	2	1	3	945
1.3458	2	1	3	945
1.3459	2	1	3	945
1.346	2	1	3	945
1.3461	2	1	3	945
1.3462	2	1	3	945
1.3463	2	1	3	945
1.3464	2	1	3	945
1.3465	2	1	3	945
1.3466	2	1	3	945
1.3467	2	1	3	945
1.3468	2	1	3	945
1.3469	2	1	3	945
1.347	2	1	3	945
1.3471	2	1	3	945
1.3472	2	1	3	945
1.3473	2	1	3	945
1.3474	2	1	3	945
1.3475	2	1	3	945
1.3476	2	1	3	945
1.3477	2	1	3	945
1.3478	2	1	3	945
1.3479	2	1	3	945
1.348	2	1	3	945
1.3481	2	1	3	945
1.3482	2	1	3	945
1.3483	2	1	3	945
1.3484	2	1	3	945
1.3485	2	1	3	945
1.3486	2	1	3	945
1.3487	2	1	3	945
1.3488	2	1	3	945
1.3489	2	1	3	945
1.349	2	1	3	945
1.3491	2	1	3	945
1.3492	2	1	3	945
1.3493	2	1	3	945
1.3494	2	1	3	945
1.3495	2	1	3	945
1.3496	2	1	3	945
1.3497	2	1	3	945
1.3498	2	1	3	945
1.3499	2	1	3	945
1.35	2	1	3	945
1.3501	2	1	3	945
1.3502	2	1	3	945
1.3503	2	1	3	945
1.3504	2	1	3	945
1.3505	2	1	3	945
1.3506	2	1	3	945
1.3507	2	1	3	945
1.3508	2	1	3	945
1.3509	2	1	3	945
1.351	2	1	3	945
1.3511	2	1	3	945
1.3512	2	1	3	945
1.3513	2	1	3	945
1.3514	2	1	3	945
1.3515	2	1	3	945
1.3516	2	1	3	945
1.3517	2	1	3	945
1.3518	2	1	3	945
1.3519	2	1	3	945
1.352	2	1	3	945
1.3521	2	1	3	945
1.3522	2	1	3	945
1.3523	2	1	3	945
1.3524	2	1	3	945
1.3525	2	1	3	945
1.3526	2	1	3	945
1.3527	2	1	3	945
1.3528	2	1	3	945
1.3529	2	1	3	945
1.353	2	1	3	945
1.3531	2	1	3	945
1.3532	2	1	3	945
1.3533	2	1	3	945
1.3534	2	1	3	945
1.3535	2	1	3	945
1.3536	2	1	3	945
1.3537	2	1	3	945
1.3538	2	1	3	945
1.3539	2	1	3	945
1.354	2	1	3	945
1.3541	2	1	3	945
1.3542	2	1	3	945
1.3543	2	1	3	945
1.3544	2	1	3	945
1.3545	2	1	3	945
1.3546	2	1	3	945
1.3547	2	1	3	945
1.3548	2	1	3	945
1.3549	2	1	3	945
1.355	2	1	3	945
1.3551	2	1	3	945
1.3552	2	1	3	945
1.3553	2	1	3	945
1.3554	2	1	3	945
1.3555	2	1	3	945
1.3556	2	1	3	945
1.3557	2	1	3	945
1.3558	2	1	3	945
1.3559	2	1	3	945
1.356	2	1	3	945
1.3561	2	1	3	945
1.3562	2	1	3	945
1.3563	2	1	3	945
1.3564	2	1	3	945
1.3565	2	1	3	945
1.3566	2	1	3	945
1.3567	2	1	3	945
1.3568	2	1	3	945
1.3569	2	1	3	945
1.357	2	1	3	945
1.3571	2	1	3	945
1.3572	2	1	3	945
1.3573	2	1	3	945
1.3574	2	1	3	945
1.3575	2	1	3	945
1.3576	2	1	3	945
1.3577	2	1	3	945
1.3578	2	1	3	945
1.3579	2	1	3	945
1.358	2	1	3	945
1.3581	2	1	3	945
1.3582	2	1	3	945
1.3583	2	1	3	945
1.3584	2	1	3	945
1.3585	2	1	3	945
1.3586	2	1	3	945
1.3587	2	1	3	945
1.3588	2	1	3	945
1.3589	2	1	3	945
1.359	2	1	3	945
1.3591	2	1	3	945
1.3592	2	1	3	945
1.3593	2	1	3	945
1.3594	2	1	3	945
1.3595	2	1	3	945
1.3596	2	1	3	945
1.3597	2	1	3	945
1.3598	2	1	3	945
1.3599	2	1	3	945
1.36	2	1	3	945
1.3601	2	1	3	945
1.3602	2	1	3	945
1.3603	2	1	3	945
1.3604	2	1	3	945
1.3605	2	1	3	945
1.3606	2	1	3	945
1.3607	2	1	3	945
1.3608	2	1	3	945
1.3609	2	1	3	945
1.361	2	1	3	945
1.3611	2	1	3	945
1.3612	2	1	3	945
1.3613	2	1	3	945
1.3614	2	1	3	945
1.3615	2	1	3	945
1.3616	2	1	3	945
1.3617	2	1	3	945
1.3618	2	1	3	945
1.3619	2	1	3	945
1.362	2	1	3	945
1.3621	2	1	3	945
1.3622	2	1	3	945
1.3623	2	1	3	945
1.3624	2	1	3	945
1.3625	2	1	3	945
1.3626	2	1	3	945
1.3627	2	1	3	945
1.3628	2	1	3	945
1.3629	2	1	3	945
1.363	2	1	3	945
1.3631	2	1	3	945
1.3632	2	1	3	945
1.3633	2	1	3	945
1.3634	2	1	3	945
1.3635	2	1	3	945
1.3636	2	1	3	945
1.3637	2	1	3	945
1.3638	2	1	3	945
1.3639	2	1	3	945
1.364	2	1	3	945
1.3641	2	1	3	945
1.3642	2	1	3	945
1.3643	2	1	3	945
1.3644	2	1	3	945
1.3645	2	1	3	945
1.3646	2	1	3	945
1.3647	2	1	3	945
1.3648	2	1	3	945
1.3649	2	1	3	945
1.365	2	1	3	945
1.3651	2	1	3	945
1.3652	2	1	3	945
1.3653	2	1	3	945
1.3654	2	1	3	945
1.3655	2	1	3	945
1.3656	2	1	3	945
1.3657	2	1	3	945
1.3658	2	1	3	945
1.3659	2	1	3	945
1.366	2	1	3	945
1.3661	2	1	3	945
1.3662	2	1	3	945
1.3663	2	1	3	945
1.3664	2	1	3	945
1.3665	2	1	3	945
1.3666	2	1	3	945
1.3667	2	1	3	945
1.3668	2	1	3	945
1.3669	2	1	3	945
1.367	2	1	3	945
1.3671	2	1	3	945
1.3672	2	1	3	945
1.3673	2	1	3	945
1.3674	2	1	3	945
1.3675	2	1	3	945
1.3676	2	1	3	945
1.3677	2	1	3	945
1.3678	2	1	3	945
1.3679	2	1	3	945
1.368	2	1	3	945
1.3681	2	1	3	945
1.3682	2	1	3	945
1.3683	2	1	3	945
1.3684	2	1	3	945
1.3685	2	1	3	945
1.3686	2	1	3	945
1.3687	2	1	3	945
1.3688	2	1	3	945
1.3689	2	1	3	945
1.369	2	1	3	945
1.3691	2	1	3	945
1.3692	2	1	3	945
1.3693	2	1	3	945
1.3694	2	1	3	945
1.3695	2	1	3	945
1.3696	2	1	3	945
1.3697	2	1	3	945
1.3698	2	1	3	945
1.3699	2	1	3	945
1.37	2	1	3	945
1.3701	2	1	3	945
1.3702	2	1	3	945
1.3703	2	1	3	945
1.3704	2	1	3	945
1.3705	2	1	3	945
1.3706	2	1	3	945
1.3707	2	1	3	945
1.3708	2	1	3	945
1.3709	2	1	3	945
1.371	2	1	3	945
1.3711	2	1	3	945
1.3712	2	1	3	945
1.3713	2	1	3	945
1.3714	2	1	3	945
1.3715	2	1	3	945
1.3716	2	1	3	945
1.3717	2	1	3	945
1.3718	2	1	3	945
1.3719	2	1	3	945
1.372	2	1	3	945
1.3721	2	1	3	945
1.3722	2	1	3	945
1.3723	2	1	3	945
1.3724	2	1	3	945
1.3725	2	1	3	945
1.3726	2	1	3	945
1.3727	2	1	3	945
1.3728	2	1	3	945
1.3729	2	1	3	945
1.373	2	1	3	945
1.3731	2	1	3	945
1.3732	2	1	3	945
1.3733	2	1	3	945
1.3734	2	1	3	945
1.3735	2	1	3	945
1.3736	2	1	3	945
1.3737	2	1	3	945
1.3738	2	1	3	945
1.3739	2	1	3	945
1.374	2	1	3	945
1.3741	2	1	3	945
1.3742	2	1	3	945
1.3743	2	1	3	945
1.3744	2	1	3	945
1.3745	2	1	3	945
1.3746	2	1	3	945
1.3747	2	1	3	945
1.3748	2	1	3	945
1.3749	2	1	3	945
1.375	2	1	3	945
1.3751	2	1	3	945
1.3752	2	1	3	945
1.3753	2	1	3	945
1.3754	2	1	3	945
1.3755	2	1	3	945
1.3756	2	1	3	945
1.3757	2	1	3	945
1.3758	2	1	3	945
1.3759	2	1	3	945
1.376	2	1	3	945
1.3761	2	1	3	945
1.3762	2	1	3	945
1.3763	2	1	3	945
1.3764	2	1	3	945
1.3765	2	1	3	945
1.3766	2	1	3	945
1.3767	2	1	3	945
1.3768	2	1	3	945
1.3769	2	1	3	945
1.377	2	1	3	945
1.3771	2	1	3	945
1.3772	2	1	3	945
1.3773	2	1	3	945
1.3774	2	1	3	945
1.3775	2	1	3	945
1.3776	2	1	3	945
1.3777	2	1	3	945
1.3778	2	1	3	945
1.3779	2	1	3	945
1.378	2	1	3	945
1.3781	2	1	3	945
1.3782	2	1	3	945
1.3783	2	1	3	945
1.3784	2	1	3	945
1.3785	2	1	3	945
1.3786	2	1	3	945
1.3787	2	1	3	945
1.3788	2	1	3	945
1.3789	2	1	3	945
1.379	2	1	3	945
1.3791	2	1	3	945
1.3792	2	1	3	945
1.3793	2	1	3	945
1.3794	2	1	3	945
1.3795	2	1	3	945
1.3796	2	1	3	945
1.3797	2	1	3	945
1.3798	2	1	3	945
1.3799	2	1	3	945
1.38	2	1	3	945
1.3801	2	1	3	945
1.3802	2	1	3	945
1.3803	2	1	3	945
1.3804	2	1	3	945
1.3805	2	1	3	945
1.3806	2	1	3	945
1.3807	2	1	3	945
1.3808	2	1	3	945
1.3809	2	1	3	945
1.381	2	1	3	945
1.3811	2	1	3	945
1.3812	2	1	3	945
1.3813	2	1	3	945
1.3814	2	1	3	945
1.3815	2	1	3	945
1.3816	2	1	3	945
1.3817	2	1	3	945
1.3818	2	1	3	945
1.3819	2	1	3	945
1.382	2	1	3	945
1.3821	2	1	3	945
1.3822	2	1	3	945
1.3823	2	1	3	945
1.3824	2	1	3	945
1.3825	2	1	3	945
1.3826	2	1	3	945
1.3827	2	1	3	945
1.3828	2	1	3	945
1.3829	2	1	3	945
1.383	2	1	3	945
1.3831	2	1	3	945
1.3832	2	1	3	945
1.3833	2	1	3	945
1.3834	2	1	3	945
1.3835	2	1	3	945
1.3836	2	1	3	945
1.3837	2	1	3	945
1.3838	2	1	3	945
1.3839	2	1	3	945
1.384	2	1	3	945
1.3841	2	1	3	945
1.3842	2	1	3	945
1.3843	2	1	3	945
1.3844	2	1	3	945
1.3845	2	1	3	945
1.3846	2	1	3	945
1.3847	2	1	3	945
1.3848	2	1	3	945
1.3849	2	1	3	945
1.385	2	1	3	945
1.3851	2	1	3	945
1.3852	2	1	3	945
1.3853	2	1	3	945
1.3854	2	1	3	945
1.3855	2	1	3	945
1.3856	2	1	3	945
1.3857	2	1	3	945
1.3858	2	1	3	945
1.3859	2	1	3	945
1.386	2	1	3	945
1.3861	2	1	3	945
1.3862	2	1	3	945
1.3863	2	1	3	945
1.3864	2	1	3	945
1.3865	2	1	3	945
1.3866	2	1	3	945
1.3867	2	1	3	945
1.3868	2	1	3	945
1.3869	2	1	3	945
1.387	2	1	3	945
1.3871	2	1	3	945
1.3872	2	1	3	945
1.3873	2	1	3	945
1.3874	2	1	3	945
1.3875	2	1	3	945
1.3876	2	1	3	945
1.3877	2	1	3	945
1.3878	2	1	3	945
1.3879	2	1	3	945
1.388	2	1	3	945
1.3881	2	1	3	945
1.3882	2	1	3	945
1.3883	2	1	3	945
1.3884	2	1	3	945
1.3885	2	1	3	945
1.3886	2	1	3	945
1.3887	2	1	3	945
1.3888	2	1	3	945
1.3889	2	1	3	945
1.389	2	1	3	945
1.3891	2	1	3	945
1.3892	2	1	3	945
1.3893	2	1	3	945
1.3894	2	1	3	945
1.3895	2	1	3	945
1.3896	2	1	3	945
1.3897	2	1	3	945
1.3898	2	1	3	945
1.3899	2	1	3	945
1.39	2	1	3	945
1.3901	2	1	3	945
1.3902	2	1	3	945
1.3903	2	1	3	945
1.3904	2	1	3	945
1.3905	2	1	3	945
1.3906	2	1	3	945
1.3907	2	1	3	945
1.3908	2	1	3	945
1.3909	2	1	3	945
1.391	2	1	3	945
1.3911	2	1	3	945
1.3912	2	1	3	945
1.3913	2	1	3	945
1.3914	2	1	3	945
1.3915	2	1	3	945
1.3916	2	1	3	945
1.3917	2	1	3	945
1.3918	2	1	3	945
1.3919	2	1	3	945
1.392	2	1	3	945
1.3921	2	1	3	945
1.3922	2	1	3	945
1.3923	2	1	3	945
1.3924	2	1	3	945
1.3925	2	1	3	945
1.3926	2	1	3	945
1.3927	2	1	3	945
1.3928	2	1	3	945
1.3929	2	1	3	945
1.393	2	1	3	945
1.3931	2	1	3	945
1.3932	2	1	3	945
1.3933	2	1	3	945
1.3934	2	1	3	945
1.3935	2	1	3	945
1.3936	2	1	3	945
1.3937	2	1	3	945
1.3938	2	1	3	945
1.3939	2	1	3	945
1.394	2	1	3	945
1.3941	2	1	3	945
1.3942	2	1	3	945
1.3943	2	1	3	945
1.3944	2	1	3	945
1.3945	2	1	3	945
1.3946	2	1	3	945
1.3947	2	1	3	945
1.3948	2	1	3	945
1.3949	2	1	3	945
1.395	2	1	3	945
1.3951	2	1	3	945
1.3952	2	1	3	945
1.3953	2	1	3	945
1.3954	2	1	3	945
1.3955	2	1	3	945
1.3956	2	1	3	945
1.3957	2	1	3	945
1.3958	2	1	3	945
1.3959	2	1	3	945
1.396	2	1	3	945
1.3961	2	1	3	945
1.3962	2	1	3	945
1.3963	2	1	3	945
1.3964	2	1	3	945
1.3965	2	1	3	945
1.3966	2	1	3	945
1.3967	2	1	3	945
1.3968	2	1	3	945
1.3969	2	1	3	945
1.397	2	1	3	945
1.3971	2	1	3	945
1.3972	2	1	3	945
1.3973	2	1	3	945
1.3974	2	1	3	945
1.3975	2	1	3	945
1.3976	2	1	3	945
1.3977	2	1	3	945
1.3978	2	1	3	945
1.3979	2	1	3	945
1.398	2	1	3	945
1.3981	2	1	3	945
1.3982	2	1	3	945
1.3983	2	1	3	945
1.3984	2	1	3	945
1.3985	2	1	3	945
1.3986	2	1	3	945
1.3987	2	1	3	945
1.3988	2	1	3	945
1.3989	2	1	3	945
1.399	2	1	3	945
1.3991	2	1	3	945
1.3992	2	1	3	945
1.3993	2	1	3	945
1.3994	2	1	3	945
1.3995	2	1	3	945
1.3996	2	1	3	945
1.3997	2	1	3	945
1.3998	2	1	3	945
1.3999	2	1	3	945
