-50.421117
-54.896245
-43.711774
-40.692061
-47.140201
-55.744449
-39.788174
-51.764748
-28.938427
-43.212787
-49.967915
-42.160307
-47.605572
-50.933654
-42.135055
-45.246735
-49.079279
-47.033016
-29.900657
-49.631558
-38.425270
-47.964866
-38.374205
-44.844362
-48.050032
-46.597424
-41.167935
-54.411477
-31.866937
-45.994043
-43.552318
-49.181074
-50.632970
-41.048192
-44.328693
-44.128721
-50.715187
-45.813537
-39.327924
-44.615598
-42.178202
-48.348977
-43.908921
-41.103590
-45.586407
-40.355260
-49.416228
-43.960324
-35.046486
-43.586576
-45.951197
-43.327105
-45.266367
-53.808450
-44.915432
-57.090528
-55.455792
-46.863102
-36.894549
-41.393055
-46.879232
-49.758470
-39.308743
-46.100009
-53.898902
-55.206923
-47.027586
-48.280845
-36.365713
-55.252095
-41.158387
-24.485046
-49.214746
-48.459877
-43.276378
-46.401333
-38.344735
-43.367774
-25.150015
-39.937408
-35.037005
-43.852432
-36.687390
-32.079790
-31.939411
-44.136332
-35.388286
-41.230157
-48.588281
-34.230913
-41.784285
-38.852163
-44.767040
-32.205105
-33.903853
-46.715550
-37.434776
-48.731781
-34.969097
-32.125886
-37.071688
-45.318323
-39.841167
-42.525982
-36.070063
-40.544349
-28.500575
-48.463527
-32.896240
-43.671222
-39.491663
-36.128323
-47.143545
-48.975145
-50.819381
-34.594845
-50.873769
-50.804327
-28.499760
-48.717876
-26.699787
-46.546274
-31.381578
-35.559979
-30.542720
-50.737498
-35.350350
-31.436534
-44.127704
-31.640317
-58.693762
-48.069965
-45.887112
-44.453920
-44.963674
-36.942809
-51.374905
-50.334643
-48.234067
-31.830068
-41.236899
-55.703575
-42.278746
-46.801012
-52.382025
-26.516956
-46.274894
-40.507790
-48.164032
-31.462540
-42.561681
-36.957349
-40.380972
-51.561887
-41.093243
-46.473420
-46.696602
-50.493810
-46.657786
-20.209524
-34.807164
-46.207624
-49.342834
-34.937124
-40.131831
-35.338539
-34.850760
-32.420496
-49.293825
-36.721312
-31.539746
-35.629983
-34.826360
-44.495127
-30.747589
-36.996945
-34.234682
-32.691870
-47.447317
-35.849347
-40.656155
-39.320957
-48.489250
-32.492637
-42.815945
-35.427535
-37.434382
-45.276825
-55.756088
-37.444595
-51.845637
-32.152002
-53.541068
-47.584333
-41.346813
-44.281577
-50.319400
-44.703563
-28.467362
-36.711535
-62.209543
-50.021035
-40.282806
-42.603189
-46.155572
-25.009505
-42.226600
-45.969118
-36.814481
-27.547592
-56.267290
-43.134446
-44.839284
-32.029326
-34.900439
-50.973544
-46.087492
-52.260066
-35.087572
-33.772685
-27.018810
-47.986957
-31.408074
-35.825214
-30.619662
-52.405712
-36.287749
-31.707026
-46.558191
-31.745128
-39.933844
-37.457230
-38.033013
-33.948177
-30.937367
-43.485184
-34.409352
-35.438345
-46.102390
-54.069755
-31.938984
-37.597915
-50.078846
-49.708353
-33.739380
-44.090001
-31.622010
-43.354591
-38.994720
-45.089704
-39.498033
-48.856098
-38.610591
-45.191191
-44.409295
-30.620580
-46.558593
-53.436930
-38.417360
-58.345998
-38.446572
-36.562562
-49.438654
-34.302943
-36.094195
-31.572651
-38.274621
-31.047167
-50.369013
-40.025508
-30.422857
-38.555234
-34.187590
-43.397839
-29.752482
-37.903285
-37.509903
-36.964910
-47.901572
-36.939625
-42.396059
-37.609670
-49.217813
-33.253065
-42.194272
-36.605651
-35.786687
-46.247486
-49.253358
-37.753128
-51.481656
-45.358574
-34.150352
-37.329962
-33.921437
-47.756499
-33.003374
-29.085451
-42.053514
-50.699401
-43.931492
-34.001542
-48.400045
-40.256442
-39.446964
-43.818376
-24.209770
-31.989247
-50.876223
-40.531764
-40.972737
-50.118356
-50.452399
-43.045168
-44.901108
-55.341530
-21.234759
-42.072178
-44.322626
-47.832193
-48.216347
-41.593035
-36.249418
-36.592526
-42.902023
-23.377815
-39.688378
-47.336136
-32.063022
-28.995989
-53.712276
-42.328351
-47.679056
-31.919048
-34.066111
-49.176315
-39.953943
-53.908495
-39.169392
-33.703073
-37.596545
-48.496708
-40.627834
-35.700380
-49.317924
-53.241025
-36.598887
-42.180684
-34.203459
-41.974840
-49.219710
-41.562735
-48.477511
-47.514002
-35.912611
-31.505698
-47.964904
-42.720573
-52.096654
-48.479871
-41.380766
-43.686006
-45.574937
-47.025627
-41.757067
-24.596285
-35.352773
-44.647337
-40.431104
-33.316423
-41.837672
-53.372244
-53.689270
-33.078546
-44.107830
-41.353098
-37.052743
-50.435684
-56.331005
-47.520139
-35.315206
-36.437635
-46.111987
-33.561229
-35.745746
-30.843146
-39.951809
-31.092972
-48.454535
-39.398676
-32.124646
-34.992525
-42.670839
-49.600440
-30.970312
-36.964118
-34.507608
-32.546226
-47.586647
-34.589071
-43.419289
-40.833461
-39.851094
-37.514481
-43.969263
-35.288713
-41.005176
-29.247883
-55.248584
-37.953395
-61.716372
-57.073062
-44.222201
-53.100533
-45.968377
-28.492086
-50.341788
-51.495151
-43.182830
-50.425122
-43.504816
-34.337775
-56.110892
-45.688337
-39.970512
-40.276238
-24.228372
-32.119054
-43.795641
-44.653919
-34.649188
-39.714585
-50.421929
-34.180912
-37.568427
-44.643605
-26.051471
-35.736094
-33.009682
-38.305269
-39.829595
-40.816326
-39.078127
-40.290110
-33.930360
-40.775315
-27.833684
-45.997508
-29.676233
-42.441560
-33.383417
-51.788495
-50.076668
-42.055142
-45.945739
-30.987404
-43.795240
-45.983877
-32.390880
-41.701154
-27.969987
-41.877217
-31.979235
-32.835825
-32.416603
-50.973771
-33.801145
-32.182228
-37.728375
-32.687684
-39.726106
-38.823670
-39.565004
-33.515332
-30.569831
-43.263152
-34.401540
-35.965942
-44.950908
-57.673861
-32.308391
-38.476140
-48.694325
-51.869813
-34.473076
-46.081176
-33.728339
-48.305520
-43.872392
-44.179845
-47.329435
-51.496988
-46.736020
-43.685703
-46.435137
-52.082115
-48.265664
-34.079998
-39.007930
-39.348621
-34.402949
-46.609102
-47.215027
-34.963622
-40.853511
-35.936650
-34.955509
-32.662776
-49.052491
-36.748271
-36.436388
-34.543529
-41.145275
-53.672688
-35.050682
-38.375931
-33.148222
-30.745423
-46.559411
-37.130933
-45.202371
-38.656332
-43.093350
-36.626842
-43.219326
-41.120009
-34.920749
-46.888111
-48.458505
-40.779070
-48.382207
-38.005694
-32.712444
-38.385247
-34.843122
-47.966622
-31.608063
-28.769811
-40.084443
-51.304082
-51.188568
-49.848312
-49.349995
-46.968738
-46.299948
-27.808918
-44.997922
-44.694452
-38.184265
-46.425377
-36.456227
-39.720220
-47.334947
-41.037715
-41.039482
-39.071586
-36.943431
-41.663884
-33.135270
-34.277117
-47.631106
-50.955562
-40.899555
-46.182967
-43.592365
-41.379198
-45.260709
-29.602153
-37.973842
-43.913186
-48.160067
-50.054067
-46.888707
-37.987187
-50.567806
-49.115020
-35.327404
-54.218616
-51.301746
-44.601593
-26.356678
-46.700702
-31.773500
-34.540342
-31.483344
-50.316500
-35.640362
-30.857795
-47.210227
-32.158718
-39.307523
-39.809784
-43.952487
-29.685323
-32.828939
-49.284615
-36.001655
-34.190515
-44.778388
-51.530227
-49.020080
-51.266919
-53.708626
-55.945337
-47.764243
-49.380633
-48.571968
-36.504035
-46.592533
-47.374376
-36.247247
-38.356436
-56.018598
-33.854904
-36.867207
-31.986847
-37.167965
-30.648923
-50.311305
-38.262439
-38.303964
-34.457729
-42.461500
-58.349397
-36.769004
-39.186403
-33.224541
-30.634147
-49.500774
-37.944125
-41.920677
-45.539949
-32.714566
-32.435693
-53.873472
-49.574131
-42.738391
-29.342825
-55.077433
-45.073413
-52.677489
-43.236762
-32.577801
-36.538957
-34.935954
-35.553766
-31.802569
-28.448263
-38.824585
-51.338209
-48.893565
-50.519293
-35.131742
-50.045074
-54.976560
-43.686118
-47.517630
-32.701451
-50.042586
-51.741095
-26.352393
-46.347060
-31.745995
-34.611798
-31.411667
-49.928626
-35.765853
-30.855335
-47.628809
-32.079731
-38.569061
-40.660277
-44.163831
-31.521724
-31.753523
-41.601895
-34.935611
-33.918049
-43.862673
-52.634994
-32.021225
-38.089749
-55.158458
-46.274622
-34.041211
-45.616813
-32.120029
-43.655246
-37.018151
-45.829318
-29.441334
-49.666004
-46.726027
-46.542360
-43.564592
-43.258273
-45.072454
-48.537209
-38.025672
-42.934425
-34.255367
-45.083372
-48.525216
-34.921322
-40.206554
-35.876566
-35.162998
-32.581600
-48.514547
-37.073909
-30.920777
-38.630842
-47.618816
-54.334806
-29.968485
-37.996051
-39.077567
-37.874867
-47.699895
-37.000717
-27.278334
-52.840244
-41.390045
-32.712339
-59.061962
-47.101997
-43.563557
-49.202873
-45.428236
-45.815221
-20.814100
-37.255773
-54.817829
-41.117539
-42.620511
-55.662989
-41.883730
-43.663984
-43.192968
-55.622362
-41.520966
-38.162258
-48.293592
-42.838681
-47.712487
-44.581650
-27.320334
-34.774260
-46.738482
-48.320435
-35.072910
-40.594739
-49.609032
-41.959524
-49.166692
-48.543137
-27.790737
-38.996433
-35.012762
-42.918864
-24.731931
-45.686114
-46.303962
-37.210541
-49.680647
-43.710322
-42.456186
-49.789783
-37.570317
-49.589578
-33.140482
-53.698845
-46.624461
-40.245898
-46.824241
-31.284707
-46.585066
-47.563010
-34.998317
-39.480032
-50.254376
-27.597754
-43.234758
-50.459277
-47.622789
-41.046372
-45.505604
-54.240791
-52.145630
-44.060620
-53.915027
-25.851779
-32.377442
-39.234550
-42.234377
-41.357045
-51.488874
-42.417195
-46.910634
-41.441196
-32.889121
-35.294700
-49.012863
-49.710426
-34.556606
-44.533954
-31.909407
-40.603976
-40.654791
-45.019960
-51.399245
-18.735536
-42.402053
-47.206231
-51.680730
-52.223110
-49.794220
-46.336465
-46.064767
-38.691032
-43.496733
-35.702787
-46.742754
-36.233879
-37.012336
-32.045425
-45.767148
-33.171915
-47.761765
-43.185287
-37.170901
-34.960840
-40.638901
-54.094387
-35.720947
-38.865229
-33.237532
-30.716205
-52.339621
-37.582341
-47.247880
-38.482126
-51.026219
-52.419053
-42.233386
-37.505861
-35.783943
-46.945391
-50.209734
-38.597514
-37.882303
-20.696274
-43.849745
-48.681994
-40.819228
-51.387366
-46.942232
-49.164648
-28.644165
-47.203462
-43.376689
-34.450507
-54.785407
-43.323788
-38.425425
-44.169252
-24.175374
-31.695474
-47.765524
-43.225422
-33.789315
-37.965473
-50.689401
-44.720527
-45.768840
-51.093697
-33.469147
-39.435830
-33.047649
-35.786524
-60.739694
-35.621897
-36.835030
-39.936846
-34.383236
-45.166508
-34.235848
-45.034630
-32.299839
-46.617538
-52.930415
-33.056960
-52.729529
-44.106603
-44.088698
-52.665105
-44.403709
-50.713497
-31.640207
-43.679071
-26.916578
-44.648971
-31.209055
-34.316705
-30.860338
-43.487798
-35.042030
-31.428407
-44.400603
-31.529324
-44.383884
-26.884492
-31.635084
-45.314367
-35.359255
-39.615508
-41.280726
-41.155825
-48.634254
-46.724292
-33.787504
-35.545425
-58.106578
-50.003126
-35.312024
-50.166306
-33.992948
-44.093483
-39.249007
-46.478554
-53.379861
-40.158073
-24.598255
-45.197113
-57.132754
-39.953141
-46.886819
-35.351426
-49.637707
-37.864225
-48.450174
-50.326372
-29.823722
-42.441196
-50.453639
-44.892981
-43.562889
-50.463052
-51.128313
-43.674905
-51.440108
-44.076568
-28.575525
-55.305102
-55.322195
-50.102981
-45.919086
-41.806624
-42.160262
-46.016132
-42.695772
-46.436896
-23.670007
-33.539928
-47.189281
-49.890654
-41.520141
-38.709811
-52.523150
-46.843514
-49.787985
-38.057898
-26.805830
-53.919436
-46.073608
-41.584905
-45.026607
-42.971269
-51.635768
-52.499788
-41.326175
-43.857474
-53.298693
-42.729819
-40.067263
-42.887295
-33.498098
-38.153391
-45.574927
-45.212965
-44.503669
-47.060505
-35.795150
-40.955498
-55.409304
-49.638146
-39.982889
-48.686996
-47.649244
-45.324555
-43.461746
-43.357518
-28.779750
-22.854381
-45.292552
-41.996227
-45.250527
-49.669933
-47.664834
-49.913447
-47.914158
-52.072779
-30.065461
-48.772707
-51.557041
-51.040878
-49.372116
-37.876897
-44.797335
-48.201726
-28.147892
-41.320393
-32.721309
-32.581962
-33.709159
-52.869683
-33.281991
-32.504218
-37.066417
-33.556681
-40.167411
-37.087815
-40.459033
-27.893641
-34.461403
-44.964583
-39.156564
-33.952268
-50.135791
-48.427199
-43.278762
-43.824660
-45.398215
-34.317746
-40.556492
-40.457070
-39.881828
-48.654154
-45.059181
-42.851392
-41.832489
-51.650858
-50.323355
-31.970686
-47.681360
-40.424175
-37.865404
-49.514983
-48.668810
-40.993590
-33.984901
-38.990181
-47.701108
-33.628466
-36.576432
-32.112484
-35.689663
-30.246890
-49.013465
-37.268110
-30.599820
-39.191785
-34.097377
-43.622371
-29.952746
-38.795530
-39.664897
-39.494507
-47.642342
-37.978242
-43.060762
-42.416382
-44.114965
-30.982449
-53.193314
-40.733521
-43.201669
-43.618894
-49.771397
-43.700929
-55.168557
-35.365887
-36.219993
-34.761155
-36.916883
-47.340000
-35.868045
-31.261045
-42.421577
-49.116778
-45.558022
-49.786507
-49.476603
-28.762822
-35.628270
-47.149994
-42.820237
-43.219751
-47.920501
-38.102453
-42.999552
-45.962246
-41.060962
-28.589113
-31.548531
-47.491281
-36.650375
-40.450709
-37.770859
-34.128031
-41.271794
-44.042151
-30.836621
-20.892930
-44.156282
-41.755457
-41.654270
-53.233086
-33.350449
-48.039779
-53.087578
-42.513589
-47.086381
-31.745043
-34.394281
-49.048099
-43.697340
-52.967488
-46.211565
-33.392158
-42.151657
-52.732130
-49.206387
-42.952031
-27.205604
-44.099746
-55.359928
-51.906999
-51.634662
-44.679221
-53.699074
-41.411930
-67.144851
-33.667251
-31.917142
-46.216214
-31.821614
-39.929861
-48.114010
-34.564875
-43.709406
-49.459547
-42.508555
-29.756818
-32.050165
-46.630912
-34.750902
-49.072428
-41.976719
-34.048815
-48.206658
-37.345055
-39.290376
-51.850693
-32.866926
-50.239430
-29.610335
-46.029862
-36.214014
-47.917769
-57.931996
-54.665840
-66.983573
-51.015112
-51.689494
-26.244108
-43.521646
-51.544222
-39.300554
-53.926611
-51.805896
-60.012722
-46.037004
-47.239699
-51.351773
-31.890054
-47.117605
-54.931198
-58.567524
-51.692739
-50.420661
-55.495353
-43.710310
-40.694695
-47.140332
-55.733677
-39.788740
-51.201352
-28.938428
-43.213166
-49.600182
-42.103551
-47.329355
-50.921248
-42.165466
-45.041079
-49.101592
-41.942660
-29.900954
-49.642157
-37.298349
-42.552862
-38.373882
-44.265231
-40.933741
-43.338994
-34.931073
-44.789955
-31.433437
-45.832930
-45.438812
-49.185291
-52.129811
-42.771582
-44.328738
-46.315281
-47.687149
-45.813519
-39.327437
-44.661471
-42.771337
-48.163673
-44.281699
-41.065801
-46.261554
-40.700721
-48.521586
-48.994309
-35.045437
-45.278633
-45.958381
-43.428840
-45.266422
-53.876752
-44.915454
-57.081003
-55.097730
-46.887297
-36.884713
-41.410144
-46.868776
-49.151230
-39.300542
-46.099824
-53.884064
-55.219300
-47.034776
-48.443228
-36.365656
-55.235844
-41.165631
-24.484995
-49.212269
-48.384483
-43.270204
-46.398299
-38.355057
-43.199377
-25.149628
-39.944000
-34.633007
-34.466932
-36.678997
-39.196186
-38.977307
-44.071844
-24.183614
-31.883488
-45.988947
-43.079805
-36.387844
-37.260720
-49.009177
-39.545523
-40.978081
-50.230981
-35.623035
-41.610529
-32.739350
-34.141460
-37.071699
-45.313267
-39.841823
-42.506748
-36.069918
-40.534561
-28.500961
-49.125251
-32.894252
-43.762888
-39.491625
-36.128265
-47.041753
-48.975019
-50.824941
-34.594976
-50.956746
-50.693575
-28.499885
-48.510334
-26.699787
-46.546212
-31.381558
-35.559769
-30.542668
-50.729525
-35.346997
-31.436223
-44.127149
-31.640312
-57.335982
-48.069879
-45.802956
-44.453324
-44.963155
-36.937488
-51.374903
-49.398388
-48.211459
-31.830066
-41.204238
-55.121275
-42.272912
-46.612593
-50.193493
-26.508101
-45.777354
-40.464304
-47.204275
-31.462503
-42.551969
-36.957232
-40.372475
-51.503731
-41.093235
-46.440958
-46.607492
-50.493767
-46.655287
-20.209349
-34.807164
-46.050225
-49.340341
-34.937124
-40.131618
-35.338539
-34.850725
-32.420477
-48.775662
-36.706842
-31.539735
-35.629978
-34.826357
-44.492485
-30.747588
-36.996068
-34.232160
-32.691870
-45.756334
-35.847638
-40.652767
-39.320899
-48.118323
-32.492636
-42.815313
-35.427531
-37.434369
-45.275152
-55.755685
-37.444594
-51.771069
-32.136249
-53.425099
-47.563691
-41.346473
-44.266007
-50.279517
-44.696693
-28.466204
-36.628467
-48.442987
-62.084284
-43.129255
-53.766914
-48.351178
-27.835982
-50.909038
-56.066021
-38.407295
-50.955772
-60.842891
-50.020307
-40.282806
-42.594121
-46.155306
-25.009501
-42.118626
-45.968493
-36.814478
-27.547592
-56.255726
-43.134410
-44.839273
-32.029326
-34.900439
-50.973537
-46.086190
-51.391816
-35.087508
-33.771772
-39.825858
-51.672667
-40.609741
-35.687869
-43.896306
-52.134579
-37.041792
-42.314289
-34.247704
-41.124369
-39.846117
-36.844714
-38.033653
-33.943628
-29.899567
-43.826044
-34.409953
-36.187747
-46.112222
-51.460550
-32.222200
-38.637769
-52.507084
-52.341653
-34.421048
-49.116014
-33.910122
-47.611926
-42.657910
-45.954642
-53.886592
-40.186156
-24.598022
-53.319602
-50.442771
-39.735667
-52.571462
-53.498803
-38.388044
-38.006751
-38.588853
-36.589840
-49.446828
-34.041721
-36.087520
-31.278534
-38.413702
-31.122245
-51.029584
-39.984556
-30.410659
-38.534940
-34.186761
-43.279965
-29.749232
-37.907344
-37.453058
-36.946206
-48.168237
-36.931876
-46.857225
-37.721710
-48.926648
-48.500493
-42.202781
-36.767544
-36.228099
-46.260864
-49.363183
-37.990982
-51.349492
-45.363121
-34.141875
-37.345354
-34.135867
-47.723150
-32.988541
-29.090475
-42.063311
-51.722090
-50.092933
-50.733324
-48.524152
-28.739142
-35.494044
-45.024112
-44.081452
-46.420490
-48.210230
-37.874245
-38.013927
-43.228089
-46.747257
-46.737275
-48.735407
-31.875706
-44.067837
-45.716450
-46.328866
-48.327691
-60.472423
-35.282047
-35.343524
-39.448384
-34.207878
-44.752281
-34.159403
-40.193305
-31.837913
-45.495939
-53.023808
-42.299104
-45.830677
-31.911109
-34.139448
-48.813773
-42.905459
-50.749347
-44.722168
-33.697097
-27.757412
-41.436231
-31.981860
-32.822064
-32.612454
-52.941182
-33.565678
-32.179659
-37.600717
-32.811660
-52.152288
-42.600142
-48.336975
-48.153120
-39.105953
-31.515244
-47.943399
-52.094309
-52.034801
-49.694870
-43.845841
-52.216962
-46.144291
-48.065871
-53.363147
-24.625809
-47.459355
-53.229040
-46.441021
-33.339553
-43.466984
-53.143933
-53.098511
-32.304454
-45.130829
-41.504920
-37.964536
-48.203609
-54.210081
-41.000096
-33.452518
-46.925793
-47.587411
-35.141691
-40.587225
-35.932541
-35.043841
-32.666115
-49.848237
-36.886969
-32.159165
-35.598640
-42.703847
-52.126561
-31.027779
-36.976511
-34.518876
-32.622030
-47.497082
-35.864076
-42.106263
-40.856673
-39.802828
-34.204337
-43.975297
-35.242937
-40.511824
-29.245290
-56.102812
-38.074034
-62.748837
-57.791102
-44.292924
-54.012855
-45.792607
-28.492669
-50.611034
-53.118303
-43.223721
-50.840274
-49.653528
-41.109912
-56.605987
-33.637810
-31.891542
-40.514358
-31.846489
-39.873523
-44.415954
-34.570124
-39.589707
-44.601468
-49.166327
-35.988002
-38.215226
-47.674200
-21.231048
-39.294099
-37.980521
-40.751276
-43.462210
-43.646489
-28.885288
-22.856250
-44.391462
-41.952958
-41.974409
-47.148487
-37.868548
-49.201289
-33.390663
-52.062487
-49.985378
-42.901935
-48.309877
-30.995117
-47.816893
-45.975708
-32.785982
-42.102812
-26.359742
-46.632019
-31.773513
-34.535808
-31.394406
-51.076453
-35.651285
-30.857133
-47.207479
-32.082827
-39.751270
-39.125978
-39.604419
-33.485650
-30.886973
-43.237797
-34.401284
-35.996546
-44.848544
-57.711944
-32.303363
-38.529685
-50.935327
-45.591938
-34.523571
-39.586981
-33.853110
-48.480986
-44.078287
-36.019944
-44.311953
-49.558309
-50.954805
-49.890306
-27.206823
-48.628296
-49.562935
-51.168548
-39.086787
-45.873748
-36.182645
-38.318583
-55.903979
-33.737557
-36.814011
-31.974022
-37.048532
-30.620949
-41.383729
-38.217089
-36.440985
-34.469885
-41.131736
-56.369953
-35.054837
-38.396738
-33.149017
-30.725500
-46.643754
-37.165278
-42.464210
-38.599744
-42.718301
-32.842230
-43.206740
-40.740308
-34.585519
-46.684629
-48.122864
-40.084353
-48.393830
-38.055891
-32.717083
-38.342807
-34.578877
-47.886789
-31.617502
-28.765877
-40.095607
-54.087578
-50.869954
-49.214477
-49.280945
-46.202626
-46.071740
-26.223012
-41.736209
-45.009635
-39.619303
-46.602451
-35.177509
-41.122747
-48.105633
-43.667629
-47.468299
-48.150362
-26.063392
-38.689829
-35.650048
-44.512839
-41.284816
-49.006055
-30.959254
-20.889513
-42.223672
-41.559129
-41.295729
-53.527612
-32.933440
-47.656516
-48.612387
-50.046128
-47.069088
-37.945997
-50.563615
-49.741081
-35.133066
-56.821622
-54.301622
-45.589450
-39.223155
-40.104894
-43.979817
-29.695326
-33.119207
-48.167688
-36.003613
-33.689845
-44.799467
-52.076752
-42.461994
-43.452247
-54.695341
-51.566195
-40.969628
-44.418899
-35.233231
-35.963732
-39.648788
-47.263096
-38.266092
-35.251872
-42.472373
-58.168395
-36.720778
-39.241505
-33.199902
-30.677403
-55.873467
-36.962887
-46.686510
-45.705497
-32.765672
-41.963429
-53.824315
-61.641866
-47.876315
-29.342639
-55.086756
-48.663284
-52.708981
-43.119277
-32.566637
-36.561782
-35.273712
-35.556653
-31.807379
-28.444280
-38.806279
-50.401881
-44.664938
-34.535461
-52.004532
-47.094350
-39.716032
-42.190741
-24.214806
-31.981300
-42.933254
-43.791453
-48.094812
-37.357888
-39.119378
-49.685283
-32.823792
-42.443206
-29.606038
-46.638138
-36.175991
-47.761294
-48.647521
-50.677244
-35.134188
-51.369153
-59.498999
-43.582003
-50.381961
-32.698259
-42.579056
-51.287814
-26.352393
-46.347060
-31.745995
-34.611798
-31.411667
-49.928626
-35.765853
-30.855335
-47.628809
-32.079731
-38.569061
-40.660277
-44.163831
-31.521724
-31.753523
-41.601895
-34.935611
-33.918049
-43.862673
-52.634994
-32.021225
-38.089749
-55.158458
-46.274622
-34.041211
-45.616813
-32.120029
-43.655246
-37.018151
-45.829318
-29.441334
-49.666004
-46.726027
-46.542360
-43.564592
-43.258273
-45.072454
-48.537209
-38.025672
-42.934425
-34.255367
-45.083372
-48.525216
-34.921322
-40.206554
-35.876566
-35.162998
-32.581600
-48.514547
-37.073909
-30.920777
-38.630842
-47.618816
-54.334806
-29.968485
-37.996051
-39.077567
-37.874867
-47.699895
-37.000717
-27.278334
-52.840244
-41.390045
-32.712339
-59.061962
-47.101997
-43.563557
-49.202873
-45.428236
-45.815221
-20.814100
-37.255773
-54.817829
-41.117539
-42.620511
-55.662989
-41.883730
-43.663984
-43.192968
-55.622362
-41.520966
-38.162258
-48.293592
-42.838681
-47.712487
-44.581650
-27.320334
-34.774260
-46.738482
-48.320435
-35.072910
-40.594739
-49.609032
-41.959524
-49.166692
-48.543137
-27.790737
-38.996433
-35.012762
-42.918864
-24.731931
-45.686114
-46.303962
-37.210541
-49.680647
-43.710322
-42.456186
-49.789783
-37.570317
-49.589578
-33.140482
-53.698845
-46.624461
-40.245898
-46.824241
-31.284707
-46.585066
-47.563010
-34.998317
-39.480032
-50.239923
-27.597753
-43.234791
-50.459087
-47.622798
-41.046373
-45.505587
-54.240787
-52.142801
-44.106436
-53.918397
-25.851574
-32.377442
-39.234636
-42.312144
-41.354384
-51.488892
-42.417492
-46.910656
-41.441197
-32.903290
-35.294635
-49.049865
-49.723414
-34.558688
-44.588674
-31.909422
-40.603978
-40.650642
-45.027161
-51.412670
-18.735545
-42.408562
-47.216842
-60.178263
-54.753534
-49.799700
-46.324068
-46.422087
-38.744811
-44.489498
-35.704508
-46.947625
-36.872658
-37.302426
-32.377738
-45.767214
-33.171919
-47.723873
-43.477974
-37.229307
-34.962588
-40.642340
-55.983296
-35.728203
-38.865694
-33.261224
-30.716977
-52.357853
-37.592907
-47.247879
-38.482000
-51.045996
-52.589486
-42.233404
-37.505861
-35.802107
-46.945390
-50.209767
-38.597510
-37.882307
-20.696528
-43.924702
-48.682085
-40.819245
-51.411577
-46.940388
-49.196463
-28.644847
-47.203581
-43.376704
-34.450547
-54.785268
-43.332808
-38.425410
-44.169269
-24.175374
-31.695786
-47.765547
-43.225750
-35.429857
-39.330131
-50.516508
-44.720875
-45.635225
-51.758846
-33.637642
-39.525789
-33.138277
-35.786676
-48.600076
-48.513044
-44.154909
-37.983520
-44.738151
-23.380150
-39.951710
-47.848755
-32.510431
-28.995989
-53.603607
-33.056422
-52.741504
-44.110761
-44.097073
-53.597566
-45.098780
-50.909354
-31.117483
-43.679954
-26.916566
-44.648940
-31.209052
-34.316486
-30.860337
-43.487401
-35.042031
-31.428277
-44.398129
-31.526495
-44.379390
-26.884019
-31.634957
-45.301432
-35.300043
-39.607045
-41.280536
-41.153109
-48.632946
-46.724289
-33.770351
-35.544965
-52.940239
-49.893440
-35.306301
-49.285429
-33.992109
-44.093232
-39.202383
-45.590068
-39.474140
-48.630723
-38.608701
-42.551211
-44.472648
-30.624002
-45.936246
-35.346187
-49.088969
-47.654241
-41.769996
-47.783042
-29.775244
-37.999296
-42.671305
-38.155633
-43.562512
-50.457622
-48.276135
-42.167852
-49.194136
-40.550020
-28.574734
-52.028963
-48.834322
-50.048818
-45.802950
-41.531291
-42.082519
-39.468759
-42.695588
-46.431338
-23.669744
-33.538618
-47.184937
-49.874354
-41.519141
-38.709137
-51.712452
-46.833661
-49.787842
-38.047925
-26.803336
-53.918891
-46.073333
-41.583842
-44.873067
-42.927376
-51.443729
-52.500469
-41.274112
-40.692165
-53.298856
-39.231675
-40.065295
-42.825108
-33.498069
-38.054856
-45.516700
-41.533328
-49.370324
-48.867509
-35.789813
-40.727991
-54.322188
-48.039960
-40.024951
-47.927517
-46.224693
-45.085121
-39.781549
-39.792760
-36.000289
-40.709695
-34.273629
-42.002861
-28.106740
-48.104915
-33.166561
-43.599141
-47.698919
-52.010931
-30.065448
-48.784376
-48.098310
-50.346197
-41.387823
-37.870600
-40.794913
-48.165208
-28.147878
-41.320393
-32.721310
-32.581572
-33.709154
-52.860744
-33.279340
-32.500848
-37.065784
-33.556530
-40.100585
-37.087024
-40.478816
-27.893086
-34.454357
-44.708896
-39.157214
-33.942678
-50.108220
-48.427247
-44.576810
-43.801885
-44.867071
-34.327410
-40.603824
-40.413964
-39.999167
-48.836992
-44.673190
-42.744270
-40.736573
-51.634582
-50.857401
-32.669776
-46.107166
-40.284492
-37.116603
-50.659193
-49.319770
-50.064971
-33.703438
-38.988523
-47.685670
-33.628377
-36.578855
-32.111963
-35.689667
-30.246961
-48.712100
-37.261451
-30.598790
-39.155820
-34.084274
-43.457135
-29.951077
-38.788115
-39.660114
-39.492894
-47.005578
-37.931570
-43.055331
-42.355935
-44.026378
-30.982407
-53.120679
-40.726326
-43.197178
-43.557892
-49.555248
-43.689078
-55.059935
-35.358265
-36.219409
-34.768602
-36.915049
-47.315356
-35.811681
-31.255562
-42.424531
-48.360326
-45.672851
-42.485569
-49.490440
-32.757160
-32.118118
-45.473474
-35.615264
-40.499499
-47.162214
-34.353896
-42.084903
-44.442208
-40.947900
-28.267747
-31.315874
-38.654852
-36.587683
-38.501674
-36.215894
-33.730800
-47.691046
-43.378294
-39.169664
-41.916821
-43.656801
-40.741357
-41.306740
-29.587339
-33.369062
-43.236206
-51.942618
-42.509477
-47.002917
-31.745100
-34.389243
-48.424805
-43.681431
-52.124760
-45.587874
-33.356280
-27.049899
-48.649609
-31.410731
-35.871923
-30.770877
-57.535512
-36.403083
-31.715173
-47.004631
-31.839832
-44.043206
-60.199745
-46.635399
-42.447232
-46.766337
-46.010982
-49.479147
-34.135062
-54.300850
-39.392681
-37.905637
-36.612065
-46.321781
-34.549415
-36.240393
-31.489418
-39.515660
-30.711972
-53.334538
-39.193327
-46.286949
-53.169269
-42.326649
-29.780099
-32.026248
-47.183111
-34.794434
-46.798292
-43.306103
-33.984342
-42.159944
-43.332277
-45.289571
-32.353254
-33.982951
-47.946377
-39.758840
-52.241947
-35.574653
-32.252873
-42.155099
-43.331775
-45.289373
-32.352120
-33.982910
-47.945442
-39.755321
-52.183732
-35.574651
-32.252805
-50.421117
-54.896245
-43.711774
-40.692061
-47.140201
-55.744449
-39.788174
-51.764748
-28.938427
-43.212787
-49.967915
-42.160307
-47.605572
-50.933654
-42.135055
-45.246735
-49.079279
-47.033016
-29.900657
-49.631558
-38.425270
-47.964866
-38.374205
-44.844362
-48.050032
-46.597424
-41.167935
-54.411477
-31.866937
-45.994043
-43.552318
-49.181074
-50.632970
-41.048192
-44.328693
-44.128721
-50.715187
-45.813537
-39.327924
-44.615598
-42.178202
-48.348977
-43.908921
-41.103590
-45.586407
-40.355260
-49.416228
-43.960324
-35.046486
-43.586576
-45.951197
-43.327105
-45.266367
-53.808450
-44.915432
-57.090528
-55.455792
-46.863102
-36.894549
-41.393055
-46.879232
-49.758470
-39.308743
-46.100009
-53.898902
-55.206923
-47.027586
-48.280845
-36.365713
-55.252095
-41.158387
-24.485046
-49.214746
-48.459877
-43.276378
-46.401333
-38.344735
-43.367774
-25.150015
-39.937408
-35.037005
-43.852432
-36.687390
-32.079790
-31.939411
-44.136332
-35.388286
-41.230157
-48.588281
-34.230913
-41.784285
-38.852163
-44.767040
-32.205105
-33.903853
-46.715550
-37.434776
-48.731781
-34.969097
-32.125886
-37.071688
-45.318323
-39.841167
-42.525982
-36.070063
-40.544349
-28.500575
-48.463527
-32.896240
-43.671222
-39.491663
-36.128323
-47.143545
-48.975145
-50.819381
-34.594845
-50.873769
-50.804327
-28.499760
-48.717876
-39.175409
-48.642787
-39.040345
-44.869349
-48.295345
-46.794522
-41.500404
-55.602364
-31.873129
-46.228278
-43.555148
-49.193914
-50.706969
-41.681472
-44.526843
-44.157583
-53.207450
-45.870508
-39.499550
-45.464348
-46.013899
-51.659886
-44.924012
-50.660839
-53.158966
-49.074517
-49.426766
-43.963728
-35.124935
-44.987311
-46.829582
-52.546337
-45.297656
-62.842991
-46.312419
-57.165274
-58.087974
-47.617906
-36.910467
-54.510108
-35.037066
-43.871045
-36.925291
-32.423340
-31.941066
-44.252647
-35.521056
-41.497431
-48.755844
-34.243042
-41.996498
-38.991363
-44.782000
-32.212024
-33.915300
-47.824166
-37.455445
-49.102459
-35.226917
-32.126378
-39.518201
-36.129552
-47.181506
-48.988078
-50.823914
-34.606526
-55.704586
-50.879490
-28.626807
-48.743351
-26.699931
-46.329385
-31.382184
-35.592306
-30.542717
-50.492756
-35.345402
-31.427605
-44.133241
-31.569568
-53.469546
-48.086926
-45.882945
-44.836579
-44.837735
-44.010306
-51.162955
-48.660922
-48.211434
-31.827100
-37.158688
-48.379114
-37.383629
-44.802685
-47.428400
-46.436131
-40.424125
-40.611608
-31.854550
-45.952669
-43.554061
-49.174813
-50.623530
-41.610111
-44.307564
-44.016926
-45.945001
-45.809358
-38.816105
-45.282234
-45.384076
-51.456984
-44.850626
-49.706229
-51.394063
-48.330468
-49.411771
-43.942410
-35.075044
-44.586019
-46.642912
-52.501039
-45.289325
-60.337793
-46.288196
-57.054654
-54.240797
-47.549897
-36.895378
-53.584788
-40.652159
-39.395743
-48.344139
-32.492894
-42.803740
-35.406213
-37.441515
-45.178629
-55.312861
-37.483361
-51.371231
-32.147220
-51.870169
-45.881817
-39.644921
-44.191747
-38.665626
-44.587173
-28.464853
-36.646712
-35.036954
-43.840788
-36.048513
-32.416822
-31.906720
-44.023404
-35.509483
-41.451699
-48.418836
-34.208581
-41.841557
-38.943076
-44.536391
-32.208138
-33.882027
-47.731335
-37.448752
-48.768811
-35.217976
-32.126302
-60.680151
-62.948445
-49.974853
-45.343000
-51.532651
-25.015494
-43.484560
-45.351519
-46.834409
-27.544303
-39.505582
-36.122814
-47.084054
-48.980948
-50.809611
-34.602886
-54.846260
-50.422029
-27.810941
-48.742186
-26.700068
-46.611189
-31.382340
-35.594679
-30.542719
-50.733927
-35.345595
-31.437172
-44.134239
-31.641828
-54.736523
-48.145933
-45.896812
-44.848800
-44.898024
-48.266966
-51.344265
-49.366158
-48.226803
-31.831799
-49.064772
-50.562891
-56.333925
-48.175364
-44.470320
-46.625278
-46.652993
-49.549390
-38.948725
-45.456844
-40.663346
-39.445709
-48.381910
-32.493127
-42.806840
-35.448233
-37.445663
-45.221968
-55.341938
-37.486815
-51.773249
-32.148441
-53.872114
-47.651394
-41.350983
-44.319426
-50.585530
-44.611682
-28.464947
-36.648371
-55.477996
-44.534372
-43.422406
-32.862458
-32.108914
-45.466484
-36.122625
-44.233981
-53.968730
-34.393729
-61.213708
-64.910979
-53.302424
-45.412227
-52.751404
-25.019467
-44.495634
-45.940112
-47.026741
-27.552409
-26.699788
-46.546229
-31.381571
-35.558700
-30.542716
-50.732478
-35.345580
-31.435727
-44.126036
-31.640317
-54.684553
-48.068777
-45.882450
-44.435360
-44.884425
-36.899776
-51.306464
-49.311439
-48.213078
-31.830065
-37.689352
-54.789016
-37.444026
-46.656785
-52.035808
-26.514336
-45.849378
-40.500543
-44.827145
-31.456191
-41.984839
-49.962665
-55.776980
-47.846884
-39.736247
-43.728119
-46.601238
-47.869354
-38.888082
-45.442064
-34.739292
-46.117067
-46.174902
-34.937101
-40.126815
-35.338410
-34.850749
-32.420685
-48.700142
-36.639768
-31.539734
-35.596593
-34.826059
-44.487881
-30.747539
-36.991193
-34.234484
-32.691868
-47.298626
-35.846793
-40.651843
-39.306561
-48.381147
-32.492554
-42.806469
-35.427233
-37.434359
-45.189336
-55.341702
-37.444210
-51.752177
-32.147775
-53.533107
-47.564550
-41.341489
-44.271888
-50.045205
-44.610735
-28.464351
-36.645440
-48.013840
-44.533831
-43.128027
-32.845469
-32.104683
-45.429474
-36.122133
-44.168654
-53.404857
-34.386253
-61.041893
-49.951632
-40.222804
-42.512566
-46.136774
-25.009011
-42.203136
-45.932434
-36.809488
-27.547156
-56.265697
-42.747559
-44.839257
-32.029326
-34.896152
-50.958615
-45.902369
-52.106930
-35.080237
-33.771791
-26.699788
-46.546286
-31.381579
-35.559982
-30.542720
-50.737525
-35.350374
-31.436543
-44.127709
-31.640317
-58.695115
-48.070022
-45.887351
-44.453941
-44.963887
-36.942886
-51.378942
-50.334709
-48.234334
-31.830068
-41.240743
-55.722487
-42.355440
-46.805239
-52.417112
-26.517147
-46.288903
-40.508243
-48.174323
-31.464846
-34.808095
-46.210025
-49.486800
-34.937147
-40.132433
-35.338541
-34.850764
-32.420942
-49.300075
-36.726850
-31.539746
-35.629992
-34.826361
-44.495456
-30.747595
-36.996953
-34.234703
-32.691870
-47.453730
-35.849356
-40.656156
-39.320961
-48.489354
-32.492637
-42.815946
-35.427538
-37.434382
-45.276826
-55.757983
-37.444597
-51.845863
-32.152002
-53.541105
-47.584339
-41.346814
-44.281582
-50.319809
-44.703576
-28.467365
-36.711871
-62.226987
-50.021867
-40.282905
-42.603531
-46.156558
-25.009505
-42.226714
-45.969690
-36.818844
-27.547596
-56.267295
-43.135111
-44.839285
-32.029328
-34.900487
-50.973654
-46.087840
-52.273928
-35.087592
-33.772691
-26.699787
-46.546274
-31.381578
-35.559979
-30.542720
-50.737498
-35.350350
-31.436534
-44.127704
-31.640317
-58.693762
-48.069965
-45.887112
-44.453920
-44.963674
-36.942809
-51.374905
-50.334643
-48.234067
-31.830068
-41.236899
-55.703575
-42.278746
-46.801012
-52.382025
-26.516956
-46.274894
-40.507790
-48.164032
-31.462540
-42.561681
-36.957349
-40.380972
-51.561887
-41.093243
-46.473420
-46.696602
-50.493810
-46.657786
-20.209524
-34.807164
-46.207624
-49.342834
-34.937124
-40.131831
-35.338539
-34.850760
-32.420496
-49.293825
-36.721312
-31.539746
-35.629983
-34.826360
-44.495127
-30.747589
-36.996945
-34.234682
-32.691870
-47.447317
-35.849347
-40.656155
-39.320957
-48.489250
-32.492637
-42.815945
-35.427535
-37.434382
-45.276825
-55.756088
-37.444595
-51.845637
-32.152002
-53.541068
-47.584333
-41.346813
-44.281577
-50.319400
-44.703563
-28.467362
-36.711535
-62.209543
-50.021035
-40.282806
-42.603189
-46.155572
-25.009505
-42.226600
-45.969118
-36.814481
-27.547592
-56.267290
-43.134446
-44.839284
-32.029326
-34.900439
-50.973544
-46.087492
-52.260066
-35.087572
-33.772685
-26.704198
-47.503153
-31.383453
-35.562015
-30.796839
-57.601246
-36.000340
-31.437157
-46.572267
-31.798304
-54.173505
-57.220573
-55.872553
-46.886010
-55.890620
-26.518178
-54.350517
-53.137713
-49.036762
-31.471883
-42.561848
-36.958161
-40.387174
-51.754034
-41.196467
-46.719722
-53.996278
-50.607327
-55.782484
-20.210079
-34.858619
-46.228230
-49.474858
-34.965618
-40.160569
-35.372991
-34.851284
-32.420512
-50.739233
-36.784384
-31.545167
-35.630815
-34.826930
-44.544990
-30.747714
-36.996961
-34.260235
-32.694057
-47.589506
-35.863199
-41.352881
-39.416428
-48.943835
-32.493392
-42.862432
-35.427563
-37.604302
-49.903339
-57.412348
-37.501347
-56.836429
-43.148384
-44.851742
-32.029469
-34.900801
-51.090042
-46.120861
-52.960403
-45.784793
-33.772722
-26.704474
-47.568539
-31.384107
-35.562309
-30.796842
-57.601985
-36.000349
-31.437306
-46.572284
-31.799862
-52.978365
-36.985878
-40.396183
-51.890998
-52.684785
-60.907678
-54.212915
-51.011072
-60.613111
-20.210108
-34.860030
-46.228728
-49.655696
-34.968549
-40.515319
-35.480195
-34.872618
-32.432633
-51.104725
-36.785238
-41.365582
-39.440727
-48.944689
-32.493412
-42.862516
-35.448450
-37.612176
-50.000642
-57.412607
-37.501365
-57.188434
-43.217585
-49.202644
-32.398117
-35.028555
-51.321525
-46.993585
-55.475413
-46.226057
-34.433880
-57.443815
-43.238676
-49.327445
-32.404826
-35.053112
-51.476741
-48.245010
-55.556565
-46.227245
-34.473551
-27.018757
-47.854208
-31.408233
-35.825713
-30.619663
-52.405797
-36.287784
-31.705582
-46.558349
-31.404352
-39.936073
-37.458323
-38.033042
-33.952689
-30.938789
-43.877704
-34.409245
-35.438463
-46.102244
-53.968475
-33.328896
-37.014376
-50.088160
-47.617089
-34.884975
-44.761839
-32.075148
-43.064869
-40.105060
-46.362571
-39.461991
-47.449972
-38.612864
-45.173222
-44.565381
-30.623169
-46.684329
-53.795611
-45.652401
-54.927455
-38.427835
-36.562561
-49.400672
-34.179061
-36.103379
-31.563472
-38.284207
-31.051423
-49.109414
-40.024943
-30.553858
-40.430367
-33.752939
-43.166926
-28.813171
-38.535742
-39.130664
-39.498671
-48.799046
-37.863522
-42.312955
-37.609520
-49.203578
-33.253068
-42.193174
-36.543584
-35.788809
-46.383317
-49.253235
-37.753032
-51.333636
-45.345156
-34.142708
-37.339309
-33.926817
-47.777721
-33.055038
-29.085444
-42.053793
-50.714028
-41.284581
-33.881904
-52.622099
-38.841202
-38.596217
-43.572935
-24.142206
-31.598447
-50.893883
-40.405853
-40.980960
-48.431540
-50.644888
-43.053143
-44.901170
-54.902966
-21.235876
-42.059150
-44.163770
-48.024065
-48.216166
-41.248390
-36.255938
-36.607228
-42.903719
-23.377082
-39.688154
-47.339624
-32.062966
-28.995162
-52.726988
-42.331007
-47.308423
-31.954467
-34.069394
-48.538914
-39.850904
-53.942997
-39.076205
-33.604248
-27.049804
-48.468448
-31.410549
-35.873500
-30.770878
-58.156764
-36.403084
-31.715310
-47.008949
-31.420598
-33.821196
-38.168205
-60.423855
-49.284460
-36.055064
-53.439813
-34.859056
-51.285087
-56.931336
-47.778125
-38.662044
-36.638075
-50.201702
-34.350219
-36.322220
-31.567619
-39.866602
-31.058924
-50.249857
-40.104809
-31.090198
-40.440054
-43.538170
-52.527278
-28.975144
-38.544210
-41.309588
-40.480622
-49.923360
-37.882672
-26.868786
-46.208625
-31.410188
-35.838155
-30.767778
-53.522525
-35.916286
-31.698847
-45.864384
-31.413933
-51.263351
-43.657940
-48.558006
-47.673495
-44.022048
-32.134179
-47.932721
-42.721577
-52.057058
-49.368229
-33.131670
-37.101904
-45.472578
-47.185782
-35.032042
-44.795344
-32.098688
-44.136942
-40.468725
-46.278793
-42.512224
-48.492945
-53.519246
-33.077172
-45.682919
-41.826957
-36.987675
-50.218361
-49.340243
-47.036229
-35.164870
-36.447181
-46.151547
-33.278265
-35.696460
-30.860411
-39.786903
-31.027898
-47.287989
-39.332840
-31.053176
-38.519785
-42.595609
-48.701507
-28.936733
-38.490727
-41.195257
-40.151692
-47.938783
-35.985152
-40.777720
-40.696835
-39.671423
-31.964921
-43.967389
-35.109780
-39.636659
-29.244720
-55.237522
-37.675662
-61.447037
-56.745470
-44.160356
-52.308949
-43.337407
-28.492142
-49.276222
-50.932552
-43.183900
-50.639587
-41.238999
-34.176986
-54.787387
-41.455093
-38.787185
-39.677629
-24.141258
-31.602157
-43.792044
-44.217666
-34.659354
-39.498622
-50.895176
-34.184333
-37.568602
-44.593816
-26.050937
-35.724669
-32.997025
-38.317888
-39.829858
-39.834299
-39.196794
-40.434459
-33.944826
-40.702440
-27.834718
-45.983962
-29.712366
-42.473104
-33.362275
-52.423806
-48.734367
-40.169196
-44.954406
-30.967080
-42.942727
-45.796156
-32.368453
-39.062729
-51.452769
-43.969276
-48.675543
-47.673515
-45.744341
-32.134314
-47.946623
-42.750359
-52.170202
-49.861582
-33.131678
-37.102204
-45.608635
-47.193653
-35.032855
-44.897393
-32.098693
-44.136945
-40.469067
-46.282822
-42.512932
-48.496715
-53.519561
-33.083368
-45.682929
-41.828478
-37.049571
-50.218362
-49.343002
-47.036251
-35.164870
-36.450590
-46.151549
-33.278371
-35.721560
-30.860411
-39.786904
-31.027898
-47.289514
-39.332939
-31.053176
-38.519802
-42.595629
-48.701513
-28.937048
-38.492303
-41.195285
-40.151695
-47.950284
-35.985344
-43.328373
-40.828674
-39.890528
-37.580695
-43.974423
-35.224696
-41.058374
-29.244726
-55.249049
-37.994207
-61.858486
-56.745517
-44.168089
-53.717322
-46.110534
-28.492720
-49.410070
-51.661073
-43.189581
-50.987691
-41.239408
-34.176987
-54.822573
-41.455101
-38.913161
-39.677645
-24.141785
-31.602161
-43.792048
-44.218678
-34.659354
-39.506338
-50.895188
-34.184333
-37.570360
-44.593819
-26.050937
-35.725414
-32.997034
-38.318067
-39.829858
-39.834326
-39.196794
-40.434498
-33.944851
-40.705026
-27.834789
-45.983965
-29.712367
-42.473105
-33.362281
-52.569478
-48.762893
-40.169196
-44.954422
-30.967426
-42.942736
-45.799163
-32.368453
-39.062729
-37.595785
-48.285322
-40.626635
-35.699863
-49.317801
-53.241146
-36.598866
-42.147816
-34.203538
-38.867346
-49.196829
-41.562743
-48.472327
-47.673483
-35.909737
-32.134312
-47.945627
-42.716580
-52.100617
-48.452861
-33.131626
-37.101834
-45.587928
-47.192254
-35.032702
-44.889758
-32.098688
-44.136921
-40.468935
-46.279329
-42.509823
-48.495837
-53.519240
-33.077390
-45.682909
-41.828279
-37.047633
-50.218361
-49.335956
-47.036066
-35.164870
-36.449609
-46.151547
-33.278131
-35.701905
-30.860411
-39.786860
-31.027898
-47.289253
-39.332030
-31.053176
-38.519735
-42.595527
-48.701486
-28.935560
-38.492071
-41.195274
-40.151679
-47.946600
-35.984478
-43.303562
-40.823985
-39.848740
-37.514856
-43.967573
-35.223336
-41.009842
-29.244726
-55.247911
-37.964354
-60.305115
-56.745497
-44.153808
-53.098141
-45.687088
-28.491553
-49.405159
-51.492649
-43.184984
-50.455703
-41.239349
-34.176987
-54.814798
-41.455099
-38.891084
-39.677622
-24.141410
-31.602160
-43.792035
-44.218645
-34.659354
-39.462990
-50.895172
-34.184333
-37.569703
-44.593812
-26.050937
-35.725387
-32.997031
-38.317887
-39.829858
-39.834314
-39.196794
-40.434331
-33.944819
-40.704896
-27.834750
-45.983964
-29.712367
-42.473103
-33.362274
-52.039144
-48.757208
-40.169195
-44.954421
-30.967401
-42.942733
-45.797841
-32.368453
-39.062729
-37.595927
-48.288602
-40.628834
-35.700624
-49.317804
-53.244950
-36.598872
-42.147817
-34.204458
-38.867348
-49.197994
-41.562743
-48.542444
-48.482051
-35.910522
-32.134312
-47.945766
-42.717365
-52.120610
-48.452891
-33.131645
-37.101839
-45.591576
-47.297428
-35.032810
-44.893961
-32.100612
-44.136969
-40.468961
-46.288864
-42.704001
-48.500958
-53.801348
-33.079942
-45.684150
-41.828409
-37.047947
-50.655640
-49.349594
-47.037634
-31.058579
-41.005980
-42.626628
-48.718671
-28.935570
-38.519314
-41.197810
-40.684655
-50.355509
-35.984540
-43.303568
-40.824078
-39.848742
-37.520640
-43.968742
-35.223341
-41.058347
-29.244726
-55.248012
-38.124193
-60.305118
-56.745653
-44.153813
-53.098230
-45.687499
-28.491672
-49.405608
-51.493027
-43.185067
-50.519579
-41.257309
-34.176991
-54.816240
-41.496891
-38.928979
-39.679291
-24.141496
-31.602163
-43.813264
-44.235322
-34.798781
-39.463500
-51.965181
-34.186271
-37.681947
-44.648339
-26.051000
-36.017510
-32.998697
-38.509315
-39.833504
-40.435629
-40.303727
-49.290964
-34.342119
-42.148761
-28.070135
-45.987349
-33.297295
-43.755465
-33.362305
-52.039705
-48.757548
-40.698290
-46.807990
-30.967969
-45.558145
-45.800258
-32.368491
-39.325784
-37.595889
-48.278069
-40.628060
-35.700159
-49.317802
-53.243540
-36.598862
-42.147815
-34.203865
-38.867346
-49.197413
-41.562743
-48.522143
-48.207153
-35.908922
-32.134312
-47.937519
-42.716431
-52.102142
-48.452866
-33.131605
-37.101828
-45.572774
-47.252134
-35.032699
-44.891648
-32.100169
-44.136924
-40.468954
-46.222819
-42.652155
-48.498941
-53.699806
-33.069877
-45.683100
-41.828363
-37.047279
-48.749411
-49.344827
-47.030319
-32.785084
-45.556177
-45.498541
-33.685102
-39.060771
-34.237929
-35.051824
-32.641560
-46.692673
-36.537617
-31.052186
-38.263398
-42.606632
-48.706324
-28.935548
-38.502753
-41.194754
-40.378793
-46.950058
-35.984488
-43.303556
-40.824061
-39.848741
-37.519342
-43.968490
-35.223318
-41.051647
-29.244726
-55.247952
-38.088177
-60.305107
-56.745324
-44.153806
-53.098199
-45.686977
-28.491483
-49.405590
-51.490251
-43.185005
-50.497618
-41.241722
-34.176976
-54.812966
-41.419291
-38.911625
-39.676832
-24.141461
-31.602163
-43.771185
-44.223140
-34.783013
-39.462525
-50.545812
-34.185933
-37.591469
-44.590516
-26.050986
-36.015324
-32.986794
-38.475377
-39.832806
-40.335518
-40.006356
-44.945458
-34.243364
-41.800026
-28.012503
-45.985610
-32.040833
-43.629017
-33.361726
-52.039413
-48.757516
-40.642596
-46.411079
-30.967172
-45.051079
-45.798125
-32.368462
-39.202167
-33.542904
-38.132760
-45.741050
-48.609253
-36.044729
-53.006623
-34.837722
-51.252809
-55.638087
-46.874855
-42.713175
-48.516207
-53.903535
-33.118312
-46.023260
-41.924371
-37.271908
-49.256827
-49.675601
-47.037195
-32.787608
-45.942776
-45.551578
-33.687376
-39.106073
-34.237981
-35.067465
-32.645632
-46.934747
-36.556421
-31.061110
-38.264155
-43.523756
-48.923448
-28.940436
-38.503495
-41.264732
-40.505351
-47.125284
-35.987889
-34.866129
-39.609815
-50.941096
-34.389742
-37.622952
-46.748413
-26.051773
-36.022558
-33.118468
-38.476914
-39.838461
-40.364797
-40.030870
-45.167522
-34.248920
-41.832395
-28.050361
-48.125108
-32.047855
-43.645223
-27.969937
-41.823467
-31.979335
-32.836671
-32.416604
-51.180103
-33.801240
-32.175717
-37.726725
-32.281446
-39.748486
-38.845581
-39.539844
-33.512553
-30.551242
-43.927589
-34.401334
-35.973849
-44.950751
-58.430269
-33.501836
-38.018302
-45.133369
-48.253248
-35.895147
-48.681922
-34.716590
-47.075434
-47.982422
-46.763036
-42.697573
-48.481579
-53.614381
-33.103539
-45.977955
-41.905154
-37.136687
-48.978037
-45.700856
-46.952979
-32.786810
-45.755980
-45.529088
-33.655489
-39.060133
-34.237929
-34.989680
-32.641860
-46.551994
-36.539149
-31.059098
-38.263607
-42.409544
-48.878744
-28.939814
-38.501704
-41.231798
-40.466485
-45.486518
-35.985758
-45.048993
-38.665360
-43.012288
-36.625733
-43.218447
-40.818039
-34.921398
-46.946009
-48.333115
-40.766768
-48.319099
-37.990553
-32.697496
-38.395269
-34.851315
-47.987964
-31.631784
-28.767107
-40.070424
-51.347059
-43.618473
-43.921567
-53.447787
-42.077813
-43.336004
-27.800287
-40.735614
-40.819536
-38.268397
-46.043788
-34.859639
-39.584125
-50.665634
-34.370169
-37.596728
-46.703458
-26.051695
-36.019701
-33.095960
-38.466121
-39.826149
-40.351075
-38.007510
-45.131309
-33.912310
-41.779792
-28.044326
-48.090699
-32.041065
-43.599858
-47.792487
-50.410469
-45.813424
-36.339246
-46.173153
-48.039713
-35.017874
-53.868904
-42.415340
-38.766532
-27.969938
-41.852145
-31.979336
-32.836674
-32.416605
-51.187634
-33.801287
-32.175733
-37.726726
-32.281505
-39.749133
-38.848178
-39.544717
-33.512644
-30.551550
-43.927597
-34.401408
-35.980676
-44.950752
-58.838862
-33.502044
-38.044227
-45.133480
-48.264208
-35.899962
-48.681930
-34.732320
-47.085475
-48.002611
-46.970080
-42.742781
-48.481667
-53.694132
-33.113676
-45.978166
-41.937610
-37.136701
-48.978044
-45.700960
-46.958031
-32.799632
-45.837702
-45.637897
-33.659736
-39.107997
-34.258572
-35.000429
-32.682548
-46.560850
-36.542011
-31.059525
-38.279029
-42.409570
-48.896687
-28.939814
-38.501706
-41.231802
-40.470988
-45.486534
-35.988121
-45.048994
-38.665738
-43.019320
-36.625758
-43.218728
-40.818077
-34.922207
-46.946416
-48.334424
-40.768521
-48.321078
-37.990807
-32.697508
-38.395299
-34.851318
-47.987972
-31.632452
-28.767273
-40.070427
-51.347070
-43.941561
-43.923120
-53.448217
-42.090537
-43.336297
-27.802680
-40.736697
-40.848263
-38.399382
-46.069061
-39.827442
-40.354330
-38.011414
-45.143809
-33.912626
-41.793825
-28.044686
-49.323551
-32.042580
-43.684410
-47.792600
-50.410593
-45.817930
-36.339259
-46.178093
-48.091290
-35.021515
-53.941298
-42.418539
-38.766927
-27.969936
-41.851990
-31.979336
-32.836420
-32.416604
-50.996944
-33.801172
-32.175367
-37.726726
-32.281421
-39.746701
-38.817823
-39.534894
-33.512546
-30.551307
-43.927582
-34.401123
-35.965087
-44.950750
-57.430188
-33.501646
-37.982028
-45.129105
-48.242586
-35.868283
-48.681925
-34.552381
-47.028991
-47.999317
-46.319895
-42.275818
-48.478302
-51.125823
-32.881514
-45.977818
-41.667307
-37.136470
-48.977886
-45.700230
-46.885105
-32.798630
-45.466150
-45.629214
-33.651956
-39.107588
-34.258081
-34.964816
-32.674968
-46.557808
-36.406619
-31.059202
-38.276026
-42.409538
-48.894492
-28.939814
-38.501698
-41.231791
-40.422602
-45.486436
-35.983097
-45.048993
-38.665688
-42.980245
-36.625659
-43.218653
-40.818039
-34.922072
-46.946211
-48.329393
-40.767431
-48.317909
-37.990760
-32.697475
-38.395256
-34.851317
-47.987958
-31.631856
-28.767270
-40.070426
-51.346990
-43.726784
-43.917574
-53.447956
-42.079425
-43.334818
-27.802378
-40.629127
-40.776570
-38.159292
-45.828221
-35.901901
-38.538655
-47.979973
-33.918691
-36.253722
-49.476543
-36.776928
-37.269969
-31.527904
-33.186868
-39.825775
-40.353584
-38.001743
-45.135378
-33.912302
-41.787243
-28.044610
-48.892708
-32.040657
-43.513133
-47.792288
-50.410408
-45.729368
-36.339252
-46.158044
-48.077750
-35.013411
-53.589509
-42.413411
-38.753660
-27.971522
-41.869262
-31.979386
-32.838148
-32.416684
-51.009235
-33.813773
-32.183068
-37.730255
-32.284808
-39.790383
-38.947237
-39.570794
-33.518535
-30.577203
-44.271646
-34.409807
-35.966146
-44.952463
-57.624376
-33.777228
-37.990926
-53.848803
-48.955383
-35.874409
-50.426053
-34.559823
-47.031257
-48.177396
-46.830562
-34.455600
-46.682225
-48.675210
-34.826380
-40.550493
-35.957459
-34.964870
-32.675333
-48.520684
-36.760688
-31.086876
-40.042244
-42.435060
-52.431926
-28.974823
-38.554800
-41.275800
-40.634509
-46.352648
-37.871923
-48.324729
-38.015349
-32.709370
-38.665194
-36.234110
-48.457359
-31.656350
-28.770046
-40.087767
-51.370641
-43.733818
-47.270206
-53.468420
-42.844857
-43.335177
-27.802566
-40.631730
-40.858617
-38.191704
-45.953975
-36.453459
-39.549907
-48.588272
-41.068797
-41.128819
-52.718492
-36.993921
-41.941275
-33.141138
-34.324422
-48.028525
-50.529068
-45.732104
-36.339584
-46.293176
-48.498447
-35.142505
-53.817263
-51.978501
-38.758179
-27.965197
-41.844029
-31.979372
-32.836967
-32.416543
-50.976378
-33.777492
-32.180758
-37.725731
-32.284666
-39.752117
-38.943593
-39.565142
-33.517133
-30.574765
-44.254717
-34.403464
-35.966124
-44.950937
-57.511237
-33.774693
-37.974576
-48.716690
-48.795012
-35.833763
-48.658289
-34.559452
-47.028667
-48.089374
-45.540449
-47.130010
-49.329951
-46.704062
-43.686317
-46.619555
-52.314589
-48.334173
-34.069543
-45.278465
-39.286623
-34.396702
-46.600689
-47.023548
-34.826006
-40.542037
-35.956290
-34.964864
-32.674325
-48.283957
-36.750183
-31.084726
-39.978071
-42.346821
-50.879052
-28.973515
-38.497131
-41.268653
-40.632046
-46.071911
-37.827366
-44.075783
-47.800513
-32.734645
-35.709343
-54.429877
-50.311452
-47.487406
-29.341111
-55.351111
-49.729497
-48.227815
-37.657179
-32.706726
-38.661843
-36.216839
-36.095377
-31.645744
-28.769858
-40.078395
-51.151209
-43.727361
-46.855645
-53.455785
-42.612693
-43.333575
-27.775750
-40.626920
-40.487741
-37.417727
-45.875922
-36.448819
-39.537326
-47.453090
-40.939448
-41.013325
-39.061407
-36.977689
-41.530669
-33.123149
-34.286533
-47.517994
-44.479650
-40.982927
-46.051911
-43.572078
-41.292083
-45.260579
-29.602143
-37.977826
-43.891062
-47.276138
-50.417356
-45.310034
-36.338563
-46.273076
-47.948821
-35.127580
-52.823178
-49.803067
-38.638180
-33.812302
-38.077043
-50.252456
-48.935091
-35.916643
-48.916418
-34.640675
-50.654322
-52.134365
-45.681060
-47.292890
-49.372505
-46.727019
-43.970381
-46.673403
-52.401462
-50.380307
-34.130228
-48.678222
-39.287893
-31.093157
-45.135582
-43.462380
-50.959115
-28.974163
-38.514220
-41.292172
-41.000420
-48.722358
-37.828007
-46.529947
-55.021930
-32.777465
-42.027386
-54.679481
-52.308717
-54.380648
-29.361685
-61.104674
-59.660308
-43.755567
-47.922745
-58.225054
-43.066297
-44.257500
-27.778229
-40.655670
-40.557871
-37.434855
-49.915838
-36.479054
-39.559550
-48.165546
-40.952040
-41.274813
-39.085248
-36.978403
-41.546024
-33.150107
-34.300237
-47.528567
-44.780924
-48.472958
-53.534532
-52.860133
-41.651060
-50.821047
-29.602651
-58.862219
-44.075536
-26.356726
-46.698254
-31.773592
-34.538821
-31.483292
-50.128430
-35.636789
-30.854176
-47.204709
-31.728461
-39.295247
-39.773836
-43.853764
-29.692118
-32.845881
-44.594563
-35.999858
-34.154670
-44.768134
-51.166828
-33.760126
-37.943093
-48.648389
-48.698007
-35.686813
-48.555463
-34.499685
-49.217249
-46.957550
-45.644952
-47.052938
-49.345508
-46.672943
-43.720285
-46.642894
-52.200588
-47.567723
-34.115384
-45.396233
-39.287319
-36.138693
-38.251466
-51.060494
-33.653387
-36.716853
-31.993451
-37.115996
-30.650236
-48.678708
-38.031349
-31.086066
-39.684838
-43.099429
-50.866216
-28.973088
-38.465683
-41.282000
-40.351813
-46.368045
-37.827024
-41.833058
-45.444280
-32.699778
-32.435526
-53.836094
-47.825568
-42.733794
-29.346511
-54.527199
-45.068691
-52.385502
-43.016576
-32.571514
-36.538852
-34.927177
-35.550778
-31.795156
-28.447943
-38.812460
-49.412947
-43.717074
-46.767264
-52.858537
-42.859094
-43.062629
-27.723594
-40.194256
-39.715593
-37.070880
-47.303963
-36.325785
-39.507080
-47.422360
-40.942374
-40.926334
-39.056674
-36.961074
-41.027840
-33.123782
-34.271581
-47.500110
-43.600919
-43.631418
-41.185982
-44.021521
-38.717337
-40.899259
-29.601199
-32.942656
-43.069924
-47.882437
-50.866948
-35.025656
-40.530724
-47.194558
-43.194790
-44.748331
-32.668373
-47.646157
-39.242757
-26.356727
-46.698728
-31.773592
-34.539197
-31.483292
-50.283929
-35.636965
-30.854446
-47.204710
-31.728535
-39.297439
-39.811699
-43.880369
-29.692158
-32.846293
-44.594579
-36.000270
-34.164939
-44.768136
-51.460977
-33.760549
-38.004733
-48.658233
-48.722027
-35.717192
-48.555468
-34.677409
-49.311139
-46.960140
-46.195338
-48.640885
-49.349617
-47.430816
-48.055120
-46.643299
-57.179866
-47.570284
-34.115389
-45.396914
-39.299911
-36.140855
-38.319623
-51.090893
-33.661170
-36.717089
-31.993742
-37.174593
-30.654990
-48.683666
-38.229588
-31.086391
-39.688992
-43.099467
-50.869674
-28.973088
-38.465692
-41.282011
-40.399412
-46.368165
-37.834708
-41.833059
-45.444515
-32.703426
-32.435564
-53.836955
-47.825758
-42.734606
-29.346514
-54.548201
-45.071626
-52.393594
-43.016726
-32.571547
-36.538880
-34.927179
-35.550779
-31.795774
-28.447946
-38.812460
-49.412998
-43.931360
-46.777960
-52.858765
-42.872394
-43.064018
-27.723891
-40.291462
-39.771646
-37.256590
-47.646190
-47.509881
-43.602494
-43.666878
-41.189376
-44.024846
-38.720582
-40.900720
-29.606030
-32.945023
-43.224285
-47.882755
-50.867153
-35.033118
-40.530743
-47.220027
-43.199184
-44.825171
-32.671107
-47.663291
-39.257608
-26.361094
-46.776430
-31.773628
-34.541110
-31.483469
-50.319170
-35.696390
-30.856420
-47.246139
-31.728664
-39.350388
-39.816161
-43.949706
-29.692759
-32.850438
-44.644137
-36.009436
-34.190266
-44.779820
-51.489007
-33.768945
-38.031835
-53.742064
-49.202130
-35.819094
-53.151364
-34.714440
-49.661031
-47.945058
-47.738677
-36.229161
-38.357858
-58.255897
-33.661456
-36.720690
-31.994212
-37.174663
-30.655635
-49.483868
-38.264994
-31.088552
-39.749018
-43.204627
-52.434935
-28.974396
-38.524189
-41.302001
-40.401747
-48.873269
-37.882069
-52.742688
-44.667982
-32.575051
-36.542562
-34.940083
-43.282663
-31.807318
-28.448284
-38.832037
-51.579192
-48.762124
-50.991451
-35.071020
-40.533425
-47.245041
-43.375669
-44.967416
-32.690294
-48.860898
-39.399635
-26.360929
-46.769868
-31.773628
-34.540774
-31.483276
-50.319136
-35.694654
-30.856419
-47.239693
-31.728209
-39.348875
-39.813707
-43.949706
-29.692758
-32.850388
-44.644137
-36.007425
-34.190266
-44.778468
-51.488972
-33.768945
-38.029166
-53.693231
-49.201659
-35.819094
-53.150881
-34.714440
-49.653770
-47.945056
-47.738582
-36.229160
-38.357857
-58.251417
-33.661456
-36.720689
-31.994211
-37.174662
-30.655635
-49.483729
-38.264716
-31.088551
-39.749017
-43.204627
-52.434935
-28.974396
-38.524136
-41.301919
-40.401742
-48.873268
-37.882069
-52.728331
-44.667934
-32.574941
-36.540984
-34.940015
-43.281185
-31.807313
-28.448045
-38.829533
-51.579190
-48.761957
-50.991451
-35.071020
-40.533425
-47.245041
-43.375448
-44.967332
-32.690294
-48.860714
-39.399635
-26.352393
-46.347060
-31.745995
-34.611798
-31.411667
-49.928626
-35.765853
-30.855335
-47.628809
-32.079731
-38.569061
-40.660277
-44.163831
-31.521724
-31.753523
-41.601895
-34.935611
-33.918049
-43.862673
-52.634994
-32.021225
-38.089749
-55.158458
-46.274622
-34.041211
-45.616813
-32.120029
-43.655246
-37.018151
-45.829318
-29.441334
-49.666004
-46.726027
-46.542360
-43.564592
-43.258273
-45.072454
-48.537209
-38.025672
-42.934425
-34.255367
-45.083372
-48.525216
-34.921322
-40.206554
-35.876566
-35.162998
-32.581600
-48.514547
-37.073909
-30.920777
-38.630842
-47.618816
-54.334806
-29.968485
-37.996051
-39.077567
-37.874867
-47.699895
-37.000717
-27.278334
-52.840244
-41.390045
-32.712339
-59.061962
-47.101997
-43.563557
-49.202873
-45.428236
-45.815221
-20.814100
-37.255773
-54.817829
-41.117539
-42.620511
-55.662989
-41.883730
-43.663984
-43.192968
-55.622362
-41.520966
-38.162258
-48.293592
-42.838681
-47.712487
-44.581650
-27.320334
-34.774260
-46.738482
-48.320435
-35.072910
-40.594739
-49.609032
-41.959524
-49.166692
-48.543137
-27.790737
-38.996433
-35.012762
-42.918864
-24.731931
-45.686114
-46.303962
-37.210541
-49.680647
-43.710322
-42.456186
-49.789783
-37.570317
-49.589578
-33.140482
-53.698845
-46.624461
-40.245898
-46.824241
-31.284707
-46.585066
-47.563010
-34.998317
-39.480032
-26.352426
-46.497043
-31.746766
-34.614612
-31.411675
-49.955534
-35.772189
-30.862349
-47.640085
-32.152806
-39.347417
-40.672843
-44.703332
-31.530520
-31.818302
-48.946914
-34.937084
-34.996967
-43.905475
-52.739038
-29.450966
-52.508389
-46.886239
-52.550652
-43.758907
-43.443205
-50.113622
-50.921665
-47.314588
-43.216535
-27.279811
-53.744416
-41.455958
-32.712774
-59.490163
-47.729727
-43.597242
-50.297398
-45.428578
-46.022333
-20.814192
-37.262600
-54.838422
-41.172653
-42.795424
-56.898014
-42.510655
-43.748254
-43.239714
-58.416548
-24.732032
-59.769100
-47.838340
-37.748791
-56.381600
-44.485547
-44.597257
-51.604211
-48.354805
-50.414643
-33.153061
-54.182907
-48.084910
-58.097894
-57.976945
-31.299559
-52.648514
-48.152435
-35.015988
-58.530525
-26.352314
-46.279528
-31.746420
-34.613489
-31.411672
-49.830591
-35.767653
-30.854432
-47.628074
-31.922376
-39.270835
-40.627163
-44.477140
-31.515293
-31.814830
-41.541935
-34.935717
-34.436086
-43.903540
-52.472517
-32.950593
-37.084695
-55.439794
-46.096723
-34.615924
-44.726802
-31.864674
-43.975971
-40.032325
-45.412641
-29.426027
-49.303278
-46.345790
-46.149391
-43.731744
-43.178054
-47.402737
-49.367762
-44.010116
-43.087703
-44.154599
-35.603244
-46.876225
-36.885389
-37.234982
-32.380087
-45.972496
-33.174400
-47.760136
-43.653988
-37.360482
-34.962983
-41.301822
-56.663262
-35.827631
-38.864688
-33.267707
-30.732142
-52.311163
-37.605300
-27.278288
-51.990893
-41.417154
-32.710913
-58.931465
-47.591597
-43.451520
-49.952356
-45.427003
-45.193410
-20.814092
-37.246017
-54.245904
-41.153499
-42.599172
-56.235027
-42.200398
-43.486571
-43.205432
-53.539284
-43.294862
-34.451163
-54.441780
-43.035596
-38.299392
-44.178126
-24.170576
-31.658130
-45.907730
-42.909469
-35.428976
-39.286431
-50.763234
-43.624252
-45.140262
-51.832210
-33.628697
-39.453015
-33.102875
-35.759501
-24.731800
-48.284536
-43.697367
-36.214686
-44.706663
-42.194615
-39.373407
-50.745449
-32.527908
-45.636530
-33.149594
-53.018236
-47.836235
-44.329472
-44.513010
-31.296930
-44.986320
-47.962472
-35.006682
-43.946269
-45.120127
-35.711457
-47.188013
-37.184536
-37.364333
-32.437843
-46.432053
-33.189027
-50.001543
-43.704929
-44.933592
-34.584570
-62.721921
-49.272455
-39.168541
-46.204735
-24.246099
-32.162159
-47.904752
-43.530133
-35.445787
-39.596967
-51.485602
-44.799277
-45.808199
-52.032794
-33.652215
-39.557970
-33.151241
-35.797857
-50.267492
-27.598608
-43.235290
-50.471734
-47.622636
-41.046495
-45.505749
-53.426720
-52.145849
-51.026680
-53.976605
-25.851800
-32.377754
-39.237431
-42.248505
-43.526035
-51.526428
-42.422632
-46.909991
-41.443827
-42.474039
-38.519456
-49.015491
-34.303365
-41.422638
-39.351965
-35.346191
-40.861169
-40.816487
-42.541012
-50.300947
-18.736623
-42.402799
-47.296800
-51.640943
-51.719530
-49.802080
-46.171721
-52.831408
-38.727153
-43.646782
-35.702330
-46.740475
-36.471981
-37.060183
-32.077398
-45.693724
-33.185011
-47.612384
-43.193227
-48.705116
-43.409045
-28.517321
-55.715146
-50.205545
-50.706134
-45.217462
-43.326283
-51.295666
-49.969657
-47.356747
-38.067003
-50.851777
-52.397117
-42.233878
-37.348002
-35.664082
-46.962516
-50.207411
-38.597495
-37.864950
-20.696257
-42.873627
-48.684556
-40.718708
-49.674203
-46.803462
-49.160740
-28.644303
-47.218295
-42.836798
-34.575051
-54.443183
-47.898279
-39.080089
-46.039041
-24.241936
-32.095150
-47.767938
-43.424220
-33.689381
-38.025297
-50.720069
-44.667626
-45.768184
-50.933187
-33.444539
-39.047555
-33.051819
-35.783276
-60.505872
-35.425005
-36.107395
-39.157209
-34.339412
-45.353143
-34.235994
-45.004092
-32.300776
-46.372098
-49.371190
-33.066844
-51.114609
-43.839795
-43.939987
-50.598085
-43.943371
-49.842365
-31.579253
-43.348779
-50.267679
-27.598739
-43.235296
-50.481126
-47.622644
-41.060842
-45.506840
-53.454642
-52.145857
-51.032149
-54.016221
-25.853267
-32.379889
-39.237873
-42.250704
-43.526051
-51.533919
-42.480775
-46.909994
-41.459920
-42.475431
-38.607321
-49.022159
-34.303895
-41.537695
-39.351966
-35.431511
-40.867423
-40.817623
-42.772291
-51.779999
-18.736625
-42.574355
-58.261759
-51.642073
-52.875392
-49.805070
-46.171768
-52.834078
-38.734760
-43.688313
-35.731978
-46.751209
-36.491843
-37.068528
-32.079002
-46.209683
-33.186434
-47.618660
-43.509925
-48.727069
-43.409798
-28.517322
-55.745510
-50.205567
-50.706282
-45.217479
-43.376714
-51.295873
-50.012834
-47.356749
-38.067081
-51.115118
-52.400613
-42.234002
-37.348026
-35.664131
-46.962814
-50.211763
-38.598633
-37.865120
-20.696259
-42.873993
-48.685098
-40.718717
-49.674224
-46.823837
-49.164295
-28.644303
-47.218308
-43.041185
-34.575654
-54.443630
-47.955914
-39.080545
-46.040695
-24.243172
-32.103230
-51.885068
-43.526231
-60.746096
-35.425595
-36.112672
-39.159874
-34.339972
-45.379584
-34.236157
-45.197818
-32.303164
-46.509648
-49.371534
-33.066846
-51.414841
-43.839839
-43.947296
-50.658878
-43.994820
-50.007795
-31.579412
-43.373252
-50.267634
-27.595876
-43.235268
-50.477229
-47.622558
-41.049024
-45.506751
-53.450350
-52.145791
-51.011419
-53.969464
-25.847707
-32.369105
-39.237105
-42.123200
-43.526048
-51.450606
-41.969713
-46.909966
-41.449295
-42.465939
-37.779169
-49.006121
-34.290481
-40.097719
-39.351962
-35.430902
-40.402344
-40.711506
-42.751501
-51.752693
-18.736624
-42.556253
-54.777110
-51.633748
-52.816534
-49.803882
-46.171763
-52.826431
-38.734062
-43.018238
-35.728684
-46.484500
-36.297280
-36.971788
-32.050258
-42.028283
-33.114462
-47.616036
-43.502746
-47.961985
-41.682812
-28.517321
-53.257587
-50.205427
-50.705945
-45.217414
-41.051717
-51.291909
-46.030237
-47.356721
-38.066978
-50.976940
-52.399990
-42.233694
-37.348024
-35.662758
-46.962795
-50.208935
-38.597570
-37.859527
-20.696252
-42.873925
-48.685089
-40.718716
-49.674194
-46.816945
-49.151834
-28.644302
-47.218298
-42.631287
-34.575626
-54.436118
-47.925196
-39.080477
-45.889569
-24.243103
-32.100619
-45.309906
-43.504812
-38.080173
-43.038940
-35.797356
-41.331184
-52.657244
-49.350607
-39.326672
-43.718423
-43.845973
-43.497787
-60.087536
-35.425263
-36.112203
-39.159751
-34.339520
-45.232594
-34.232588
-44.811091
-32.301773
-46.413716
-49.371456
-33.066794
-51.244732
-43.839836
-43.946949
-50.518553
-43.990124
-49.901939
-31.579357
-43.367583
-50.281905
-27.597765
-43.239614
-50.498721
-47.622842
-41.050875
-45.548413
-56.430508
-52.179638
-52.144162
-56.913950
-25.847732
-32.380242
-39.324619
-42.144628
-48.015215
-51.467503
-46.830814
-46.914474
-41.451002
-61.235534
-18.737525
-42.593733
-56.670345
-51.844220
-54.928383
-56.894519
-47.040574
-54.441130
-38.736704
-47.401740
-38.546806
-51.247258
-52.595984
-42.244306
-37.519209
-35.807112
-47.114598
-50.211644
-38.764883
-37.881785
-20.696633
-43.900514
-48.791540
-40.948495
-51.593516
-47.932094
-50.206494
-28.645360
-47.944492
-38.752080
-43.483047
-35.841742
-42.308391
-56.330648
-49.836600
-39.473949
-53.756965
-46.394099
-45.509226
-60.958329
-35.845752
-37.422164
-45.182437
-34.775704
-51.739438
-35.279033
-44.857921
-43.475581
-53.908142
-53.272941
-33.067227
-53.273092
-54.568318
-52.817283
-52.800986
-49.986233
-50.943618
-31.644434
-53.957280
-50.162051
-27.596346
-43.212592
-50.300601
-47.622585
-41.039507
-45.542249
-55.146816
-52.027498
-47.484966
-44.575454
-25.847609
-32.240240
-39.303879
-41.012400
-40.746909
-50.861765
-40.473397
-46.858644
-41.447941
-32.117430
-35.714821
-48.956089
-50.934597
-34.002141
-47.328686
-33.227294
-40.848411
-38.417075
-45.492268
-53.688807
-18.735597
-42.507558
-45.593043
-50.844824
-53.102301
-47.043252
-35.081044
-38.848977
-38.531980
-46.160542
-51.187277
-29.818968
-40.622080
-45.377120
-40.962141
-43.324564
-49.960851
-50.012694
-43.190286
-30.883271
-39.871733
-45.653632
-51.246636
-29.922117
-37.898028
-38.727092
-36.887358
-42.131003
-36.600662
-47.217592
-38.536814
-50.793066
-52.581423
-42.237675
-37.460391
-35.804223
-46.678539
-50.211318
-38.762756
-37.877470
-20.696488
-43.899564
-48.506294
-40.828363
-51.319437
-46.085693
-50.138000
-28.639974
-46.962038
-42.753801
-45.494278
-48.241427
-47.395065
-44.403232
-43.514651
-34.143632
-40.486387
-46.073764
-47.088545
-38.710548
-43.304880
-35.779374
-41.024821
-55.799815
-49.731712
-39.378190
-51.447385
-45.956091
-45.345324
-60.897104
-35.491461
-37.405530
-44.819466
-34.766594
-50.726268
-35.263701
-44.839828
-42.476351
-53.565166
-52.254672
-33.063315
-49.781218
-40.407256
-46.483162
-51.372977
-46.496387
-49.996811
-31.637202
-39.717770
-53.708762
-53.595823
-29.831927
-44.828709
-57.323385
-46.125502
-53.930813
-61.492180
-54.076780
-48.917602
-26.916669
-44.894935
-31.209252
-34.316985
-30.860338
-43.489792
-35.042044
-31.433109
-44.400615
-31.784419
-53.812758
-26.888795
-31.757083
-45.247795
-35.638996
-38.911786
-41.286974
-52.518307
-48.714732
-46.734866
-55.209014
-39.765354
-58.438263
-48.882405
-49.637416
-24.630318
-40.497352
-49.796538
-46.938032
-33.366178
-43.842590
-40.387495
-24.593999
-42.484302
-48.647572
-38.639728
-54.077720
-35.361299
-56.153877
-38.058813
-43.734061
-51.174825
-29.779437
-43.859813
-44.910534
-42.131703
-46.107153
-40.183257
-52.953467
-43.878701
-32.166797
-36.819707
-43.317036
-54.118000
-31.029772
-36.991592
-34.525690
-32.685419
-42.320537
-35.875177
-42.794060
-46.484144
-23.670676
-33.540245
-47.208245
-50.130021
-41.524824
-38.733930
-52.525621
-46.844824
-49.881566
-38.057000
-26.807157
-53.750484
-46.384294
-41.605596
-45.295000
-42.971645
-52.811250
-55.722920
-47.942542
-54.982855
-56.572681
-28.767581
-35.112961
-46.637487
-45.161126
-49.977220
-47.402770
-38.033172
-43.665426
-50.232841
-41.381237
-29.340254
-32.414479
-47.425428
-36.790487
-51.416895
-45.174696
-35.088614
-43.462612
-44.047268
-28.900777
-22.869753
-45.370060
-42.140543
-45.300466
-49.447888
-47.659213
-50.042340
-50.275193
-51.594585
-30.058090
-42.775034
-48.755709
-53.471019
-49.353476
-37.920653
-46.203058
-42.192180
-26.917215
-44.975146
-31.210481
-34.321128
-30.860343
-43.528216
-35.042077
-31.434436
-44.426410
-31.784640
-54.251425
-26.891635
-31.762311
-45.338820
-35.663259
-51.237557
-41.351572
-56.561375
-48.717230
-46.782107
-42.798435
-46.500234
-23.670986
-33.540451
-47.208470
-50.638156
-41.528272
-38.740320
-52.529091
-46.864080
-49.957619
-38.059635
-26.807328
-53.758486
-46.395176
-41.608697
-45.329114
-42.973639
-52.844406
-55.967489
-54.513316
-55.014813
-57.931731
-28.781343
-35.113681
-46.698349
-46.230200
-50.810749
-54.318246
-38.076947
-43.481416
-44.789543
-28.911148
-22.871817
-45.440250
-42.185743
-45.453737
-51.176516
-52.787357
-50.408568
-50.315975
-52.111473
-30.076396
-52.625500
-53.896308
-53.901057
-51.521389
-37.941283
-46.347085
-53.162360
-26.917155
-44.861862
-31.209988
-34.319042
-30.860335
-43.509756
-35.042016
-31.427800
-44.409234
-31.693911
-53.403031
-26.890412
-31.753754
-44.919376
-35.649530
-43.925415
-41.337940
-53.305275
-48.705937
-46.768645
-32.061127
-36.351828
-46.167089
-50.696477
-34.568018
-48.712355
-33.255346
-50.162166
-43.479695
-45.282074
-42.284126
-50.112522
-50.395550
-32.042230
-47.446961
-40.569899
-37.935293
-50.226424
-39.577706
-40.972179
-34.116263
-38.965938
-48.901639
-33.670195
-36.844758
-32.149320
-36.499093
-30.377099
-49.461143
-37.378043
-36.422170
-34.453360
-41.783950
-53.157164
-35.049133
-38.357127
-33.149576
-30.732035
-48.727993
-37.162566
-42.780825
-46.467355
-23.670121
-33.538673
-47.204067
-50.501671
-41.497564
-38.696113
-52.304643
-46.067797
-49.864863
-38.058514
-26.807308
-53.417005
-45.967628
-41.588120
-44.065865
-42.953192
-52.641019
-55.656361
-49.619148
-49.108276
-49.936367
-28.740264
-35.027264
-44.776134
-42.858453
-44.894593
-48.124981
-37.983490
-42.122624
-44.947334
-42.276807
-28.951371
-31.266130
-46.914591
-34.651885
-40.704770
-37.189480
-33.269564
-43.460359
-43.632350
-28.818275
-22.821322
-42.643930
-41.012135
-40.254306
-49.301374
-33.353292
-47.539502
-50.147317
-51.187193
-30.072737
-48.062627
-51.533475
-53.434969
-46.218777
-37.932395
-46.208014
-48.091623
-32.067773
-38.421895
-46.389185
-50.830796
-34.593441
-49.189306
-33.297542
-56.170245
-45.572620
-45.327824
-42.286487
-50.129652
-50.426223
-32.049124
-47.600662
-40.749962
-38.033557
-50.493648
-39.644036
-40.974394
-34.124796
-39.003563
-48.959919
-33.677340
-36.883649
-32.156125
-36.502164
-30.377669
-49.614632
-37.390172
-36.444941
-34.455699
-42.021172
-53.698620
-35.058336
-38.358383
-33.154415
-30.733532
-48.831968
-37.165216
-44.328807
-46.211349
-42.357305
-28.954562
-31.267031
-47.174786
-34.688761
-40.732344
-37.441725
-33.279007
-28.147893
-41.328537
-32.720969
-32.581204
-33.709158
-52.883562
-33.279690
-32.511725
-37.066394
-33.438455
-40.094666
-37.105189
-40.485059
-27.892722
-34.447548
-43.923765
-39.154804
-33.971184
-50.087275
-48.471440
-32.047222
-37.717124
-45.387222
-50.588798
-33.721531
-47.912255
-33.069661
-48.857943
-42.251486
-45.269082
-42.272225
-50.055834
-50.389482
-32.029177
-47.435031
-40.620476
-37.853832
-49.979980
-39.291356
-40.958720
-34.119979
-38.981162
-48.820616
-33.566008
-36.853012
-32.155964
-35.839403
-30.373842
-49.305410
-37.368319
-34.977829
-34.455392
-33.874460
-43.722797
-34.493709
-38.353206
-32.795187
-30.610779
-48.283497
-37.160135
-43.045083
-43.571416
-44.118045
-30.982451
-53.120851
-41.204956
-43.917009
-43.500466
-49.774812
-43.701706
-56.180114
-35.359339
-36.421690
-34.765044
-36.954820
-48.203170
-35.811040
-31.256286
-42.414078
-48.570024
-50.755643
-40.739187
-47.081233
-33.536924
-31.865870
-44.361724
-31.548299
-37.940055
-47.751835
-34.518412
-43.493683
-45.812512
-42.035068
-28.950150
-31.258654
-47.080221
-34.687781
-40.703512
-37.295695
-33.278691
-41.275188
-49.353321
-30.828404
-20.892840
-44.548805
-41.663261
-41.652319
-53.410645
-33.349826
-48.523735
-55.253099
-42.447052
-48.880141
-32.332484
-34.595679
-50.149425
-45.412077
-55.349196
-46.509585
-34.460832
-28.147972
-41.378388
-32.721668
-32.582602
-33.709172
-53.046036
-33.279731
-32.520245
-37.069555
-33.574745
-40.130793
-37.118058
-40.549360
-27.900658
-34.457953
-51.228676
-39.163045
-33.997972
-50.102805
-48.491379
-43.063800
-43.588263
-44.214980
-30.983438
-53.138073
-41.220783
-43.970754
-43.635503
-49.898731
-44.145577
-56.591894
-35.359941
-36.421867
-34.769526
-37.006233
-48.298364
-35.978032
-31.257666
-42.432977
-48.629152
-59.898052
-41.236580
-49.568228
-33.662090
-31.907386
-46.069272
-31.725279
-38.645827
-52.940175
-34.560246
-41.287907
-58.324137
-30.976885
-20.925161
-50.334789
-43.060484
-55.972596
-63.552275
-52.493171
-52.573736
-55.825196
-42.559777
-49.167364
-32.408636
-34.632722
-50.361946
-49.237214
-55.868883
-46.658829
-34.592480
-28.147739
-41.322716
-32.720924
-32.581924
-33.709144
-52.930514
-33.279090
-32.518119
-37.062908
-33.544771
-40.080834
-37.099233
-40.529100
-27.883012
-34.430042
-49.590401
-39.162214
-33.997042
-50.086736
-48.286849
-49.440532
-45.484630
-50.323352
-46.089133
-40.897655
-39.713662
-45.339247
-36.363811
-43.946901
-36.196046
-44.093144
-50.438832
-50.932292
-49.675914
-27.207192
-48.029020
-46.048565
-50.407376
-35.966973
-45.913432
-38.941030
-36.601153
-49.616600
-34.557870
-36.471630
-31.542579
-38.672447
-31.118199
-41.517434
-40.118532
-36.225582
-34.642226
-33.963317
-43.987760
-35.961283
-39.204493
-32.860772
-30.517833
-50.354312
-37.933053
-43.059041
-43.578804
-43.617872
-30.978707
-53.037539
-41.207997
-43.574699
-43.433242
-48.976753
-43.335074
-56.500753
-35.359694
-36.421282
-34.768351
-36.982195
-48.236276
-35.875891
-31.245067
-42.427781
-48.555943
-54.274227
-41.172218
-48.779759
-33.610124
-31.883676
-45.591609
-31.694201
-38.482321
-47.071127
-34.537155
-45.819744
-53.425174
-46.248107
-45.142485
-47.993390
-31.883859
-46.490153
-46.086846
-49.687122
-47.993960
-41.276073
-47.747765
-30.797810
-20.880940
-43.300551
-41.262596
-40.463108
-41.779644
-32.109364
-45.012889
-55.222636
-42.449189
-46.572123
-32.290810
-34.463211
-49.869575
-44.261011
-51.661356
-46.445040
-34.431836
-28.454201
-42.238398
-32.721050
-32.613690
-33.711555
-52.992148
-33.640318
-32.518287
-37.237874
-33.545003
-40.415278
-37.853439
-40.529110
-27.893108
-34.689394
-49.663428
-39.717344
-33.997114
-50.114483
-48.405696
-49.489945
-45.485568
-50.632176
-46.102383
-40.897969
-39.751664
-45.339893
-36.363838
-43.946903
-36.196047
-44.093154
-50.438833
-50.949994
-49.675922
-27.207192
-48.029041
-46.049103
-50.518941
-35.976306
-45.913534
-38.943452
-36.601278
-49.667803
-34.557870
-36.471694
-31.542615
-38.672447
-31.120541
-41.534149
-40.118532
-36.225738
-34.642309
-33.963333
-43.987760
-35.961283
-39.204494
-32.860772
-30.517838
-50.359881
-37.933053
-56.840776
-35.364691
-36.423904
-34.775865
-37.020225
-49.107350
-35.876870
-31.245087
-42.428152
-48.595790
-54.274294
-41.172863
-48.794401
-33.613076
-31.883691
-45.607554
-31.694249
-38.482430
-47.127317
-34.537407
-45.819773
-53.425218
-46.249054
-45.227952
-47.994861
-31.883859
-46.490253
-46.127469
-49.690532
-47.995492
-41.277301
-47.754959
-30.797810
-20.880940
-43.300553
-41.262732
-40.463108
-41.779646
-32.109431
-45.012891
-55.235057
-42.449216
-46.574870
-32.290824
-34.463211
-49.869705
-44.263486
-51.661577
-46.445072
-34.431836
-28.452446
-42.219610
-32.720994
-32.612301
-33.711450
-52.985778
-33.628211
-32.518284
-37.236683
-33.544991
-40.381295
-37.758589
-40.529100
-27.893056
-34.673757
-48.714363
-39.689197
-33.997113
-50.109165
-48.381995
-49.480867
-45.485200
-50.611198
-46.097610
-40.897931
-39.621508
-45.339749
-36.363836
-43.946900
-36.196046
-44.093140
-50.438829
-50.903318
-49.675922
-27.207192
-48.028992
-46.049039
-50.475851
-35.975731
-45.913420
-38.943313
-36.601162
-49.622017
-34.557870
-36.471595
-31.542592
-38.672447
-31.120471
-41.533754
-40.118532
-36.225650
-34.642281
-33.962804
-43.987759
-35.961283
-39.204494
-32.860772
-30.517830
-50.359446
-37.933053
-45.803661
-37.819135
-42.861205
-37.681460
-42.867150
-41.159320
-34.613634
-45.099258
-47.604323
-39.852224
-56.794582
-35.356738
-36.418801
-34.663594
-35.408611
-48.572235
-35.871508
-31.244928
-42.427784
-48.583793
-54.274253
-41.170590
-48.787437
-33.611755
-31.883687
-45.596875
-31.693928
-38.481829
-47.089786
-34.537235
-45.819641
-53.424993
-46.248230
-45.216812
-47.992477
-31.883859
-46.489993
-46.120495
-49.677432
-47.992327
-41.274625
-47.752489
-30.797810
-20.880940
-43.300522
-41.262610
-40.463108
-41.779585
-32.109421
-45.012889
-55.231860
-42.449202
-46.572120
-32.290770
-34.463209
-49.869683
-44.233906
-51.661552
-46.445032
-34.431836
-40.283491
-51.458628
-40.600353
-35.682788
-45.690802
-50.177850
-36.696151
-42.237451
-34.270347
-41.269253
-37.962702
-39.180244
-40.936837
-29.094630
-30.546518
-41.325868
-34.930612
-32.850118
-43.510425
-51.961766
-32.007956
-37.624246
-52.509276
-50.215778
-33.284118
-45.913243
-32.102507
-42.746313
-37.049416
-45.810524
-55.392126
-40.193381
-24.598349
-46.999651
-50.541976
-39.827186
-45.621038
-51.172647
-37.995973
-37.929980
-34.184149
-45.856899
-48.406625
-34.372743
-39.703122
-35.160596
-34.690912
-32.578855
-49.377265
-36.998511
-30.449762
-38.625752
-34.518874
-43.698497
-29.786480
-37.993275
-37.776807
-37.311958
-47.361179
-36.984796
-27.379729
-43.626125
-41.956381
-46.196140
-53.149643
-50.569940
-49.530208
-45.897874
-49.580304
-47.099279
-53.794666
-35.357980
-36.426621
-34.611462
-37.006808
-48.693651
-35.784350
-31.239217
-42.423751
-49.090720
-41.559766
-38.067559
-46.490259
-42.918651
-48.912187
-44.481751
-27.320745
-34.774301
-49.068743
-48.616508
-33.486397
-38.837287
-48.894931
-42.566060
-50.215456
-48.188872
-27.748715
-38.982082
-34.884575
-43.066221
-60.688629
-35.431047
-35.717647
-42.793513
-34.564276
-48.656905
-34.965463
-44.719553
-36.845243
-52.235452
-53.236583
-42.501869
-47.395177
-31.757300
-34.396127
-48.947693
-44.822337
-52.936673
-44.403103
-33.386470
-40.292541
-52.027241
-40.605092
-35.691481
-45.692630
-50.211434
-36.698265
-42.254713
-34.270505
-41.916464
-37.989148
-39.679859
-40.947239
-29.096715
-30.553154
-43.456652
-35.040309
-32.854547
-43.513144
-52.137439
-34.208807
-46.203341
-48.680010
-34.489276
-40.210921
-35.262019
-34.713179
-32.624985
-50.362564
-36.999255
-53.842691
-35.365987
-36.428013
-34.618708
-37.053647
-49.019335
-35.922745
-31.239543
-42.426036
-49.123854
-42.147101
-38.133643
-49.633401
-43.627805
-50.116427
-46.285945
-27.354436
-34.994823
-51.990409
-49.124620
-60.967207
-35.809014
-35.728642
-42.950311
-34.569212
-49.209552
-34.967268
-45.211220
-36.851903
-52.656696
-54.689930
-42.536270
-49.207436
-32.402778
-34.612720
-49.863030
-46.974766
-54.939316
-44.558834
-34.552123
-40.060243
-51.189188
-40.603974
-35.688680
-45.691250
-50.086410
-36.664370
-42.172390
-34.265413
-40.109319
-37.965896
-39.449636
-40.888583
-29.093424
-30.551194
-39.881689
-35.003922
-32.847434
-43.512185
-51.810360
-32.667747
-36.843547
-45.467926
-48.966568
-33.898927
-46.015724
-32.309014
-42.715661
-37.667030
-45.196286
-44.222787
-49.891907
-51.485669
-32.122742
-46.500367
-41.804287
-37.379442
-48.525177
-43.612894
-40.690667
-33.234042
-45.804349
-47.513988
-34.323494
-40.061347
-35.151294
-34.666812
-32.610749
-48.774361
-36.920028
-35.585152
-34.530237
-33.873065
-43.618578
-35.164323
-38.794553
-32.887797
-30.628335
-47.875289
-37.555080
-47.059696
-37.424206
-49.821547
-51.390387
-41.962788
-37.504326
-35.660876
-44.654946
-48.944491
-38.276494
-53.686009
-35.361571
-36.415186
-34.579168
-35.587988
-47.439031
-35.816771
-31.238184
-42.407115
-49.049243
-41.119628
-37.693163
-49.604739
-41.051330
-45.004246
-44.249746
-27.209268
-34.165945
-47.577466
-47.527549
-33.657192
-37.479474
-47.538849
-35.730642
-38.260405
-51.272302
-33.407810
-37.908035
-32.062012
-34.890292
-60.135323
-35.783251
-35.606487
-42.851717
-34.568084
-48.615684
-34.959564
-44.940654
-36.839141
-51.801627
-54.237126
-42.428776
-48.851650
-32.363614
-34.595353
-49.717993
-46.289173
-54.221142
-44.472351
-34.472718
-40.457488
-52.541876
-40.625742
-35.691888
-48.536582
-56.665546
-36.698207
-42.173282
-34.270659
-40.154828
-32.683008
-36.852510
-45.524349
-49.065092
-33.901336
-46.433838
-32.374923
-43.208776
-38.016468
-45.279972
-44.279774
-49.910443
-51.662524
-32.133076
-47.885043
-42.010807
-37.450205
-50.212306
-46.117253
-40.793298
-35.640293
-35.401716
-33.876540
-43.765676
-35.171011
-38.814194
-32.913772
-30.658582
-52.340209
-37.571928
-62.464707
-35.373657
-36.446135
-35.675717
-37.647967
-49.016831
-36.828530
-31.478657
-44.943935
-49.107910
-41.134594
-37.694911
-50.125178
-41.301825
-45.069835
-44.285716
-27.218451
-34.276971
-47.789744
-47.558718
-35.267866
-38.705535
-48.250064
-35.736739
-38.389317
-52.283040
-33.574508
-37.987322
-32.150906
-34.902903
-55.289340
-42.431480
-48.895815
-32.370710
-34.615279
-50.223409
-48.431325
-54.965821
-46.595944
-34.506204
-37.097685
-46.773626
-40.622289
-35.623467
-44.740269
-43.492615
-35.996396
-42.128171
-34.180352
-40.140189
-42.582293
-26.750689
-31.465578
-32.495938
-32.868349
-40.290525
-40.555620
-36.911750
-47.803727
-46.002339
-32.681543
-35.321747
-45.415832
-48.892082
-33.898252
-46.233546
-32.371565
-42.657645
-37.952323
-45.225803
-44.209282
-49.904324
-51.507210
-32.130623
-47.720777
-41.994983
-37.442204
-49.903360
-45.742053
-40.790917
-34.379863
-38.886960
-53.185344
-33.557806
-37.144808
-32.288948
-35.942174
-30.694254
-49.244291
-37.652516
-35.621674
-34.368527
-33.872776
-43.753994
-35.169603
-38.761954
-32.912781
-30.606607
-48.030836
-37.569664
-44.216931
-43.653171
-44.275224
-31.916493
-53.226276
-41.334958
-49.336589
-43.609650
-49.849157
-45.448088
-55.281846
-35.368602
-36.442901
-35.664180
-37.594272
-48.143615
-36.824931
-31.478010
-44.919566
-49.025621
-41.113624
-37.694533
-49.722686
-41.214095
-44.986961
-44.262766
-27.215346
-34.220632
-47.633946
-47.542887
-34.843014
-38.460996
-47.620680
-35.721225
-38.251585
-51.368797
-33.553968
-37.801602
-32.143003
-34.880488
-43.447533
-43.626993
-28.579401
-22.825765
-42.074016
-41.079102
-40.196301
-50.166015
-33.350191
-47.360130
-55.132916
-42.421331
-48.890660
-32.358877
-34.602862
-50.133877
-45.198676
-54.921158
-46.429917
-34.505322
-37.098883
-47.001593
-40.622659
-35.623906
-44.740292
-43.492657
-35.996428
-42.160144
-34.180357
-41.962434
-42.589063
-26.750736
-31.465837
-32.496601
-32.870397
-44.122668
-40.558767
-36.913283
-47.805056
-46.014158
-44.318885
-53.800523
-51.537309
-32.131581
-47.735413
-41.996268
-37.443786
-49.903802
-52.572892
-40.852993
-34.399145
-38.886981
-53.540280
-33.683466
-37.144830
-32.289586
-35.942467
-30.694255
-49.244399
-37.652519
-35.621678
-34.368536
-33.887701
-43.754018
-35.171391
-38.762137
-32.912781
-30.606687
-48.612675
-37.570154
-44.279297
-43.662475
-44.280785
-31.916504
-53.236578
-41.362172
-49.339037
-43.682421
-49.849429
-45.448422
-55.457551
-35.368743
-36.451703
-35.664403
-37.650427
-48.203076
-36.907116
-31.478021
-44.919652
-49.027242
-41.969246
-37.979040
-49.744579
-43.748314
-50.050213
-46.266232
-27.358167
-35.039114
-47.635651
-48.353375
-34.843843
-38.664509
-47.640432
-35.725046
-38.251592
-51.487767
-33.566515
-37.802212
-32.147600
-34.885937
-43.447619
-43.626998
-28.579427
-22.825765
-42.074957
-41.154258
-40.197035
-50.166915
-33.350194
-47.431327
-55.144354
-42.421332
-49.014856
-32.358924
-34.603164
-50.152126
-45.198681
-54.975383
-46.436685
-34.509101
-37.098318
-46.850275
-40.622513
-35.623872
-44.740186
-43.492657
-35.996412
-42.073535
-34.180355
-41.840245
-42.586794
-26.750730
-31.465831
-32.496515
-32.869936
-41.886320
-40.558739
-36.913243
-47.802938
-46.009864
-40.875401
-38.577075
-45.416163
-34.277414
-38.880697
-39.800904
-36.440502
-42.956365
-38.037430
-42.640210
-43.977674
-51.630872
-51.509653
-32.131167
-47.698550
-41.993237
-37.443496
-49.903632
-51.480780
-40.849630
-34.398160
-38.886064
-53.175309
-33.682782
-37.144828
-32.289336
-35.942323
-30.694255
-49.244393
-37.652310
-35.621665
-34.368533
-33.882626
-43.754009
-35.170635
-38.762129
-32.912781
-30.606653
-48.582802
-37.569252
-44.270718
-42.414941
-44.237776
-31.916501
-53.232622
-41.012574
-47.203739
-43.619838
-49.847019
-45.447970
-54.412404
-35.368026
-36.248465
-35.664308
-37.545500
-47.252676
-36.811232
-31.477943
-44.919628
-49.026622
-40.784974
-37.961715
-49.613422
-43.538769
-49.351807
-46.178095
-27.350441
-34.965378
-47.635045
-48.154864
-34.840869
-38.529327
-47.389306
-35.714528
-38.251470
-51.315412
-33.534077
-37.794822
-32.145675
-34.876070
-43.447618
-43.626757
-28.579405
-22.825765
-41.860097
-41.152495
-40.196620
-50.155953
-33.350190
-47.068487
-55.136204
-42.421330
-48.715816
-32.358871
-34.603094
-50.144183
-45.198657
-54.883297
-46.355025
-34.508330
-37.114812
-47.381723
-40.630582
-35.669479
-49.454263
-57.211203
-36.398054
-42.319023
-34.182758
-42.051185
-44.826527
-54.059115
-53.272194
-32.357548
-47.953186
-42.214003
-38.046081
-50.518334
-54.737453
-41.019603
-34.414735
-39.041533
-53.966449
-33.817898
-37.214197
-32.353022
-36.696610
-30.705175
-50.749503
-37.968192
-44.382552
-60.223911
-44.511905
-31.924306
-60.965642
-41.369662
-51.449608
-45.518662
-51.371297
-46.548460
-37.071993
-46.983485
-40.614327
-35.626991
-47.521285
-53.391081
-36.347984
-42.199396
-34.167281
-41.087583
-40.312889
-37.012116
-42.269284
-29.059557
-33.561803
-44.808380
-39.165238
-34.177862
-51.699695
-47.664494
-31.690666
-36.972901
-45.369356
-48.454115
-33.478740
-44.391892
-31.633527
-43.881397
-39.075942
-45.699549
-44.756665
-50.234627
-52.445347
-32.333958
-46.895308
-41.947238
-37.729444
-49.515894
-38.424805
-40.575066
-33.852917
-38.923956
-49.237137
-32.588156
-36.368484
-31.438033
-35.241803
-30.660505
-48.116966
-37.541049
-39.531167
-38.817194
-27.542796
-43.251236
-42.745634
-49.329955
-41.231199
-39.955636
-47.106912
-41.854212
-44.305143
-44.302814
-43.938342
-31.918131
-59.101905
-41.304686
-44.955747
-44.576754
-49.639605
-44.101114
-52.737941
-45.246274
-34.126133
-36.958294
-34.786781
-48.600112
-32.835791
-29.036273
-41.215416
-50.727411
-44.027972
-34.425199
-48.238065
-46.467556
-38.830536
-44.302087
-24.203197
-31.791159
-45.235897
-42.289497
-41.445521
-45.212869
-35.756466
-35.309376
-38.876466
-48.791402
-39.713175
-39.911308
-37.541744
-39.738927
-48.140437
-36.851821
-35.795288
-40.675949
-32.575243
-45.157680
-29.351646
-46.020283
-31.559828
-46.160109
-49.715295
-42.309269
-48.620262
-32.569555
-34.442075
-48.224960
-44.260070
-53.204334
-41.323408
-34.862948
-37.072072
-47.254230
-40.617040
-35.628342
-47.521472
-53.634945
-36.353021
-42.321982
-34.168890
-41.089848
-40.421824
-37.085831
-42.542938
-29.068832
-33.582128
-45.187767
-39.172858
-34.785122
-51.722353
-47.709995
-32.229292
-38.709287
-52.149682
-52.988353
-34.442473
-49.465107
-33.929138
-54.781131
-43.618718
-46.065449
-44.319532
-44.544397
-44.052269
-31.919548
-59.680588
-41.368701
-45.017642
-44.586605
-49.761770
-44.591926
-52.967085
-45.351415
-34.126331
-36.965239
-34.789027
-48.652324
-32.852301
-29.046193
-41.246117
-52.552467
-48.226491
-37.364011
-37.026489
-54.034751
-32.786851
-49.237758
-29.606221
-46.691254
-36.170132
-48.102261
-54.177447
-42.330223
-49.376007
-32.640623
-34.486522
-49.530737
-47.792502
-56.156761
-41.953291
-35.008622
-37.071937
-47.192154
-40.613209
-35.625576
-47.521213
-53.423475
-36.352279
-42.264791
-34.165570
-41.089021
-39.070281
-37.055780
-41.233956
-29.053558
-33.416669
-41.573924
-39.168545
-33.930475
-51.536446
-47.659951
-32.110525
-37.874552
-50.137885
-45.282826
-34.116270
-39.635996
-32.463195
-46.683491
-38.125944
-36.059316
-41.558611
-49.562848
-48.731026
-40.670252
-27.200243
-43.743269
-46.407292
-49.979903
-38.463886
-43.954804
-36.648089
-36.517551
-45.420665
-33.187524
-35.369385
-30.685942
-37.761848
-30.560514
-41.376324
-37.682373
-30.410179
-38.045869
-34.170984
-43.349469
-29.740755
-37.902978
-37.464185
-36.898345
-47.750408
-36.132567
-44.245840
-44.534999
-43.912014
-31.913775
-58.941276
-41.222508
-44.895486
-44.514970
-49.164079
-43.917523
-52.735432
-45.309684
-34.126202
-36.954691
-34.788301
-48.587897
-32.846967
-29.045529
-41.148047
-50.120860
-42.812211
-44.778856
-47.881454
-47.673500
-43.598447
-43.561239
-33.842312
-39.094588
-47.831584
-44.496049
-41.783109
-49.072271
-41.146226
-29.252092
-32.355737
-46.824753
-36.723773
-44.569855
-44.068819
-34.978180
-48.135684
-36.577861
-36.404955
-40.658929
-32.502607
-44.401684
-29.274197
-45.951159
-30.745817
-45.061541
-52.995350
-42.286663
-47.685109
-31.918759
-34.159798
-48.717752
-42.747771
-53.360116
-41.875296
-33.702830
-37.114740
-47.298692
-40.630394
-35.627835
-47.881735
-56.763044
-36.352436
-42.287018
-34.169332
-41.849823
-30.414867
-40.199707
-34.195247
-43.394681
-29.741165
-37.928261
-37.465278
-37.143583
-50.592849
-36.133520
-44.269201
-44.569638
-44.078877
-31.922416
-59.987140
-41.229170
-50.676956
-44.767602
-49.845588
-47.045222
-54.573727
-45.315773
-34.135483
-38.607080
-35.209415
-48.735561
-33.360314
-29.177482
-42.925637
-50.188774
-43.268258
-45.220881
-53.477377
-52.110020
-44.143195
-44.894374
-34.262167
-41.603930
-48.001899
-44.756220
-42.614775
-50.561927
-41.256323
-29.272153
-32.416096
-46.941964
-36.811639
-48.033621
-44.513677
-35.103205
-48.171702
-36.878382
-37.014634
-52.359155
-32.785891
-49.642109
-29.605793
-46.019529
-36.211661
-48.075812
-53.004075
-42.297845
-47.847427
-31.994938
-34.287468
-48.793648
-45.392209
-53.443759
-41.883332
-33.778000
-37.049050
-46.956155
-40.610756
-35.624307
-43.872924
-52.035361
-36.352326
-42.273272
-34.167993
-41.818165
-38.419449
-36.310891
-37.548079
-33.912931
-29.731600
-37.715143
-34.277553
-35.069960
-46.056916
-51.593968
-39.189461
-44.259786
-38.913497
-47.990959
-43.798259
-24.622756
-37.681061
-45.050473
-39.152094
-33.351230
-42.406174
-50.010804
-50.959660
-40.332174
-43.140712
-42.658979
-46.761651
-48.353278
-38.854371
-43.794251
-36.767308
-36.514622
-43.813078
-33.363689
-35.385548
-30.671243
-37.902441
-30.625723
-49.156258
-37.627652
-30.409987
-37.973729
-34.189986
-43.384419
-29.741095
-37.898375
-37.463952
-36.889662
-47.960435
-36.130184
-44.250391
-44.556990
-43.980840
-31.919741
-59.483590
-41.226728
-50.053635
-44.756549
-49.720460
-45.507323
-51.157316
-45.312150
-34.131050
-37.393196
-35.022301
-48.705612
-33.085987
-29.097484
-41.881498
-50.120366
-42.550618
-44.567793
-52.247167
-48.686042
-44.002598
-44.877698
-34.257721
-41.557887
-47.871277
-44.712868
-41.700245
-50.215250
-41.143440
-29.203440
-32.366348
-46.843392
-36.808781
-44.364018
-44.134869
-35.003289
-48.097031
-36.585397
-36.417453
-40.606030
-32.491271
-44.446152
-29.271588
-45.968105
-30.706978
-45.032858
-52.987012
-41.973320
-47.342438
-31.911424
-34.142493
-48.744112
-42.701298
-53.211197
-41.830704
-33.693186
-37.114715
-47.300963
-40.628379
-35.667711
-47.881775
-56.759273
-36.352431
-42.307939
-34.168404
-41.904327
-37.878877
-36.562065
-46.551423
-34.624519
-35.967933
-31.382815
-39.322757
-30.628986
-51.802658
-38.149891
-30.939229
-38.528490
-54.282507
-54.807979
-29.953334
-37.910980
-38.883269
-37.410650
-48.828643
-36.928512
-44.271744
-45.207646
-44.081036
-31.921796
-59.935812
-41.229648
-50.383909
-44.767614
-49.845586
-45.862127
-54.573865
-45.414996
-34.153762
-38.616844
-35.209583
-48.798848
-33.365321
-29.178136
-42.968539
-50.127140
-43.240901
-45.224250
-53.488704
-51.662330
-44.007314
-44.897531
-34.261387
-41.620198
-47.986292
-44.741191
-45.212847
-56.064655
-41.168546
-29.274079
-32.385899
-47.533102
-36.850087
-45.781518
-46.295701
-35.007532
-37.054933
-47.165469
-40.625455
-35.666541
-47.841197
-53.146722
-36.352368
-42.287117
-34.168349
-41.020709
-42.561480
-39.761288
-43.642109
-38.170685
-35.312553
-31.852323
-46.627287
-39.049663
-52.447680
-48.847798
-32.168664
-37.768565
-52.115504
-51.067557
-34.148223
-47.089870
-32.484036
-46.812150
-38.594454
-45.109291
-36.732673
-36.435951
-44.877139
-33.374179
-35.416574
-30.712080
-39.115484
-30.626668
-48.846403
-37.669346
-30.910566
-37.224637
-47.587933
-51.701137
-29.908794
-37.909594
-38.846608
-37.304182
-48.213823
-35.363189
-44.246337
-45.163146
-44.010814
-31.858984
-59.910393
-41.226632
-50.203111
-44.584214
-49.824749
-45.857845
-54.402035
-45.358653
-34.136723
-38.556863
-35.173550
-48.679526
-33.284713
-29.176138
-42.926074
-50.124358
-42.898101
-44.732737
-48.567258
-47.485020
-43.435556
-43.537950
-33.994902
-40.313884
-47.903138
-44.625346
-44.408327
-51.331434
-41.158440
-29.266368
-32.380054
-46.253235
-36.786382
-45.356195
-45.233938
-34.993500
-39.829032
-40.223397
-37.578944
-40.356356
-33.622429
-40.703968
-27.868767
-46.315154
-29.681450
-42.497021
-48.090394
-50.318543
-46.027185
-36.044001
-44.678417
-48.665363
-34.798793
-54.793883
-42.625191
-38.900293
-37.055119
-47.193657
-40.627525
-35.667665
-49.395911
-53.162531
-36.397957
-42.331123
-34.183321
-41.165378
-48.038373
-39.939609
-49.129017
-51.162232
-35.729411
-32.121385
-46.665719
-51.202810
-53.155836
-48.854306
-32.335962
-38.123432
-60.419965
-52.387261
-34.535106
-48.448783
-33.151137
-54.034325
-45.508739
-45.163435
-37.858761
-36.611701
-46.533900
-34.503953
-35.968473
-31.382737
-39.319612
-30.629104
-51.833697
-39.087814
-30.939278
-38.528413
-53.735018
-54.806871
-29.952961
-37.912487
-38.886307
-37.454646
-48.859924
-36.953008
-44.358274
-59.439059
-44.482744
-31.861355
-60.957820
-41.232167
-50.900153
-45.256582
-51.517571
-46.152164
-44.519521
-51.876826
-41.386223
-29.343513
-32.383494
-47.606006
-36.805826
-45.791419
-46.973334
-34.995326
-37.055083
-47.173786
-40.627073
-35.629518
-48.209872
-53.153729
-36.350617
-42.311287
-34.173636
-41.090943
-47.143623
-39.851095
-47.359815
-40.286891
-35.683618
-32.118579
-46.646566
-45.192605
-52.306644
-48.851129
-32.304872
-38.086004
-53.607831
-51.902174
-34.443508
-48.093195
-33.110893
-53.245206
-45.269342
-45.161473
-37.855660
-36.602582
-46.520437
-34.413578
-35.968268
-31.382646
-38.432792
-30.628349
-51.000259
-39.040772
-30.548283
-38.528207
-35.313594
-44.517760
-29.800042
-37.905805
-37.882343
-37.102298
-46.121220
-36.943523
-44.311447
-47.786790
-44.003686
-31.860190
-60.705346
-41.228234
-50.000668
-44.414644
-50.389748
-45.629026
-49.621603
-38.058923
-32.719596
-40.703779
-36.522644
-47.548960
-31.858127
-28.858418
-40.859933
-54.221985
-50.581757
-49.387183
-49.323370
-46.884747
-46.778903
-26.225019
-41.245921
-44.788481
-39.261789
-46.497085
-43.975029
-51.801707
-40.887668
-29.340702
-32.380999
-47.555233
-36.805416
-45.788661
-46.683177
-34.992846
-55.097664
-43.132933
-47.464120
-31.709916
-34.667170
-50.259228
-42.832413
-52.474862
-46.010634
-33.293360
-40.459820
-53.637960
-40.630752
-35.695890
-48.323417
-57.361911
-37.117718
-42.349383
-34.262761
-41.961699
-39.005032
-36.618980
-50.126791
-34.623185
-36.519149
-31.590634
-39.061252
-31.132683
-52.452087
-40.125090
-49.810550
-38.072701
-32.723238
-40.791366
-36.607098
-48.369665
-31.916542
-28.859740
-40.873098
-54.451173
-60.337374
-51.023308
-56.519016
-50.916571
-48.125882
-26.246517
-43.489489
-51.538581
-39.836384
-47.076227
-57.246491
-43.173258
-49.274848
-32.313826
-34.885056
-51.404500
-43.967653
-54.262776
-46.212168
-34.374003
-40.281123
-51.504063
-40.609314
-35.691015
-46.477909
-50.503225
-37.090362
-42.320074
-34.261779
-41.724893
-39.207122
-38.882989
-44.642576
-30.062548
-31.480605
-48.367837
-35.999924
-34.400798
-44.737626
-49.908010
-49.142867
-48.307921
-54.163229
-54.757767
-48.659988
-48.290990
-40.756672
-36.491499
-46.246352
-47.091926
-38.226040
-36.595944
-47.253958
-34.558560
-36.134660
-31.429019
-38.705489
-30.770867
-51.797647
-39.213273
-31.658026
-35.731175
-34.769892
-44.522298
-30.836533
-36.996188
-34.136044
-32.481884
-46.364883
-35.866958
-48.586531
-38.603690
-43.215919
-48.209020
-43.209076
-41.256461
-34.906613
-46.457052
-48.547756
-40.155601
-48.582383
-38.054076
-32.713955
-37.637627
-34.679238
-47.831330
-31.513257
-28.713583
-39.574774
-54.305736
-52.803843
-50.623488
-52.369233
-48.796479
-47.552460
-26.243745
-41.889212
-44.928447
-39.397192
-46.698881
-45.287132
-51.311886
-41.859254
-29.753375
-32.028234
-47.125826
-34.784729
-46.613626
-43.217468
-33.985458
-57.174233
-43.101851
-48.408019
-31.977045
-34.770394
-50.868205
-43.504187
-53.714938
-46.109176
-33.760720
-40.281125
-51.731003
-40.609354
-35.691861
-46.478017
-50.591861
-37.090377
-42.333136
-34.261782
-41.725748
-39.220493
-38.901251
-44.687717
-30.062584
-31.482819
-48.368023
-36.001859
-34.429313
-44.737630
-49.921456
-49.309133
-52.053827
-54.377526
-55.189308
-49.850891
-48.291012
-47.637438
-36.537015
-46.319890
-47.445429
-38.998993
-36.618854
-49.955476
-34.607301
-36.519032
-31.590149
-39.056075
-31.132606
-52.325380
-40.124384
-48.586672
-38.603853
-43.229026
-48.210094
-43.209093
-41.316969
-34.906860
-46.494099
-48.548032
-40.156516
-48.634211
-38.056672
-32.713975
-37.637630
-34.679905
-47.837157
-31.514058
-28.713648
-39.575969
-54.398547
-56.626798
-50.630128
-52.370313
-48.985024
-47.552901
-26.244497
-42.338451
-45.143405
-39.828667
-47.004498
-57.228724
-43.171212
-49.041107
-32.312744
-34.884660
-51.075020
-43.939739
-54.184558
-46.201219
-34.373197
-40.281095
-51.688157
-40.609282
-35.691846
-46.477927
-50.531527
-37.089162
-42.330779
-34.261782
-41.725201
-39.220292
-38.876158
-44.668550
-30.061268
-31.482750
-48.367392
-36.001521
-34.428763
-44.737622
-49.647635
-49.306947
-51.794843
-54.314966
-55.049728
-49.701881
-48.290905
-47.347843
-36.502643
-46.296506
-47.350334
-38.995215
-36.618253
-49.834233
-34.602951
-36.461765
-31.541702
-39.001336
-31.121359
-50.632236
-40.100426
-35.195303
-34.662162
-34.529237
-44.717120
-34.576508
-38.416399
-32.862726
-30.647492
-47.279371
-37.157257
-48.586537
-38.602788
-42.766080
-48.209418
-43.209029
-41.308509
-34.869259
-46.486630
-48.286839
-40.081443
-48.627192
-38.055971
-32.713972
-37.637625
-34.679485
-47.834783
-31.495730
-28.706722
-39.574078
-54.305177
-55.003937
-50.629945
-52.369056
-48.736536
-47.510059
-26.241069
-42.329075
-45.106500
-39.281406
-46.979769
-46.397767
-54.089497
-45.509164
-45.994309
-48.818877
-31.885340
-46.893970
-46.559587
-54.143942
-48.440343
-56.551791
-43.061610
-46.616192
-32.247924
-34.855050
-50.932425
-43.905652
-51.020135
-46.021297
-34.247170
-39.610431
-40.301305
-45.657781
-30.467552
-33.236538
-50.699180
-36.015603
-34.716989
-44.889649
-52.133275
-39.007180
-36.629156
-50.156620
-34.718412
-36.543115
-31.590728
-40.101200
-31.133529
-53.507913
-40.186028
-39.609146
-40.297884
-45.657663
-30.467542
-33.236484
-50.697736
-36.015543
-34.716929
-44.878727
-52.050199
-39.006878
-36.629151
-50.081206
-34.718409
-36.543070
-31.590727
-40.101153
-31.133510
-53.507127
-40.186018
-39.344483
-40.040237
-43.992560
-29.680377
-33.167179
-49.697676
-35.899152
-34.167452
-44.774969
-51.884022
-38.949519
-36.601473
-49.691302
-34.710413
-36.477923
-31.532444
-40.047483
-31.095049
-50.414473
-40.142599
-38.312739
-34.637393
-42.746825
-58.467272
-36.775488
-39.211059
-33.223369
-30.631811
-47.992924
-37.945551
-44.738934
-38.886692
-49.388440
-41.346373
-42.806433
-35.582801
-38.140395
-48.512127
-53.416327
-37.405031
-52.940274
-44.410659
-32.580773
-36.564184
-34.730844
-48.504455
-31.841029
-28.451913
-38.840410
-49.972173
-52.971907
-52.743446
-54.548196
-53.802552
-47.828723
-27.837950
-47.838146
-46.862986
-38.305356
-49.032989
-35.151576
-41.260369
-51.731578
-44.191653
-48.263355
-48.208802
-26.070581
-38.442824
-35.680048
-44.266500
-37.035538
-46.736960
-40.603948
-35.627844
-45.654723
-50.072244
-36.002234
-42.257017
-34.181784
-38.854234
-37.537428
-38.553297
-40.215513
-29.086169
-30.421281
-40.868470
-34.842186
-33.017030
-43.520711
-51.605172
-33.648738
-37.332436
-52.287159
-48.742280
-34.631303
-50.140698
-33.744950
-44.051408
-39.043098
-46.992348
-30.613659
-45.359473
-34.079678
-43.594355
-28.828230
-38.566502
-39.367986
-39.866926
-52.100964
-37.845444
-44.109354
-43.693357
-44.343053
-31.917974
-53.082279
-41.053278
-48.055763
-43.605108
-49.929390
-44.905544
-53.392833
-35.364755
-36.425839
-34.611916
-36.978202
-48.194217
-35.884485
-31.243587
-42.352860
-48.205100
-40.744196
-43.696495
-48.557322
-42.718114
-42.146431
-43.299615
-33.470959
-38.082284
-49.145436
-45.918281
-35.532938
-39.302735
-49.710602
-44.008777
-46.115246
-52.133489
-33.646358
-40.652965
-33.246746
-36.060655
-53.101380
-42.505390
-47.024181
-31.828079
-34.430010
-48.792092
-45.863241
-53.383084
-46.023993
-33.372936
-40.290646
-51.452163
-40.604851
-35.732371
-45.692609
-50.104952
-36.705025
-42.277332
-34.271074
-38.855057
-37.720773
-39.660656
-40.215522
-29.099493
-30.522477
-40.878729
-35.039564
-33.018373
-43.526842
-51.866165
-33.650079
-37.337779
-52.782995
-48.766761
-34.631386
-50.582423
-33.744997
-44.051574
-39.043149
-46.992380
-31.095110
-45.361607
-43.574116
-52.542154
-28.973938
-38.571169
-41.293470
-40.701431
-53.432788
-37.848626
-53.555773
-35.369762
-36.428571
-34.622677
-37.016430
-49.127244
-35.889393
-31.243608
-42.367929
-48.241842
-40.744212
-43.697731
-48.574762
-42.742366
-42.146607
-43.313431
-33.471138
-38.082401
-49.275823
-45.928026
-35.624239
-39.304429
-49.713202
-44.075199
-46.188209
-52.136341
-33.646529
-40.664621
-33.246915
-36.060804
-40.458079
-52.909212
-40.630225
-35.733873
-49.545485
-57.375279
-37.173416
-42.294590
-34.273659
-38.904555
-33.666535
-37.865259
-64.649767
-48.824784
-35.732183
-50.586059
-33.923991
-46.303017
-39.530138
-47.711293
-31.095548
-45.364374
-43.576691
-52.562707
-28.973970
-38.571180
-41.308680
-41.058431
-53.527063
-37.851396
-40.869360
-44.066363
-54.852719
-43.037062
-42.165692
-43.417243
-33.520765
-38.396234
-59.674046
-46.633920
-40.423837
-51.637524
-40.629153
-35.729346
-44.512546
-43.511547
-37.119700
-42.230594
-34.258278
-38.822917
-43.147201
-26.831232
-31.566728
-37.607264
-33.089170
-41.536810
-41.357449
-39.185121
-48.714275
-46.081686
-33.594177
-35.687135
-52.647869
-48.548438
-35.396747
-50.531157
-33.094514
-45.103713
-39.433779
-47.376312
-31.092706
-45.281266
-43.574243
-52.393069
-28.973933
-38.571164
-41.306847
-40.912382
-53.438697
-37.849643
-52.343808
-45.450688
-34.147330
-38.630228
-35.204792
-49.740786
-33.343589
-29.177818
-42.955043
-50.259848
-40.665760
-43.573386
-51.693116
-42.969770
-41.735026
-43.357248
-33.443650
-38.210407
-48.101628
-44.364852
-47.292701
-50.416587
-41.289753
-29.275653
-32.419823
-47.541125
-36.844278
-51.098900
-45.988450
-35.101215
-40.458050
-52.633506
-40.629816
-35.732838
-47.945137
-56.918401
-37.119739
-42.275192
-34.258382
-38.832884
-33.594177
-37.381869
-52.659236
-48.557813
-35.400813
-50.586012
-33.096758
-46.123378
-39.523628
-47.441291
-31.092789
-45.286063
-43.574251
-52.393099
-28.973968
-38.571164
-41.306850
-40.913420
-53.453862
-37.849644
-54.435443
-45.450701
-34.147648
-38.634769
-35.210353
-49.745470
-33.344641
-29.178135
-42.969352
-50.260146
-40.665797
-43.573409
-52.310663
-43.019161
-41.735171
-43.357737
-33.456272
-38.352877
-48.101647
-44.364943
-47.307141
-50.501858
-41.289755
-29.276271
-32.420048
-47.541223
-36.844293
-51.098909
-46.053532
-35.101217
-40.367331
-52.571661
-40.617657
-35.732415
-47.579709
-53.505741
-37.119647
-42.273055
-34.257935
-38.807471
-39.337100
-37.818669
-41.247882
-29.083715
-33.665007
-41.869707
-39.725250
-33.932878
-51.595714
-47.739350
-33.594173
-37.262769
-52.639513
-48.554634
-35.400448
-50.358605
-33.022374
-46.082899
-39.057710
-47.383072
-31.092756
-45.285106
-43.574210
-52.393092
-28.973912
-38.571164
-41.306831
-40.912253
-53.453661
-37.849643
-52.674312
-45.445862
-34.138380
-36.982439
-34.818036
-49.683433
-32.902851
-29.046268
-41.178153
-50.258679
-40.665602
-43.572517
-51.401409
-42.902887
-41.731459
-43.350714
-33.258696
-37.389987
-48.101620
-44.364404
-47.215071
-49.896407
-41.289754
-29.276204
-32.412727
-47.541074
-36.844183
-51.097245
-46.013878
-35.101196
-40.367340
-52.761521
-40.617663
-35.733422
-47.579877
-53.701916
-37.119694
-42.288077
-34.257940
-38.807849
-39.351723
-37.853548
-41.284010
-29.083759
-33.668788
-41.869709
-39.729006
-33.969411
-51.595733
-47.787485
-33.600447
-37.684443
-52.694658
-48.741639
-35.520987
-50.358633
-33.817676
-46.099284
-39.060555
-47.647988
-31.095513
-45.363389
-43.574435
-52.560723
-28.973914
-38.571179
-41.306876
-40.954141
-53.454764
-37.851154
-52.794536
-45.446964
-34.138410
-36.982441
-34.818036
-49.683518
-32.904250
-29.046331
-41.178156
-50.259055
-40.869155
-43.573662
-51.401941
-42.915875
-41.731734
-43.366405
-33.319760
-37.419514
-59.541299
-44.515417
-40.367321
-52.420514
-40.617659
-35.733418
-47.579868
-53.688488
-37.119593
-42.287919
-34.257940
-38.807581
-39.351133
-37.851482
-41.276739
-29.083726
-33.668158
-41.869704
-39.728752
-33.965114
-51.595729
-47.753984
-33.600234
-37.660574
-52.694025
-48.729407
-35.516574
-50.358621
-33.804928
-46.091280
-39.057974
-47.406920
-31.095082
-45.285149
-43.574401
-52.519121
-28.973914
-38.571177
-41.306872
-40.949109
-53.454668
-37.847525
-52.788994
-45.445553
-34.138393
-36.982419
-34.818033
-49.683506
-32.903354
-29.046154
-41.178152
-50.259046
-40.706901
-43.572229
-51.401672
-42.900493
-41.731531
-43.281064
-33.319563
-37.406447
-52.566539
-44.497730
-35.300321
-40.820221
-51.383260
-42.479763
-49.797558
-48.191784
-26.069700
-38.985174
-35.652046
-45.183864
-40.367342
-52.496104
-40.618061
-35.733445
-49.026629
-53.694580
-37.173221
-42.292286
-34.273210
-38.878448
-39.620942
-37.958288
-42.059009
-29.624817
-33.732542
-41.882627
-39.735516
-34.515098
-51.985797
-47.755673
-33.666314
-37.708216
-64.338635
-48.808946
-35.727157
-50.358637
-33.821364
-46.252529
-39.060975
-47.408224
-31.095085
-45.285159
-43.576616
-52.521079
-28.973914
-38.571178
-41.308658
-41.052073
-53.526761
-37.847766
-40.706901
-44.063759
-53.334989
-42.904917
-42.161371
-43.323927
-33.320103
-37.411604
-52.592779
-46.604246
-35.300323
-40.820678
-52.010135
-42.481955
-49.806399
-48.311976
-26.069724
-38.985781
-35.678861
-45.185788
-40.458060
-52.556875
-40.630221
-35.733869
-49.545471
-57.344058
-37.173314
-42.294432
-34.273659
-38.904282
-33.666318
-37.840377
-64.639844
-48.812316
-35.727550
-50.586046
-33.910928
-46.294629
-39.527263
-47.466784
-31.095117
-45.286116
-43.576657
-52.521086
-28.973969
-38.571178
-41.308676
-41.053277
-53.526966
-37.847767
-40.707098
-44.064758
-54.852124
-43.021246
-42.165468
-43.330907
-33.520559
-38.379877
-52.592856
-46.605148
-35.306189
-40.891164
-52.010150
-42.483369
-50.227597
-48.312153
-26.069733
-38.985884
-35.682516
-45.186008
-40.331532
-52.496942
-40.629566
-35.733804
-49.486367
-53.395456
-37.173311
-42.293525
-34.273627
-38.900566
-43.902363
-41.609357
-45.199683
-62.882979
-35.809987
-31.903315
-51.602042
-41.341216
-53.006485
-48.972026
-33.666317
-37.800780
-64.417581
-48.798504
-35.726513
-49.887584
-33.909630
-46.104247
-39.520305
-46.846247
-31.095068
-45.285518
-43.576630
-52.520973
-28.973949
-38.571177
-41.308672
-41.052386
-53.524572
-37.847766
-40.706848
-44.064736
-53.821155
-42.969416
-42.165432
-43.319566
-33.499861
-38.334361
-52.592594
-46.604524
-35.224275
-40.775610
-52.010141
-42.412178
-50.073079
-48.311770
-26.069732
-38.985876
-35.677556
-45.185785
-40.331550
-52.844252
-40.629570
-35.733808
-49.486381
-53.408006
-37.173413
-42.293684
-34.273627
-38.900839
-43.904047
-41.614268
-45.217648
-62.962227
-35.811018
-31.903315
-51.605941
-41.364755
-53.006491
-49.016429
-33.666534
-37.825435
-64.427009
-48.810932
-35.731145
-49.887595
-33.922689
-46.112274
-39.523176
-47.057396
-31.095498
-45.363764
-43.576664
-52.562593
-28.973949
-38.571180
-41.308676
-41.057538
-53.524669
-37.851395
-40.869100
-44.066341
-53.821624
-42.985044
-42.165656
-43.405675
-33.500066
-38.350547
-59.672706
-46.633291
-40.331535
-52.843701
-40.629066
-35.733803
-49.486093
-53.400477
-37.173392
-42.293602
-34.273627
-38.900695
-43.903723
-41.614134
-45.216086
-62.822242
-35.810825
-31.903262
-51.592266
-41.364737
-53.002733
-49.016391
-33.666430
-37.825412
-64.120653
-48.773497
-35.730622
-49.874152
-33.921184
-46.105864
-39.520168
-47.042590
-31.095371
-45.363762
-43.576521
-52.562390
-28.973944
-38.571176
-41.306893
-41.050006
-53.524036
-37.851389
-40.866500
-44.065603
-53.801722
-42.982915
-42.165640
-43.397386
-33.499945
-38.349714
-59.643503
-46.629844
-40.368655
-53.302315
-40.616342
-35.731906
-49.026381
-53.446214
-37.173109
-42.304007
-34.273012
-41.340773
-39.608962
-37.935925
-42.046672
-29.622157
-33.730068
-41.693836
-39.728182
-34.510518
-51.985333
-47.742971
-31.506229
-38.491628
-40.003806
-51.273880
-34.363115
-48.291610
-33.155312
-46.721236
-38.136534
-45.400781
-45.992752
-48.157006
-52.590446
-42.493886
-44.507657
-49.237189
-47.158784
-49.172731
-36.184804
-44.615025
-37.404987
-35.368811
-42.103670
-58.019469
-35.837470
-38.862100
-33.283691
-30.782356
-54.870819
-37.580216
-42.922060
-45.030457
-48.311167
-48.052497
-44.514247
-43.662571
-33.930860
-39.233359
-49.344739
-47.091009
-35.598425
-39.427312
-50.223875
-42.703899
-45.896903
-52.442937
-33.628737
-40.662937
-33.266868
-36.042665
-40.368656
-53.313348
-40.616417
-35.731910
-49.026458
-53.448022
-37.173109
-42.304361
-34.273012
-41.340971
-39.608962
-37.935965
-42.046676
-29.622184
-33.730126
-41.693986
-39.728734
-34.510542
-51.985334
-47.742972
-31.506242
-38.492810
-40.005178
-51.279742
-34.363249
-48.291616
-33.155389
-47.019556
-38.138360
-45.443983
-45.992996
-48.170707
-52.611331
-42.519464
-44.531471
-49.244329
-47.161947
-49.329293
-36.184876
-44.615086
-42.922063
-45.030471
-48.311509
-48.080384
-44.514247
-43.665752
-33.930861
-39.234751
-49.346654
-47.094657
-35.599445
-39.427327
-50.746595
-42.703908
-45.896917
-52.465264
-33.628949
-40.678454
-33.267841
-36.045810
-40.368656
-53.305544
-40.616402
-35.731909
-49.026401
-53.447771
-37.173109
-42.303727
-34.273012
-41.340826
-39.608961
-37.935302
-42.046668
-29.622163
-33.730109
-41.693976
-39.727577
-34.510531
-51.985333
-47.742971
-31.506242
-38.488244
-40.004891
-51.277676
-34.363230
-48.291612
-33.155383
-46.658093
-38.125368
-45.443490
-45.992725
-48.161504
-52.380700
-42.500174
-44.506433
-49.219502
-47.148080
-48.831924
-36.184481
-44.614852
-31.087724
-43.478800
-43.780574
-55.575333
-30.140855
-38.894808
-41.781925
-41.100228
-51.844301
-37.963113
-42.922056
-45.030335
-48.311336
-47.773107
-44.514239
-43.664552
-33.930861
-39.203308
-49.344629
-46.917209
-35.593434
-39.427293
-50.447797
-42.703876
-45.896846
-52.443105
-33.627225
-40.562494
-33.267397
-36.044071
-40.369421
-53.649797
-40.619575
-35.733316
-49.026657
-53.704660
-37.173339
-42.322481
-34.273026
-41.999492
-39.615205
-37.960099
-42.068752
-29.624413
-33.734836
-44.069382
-39.730150
-34.520601
-51.985751
-47.823780
-46.548979
-49.904318
-54.668064
-44.080478
-44.712974
-50.085589
-47.400732
-48.832415
-39.923048
-44.682712
-31.088105
-43.479640
-43.824117
-55.632520
-30.141192
-38.895104
-41.781934
-41.132619
-52.582644
-37.966056
-43.642184
-45.371765
-54.950946
-49.968981
-44.915246
-44.990645
-34.099226
-39.826121
-58.846202
-47.265154
-40.366868
-52.497296
-40.619199
-35.731859
-49.026361
-53.507941
-37.173248
-42.274270
-34.273015
-40.163996
-39.596266
-37.923737
-42.022562
-29.624021
-33.728500
-40.268395
-39.723795
-34.478272
-51.982252
-47.757526
-32.355822
-37.243311
-40.002715
-50.851256
-35.103028
-49.108311
-32.783911
-46.478249
-38.913540
-45.582010
-42.784805
-47.878621
-51.176691
-40.366013
-44.704092
-44.366802
-47.380863
-48.831761
-39.103630
-44.485651
-31.085351
-43.428677
-43.678998
-55.298624
-30.140628
-38.894898
-41.781883
-41.088084
-51.254170
-37.963968
-42.147036
-43.998746
-54.877582
-43.600091
-42.669391
-43.400282
-33.399570
-37.687450
-48.045967
-46.379036
-46.863303
-49.652002
-41.328929
-29.223050
-32.401063
-47.697035
-36.824786
-50.077380
-46.019566
-35.095310
-40.366877
-52.683863
-40.619205
-35.732866
-49.026596
-53.704217
-37.173296
-42.289295
-34.273020
-40.164512
-39.611790
-37.959474
-42.065780
-29.624071
-33.732337
-40.268396
-39.727549
-34.519717
-51.982273
-47.805864
-32.360539
-37.663006
-40.005702
-51.173520
-35.215484
-49.108333
-33.532830
-46.496198
-38.916292
-45.755172
-46.367339
-47.884172
-54.606400
-44.065485
-44.705670
-50.077316
-47.385096
-48.832070
-39.103992
-44.534269
-31.088103
-43.479570
-43.679228
-55.632144
-30.140630
-38.894915
-41.781933
-41.131712
-51.254834
-37.965519
-42.436142
-44.000009
-54.878766
-43.615345
-42.669731
-43.416153
-33.462662
-37.719078
-58.823725
-46.621712
-40.369421
-53.649797
-40.619575
-35.733316
-49.026657
-53.704660
-37.173339
-42.322481
-34.273026
-41.999492
-39.615205
-37.960099
-42.068752
-29.624413
-33.734836
-44.069382
-39.730150
-34.520601
-51.985751
-47.823780
-46.548979
-49.904318
-54.668064
-44.080478
-44.712974
-50.085589
-47.400732
-48.832415
-39.923048
-44.682712
-31.088105
-43.479640
-43.824117
-55.632520
-30.141192
-38.895104
-41.781934
-41.132619
-52.582644
-37.966056
-43.642184
-45.371765
-54.950946
-49.968981
-44.915246
-44.990645
-34.099226
-39.826121
-58.846202
-47.265154
-40.366813
-52.644136
-40.619060
-35.732993
-49.026620
-53.704272
-37.173310
-42.286589
-34.273023
-39.862783
-39.612384
-37.959607
-42.065805
-29.624114
-33.733141
-39.906320
-39.727621
-34.519710
-51.980817
-47.798635
-32.843493
-37.751148
-40.005691
-50.265367
-35.748605
-50.208971
-33.897911
-45.995311
-38.951757
-46.342106
-46.344193
-48.052317
-54.623996
-44.063272
-44.672162
-50.040113
-47.347051
-48.832038
-39.570646
-44.499491
-31.088103
-43.479566
-43.636480
-55.628472
-30.140549
-38.894913
-41.781933
-41.132112
-51.085738
-37.965472
-41.653194
-43.706166
-53.435159
-42.797372
-42.149265
-43.329297
-33.320402
-37.325915
-58.740388
-46.424807
-40.460183
-53.729230
-40.631740
-35.733740
-49.545502
-57.367451
-37.173433
-42.324642
-34.273474
-42.052659
-46.549086
-49.904823
-54.668662
-44.106296
-44.797815
-50.205523
-47.714725
-48.835204
-40.282176
-44.682718
-31.088137
-43.480271
-43.824161
-55.632535
-30.141264
-38.895104
-41.781954
-41.133846
-52.582808
-37.966057
-43.642570
-45.373115
-57.375048
-50.595975
-44.922975
-45.000894
-34.340182
-41.686696
-58.846527
-47.266204
-40.332684
-53.290786
-40.628245
-35.732621
-49.486147
-53.404406
-37.173357
-42.305813
-34.273430
-41.296953
-43.873969
-41.611203
-45.214935
-59.574288
-35.806512
-31.877240
-51.487858
-41.364211
-53.005802
-49.048542
-31.506259
-38.535023
-40.006014
-51.416397
-34.372485
-47.887631
-33.239854
-46.778469
-38.536474
-45.396634
-46.476445
-48.078633
-54.502618
-43.675359
-44.367472
-49.972749
-47.483527
-48.833396
-36.572453
-44.638221
-31.088086
-43.479803
-43.776527
-55.608305
-30.140888
-38.894827
-41.781950
-41.130706
-51.792052
-37.965809
-43.191994
-44.975155
-48.815755
-47.662074
-44.418085
-43.640798
-34.120632
-40.602232
-58.601315
-47.125030
-40.459246
-53.362840
-40.628900
-35.732686
-49.545248
-57.366310
-37.173361
-42.306722
-34.273461
-41.303407
-31.506260
-38.581953
-40.006798
-51.441669
-34.373244
-48.315086
-33.240967
-47.001660
-38.542020
-45.831873
-46.478335
-48.083059
-54.504853
-44.104495
-44.615691
-49.975592
-47.502107
-48.834812
-36.576847
-44.638226
-31.088136
-43.480198
-43.776555
-55.608534
-30.140915
-38.894827
-41.781954
-41.131614
-51.793659
-37.965810
-43.192437
-44.975182
-49.115732
-47.816587
-44.418146
-43.653011
-34.144519
-40.679237
-58.602362
-47.125734
-40.460183
-53.729230
-40.631740
-35.733740
-49.545502
-57.367451
-37.173433
-42.324642
-34.273474
-42.052659
-46.549086
-49.904823
-54.668662
-44.106296
-44.797815
-50.205523
-47.714725
-48.835204
-40.282176
-44.682718
-31.088137
-43.480271
-43.824161
-55.632535
-30.141264
-38.895104
-41.781954
-41.133846
-52.582808
-37.966057
-43.642570
-45.373115
-57.375048
-50.595975
-44.922975
-45.000894
-34.340182
-41.686696
-58.846527
-47.266204
-40.458962
-53.256212
-40.629515
-35.732740
-49.545279
-57.366251
-37.173360
-42.304938
-34.273461
-41.173677
-31.548659
-38.347463
-40.006803
-51.504047
-34.397045
-47.652188
-33.189900
-47.329133
-38.623229
-45.500533
-46.465498
-47.980750
-54.525249
-44.102960
-44.660306
-50.028708
-47.583006
-48.834861
-37.001831
-44.627742
-31.088136
-43.480202
-43.769631
-55.615075
-30.140901
-38.894869
-41.781954
-41.131747
-51.794027
-37.965797
-43.268537
-44.866476
-49.844482
-47.189016
-44.227370
-43.665461
-34.093002
-40.439150
-58.654463
-47.081550
-37.666705
-49.154956
-40.628562
-35.720558
-49.442496
-56.249220
-36.551194
-42.248517
-34.210395
-38.904088
-33.392009
-37.136082
-60.648916
-47.879609
-35.031085
-45.363924
-32.030240
-44.166159
-40.571412
-46.878136
-31.085091
-43.755880
-42.635901
-55.461457
-30.140404
-38.901436
-41.747304
-41.074472
-52.707254
-37.985820
-42.523014
-40.418615
-47.878110
-38.261349
-43.691202
-35.271888
-41.304768
-49.455619
-70.642495
-38.227595
-41.412999
-34.438752
-56.935427
-42.251089
-38.984404
-43.714423
-24.129564
-31.602402
-48.353474
-44.125459
-34.993971
-39.600445
-47.013142
-41.787330
-41.527949
-53.491576
-37.496470
-42.013327
-33.059400
-34.401739
-47.521531
-50.273527
-45.560974
-38.794538
-46.369445
-48.590294
-34.759730
-54.793324
-52.076391
-38.690538
-33.392064
-37.136455
-61.367758
-47.881247
-35.031238
-45.372441
-32.030246
-44.166183
-40.571548
-46.882146
-31.085091
-43.756104
-42.636003
-55.461583
-30.142368
-38.901691
-41.747317
-41.074492
-52.718286
-37.987193
-42.543734
-40.422886
-48.150668
-38.339648
-43.697629
-35.273262
-41.356731
-49.455674
-70.682081
-38.259320
-41.413061
-34.438752
-56.948104
-42.251091
-39.006962
-43.714482
-24.129939
-31.602402
-48.353509
-44.125491
-34.993972
-39.645194
-47.013148
-41.787330
-41.529583
-53.491633
-37.496470
-42.013443
-33.059404
-34.401812
-47.521714
-50.619402
-45.563696
-38.794539
-46.369445
-48.591730
-34.759731
-54.803827
-52.076399
-38.690538
-45.820729
-46.724072
-63.103136
-54.990375
-48.966263
-48.906788
-38.576422
-36.192210
-38.978803
-47.086585
-38.266414
-35.737318
-42.908500
-53.171015
-35.502117
-39.275690
-32.842785
-30.708894
-56.941012
-37.885020
-55.565994
-38.851481
-44.682909
-48.643196
-41.914165
-41.362008
-35.254964
-49.305451
-49.852653
-41.434863
-43.008180
-46.428376
-53.700681
-49.119733
-44.448612
-46.827299
-33.902295
-40.292957
-49.535434
-46.936938
-38.692774
-43.181340
-43.684105
-31.071592
-32.042649
-48.814625
-36.004913
-53.975963
-42.082229
-33.940490
-61.026912
-35.298863
-34.071237
-44.707008
-33.022642
-52.323596
-35.511754
-42.799414
-43.626233
-53.288481
-45.819983
-46.693604
-63.069461
-54.988934
-48.903733
-48.906506
-38.575873
-36.189874
-38.978626
-47.086526
-38.266347
-35.737318
-42.908436
-53.169535
-35.502109
-39.275685
-32.842785
-30.708894
-56.941010
-37.885020
-55.564786
-38.851476
-44.682868
-48.643187
-41.902925
-41.359926
-35.252390
-49.303847
-49.852259
-41.434842
-43.008177
-46.426045
-53.627297
-49.119705
-44.430992
-46.827254
-33.902010
-40.292848
-49.535377
-46.936937
-38.692579
-43.181334
-43.684104
-31.071592
-32.042649
-48.814624
-36.004913
-53.975908
-42.082219
-33.940490
-61.014233
-35.298863
-34.071237
-44.707008
-33.022641
-52.323530
-35.511754
-42.799414
-43.626233
-53.288481
-40.455519
-37.502365
-44.059112
-34.844781
-31.121853
-44.227641
-34.331556
-37.595323
-46.217287
-56.062139
-39.389111
-50.925629
-39.506765
-34.237125
-50.269325
-40.492060
-48.647205
-48.549696
-47.963701
-42.663194
-46.877454
-50.327417
-54.641715
-47.233703
-44.872939
-53.361721
-55.656712
-46.843009
-40.062521
-45.393314
-38.554335
-36.590633
-49.811209
-34.269143
-36.615297
-31.555701
-39.567931
-30.912923
-49.518546
-47.070596
-36.440721
-34.414117
-41.296854
-54.899927
-34.254990
-38.435561
-32.832037
-30.736994
-48.532266
-37.195607
-44.840799
-37.957342
-50.620392
-59.354599
-41.070253
-37.429832
-35.898391
-46.625216
-51.025292
-38.616245
-46.321580
-54.107645
-57.887318
-50.389905
-49.014882
-27.814633
-49.188881
-50.481082
-38.245926
-52.194598
-32.398131
-40.222598
-53.185829
-44.360309
-48.773165
-48.373521
-28.510306
-38.597677
-35.111728
-42.678872
-44.439244
-42.890318
-26.388327
-22.490367
-38.292116
-40.813716
-39.363846
-49.784651
-31.950537
-47.084549
-50.384894
-48.496432
-47.173674
-41.056823
-46.967377
-49.161463
-34.246889
-54.930352
-51.007216
-43.963684
-40.455524
-37.502412
-44.059112
-34.844786
-31.121906
-44.227854
-34.331557
-37.595330
-46.217289
-56.062139
-39.391080
-50.926554
-39.506805
-34.237127
-50.270755
-40.492481
-48.647817
-48.549697
-47.967574
-42.663263
-46.877560
-50.328311
-54.642524
-47.234796
-44.932866
-53.505868
-55.658309
-46.846993
-40.063532
-45.396652
-38.568257
-36.597356
-49.826398
-34.276991
-36.620820
-31.561575
-39.567933
-30.912924
-49.546263
-47.086625
-36.442786
-34.416123
-41.296992
-55.011128
-34.255738
-38.435569
-32.832616
-30.736997
-48.532577
-37.197590
-44.840800
-37.957383
-50.620974
-59.370200
-41.070257
-37.429832
-35.898935
-46.625217
-51.025299
-38.616245
-46.321583
-54.109172
-57.887340
-50.392803
-49.014885
-27.814634
-49.188883
-50.481144
-38.245926
-52.194802
-32.584844
-40.582563
-53.190795
-44.366737
-48.775503
-48.803275
-28.516899
-38.603248
-35.115491
-42.679611
-50.411751
-48.500276
-47.173991
-41.060734
-46.967674
-49.189781
-34.266447
-54.973003
-51.874097
-43.964788
-40.455523
-37.502405
-44.059072
-34.844755
-31.121906
-44.227836
-34.331557
-37.595315
-46.217284
-56.062139
-39.391080
-50.926554
-39.506805
-34.237014
-50.270755
-40.492481
-48.647686
-48.549631
-47.967569
-42.663263
-46.877518
-50.328303
-54.611584
-47.234470
-44.932854
-53.483510
-55.658303
-46.846843
-40.063453
-45.396254
-38.568123
-36.597315
-49.826282
-34.276891
-36.620705
-31.561556
-39.567681
-30.912897
-49.546096
-47.086148
-36.442786
-34.416121
-41.296983
-55.011126
-34.255735
-38.435563
-32.832616
-30.736970
-48.532034
-37.197583
-44.840800
-37.957324
-50.620637
-59.370193
-41.070257
-37.429832
-35.898933
-46.625217
-51.025276
-38.616245
-46.321508
-54.109162
-57.887326
-50.392789
-49.014885
-27.814631
-49.188631
-50.481143
-38.245897
-52.194799
-32.584839
-40.571745
-53.190405
-44.366715
-48.775501
-48.788185
-28.516899
-38.598625
-35.115340
-42.679571
-50.411010
-48.500204
-47.173990
-41.060233
-46.964573
-49.189779
-34.265937
-54.972978
-51.874015
-43.964008
-38.354396
-41.891701
-43.458554
-29.964693
-32.046755
-41.132395
-34.911676
-34.653863
-44.485166
-56.503498
-33.666594
-37.857488
-66.716237
-48.813834
-35.731691
-50.609527
-33.817121
-45.265411
-39.077449
-47.674775
-31.088092
-43.769195
-43.712290
-55.765929
-30.142488
-38.900260
-41.782575
-41.132987
-52.495874
-37.968906
-40.869349
-44.064221
-52.957983
-42.808415
-42.209830
-43.413670
-33.502790
-38.120938
-59.667613
-46.545459
-38.354396
-41.893349
-43.458565
-29.964715
-32.046766
-41.132404
-34.912057
-34.653874
-44.485166
-56.503508
-33.666595
-37.861436
-66.852958
-48.815006
-35.731716
-50.609534
-33.817127
-45.524677
-39.093632
-47.675600
-40.869354
-44.064330
-52.958489
-42.904037
-42.209835
-43.414803
-33.502791
-38.145425
-59.689480
-46.708074
-38.354373
-41.893285
-43.458403
-29.964715
-32.046760
-41.132104
-34.912020
-34.653872
-44.485070
-56.491601
-33.666273
-37.861015
-66.727355
-48.814669
-35.731454
-50.608543
-33.816564
-45.524280
-39.091783
-47.675568
-40.869111
-44.048810
-52.928842
-42.846972
-42.201626
-43.414662
-33.502790
-38.144190
-59.571270
-46.658984
-32.235458
-38.375505
-66.885603
-51.042373
-34.302143
-48.427739
-33.327703
-47.667102
-38.634596
-45.854442
-43.311988
-45.364059
-50.900441
-48.124480
-44.256978
-43.819240
-34.097090
-40.481750
-59.678852
-47.334581
-32.346122
-38.717650
-86.030202
-52.172043
-34.532673
-50.264258
-34.134008
-59.492619
-45.600446
-45.907131
-33.821230
-38.170704
-85.961905
-49.470693
-36.056244
-54.285292
-34.862702
-51.862612
-58.654427
-47.797963
-33.821230
-38.167518
-79.787452
-49.469852
-36.055600
-54.282008
-34.862321
-51.862558
-58.210087
-47.795796
-33.336190
-38.099022
-84.182986
-52.899447
-35.504531
-51.947465
-34.494050
-53.534340
-52.361386
-46.081306
-33.949760
-38.196577
-83.918150
-51.608766
-36.076866
-54.391999
-34.954524
-51.444300
-53.222100
-46.717530
-33.947959
-38.194626
-83.709714
-51.598626
-36.075252
-54.388562
-34.954061
-51.441313
-53.197860
-46.710617
-32.198990
-38.397397
-63.609837
-51.536115
-34.494240
-48.417188
-33.280285
-47.668339
-38.522042
-47.106628
-44.028777
-45.580685
-50.725422
-47.333812
-44.042880
-44.717979
-33.742032
-40.038827
-59.214252
-47.494057
-51.264405
-36.980584
-35.777652
-53.110910
-30.815671
-49.068647
-29.773057
-45.060546
-36.238977
-49.495828
-44.262156
-46.232103
-56.331139
-51.191877
-44.750494
-45.761253
-33.969669
-41.236757
-59.353497
-47.592943
-51.264989
-36.980584
-35.777792
-53.111046
-30.816196
-50.154417
-29.773072
-45.060702
-36.238980
-49.560158
-44.258754
-46.230266
-56.256251
-51.191595
-44.750483
-45.760405
-33.969669
-41.236080
-59.353415
-47.592196
-51.264795
-36.980584
-35.772013
-53.012044
-30.816171
-50.151857
-29.773062
-45.041745
-36.238977
-49.559032
-33.821230
-38.170704
-85.961905
-49.470693
-36.056244
-54.285292
-34.862702
-51.862612
-58.654427
-47.797963
-33.949760
-38.196577
-83.918150
-51.608766
-36.076866
-54.391999
-34.954524
-51.444300
-53.222100
-46.717530
-33.949760
-38.196577
-83.918150
-51.608766
-36.076866
-54.391999
-34.954524
-51.444300
-53.222100
-46.717530
-33.949722
-38.196566
-72.721334
-51.604959
-36.076862
-54.205579
-34.954347
-51.434213
-53.215051
-46.218595
-33.949760
-38.196577
-83.918150
-51.608766
-36.076866
-54.391999
-34.954524
-51.444300
-53.222100
-46.717530
-33.848238
-38.169666
-86.198647
-48.698822
-36.094518
-54.445473
-34.757737
-51.980008
-61.652067
-48.556434
-33.848237
-38.167917
-72.248169
-48.698777
-36.093757
-54.445010
-34.757537
-51.731245
-61.651996
-48.556270
