Time	direction	frame	subF	slot	1stSym	nSymbol	cellId	bwpId	rnti	tbSize	mcs	rank	rv	SINR(dB)	CQI	corrupt	TBler
0.405	DL	40	4	0	1	13	1	0	1	1	257	0	1	0	40.8507	0	0	
0.405	DL	40	4	0	1	13	1	2	1	1	257	0	1	0	41.2644	0	0	
0.406	DL	40	5	0	1	13	1	0	1	1	257	0	1	0	40.8507	0	0	
0.406	DL	40	5	0	1	13	1	2	1	1	257	0	1	0	41.2644	0	0	
0.406929	DL	40	6	0	1	12	1	0	1	1	237	0	1	0	40.8507	0	0	
0.406929	DL	40	6	0	1	12	1	2	1	1	237	0	1	0	41.2644	0	0	
0.408929	UL	40	8	0	0	13	1	01	38	0	1	0	42.4218	0	0	
0.408929	UL	40	8	0	0	13	1	01	38	0	1	0	42.4218	0	0	
0.41	DL	40	9	0	1	13	1	0	1	1	257	0	1	0	40.8507	0	0	
0.41	DL	40	9	0	1	13	1	2	1	1	257	0	1	0	41.2644	0	0	
0.411	DL	41	0	0	1	13	1	0	1	1	8937	28	1	0	40.8507	0	0	
0.411	DL	41	0	0	1	13	1	2	1	1	8937	28	1	0	41.2644	0	0	
0.411929	DL	41	1	0	1	12	1	0	1	1	8250	28	1	0	40.8507	0	0	
0.411929	DL	41	1	0	1	12	1	2	1	1	8250	28	1	0	41.2644	0	0	
0.412929	UL	41	2	0	0	13	1	01	38	0	1	0	42.4218	0	0	
0.412929	UL	41	2	0	0	13	1	01	38	0	1	0	42.4218	0	0	
0.413929	UL	41	3	0	0	13	1	01	355	28	1	0	48.0849	0	5.701e-14	
0.413929	UL	41	3	0	0	13	1	01	355	28	1	0	48.0849	0	5.701e-14	
0.415	DL	41	4	0	1	13	1	0	1	1	8937	28	1	0	40.8507	0	0	
0.415	DL	41	4	0	1	13	1	2	1	1	8937	28	1	0	41.2644	0	0	
0.416	DL	41	5	0	1	13	1	0	1	1	8937	28	1	0	40.8507	0	0	
0.416	DL	41	5	0	1	13	1	2	1	1	8937	28	1	0	41.2644	0	0	
0.416929	DL	41	6	0	1	12	1	0	1	1	8250	28	1	0	40.8507	0	0	
0.416929	DL	41	6	0	1	12	1	2	1	1	8250	28	1	0	41.2644	0	0	
0.417929	UL	41	7	0	0	13	1	01	8937	28	1	0	34.6219	0	0	
0.417929	UL	41	7	0	0	13	1	01	8937	28	1	0	34.6219	0	0	
0.418929	UL	41	8	0	0	13	1	01	8937	28	1	0	34.6219	0	0	
0.418929	UL	41	8	0	0	13	1	01	8937	28	1	0	34.6219	0	0	
0.42	DL	41	9	0	1	13	1	0	1	1	8937	28	1	0	40.8507	0	0	
0.42	DL	41	9	0	1	13	1	2	1	1	8937	28	1	0	41.2644	0	0	
0.421	DL	42	0	0	1	13	1	0	1	1	8937	28	1	0	40.8507	0	0	
0.421	DL	42	0	0	1	13	1	2	1	1	8937	28	1	0	41.2644	0	0	
0.421929	DL	42	1	0	1	12	1	0	1	1	8250	28	1	0	40.8507	0	0	
0.421929	DL	42	1	0	1	12	1	2	1	1	8250	28	1	0	41.2644	0	0	
0.422929	UL	42	2	0	0	13	1	01	8937	28	1	0	34.6219	0	0	
0.422929	UL	42	2	0	0	13	1	01	8937	28	1	0	34.6219	0	0	
0.423929	UL	42	3	0	0	13	1	01	8937	28	1	0	34.6219	0	0	
0.423929	UL	42	3	0	0	13	1	01	8937	28	1	0	34.6219	0	0	
0.425	DL	42	4	0	1	13	1	0	1	1	8937	28	1	0	40.8507	0	0	
0.425	DL	42	4	0	1	13	1	2	1	1	8937	28	1	0	41.2644	0	0	
0.426	DL	42	5	0	1	13	1	0	1	1	8937	28	1	0	40.8507	0	0	
0.426	DL	42	5	0	1	13	1	2	1	1	8937	28	1	0	41.2644	0	0	
0.426929	DL	42	6	0	1	12	1	0	1	1	8250	28	1	0	40.8507	0	0	
0.426929	DL	42	6	0	1	12	1	2	1	1	8250	28	1	0	41.2644	0	0	
0.427929	UL	42	7	0	0	13	1	01	8937	28	1	0	34.6219	0	0	
0.427929	UL	42	7	0	0	13	1	01	8937	28	1	0	34.6219	0	0	
0.428929	UL	42	8	0	0	13	1	01	8937	28	1	0	34.6219	0	0	
0.428929	UL	42	8	0	0	13	1	01	8937	28	1	0	34.6219	0	0	
0.43	DL	42	9	0	1	13	1	0	1	1	8937	28	1	0	40.8507	0	0	
0.43	DL	42	9	0	1	13	1	2	1	1	8937	28	1	0	41.2644	0	0	
0.431	DL	43	0	0	1	13	1	0	1	1	8937	28	1	0	40.8507	0	0	
0.431	DL	43	0	0	1	13	1	2	1	1	8937	28	1	0	41.2644	0	0	
0.431929	DL	43	1	0	1	12	1	0	1	1	8250	28	1	0	40.8507	0	0	
0.431929	DL	43	1	0	1	12	1	2	1	1	8250	28	1	0	41.2644	0	0	
0.432929	UL	43	2	0	0	13	1	01	8937	28	1	0	34.6219	0	0	
0.432929	UL	43	2	0	0	13	1	01	8937	28	1	0	34.6219	0	0	
0.433929	UL	43	3	0	0	13	1	01	8937	28	1	0	34.6219	0	0	
0.433929	UL	43	3	0	0	13	1	01	8937	28	1	0	34.6219	0	0	
0.435	DL	43	4	0	1	13	1	0	1	1	8937	28	1	0	40.8507	0	0	
0.435	DL	43	4	0	1	13	1	2	1	1	8937	28	1	0	41.2644	0	0	
0.436	DL	43	5	0	1	13	1	0	1	1	8937	28	1	0	40.8507	0	0	
0.436	DL	43	5	0	1	13	1	2	1	1	8937	28	1	0	41.2644	0	0	
0.436929	DL	43	6	0	1	12	1	0	1	1	8250	28	1	0	40.8507	0	0	
0.436929	DL	43	6	0	1	12	1	2	1	1	8250	28	1	0	41.2644	0	0	
0.437929	UL	43	7	0	0	13	1	01	8937	28	1	0	34.6219	0	0	
0.437929	UL	43	7	0	0	13	1	01	8937	28	1	0	34.6219	0	0	
0.438929	UL	43	8	0	0	13	1	01	8937	28	1	0	34.6219	0	0	
0.438929	UL	43	8	0	0	13	1	01	8937	28	1	0	34.6219	0	0	
0.44	DL	43	9	0	1	13	1	0	1	1	8937	28	1	0	40.8507	0	0	
0.44	DL	43	9	0	1	13	1	2	1	1	8937	28	1	0	41.2644	0	0	
0.441	DL	44	0	0	1	13	1	0	1	1	8937	28	1	0	40.8507	0	0	
0.441	DL	44	0	0	1	13	1	2	1	1	8937	28	1	0	41.2644	0	0	
0.441929	DL	44	1	0	1	12	1	0	1	1	8250	28	1	0	40.8507	0	0	
0.441929	DL	44	1	0	1	12	1	2	1	1	8250	28	1	0	41.2644	0	0	
0.442929	UL	44	2	0	0	13	1	01	8937	28	1	0	34.6219	0	0	
0.442929	UL	44	2	0	0	13	1	01	8937	28	1	0	34.6219	0	0	
0.443929	UL	44	3	0	0	13	1	01	8937	28	1	0	34.6219	0	0	
0.443929	UL	44	3	0	0	13	1	01	8937	28	1	0	34.6219	0	0	
0.445	DL	44	4	0	1	13	1	0	1	1	8937	28	1	0	40.8507	0	0	
0.445	DL	44	4	0	1	13	1	2	1	1	8937	28	1	0	41.2644	0	0	
0.446	DL	44	5	0	1	13	1	0	1	1	8937	28	1	0	40.8507	0	0	
0.446	DL	44	5	0	1	13	1	2	1	1	8937	28	1	0	41.2644	0	0	
0.446929	DL	44	6	0	1	12	1	0	1	1	8250	28	1	0	40.8507	0	0	
0.446929	DL	44	6	0	1	12	1	2	1	1	8250	28	1	0	41.2644	0	0	
0.447929	UL	44	7	0	0	13	1	01	8937	28	1	0	34.6219	0	0	
0.447929	UL	44	7	0	0	13	1	01	8937	28	1	0	34.6219	0	0	
0.448929	UL	44	8	0	0	13	1	01	8937	28	1	0	34.6219	0	0	
0.448929	UL	44	8	0	0	13	1	01	8937	28	1	0	34.6219	0	0	
0.45	DL	44	9	0	1	13	1	0	1	1	8937	28	1	0	40.8507	0	0	
0.45	DL	44	9	0	1	13	1	2	1	1	8937	28	1	0	41.2644	0	0	
0.451	DL	45	0	0	1	13	1	0	1	1	8937	28	1	0	40.8507	0	0	
0.451	DL	45	0	0	1	13	1	2	1	1	8937	28	1	0	41.2644	0	0	
0.451929	DL	45	1	0	1	12	1	0	1	1	8250	28	1	0	40.8507	0	0	
0.451929	DL	45	1	0	1	12	1	2	1	1	8250	28	1	0	41.2644	0	0	
0.452929	UL	45	2	0	0	13	1	01	8937	28	1	0	34.6219	0	0	
0.452929	UL	45	2	0	0	13	1	01	8937	28	1	0	34.6219	0	0	
0.453929	UL	45	3	0	0	13	1	01	8937	28	1	0	34.6219	0	0	
0.453929	UL	45	3	0	0	13	1	01	8937	28	1	0	34.6219	0	0	
0.455	DL	45	4	0	1	13	1	0	1	1	8937	28	1	0	40.8507	0	0	
0.455	DL	45	4	0	1	13	1	2	1	1	8937	28	1	0	41.2644	0	0	
0.456	DL	45	5	0	1	13	1	0	1	1	8937	28	1	0	40.8507	0	0	
0.456	DL	45	5	0	1	13	1	2	1	1	8937	28	1	0	41.2644	0	0	
0.456929	DL	45	6	0	1	12	1	0	1	1	8250	28	1	0	40.8507	0	0	
0.456929	DL	45	6	0	1	12	1	2	1	1	8250	28	1	0	41.2644	0	0	
0.457929	UL	45	7	0	0	13	1	01	8937	28	1	0	34.6219	0	0	
0.457929	UL	45	7	0	0	13	1	01	8937	28	1	0	34.6219	0	0	
0.458929	UL	45	8	0	0	13	1	01	8937	28	1	0	34.6219	0	0	
0.458929	UL	45	8	0	0	13	1	01	8937	28	1	0	34.6219	0	0	
0.46	DL	45	9	0	1	13	1	0	1	1	8937	28	1	0	40.8507	0	0	
0.46	DL	45	9	0	1	13	1	2	1	1	8937	28	1	0	41.2644	0	0	
0.461	DL	46	0	0	1	13	1	0	1	1	8937	28	1	0	40.8507	0	0	
0.461	DL	46	0	0	1	13	1	2	1	1	8937	28	1	0	41.2644	0	0	
0.461929	DL	46	1	0	1	12	1	0	1	1	8250	28	1	0	40.8507	0	0	
0.461929	DL	46	1	0	1	12	1	2	1	1	8250	28	1	0	41.2644	0	0	
0.462929	UL	46	2	0	0	13	1	01	8937	28	1	0	34.6219	0	0	
0.462929	UL	46	2	0	0	13	1	01	8937	28	1	0	34.6219	0	0	
0.463929	UL	46	3	0	0	13	1	01	8937	28	1	0	34.6219	0	0	
0.463929	UL	46	3	0	0	13	1	01	8937	28	1	0	34.6219	0	0	
0.465	DL	46	4	0	1	13	1	0	1	1	8937	28	1	0	40.8507	0	0	
0.465	DL	46	4	0	1	13	1	2	1	1	8937	28	1	0	41.2644	0	0	
0.466	DL	46	5	0	1	13	1	0	1	1	8937	28	1	0	40.8507	0	0	
0.466	DL	46	5	0	1	13	1	2	1	1	8937	28	1	0	41.2644	0	0	
0.466929	DL	46	6	0	1	12	1	0	1	1	8250	28	1	0	40.8507	0	0	
0.466929	DL	46	6	0	1	12	1	2	1	1	8250	28	1	0	41.2644	0	0	
0.467929	UL	46	7	0	0	13	1	01	8937	28	1	0	34.6219	0	0	
0.467929	UL	46	7	0	0	13	1	01	8937	28	1	0	34.6219	0	0	
0.468929	UL	46	8	0	0	13	1	01	8937	28	1	0	34.6219	0	0	
0.468929	UL	46	8	0	0	13	1	01	8937	28	1	0	34.6219	0	0	
0.47	DL	46	9	0	1	13	1	0	1	1	8937	28	1	0	40.8507	0	0	
0.47	DL	46	9	0	1	13	1	2	1	1	8937	28	1	0	41.2644	0	0	
0.471	DL	47	0	0	1	13	1	0	1	1	8937	28	1	0	40.8507	0	0	
0.471	DL	47	0	0	1	13	1	2	1	1	8937	28	1	0	41.2644	0	0	
0.471929	DL	47	1	0	1	12	1	0	1	1	8250	28	1	0	40.8507	0	0	
0.471929	DL	47	1	0	1	12	1	2	1	1	8250	28	1	0	41.2644	0	0	
0.472929	UL	47	2	0	0	13	1	01	8937	28	1	0	34.6219	0	0	
0.472929	UL	47	2	0	0	13	1	01	8937	28	1	0	34.6219	0	0	
0.473929	UL	47	3	0	0	13	1	01	8937	28	1	0	34.6219	0	0	
0.473929	UL	47	3	0	0	13	1	01	8937	28	1	0	34.6219	0	0	
0.475	DL	47	4	0	1	13	1	0	1	1	8937	28	1	0	40.8507	0	0	
0.475	DL	47	4	0	1	13	1	2	1	1	8937	28	1	0	41.2644	0	0	
0.476	DL	47	5	0	1	13	1	0	1	1	8937	28	1	0	40.8507	0	0	
0.476	DL	47	5	0	1	13	1	2	1	1	8937	28	1	0	41.2644	0	0	
0.476929	DL	47	6	0	1	12	1	0	1	1	8250	28	1	0	40.8507	0	0	
0.476929	DL	47	6	0	1	12	1	2	1	1	8250	28	1	0	41.2644	0	0	
0.477929	UL	47	7	0	0	13	1	01	8937	28	1	0	34.6219	0	0	
0.477929	UL	47	7	0	0	13	1	01	8937	28	1	0	34.6219	0	0	
0.478929	UL	47	8	0	0	13	1	01	8937	28	1	0	34.6219	0	0	
0.478929	UL	47	8	0	0	13	1	01	8937	28	1	0	34.6219	0	0	
0.48	DL	47	9	0	1	13	1	0	1	1	8937	28	1	0	40.8507	0	0	
0.48	DL	47	9	0	1	13	1	2	1	1	8937	28	1	0	41.2644	0	0	
0.481	DL	48	0	0	1	13	1	0	1	1	8937	28	1	0	40.8507	0	0	
0.481	DL	48	0	0	1	13	1	2	1	1	8937	28	1	0	41.2644	0	0	
0.481929	DL	48	1	0	1	12	1	0	1	1	8250	28	1	0	40.8507	0	0	
0.481929	DL	48	1	0	1	12	1	2	1	1	8250	28	1	0	41.2644	0	0	
0.482929	UL	48	2	0	0	13	1	01	8937	28	1	0	34.6219	0	0	
0.482929	UL	48	2	0	0	13	1	01	8937	28	1	0	34.6219	0	0	
0.483929	UL	48	3	0	0	13	1	01	8937	28	1	0	34.6219	0	0	
0.483929	UL	48	3	0	0	13	1	01	8937	28	1	0	34.6219	0	0	
0.485	DL	48	4	0	1	13	1	0	1	1	8937	28	1	0	40.8507	0	0	
0.485	DL	48	4	0	1	13	1	2	1	1	8937	28	1	0	41.2644	0	0	
0.486	DL	48	5	0	1	13	1	0	1	1	8937	28	1	0	40.8507	0	0	
0.486	DL	48	5	0	1	13	1	2	1	1	8937	28	1	0	41.2644	0	0	
0.486929	DL	48	6	0	1	12	1	0	1	1	8250	28	1	0	40.8507	0	0	
0.486929	DL	48	6	0	1	12	1	2	1	1	8250	28	1	0	41.2644	0	0	
0.487929	UL	48	7	0	0	13	1	01	8937	28	1	0	34.6219	0	0	
0.487929	UL	48	7	0	0	13	1	01	8937	28	1	0	34.6219	0	0	
0.488929	UL	48	8	0	0	13	1	01	8937	28	1	0	34.6219	0	0	
0.488929	UL	48	8	0	0	13	1	01	8937	28	1	0	34.6219	0	0	
0.49	DL	48	9	0	1	13	1	0	1	1	8937	28	1	0	40.8507	0	0	
0.49	DL	48	9	0	1	13	1	2	1	1	8937	28	1	0	41.2644	0	0	
0.491	DL	49	0	0	1	13	1	0	1	1	8937	28	1	0	40.8507	0	0	
0.491	DL	49	0	0	1	13	1	2	1	1	8937	28	1	0	41.2644	0	0	
0.491929	DL	49	1	0	1	12	1	0	1	1	8250	28	1	0	40.8507	0	0	
0.491929	DL	49	1	0	1	12	1	2	1	1	8250	28	1	0	41.2644	0	0	
0.492929	UL	49	2	0	0	13	1	01	8937	28	1	0	34.6219	0	0	
0.492929	UL	49	2	0	0	13	1	01	8937	28	1	0	34.6219	0	0	
0.493929	UL	49	3	0	0	13	1	01	8937	28	1	0	34.6219	0	0	
0.493929	UL	49	3	0	0	13	1	01	8937	28	1	0	34.6219	0	0	
0.495	DL	49	4	0	1	13	1	0	1	1	8937	28	1	0	40.8507	0	0	
0.495	DL	49	4	0	1	13	1	2	1	1	8937	28	1	0	41.2644	0	0	
0.496	DL	49	5	0	1	13	1	0	1	1	8937	28	1	0	40.8507	0	0	
0.496	DL	49	5	0	1	13	1	2	1	1	8937	28	1	0	41.2644	0	0	
0.496929	DL	49	6	0	1	12	1	0	1	1	8250	28	1	0	40.8507	0	0	
0.496929	DL	49	6	0	1	12	1	2	1	1	8250	28	1	0	41.2644	0	0	
0.497929	UL	49	7	0	0	13	1	01	8937	28	1	0	34.6219	0	0	
0.497929	UL	49	7	0	0	13	1	01	8937	28	1	0	34.6219	0	0	
0.498929	UL	49	8	0	0	13	1	01	8937	28	1	0	34.6219	0	0	
0.498929	UL	49	8	0	0	13	1	01	8937	28	1	0	34.6219	0	0	
0.5	DL	49	9	0	1	13	1	0	1	1	8937	28	1	0	40.8507	0	0	
0.5	DL	49	9	0	1	13	1	2	1	1	8937	28	1	0	41.2644	0	0	
0.501	DL	50	0	0	1	13	1	0	1	1	8937	28	1	0	40.8507	0	0	
0.501	DL	50	0	0	1	13	1	2	1	1	8937	28	1	0	41.2644	0	0	
0.501929	DL	50	1	0	1	12	1	0	1	1	8250	28	1	0	40.8507	0	0	
0.501929	DL	50	1	0	1	12	1	2	1	1	8250	28	1	0	41.2644	0	0	
0.502929	UL	50	2	0	0	13	1	01	8937	28	1	0	34.6219	0	0	
0.502929	UL	50	2	0	0	13	1	01	8937	28	1	0	34.6219	0	0	
0.503929	UL	50	3	0	0	13	1	01	8937	28	1	0	34.6219	0	0	
0.503929	UL	50	3	0	0	13	1	01	8937	28	1	0	34.6219	0	0	
0.505	DL	50	4	0	1	13	1	0	1	1	8937	28	1	0	40.8507	0	0	
0.505	DL	50	4	0	1	13	1	2	1	1	8937	28	1	0	41.2644	0	0	
0.506	DL	50	5	0	1	13	1	0	1	1	8937	28	1	0	40.8507	0	0	
0.506	DL	50	5	0	1	13	1	2	1	1	8937	28	1	0	41.2644	0	0	
0.506929	DL	50	6	0	1	12	1	0	1	1	8250	28	1	0	40.8507	0	0	
0.506929	DL	50	6	0	1	12	1	2	1	1	8250	28	1	0	41.2644	0	0	
0.507929	UL	50	7	0	0	13	1	01	8937	28	1	0	34.6219	0	0	
0.507929	UL	50	7	0	0	13	1	01	8937	28	1	0	34.6219	0	0	
0.508929	UL	50	8	0	0	13	1	01	8937	28	1	0	34.6219	0	0	
0.508929	UL	50	8	0	0	13	1	01	8937	28	1	0	34.6219	0	0	
0.51	DL	50	9	0	1	13	1	0	1	1	8937	28	1	0	40.8507	0	0	
0.51	DL	50	9	0	1	13	1	2	1	1	8937	28	1	0	41.2644	0	0	
0.511	DL	51	0	0	1	13	1	0	1	1	8937	28	1	0	40.8507	0	0	
0.511	DL	51	0	0	1	13	1	2	1	1	8937	28	1	0	41.2644	0	0	
0.511929	DL	51	1	0	1	12	1	0	1	1	8250	28	1	0	40.8507	0	0	
0.511929	DL	51	1	0	1	12	1	2	1	1	8250	28	1	0	41.2644	0	0	
0.512929	UL	51	2	0	0	13	1	01	8937	28	1	0	34.6219	0	0	
0.512929	UL	51	2	0	0	13	1	01	8937	28	1	0	34.6219	0	0	
0.513929	UL	51	3	0	0	13	1	01	8937	28	1	0	34.6219	0	0	
0.513929	UL	51	3	0	0	13	1	01	8937	28	1	0	34.6219	0	0	
0.515	DL	51	4	0	1	13	1	0	1	1	8937	28	1	0	40.8507	0	0	
0.515	DL	51	4	0	1	13	1	2	1	1	8937	28	1	0	41.2644	0	0	
0.516	DL	51	5	0	1	13	1	0	1	1	8937	28	1	0	40.8507	0	0	
0.516	DL	51	5	0	1	13	1	2	1	1	8937	28	1	0	41.2644	0	0	
0.516929	DL	51	6	0	1	12	1	0	1	1	8250	28	1	0	40.8507	0	0	
0.516929	DL	51	6	0	1	12	1	2	1	1	8250	28	1	0	41.2644	0	0	
0.517929	UL	51	7	0	0	13	1	01	8937	28	1	0	34.6219	0	0	
0.517929	UL	51	7	0	0	13	1	01	8937	28	1	0	34.6219	0	0	
0.518929	UL	51	8	0	0	13	1	01	8937	28	1	0	34.6219	0	0	
0.518929	UL	51	8	0	0	13	1	01	8937	28	1	0	34.6219	0	0	
0.52	DL	51	9	0	1	13	1	0	1	1	8937	28	1	0	40.8507	0	0	
0.52	DL	51	9	0	1	13	1	2	1	1	8937	28	1	0	41.2644	0	0	
0.521	DL	52	0	0	1	13	1	0	1	1	8937	28	1	0	40.8507	0	0	
0.521	DL	52	0	0	1	13	1	2	1	1	8937	28	1	0	41.2644	0	0	
0.521929	DL	52	1	0	1	12	1	0	1	1	8250	28	1	0	40.8507	0	0	
0.521929	DL	52	1	0	1	12	1	2	1	1	8250	28	1	0	41.2644	0	0	
0.522929	UL	52	2	0	0	13	1	01	8937	28	1	0	34.6219	0	0	
0.522929	UL	52	2	0	0	13	1	01	8937	28	1	0	34.6219	0	0	
0.523929	UL	52	3	0	0	13	1	01	8937	28	1	0	34.6219	0	0	
0.523929	UL	52	3	0	0	13	1	01	8937	28	1	0	34.6219	0	0	
0.525	DL	52	4	0	1	13	1	0	1	1	8937	28	1	0	40.8507	0	0	
0.525	DL	52	4	0	1	13	1	2	1	1	8937	28	1	0	41.2644	0	0	
0.526	DL	52	5	0	1	13	1	0	1	1	8937	28	1	0	40.8507	0	0	
0.526	DL	52	5	0	1	13	1	2	1	1	8937	28	1	0	41.2644	0	0	
0.526929	DL	52	6	0	1	12	1	0	1	1	8250	28	1	0	40.8507	0	0	
0.526929	DL	52	6	0	1	12	1	2	1	1	8250	28	1	0	41.2644	0	0	
0.527929	UL	52	7	0	0	13	1	01	8937	28	1	0	34.6219	0	0	
0.527929	UL	52	7	0	0	13	1	01	8937	28	1	0	34.6219	0	0	
0.528929	UL	52	8	0	0	13	1	01	8937	28	1	0	34.6219	0	0	
0.528929	UL	52	8	0	0	13	1	01	8937	28	1	0	34.6219	0	0	
0.53	DL	52	9	0	1	13	1	0	1	1	8937	28	1	0	40.8507	0	0	
0.53	DL	52	9	0	1	13	1	2	1	1	8937	28	1	0	41.2644	0	0	
0.531	DL	53	0	0	1	13	1	0	1	1	8937	28	1	0	40.8507	0	0	
0.531	DL	53	0	0	1	13	1	2	1	1	8937	28	1	0	41.2644	0	0	
0.531929	DL	53	1	0	1	12	1	0	1	1	8250	28	1	0	40.8507	0	0	
0.531929	DL	53	1	0	1	12	1	2	1	1	8250	28	1	0	41.2644	0	0	
0.532929	UL	53	2	0	0	13	1	01	8937	28	1	0	34.6219	0	0	
0.532929	UL	53	2	0	0	13	1	01	8937	28	1	0	34.6219	0	0	
0.533929	UL	53	3	0	0	13	1	01	8937	28	1	0	34.6219	0	0	
0.533929	UL	53	3	0	0	13	1	01	8937	28	1	0	34.6219	0	0	
0.535	DL	53	4	0	1	13	1	0	1	1	8937	28	1	0	40.8507	0	0	
0.535	DL	53	4	0	1	13	1	2	1	1	8937	28	1	0	41.2644	0	0	
0.536	DL	53	5	0	1	13	1	0	1	1	8937	28	1	0	40.8507	0	0	
0.536	DL	53	5	0	1	13	1	2	1	1	8937	28	1	0	41.2644	0	0	
0.536929	DL	53	6	0	1	12	1	0	1	1	8250	28	1	0	40.8507	0	0	
0.536929	DL	53	6	0	1	12	1	2	1	1	8250	28	1	0	41.2644	0	0	
0.537929	UL	53	7	0	0	13	1	01	8937	28	1	0	34.6219	0	0	
0.537929	UL	53	7	0	0	13	1	01	8937	28	1	0	34.6219	0	0	
0.538929	UL	53	8	0	0	13	1	01	8937	28	1	0	34.6219	0	0	
0.538929	UL	53	8	0	0	13	1	01	8937	28	1	0	34.6219	0	0	
0.54	DL	53	9	0	1	13	1	0	1	1	8937	28	1	0	40.8507	0	0	
0.54	DL	53	9	0	1	13	1	2	1	1	8937	28	1	0	41.2644	0	0	
0.541	DL	54	0	0	1	13	1	0	1	1	8937	28	1	0	40.8507	0	0	
0.541	DL	54	0	0	1	13	1	2	1	1	8937	28	1	0	41.2644	0	0	
0.541929	DL	54	1	0	1	12	1	0	1	1	8250	28	1	0	40.8507	0	0	
0.541929	DL	54	1	0	1	12	1	2	1	1	8250	28	1	0	41.2644	0	0	
0.542929	UL	54	2	0	0	13	1	01	8937	28	1	0	34.6219	0	0	
0.542929	UL	54	2	0	0	13	1	01	8937	28	1	0	34.6219	0	0	
0.543929	UL	54	3	0	0	13	1	01	8937	28	1	0	34.6219	0	0	
0.543929	UL	54	3	0	0	13	1	01	8937	28	1	0	34.6219	0	0	
0.545	DL	54	4	0	1	13	1	0	1	1	8937	28	1	0	40.8507	0	0	
0.545	DL	54	4	0	1	13	1	2	1	1	8937	28	1	0	41.2644	0	0	
0.546	DL	54	5	0	1	13	1	0	1	1	8937	28	1	0	40.8507	0	0	
0.546	DL	54	5	0	1	13	1	2	1	1	8937	28	1	0	41.2644	0	0	
0.546929	DL	54	6	0	1	12	1	0	1	1	8250	28	1	0	40.8507	0	0	
0.546929	DL	54	6	0	1	12	1	2	1	1	8250	28	1	0	41.2644	0	0	
0.547929	UL	54	7	0	0	13	1	01	8937	28	1	0	34.6219	0	0	
0.547929	UL	54	7	0	0	13	1	01	8937	28	1	0	34.6219	0	0	
0.548929	UL	54	8	0	0	13	1	01	8937	28	1	0	34.6219	0	0	
0.548929	UL	54	8	0	0	13	1	01	8937	28	1	0	34.6219	0	0	
0.55	DL	54	9	0	1	13	1	0	1	1	8937	28	1	0	40.8507	0	0	
0.55	DL	54	9	0	1	13	1	2	1	1	8937	28	1	0	41.2644	0	0	
0.551	DL	55	0	0	1	13	1	0	1	1	8937	28	1	0	40.8507	0	0	
0.551	DL	55	0	0	1	13	1	2	1	1	8937	28	1	0	41.2644	0	0	
0.551929	DL	55	1	0	1	12	1	0	1	1	8250	28	1	0	40.8507	0	0	
0.551929	DL	55	1	0	1	12	1	2	1	1	8250	28	1	0	41.2644	0	0	
0.552929	UL	55	2	0	0	13	1	01	8937	28	1	0	34.6219	0	0	
0.552929	UL	55	2	0	0	13	1	01	8937	28	1	0	34.6219	0	0	
0.553929	UL	55	3	0	0	13	1	01	8937	28	1	0	34.6219	0	0	
0.553929	UL	55	3	0	0	13	1	01	8937	28	1	0	34.6219	0	0	
0.555	DL	55	4	0	1	13	1	0	1	1	8937	28	1	0	40.8507	0	0	
0.555	DL	55	4	0	1	13	1	2	1	1	8937	28	1	0	41.2644	0	0	
0.556	DL	55	5	0	1	13	1	0	1	1	8937	28	1	0	40.8507	0	0	
0.556	DL	55	5	0	1	13	1	2	1	1	8937	28	1	0	41.2644	0	0	
0.556929	DL	55	6	0	1	12	1	0	1	1	8250	28	1	0	40.8507	0	0	
0.556929	DL	55	6	0	1	12	1	2	1	1	8250	28	1	0	41.2644	0	0	
0.557929	UL	55	7	0	0	13	1	01	8937	28	1	0	34.6219	0	0	
0.557929	UL	55	7	0	0	13	1	01	8937	28	1	0	34.6219	0	0	
0.558929	UL	55	8	0	0	13	1	01	8937	28	1	0	34.6219	0	0	
0.558929	UL	55	8	0	0	13	1	01	8937	28	1	0	34.6219	0	0	
0.56	DL	55	9	0	1	13	1	0	1	1	8937	28	1	0	40.8507	0	0	
0.56	DL	55	9	0	1	13	1	2	1	1	8937	28	1	0	41.2644	0	0	
0.561	DL	56	0	0	1	13	1	0	1	1	8937	28	1	0	40.8507	0	0	
0.561	DL	56	0	0	1	13	1	2	1	1	8937	28	1	0	41.2644	0	0	
0.561929	DL	56	1	0	1	12	1	0	1	1	8250	28	1	0	40.8507	0	0	
0.561929	DL	56	1	0	1	12	1	2	1	1	8250	28	1	0	41.2644	0	0	
0.562929	UL	56	2	0	0	13	1	01	8937	28	1	0	34.6219	0	0	
0.562929	UL	56	2	0	0	13	1	01	8937	28	1	0	34.6219	0	0	
0.563929	UL	56	3	0	0	13	1	01	8937	28	1	0	34.6219	0	0	
0.563929	UL	56	3	0	0	13	1	01	8937	28	1	0	34.6219	0	0	
0.565	DL	56	4	0	1	13	1	0	1	1	8937	28	1	0	40.8507	0	0	
0.565	DL	56	4	0	1	13	1	2	1	1	8937	28	1	0	41.2644	0	0	
0.566	DL	56	5	0	1	13	1	0	1	1	8937	28	1	0	40.8507	0	0	
0.566	DL	56	5	0	1	13	1	2	1	1	8937	28	1	0	41.2644	0	0	
0.566929	DL	56	6	0	1	12	1	0	1	1	8250	28	1	0	40.8507	0	0	
0.566929	DL	56	6	0	1	12	1	2	1	1	8250	28	1	0	41.2644	0	0	
0.567929	UL	56	7	0	0	13	1	01	8937	28	1	0	34.6219	0	0	
0.567929	UL	56	7	0	0	13	1	01	8937	28	1	0	34.6219	0	0	
0.568929	UL	56	8	0	0	13	1	01	8937	28	1	0	34.6219	0	0	
0.568929	UL	56	8	0	0	13	1	01	8937	28	1	0	34.6219	0	0	
0.57	DL	56	9	0	1	13	1	0	1	1	8937	28	1	0	40.8507	0	0	
0.57	DL	56	9	0	1	13	1	2	1	1	8937	28	1	0	41.2644	0	0	
0.571	DL	57	0	0	1	13	1	0	1	1	8937	28	1	0	40.8507	0	0	
0.571	DL	57	0	0	1	13	1	2	1	1	8937	28	1	0	41.2644	0	0	
0.571929	DL	57	1	0	1	12	1	0	1	1	8250	28	1	0	40.8507	0	0	
0.571929	DL	57	1	0	1	12	1	2	1	1	8250	28	1	0	41.2644	0	0	
0.572929	UL	57	2	0	0	13	1	01	8937	28	1	0	34.6219	0	0	
0.572929	UL	57	2	0	0	13	1	01	8937	28	1	0	34.6219	0	0	
0.573929	UL	57	3	0	0	13	1	01	8937	28	1	0	34.6219	0	0	
0.573929	UL	57	3	0	0	13	1	01	8937	28	1	0	34.6219	0	0	
0.575	DL	57	4	0	1	13	1	0	1	1	8937	28	1	0	40.8507	0	0	
0.575	DL	57	4	0	1	13	1	2	1	1	8937	28	1	0	41.2644	0	0	
0.576	DL	57	5	0	1	13	1	0	1	1	8937	28	1	0	40.8507	0	0	
0.576	DL	57	5	0	1	13	1	2	1	1	8937	28	1	0	41.2644	0	0	
0.576929	DL	57	6	0	1	12	1	0	1	1	8250	28	1	0	40.8507	0	0	
0.576929	DL	57	6	0	1	12	1	2	1	1	8250	28	1	0	41.2644	0	0	
0.577929	UL	57	7	0	0	13	1	01	8937	28	1	0	34.6219	0	0	
0.577929	UL	57	7	0	0	13	1	01	8937	28	1	0	34.6219	0	0	
0.58	DL	57	9	0	1	13	1	0	1	1	8937	28	1	0	40.8507	0	0	
0.58	DL	57	9	0	1	13	1	2	1	1	8937	28	1	0	41.2644	0	0	
0.581	DL	58	0	0	1	13	1	0	1	1	8937	28	1	0	40.8507	0	0	
0.581	DL	58	0	0	1	13	1	2	1	1	8937	28	1	0	41.2644	0	0	
0.581929	DL	58	1	0	1	12	1	0	1	1	8250	28	1	0	40.8507	0	0	
0.581929	DL	58	1	0	1	12	1	2	1	1	8250	28	1	0	41.2644	0	0	
0.582929	UL	58	2	0	0	13	1	01	8937	28	1	0	34.6219	0	0	
0.582929	UL	58	2	0	0	13	1	01	8937	28	1	0	34.6219	0	0	
0.583929	UL	58	3	0	0	13	1	01	8937	28	1	0	34.6219	0	0	
0.583929	UL	58	3	0	0	13	1	01	8937	28	1	0	34.6219	0	0	
0.585	DL	58	4	0	1	13	1	0	1	1	8937	28	1	0	40.8507	0	0	
0.585	DL	58	4	0	1	13	1	2	1	1	8937	28	1	0	41.2644	0	0	
0.586	DL	58	5	0	1	13	1	0	1	1	8937	28	1	0	40.8507	0	0	
0.586	DL	58	5	0	1	13	1	2	1	1	8937	28	1	0	41.2644	0	0	
0.586929	DL	58	6	0	1	12	1	0	1	1	8250	28	1	0	40.8507	0	0	
0.586929	DL	58	6	0	1	12	1	2	1	1	8250	28	1	0	41.2644	0	0	
0.587929	UL	58	7	0	0	13	1	01	8937	28	1	0	34.6219	0	0	
0.587929	UL	58	7	0	0	13	1	01	8937	28	1	0	34.6219	0	0	
0.588929	UL	58	8	0	0	13	1	01	8937	28	1	0	34.6219	0	0	
0.588929	UL	58	8	0	0	13	1	01	8937	28	1	0	34.6219	0	0	
0.59	DL	58	9	0	1	13	1	0	1	1	8937	28	1	0	40.8507	0	0	
0.59	DL	58	9	0	1	13	1	2	1	1	8937	28	1	0	41.2644	0	0	
0.591	DL	59	0	0	1	13	1	0	1	1	8937	28	1	0	40.8507	0	0	
0.591	DL	59	0	0	1	13	1	2	1	1	8937	28	1	0	41.2644	0	0	
0.591929	DL	59	1	0	1	12	1	0	1	1	8250	28	1	0	40.8507	0	0	
0.591929	DL	59	1	0	1	12	1	2	1	1	8250	28	1	0	41.2644	0	0	
0.592929	UL	59	2	0	0	13	1	01	8937	28	1	0	34.6219	0	0	
0.592929	UL	59	2	0	0	13	1	01	8937	28	1	0	34.6219	0	0	
0.593929	UL	59	3	0	0	13	1	01	8937	28	1	0	34.6219	0	0	
0.593929	UL	59	3	0	0	13	1	01	8937	28	1	0	34.6219	0	0	
0.595	DL	59	4	0	1	13	1	0	1	1	8937	28	1	0	40.8507	0	0	
0.595	DL	59	4	0	1	13	1	2	1	1	8937	28	1	0	41.2644	0	0	
0.596	DL	59	5	0	1	13	1	0	1	1	8937	28	1	0	40.8507	0	0	
0.596	DL	59	5	0	1	13	1	2	1	1	8937	28	1	0	41.2644	0	0	
0.596929	DL	59	6	0	1	12	1	0	1	1	8250	28	1	0	40.8507	0	0	
0.596929	DL	59	6	0	1	12	1	2	1	1	8250	28	1	0	41.2644	0	0	
0.597929	UL	59	7	0	0	13	1	01	8937	28	1	0	34.6219	0	0	
0.597929	UL	59	7	0	0	13	1	01	8937	28	1	0	34.6219	0	0	
0.598929	UL	59	8	0	0	13	1	01	8937	28	1	0	34.6219	0	0	
0.598929	UL	59	8	0	0	13	1	01	8937	28	1	0	34.6219	0	0	
0.6	DL	59	9	0	1	13	1	0	1	1	8937	28	1	0	40.8507	0	0	
0.6	DL	59	9	0	1	13	1	2	1	1	8937	28	1	0	41.2644	0	0	
0.601	DL	60	0	0	1	13	1	0	1	1	8937	28	1	0	40.8507	0	0	
0.601	DL	60	0	0	1	13	1	2	1	1	8937	28	1	0	41.2644	0	0	
0.601929	DL	60	1	0	1	12	1	0	1	1	8250	28	1	0	40.8507	0	0	
0.601929	DL	60	1	0	1	12	1	2	1	1	8250	28	1	0	41.2644	0	0	
0.602929	UL	60	2	0	0	13	1	01	8937	28	1	0	34.6219	0	0	
0.602929	UL	60	2	0	0	13	1	01	8937	28	1	0	34.6219	0	0	
0.603929	UL	60	3	0	0	13	1	01	8937	28	1	0	34.6219	0	0	
0.603929	UL	60	3	0	0	13	1	01	8937	28	1	0	34.6219	0	0	
0.605	DL	60	4	0	1	13	1	0	1	1	8937	28	1	0	40.8507	0	0	
0.605	DL	60	4	0	1	13	1	2	1	1	8937	28	1	0	41.2644	0	0	
0.606	DL	60	5	0	1	13	1	0	1	1	8937	28	1	0	40.8507	0	0	
0.606	DL	60	5	0	1	13	1	2	1	1	8937	28	1	0	41.2644	0	0	
0.606929	DL	60	6	0	1	12	1	0	1	1	8250	28	1	0	40.8507	0	0	
0.606929	DL	60	6	0	1	12	1	2	1	1	8250	28	1	0	41.2644	0	0	
0.607929	UL	60	7	0	0	13	1	01	8937	28	1	0	34.6219	0	0	
0.607929	UL	60	7	0	0	13	1	01	8937	28	1	0	34.6219	0	0	
0.608929	UL	60	8	0	0	13	1	01	8937	28	1	0	34.6219	0	0	
0.608929	UL	60	8	0	0	13	1	01	8937	28	1	0	34.6219	0	0	
0.61	DL	60	9	0	1	13	1	0	1	1	8937	28	1	0	40.8507	0	0	
0.61	DL	60	9	0	1	13	1	2	1	1	8937	28	1	0	41.2644	0	0	
0.611	DL	61	0	0	1	13	1	0	1	1	8937	28	1	0	40.8507	0	0	
0.611	DL	61	0	0	1	13	1	2	1	1	8937	28	1	0	41.2644	0	0	
0.611929	DL	61	1	0	1	12	1	0	1	1	8250	28	1	0	40.8507	0	0	
0.611929	DL	61	1	0	1	12	1	2	1	1	8250	28	1	0	41.2644	0	0	
0.612929	UL	61	2	0	0	13	1	01	8937	28	1	0	34.6219	0	0	
0.612929	UL	61	2	0	0	13	1	01	8937	28	1	0	34.6219	0	0	
0.613929	UL	61	3	0	0	13	1	01	8937	28	1	0	34.6219	0	0	
0.613929	UL	61	3	0	0	13	1	01	8937	28	1	0	34.6219	0	0	
0.615	DL	61	4	0	1	13	1	0	1	1	8937	28	1	0	40.8507	0	0	
0.615	DL	61	4	0	1	13	1	2	1	1	8937	28	1	0	41.2644	0	0	
0.616	DL	61	5	0	1	13	1	0	1	1	8937	28	1	0	40.8507	0	0	
0.616	DL	61	5	0	1	13	1	2	1	1	8937	28	1	0	41.2644	0	0	
0.616929	DL	61	6	0	1	12	1	0	1	1	8250	28	1	0	40.8507	0	0	
0.616929	DL	61	6	0	1	12	1	2	1	1	8250	28	1	0	41.2644	0	0	
0.617929	UL	61	7	0	0	13	1	01	8937	28	1	0	34.6219	0	0	
0.617929	UL	61	7	0	0	13	1	01	8937	28	1	0	34.6219	0	0	
0.618929	UL	61	8	0	0	13	1	01	8937	28	1	0	34.6219	0	0	
0.618929	UL	61	8	0	0	13	1	01	8937	28	1	0	34.6219	0	0	
0.62	DL	61	9	0	1	13	1	0	1	1	8937	28	1	0	40.8507	0	0	
0.62	DL	61	9	0	1	13	1	2	1	1	8937	28	1	0	41.2644	0	0	
0.621	DL	62	0	0	1	13	1	0	1	1	8937	28	1	0	40.8507	0	0	
0.621	DL	62	0	0	1	13	1	2	1	1	8937	28	1	0	41.2644	0	0	
0.621929	DL	62	1	0	1	12	1	0	1	1	8250	28	1	0	40.8507	0	0	
0.621929	DL	62	1	0	1	12	1	2	1	1	8250	28	1	0	41.2644	0	0	
0.622929	UL	62	2	0	0	13	1	01	8937	28	1	0	34.6219	0	0	
0.622929	UL	62	2	0	0	13	1	01	8937	28	1	0	34.6219	0	0	
0.623929	UL	62	3	0	0	13	1	01	8937	28	1	0	34.6219	0	0	
0.623929	UL	62	3	0	0	13	1	01	8937	28	1	0	34.6219	0	0	
0.625	DL	62	4	0	1	13	1	0	1	1	8937	28	1	0	40.8507	0	0	
0.625	DL	62	4	0	1	13	1	2	1	1	8937	28	1	0	41.2644	0	0	
0.626	DL	62	5	0	1	13	1	0	1	1	8937	28	1	0	40.8507	0	0	
0.626	DL	62	5	0	1	13	1	2	1	1	8937	28	1	0	41.2644	0	0	
0.626929	DL	62	6	0	1	12	1	0	1	1	8250	28	1	0	40.8507	0	0	
0.626929	DL	62	6	0	1	12	1	2	1	1	8250	28	1	0	41.2644	0	0	
0.627929	UL	62	7	0	0	13	1	01	8937	28	1	0	34.6219	0	0	
0.627929	UL	62	7	0	0	13	1	01	8937	28	1	0	34.6219	0	0	
0.628929	UL	62	8	0	0	13	1	01	8937	28	1	0	34.6219	0	0	
0.628929	UL	62	8	0	0	13	1	01	8937	28	1	0	34.6219	0	0	
0.63	DL	62	9	0	1	13	1	0	1	1	8937	28	1	0	40.8507	0	0	
0.63	DL	62	9	0	1	13	1	2	1	1	8937	28	1	0	41.2644	0	0	
0.631	DL	63	0	0	1	13	1	0	1	1	8937	28	1	0	40.8507	0	0	
0.631	DL	63	0	0	1	13	1	2	1	1	8937	28	1	0	41.2644	0	0	
0.631929	DL	63	1	0	1	12	1	0	1	1	8250	28	1	0	40.8507	0	0	
0.631929	DL	63	1	0	1	12	1	2	1	1	8250	28	1	0	41.2644	0	0	
0.632929	UL	63	2	0	0	13	1	01	8937	28	1	0	34.6219	0	0	
0.632929	UL	63	2	0	0	13	1	01	8937	28	1	0	34.6219	0	0	
0.633929	UL	63	3	0	0	13	1	01	8937	28	1	0	34.6219	0	0	
0.633929	UL	63	3	0	0	13	1	01	8937	28	1	0	34.6219	0	0	
0.635	DL	63	4	0	1	13	1	0	1	1	8937	28	1	0	40.8507	0	0	
0.635	DL	63	4	0	1	13	1	2	1	1	8937	28	1	0	41.2644	0	0	
0.636	DL	63	5	0	1	13	1	0	1	1	8937	28	1	0	40.8507	0	0	
0.636	DL	63	5	0	1	13	1	2	1	1	8937	28	1	0	41.2644	0	0	
0.636929	DL	63	6	0	1	12	1	0	1	1	8250	28	1	0	40.8507	0	0	
0.636929	DL	63	6	0	1	12	1	2	1	1	8250	28	1	0	41.2644	0	0	
0.637929	UL	63	7	0	0	13	1	01	8937	28	1	0	34.6219	0	0	
0.637929	UL	63	7	0	0	13	1	01	8937	28	1	0	34.6219	0	0	
0.638929	UL	63	8	0	0	13	1	01	8937	28	1	0	34.6219	0	0	
0.638929	UL	63	8	0	0	13	1	01	8937	28	1	0	34.6219	0	0	
0.64	DL	63	9	0	1	13	1	0	1	1	8937	28	1	0	40.8507	0	0	
0.64	DL	63	9	0	1	13	1	2	1	1	8937	28	1	0	41.2644	0	0	
0.641	DL	64	0	0	1	13	1	0	1	1	8937	28	1	0	40.8507	0	0	
0.641	DL	64	0	0	1	13	1	2	1	1	8937	28	1	0	41.2644	0	0	
0.641929	DL	64	1	0	1	12	1	0	1	1	8250	28	1	0	40.8507	0	0	
0.641929	DL	64	1	0	1	12	1	2	1	1	8250	28	1	0	41.2644	0	0	
0.642929	UL	64	2	0	0	13	1	01	8937	28	1	0	34.6219	0	0	
0.642929	UL	64	2	0	0	13	1	01	8937	28	1	0	34.6219	0	0	
0.643929	UL	64	3	0	0	13	1	01	8937	28	1	0	34.6219	0	0	
0.643929	UL	64	3	0	0	13	1	01	8937	28	1	0	34.6219	0	0	
0.645	DL	64	4	0	1	13	1	0	1	1	8937	28	1	0	40.8507	0	0	
0.645	DL	64	4	0	1	13	1	2	1	1	8937	28	1	0	41.2644	0	0	
0.646	DL	64	5	0	1	13	1	0	1	1	8937	28	1	0	40.8507	0	0	
0.646	DL	64	5	0	1	13	1	2	1	1	8937	28	1	0	41.2644	0	0	
0.646929	DL	64	6	0	1	12	1	0	1	1	8250	28	1	0	40.8507	0	0	
0.646929	DL	64	6	0	1	12	1	2	1	1	8250	28	1	0	41.2644	0	0	
0.647929	UL	64	7	0	0	13	1	01	8937	28	1	0	34.6219	0	0	
0.647929	UL	64	7	0	0	13	1	01	8937	28	1	0	34.6219	0	0	
0.648929	UL	64	8	0	0	13	1	01	8937	28	1	0	34.6219	0	0	
0.648929	UL	64	8	0	0	13	1	01	8937	28	1	0	34.6219	0	0	
0.65	DL	64	9	0	1	13	1	0	1	1	8937	28	1	0	40.8507	0	0	
0.65	DL	64	9	0	1	13	1	2	1	1	8937	28	1	0	41.2644	0	0	
0.651	DL	65	0	0	1	13	1	0	1	1	8937	28	1	0	40.8507	0	0	
0.651	DL	65	0	0	1	13	1	2	1	1	8937	28	1	0	41.2644	0	0	
0.651929	DL	65	1	0	1	12	1	0	1	1	8250	28	1	0	40.8507	0	0	
0.651929	DL	65	1	0	1	12	1	2	1	1	8250	28	1	0	41.2644	0	0	
0.652929	UL	65	2	0	0	13	1	01	8937	28	1	0	34.6219	0	0	
0.652929	UL	65	2	0	0	13	1	01	8937	28	1	0	34.6219	0	0	
0.653929	UL	65	3	0	0	13	1	01	8937	28	1	0	34.6219	0	0	
0.653929	UL	65	3	0	0	13	1	01	8937	28	1	0	34.6219	0	0	
0.655	DL	65	4	0	1	13	1	0	1	1	8937	28	1	0	40.8507	0	0	
0.655	DL	65	4	0	1	13	1	2	1	1	8937	28	1	0	41.2644	0	0	
0.656	DL	65	5	0	1	13	1	0	1	1	8937	28	1	0	40.8507	0	0	
0.656	DL	65	5	0	1	13	1	2	1	1	8937	28	1	0	41.2644	0	0	
0.656929	DL	65	6	0	1	12	1	0	1	1	8250	28	1	0	40.8507	0	0	
0.656929	DL	65	6	0	1	12	1	2	1	1	8250	28	1	0	41.2644	0	0	
0.657929	UL	65	7	0	0	13	1	01	8937	28	1	0	34.6219	0	0	
0.657929	UL	65	7	0	0	13	1	01	8937	28	1	0	34.6219	0	0	
0.658929	UL	65	8	0	0	13	1	01	8937	28	1	0	34.6219	0	0	
0.658929	UL	65	8	0	0	13	1	01	8937	28	1	0	34.6219	0	0	
0.66	DL	65	9	0	1	13	1	0	1	1	8937	28	1	0	40.8507	0	0	
0.66	DL	65	9	0	1	13	1	2	1	1	8937	28	1	0	41.2644	0	0	
0.661	DL	66	0	0	1	13	1	0	1	1	8937	28	1	0	40.8507	0	0	
0.661	DL	66	0	0	1	13	1	2	1	1	8937	28	1	0	41.2644	0	0	
0.661929	DL	66	1	0	1	12	1	0	1	1	8250	28	1	0	40.8507	0	0	
0.661929	DL	66	1	0	1	12	1	2	1	1	8250	28	1	0	41.2644	0	0	
0.662929	UL	66	2	0	0	13	1	01	8937	28	1	0	34.6219	0	0	
0.662929	UL	66	2	0	0	13	1	01	8937	28	1	0	34.6219	0	0	
0.663929	UL	66	3	0	0	13	1	01	8937	28	1	0	34.6219	0	0	
0.663929	UL	66	3	0	0	13	1	01	8937	28	1	0	34.6219	0	0	
0.665	DL	66	4	0	1	13	1	0	1	1	8937	28	1	0	40.8507	0	0	
0.665	DL	66	4	0	1	13	1	2	1	1	8937	28	1	0	41.2644	0	0	
0.666	DL	66	5	0	1	13	1	0	1	1	8937	28	1	0	40.8507	0	0	
0.666	DL	66	5	0	1	13	1	2	1	1	8937	28	1	0	41.2644	0	0	
0.666929	DL	66	6	0	1	12	1	0	1	1	8250	28	1	0	40.8507	0	0	
0.666929	DL	66	6	0	1	12	1	2	1	1	8250	28	1	0	41.2644	0	0	
0.667929	UL	66	7	0	0	13	1	01	8937	28	1	0	34.6219	0	0	
0.667929	UL	66	7	0	0	13	1	01	8937	28	1	0	34.6219	0	0	
0.668929	UL	66	8	0	0	13	1	01	8937	28	1	0	34.6219	0	0	
0.668929	UL	66	8	0	0	13	1	01	8937	28	1	0	34.6219	0	0	
0.67	DL	66	9	0	1	13	1	0	1	1	8937	28	1	0	40.8507	0	0	
0.67	DL	66	9	0	1	13	1	2	1	1	8937	28	1	0	41.2644	0	0	
0.671	DL	67	0	0	1	13	1	0	1	1	8937	28	1	0	40.8507	0	0	
0.671	DL	67	0	0	1	13	1	2	1	1	8937	28	1	0	41.2644	0	0	
0.671929	DL	67	1	0	1	12	1	0	1	1	8250	28	1	0	40.8507	0	0	
0.671929	DL	67	1	0	1	12	1	2	1	1	8250	28	1	0	41.2644	0	0	
0.672929	UL	67	2	0	0	13	1	01	8937	28	1	0	34.6219	0	0	
0.672929	UL	67	2	0	0	13	1	01	8937	28	1	0	34.6219	0	0	
0.673929	UL	67	3	0	0	13	1	01	8937	28	1	0	34.6219	0	0	
0.673929	UL	67	3	0	0	13	1	01	8937	28	1	0	34.6219	0	0	
0.675	DL	67	4	0	1	13	1	0	1	1	8937	28	1	0	40.8507	0	0	
0.675	DL	67	4	0	1	13	1	2	1	1	8937	28	1	0	41.2644	0	0	
0.676	DL	67	5	0	1	13	1	0	1	1	8937	28	1	0	40.8507	0	0	
0.676	DL	67	5	0	1	13	1	2	1	1	8937	28	1	0	41.2644	0	0	
0.676929	DL	67	6	0	1	12	1	0	1	1	8250	28	1	0	40.8507	0	0	
0.676929	DL	67	6	0	1	12	1	2	1	1	8250	28	1	0	41.2644	0	0	
0.677929	UL	67	7	0	0	13	1	01	8937	28	1	0	34.6219	0	0	
0.677929	UL	67	7	0	0	13	1	01	8937	28	1	0	34.6219	0	0	
0.678929	UL	67	8	0	0	13	1	01	8937	28	1	0	34.6219	0	0	
0.678929	UL	67	8	0	0	13	1	01	8937	28	1	0	34.6219	0	0	
0.68	DL	67	9	0	1	13	1	0	1	1	8937	28	1	0	40.8507	0	0	
0.68	DL	67	9	0	1	13	1	2	1	1	8937	28	1	0	41.2644	0	0	
0.681	DL	68	0	0	1	13	1	0	1	1	8937	28	1	0	40.8507	0	0	
0.681	DL	68	0	0	1	13	1	2	1	1	8937	28	1	0	41.2644	0	0	
0.681929	DL	68	1	0	1	12	1	0	1	1	8250	28	1	0	40.8507	0	0	
0.681929	DL	68	1	0	1	12	1	2	1	1	8250	28	1	0	41.2644	0	0	
0.682929	UL	68	2	0	0	13	1	01	8937	28	1	0	34.6219	0	0	
0.682929	UL	68	2	0	0	13	1	01	8937	28	1	0	34.6219	0	0	
0.683929	UL	68	3	0	0	13	1	01	8937	28	1	0	34.6219	0	0	
0.683929	UL	68	3	0	0	13	1	01	8937	28	1	0	34.6219	0	0	
0.685	DL	68	4	0	1	13	1	0	1	1	8937	28	1	0	40.8507	0	0	
0.685	DL	68	4	0	1	13	1	2	1	1	8937	28	1	0	41.2644	0	0	
0.686	DL	68	5	0	1	13	1	0	1	1	8937	28	1	0	40.8507	0	0	
0.686	DL	68	5	0	1	13	1	2	1	1	8937	28	1	0	41.2644	0	0	
0.686929	DL	68	6	0	1	12	1	0	1	1	8250	28	1	0	40.8507	0	0	
0.686929	DL	68	6	0	1	12	1	2	1	1	8250	28	1	0	41.2644	0	0	
0.687929	UL	68	7	0	0	13	1	01	8937	28	1	0	34.6219	0	0	
0.687929	UL	68	7	0	0	13	1	01	8937	28	1	0	34.6219	0	0	
0.688929	UL	68	8	0	0	13	1	01	8937	28	1	0	34.6219	0	0	
0.688929	UL	68	8	0	0	13	1	01	8937	28	1	0	34.6219	0	0	
0.69	DL	68	9	0	1	13	1	0	1	1	8937	28	1	0	40.8507	0	0	
0.69	DL	68	9	0	1	13	1	2	1	1	8937	28	1	0	41.2644	0	0	
0.691	DL	69	0	0	1	13	1	0	1	1	8937	28	1	0	40.8507	0	0	
0.691	DL	69	0	0	1	13	1	2	1	1	8937	28	1	0	41.2644	0	0	
0.691929	DL	69	1	0	1	12	1	0	1	1	8250	28	1	0	40.8507	0	0	
0.691929	DL	69	1	0	1	12	1	2	1	1	8250	28	1	0	41.2644	0	0	
0.692929	UL	69	2	0	0	13	1	01	8937	28	1	0	34.6219	0	0	
0.692929	UL	69	2	0	0	13	1	01	8937	28	1	0	34.6219	0	0	
0.693929	UL	69	3	0	0	13	1	01	8937	28	1	0	34.6219	0	0	
0.693929	UL	69	3	0	0	13	1	01	8937	28	1	0	34.6219	0	0	
0.695	DL	69	4	0	1	13	1	0	1	1	8937	28	1	0	40.8507	0	0	
0.695	DL	69	4	0	1	13	1	2	1	1	8937	28	1	0	41.2644	0	0	
0.696	DL	69	5	0	1	13	1	0	1	1	8937	28	1	0	40.8507	0	0	
0.696	DL	69	5	0	1	13	1	2	1	1	8937	28	1	0	41.2644	0	0	
0.696929	DL	69	6	0	1	12	1	0	1	1	8250	28	1	0	40.8507	0	0	
0.696929	DL	69	6	0	1	12	1	2	1	1	8250	28	1	0	41.2644	0	0	
0.697929	UL	69	7	0	0	13	1	01	8937	28	1	0	34.6219	0	0	
0.697929	UL	69	7	0	0	13	1	01	8937	28	1	0	34.6219	0	0	
0.698929	UL	69	8	0	0	13	1	01	8937	28	1	0	34.6219	0	0	
0.698929	UL	69	8	0	0	13	1	01	8937	28	1	0	34.6219	0	0	
0.7	DL	69	9	0	1	13	1	0	1	1	8937	28	1	0	40.8507	0	0	
0.7	DL	69	9	0	1	13	1	2	1	1	8937	28	1	0	41.2644	0	0	
0.701	DL	70	0	0	1	13	1	0	1	1	8937	28	1	0	40.8507	0	0	
0.701	DL	70	0	0	1	13	1	2	1	1	8937	28	1	0	41.2644	0	0	
0.701929	DL	70	1	0	1	12	1	0	1	1	8250	28	1	0	40.8507	0	0	
0.701929	DL	70	1	0	1	12	1	2	1	1	8250	28	1	0	41.2644	0	0	
0.702929	UL	70	2	0	0	13	1	01	8937	28	1	0	34.6219	0	0	
0.702929	UL	70	2	0	0	13	1	01	8937	28	1	0	34.6219	0	0	
0.703929	UL	70	3	0	0	13	1	01	8937	28	1	0	34.6219	0	0	
0.703929	UL	70	3	0	0	13	1	01	8937	28	1	0	34.6219	0	0	
0.705	DL	70	4	0	1	13	1	0	1	1	8937	28	1	0	40.8507	0	0	
0.705	DL	70	4	0	1	13	1	2	1	1	8937	28	1	0	41.2644	0	0	
0.706	DL	70	5	0	1	13	1	0	1	1	8937	28	1	0	40.8507	0	0	
0.706	DL	70	5	0	1	13	1	2	1	1	8937	28	1	0	41.2644	0	0	
0.706929	DL	70	6	0	1	12	1	0	1	1	8250	28	1	0	40.8507	0	0	
0.706929	DL	70	6	0	1	12	1	2	1	1	8250	28	1	0	41.2644	0	0	
0.707929	UL	70	7	0	0	13	1	01	8937	28	1	0	34.6219	0	0	
0.707929	UL	70	7	0	0	13	1	01	8937	28	1	0	34.6219	0	0	
0.708929	UL	70	8	0	0	13	1	01	8937	28	1	0	34.6219	0	0	
0.708929	UL	70	8	0	0	13	1	01	8937	28	1	0	34.6219	0	0	
0.71	DL	70	9	0	1	13	1	0	1	1	8937	28	1	0	40.8507	0	0	
0.71	DL	70	9	0	1	13	1	2	1	1	8937	28	1	0	41.2644	0	0	
0.711	DL	71	0	0	1	13	1	0	1	1	8937	28	1	0	40.8507	0	0	
0.711	DL	71	0	0	1	13	1	2	1	1	8937	28	1	0	41.2644	0	0	
0.711929	DL	71	1	0	1	12	1	0	1	1	8250	28	1	0	40.8507	0	0	
0.711929	DL	71	1	0	1	12	1	2	1	1	8250	28	1	0	41.2644	0	0	
0.712929	UL	71	2	0	0	13	1	01	8937	28	1	0	34.6219	0	0	
0.712929	UL	71	2	0	0	13	1	01	8937	28	1	0	34.6219	0	0	
0.713929	UL	71	3	0	0	13	1	01	8937	28	1	0	34.6219	0	0	
0.713929	UL	71	3	0	0	13	1	01	8937	28	1	0	34.6219	0	0	
0.715	DL	71	4	0	1	13	1	0	1	1	8937	28	1	0	40.8507	0	0	
0.715	DL	71	4	0	1	13	1	2	1	1	8937	28	1	0	41.2644	0	0	
0.716	DL	71	5	0	1	13	1	0	1	1	8937	28	1	0	40.8507	0	0	
0.716	DL	71	5	0	1	13	1	2	1	1	8937	28	1	0	41.2644	0	0	
0.716929	DL	71	6	0	1	12	1	0	1	1	8250	28	1	0	40.8507	0	0	
0.716929	DL	71	6	0	1	12	1	2	1	1	8250	28	1	0	41.2644	0	0	
0.717929	UL	71	7	0	0	13	1	01	8937	28	1	0	34.6219	0	0	
0.717929	UL	71	7	0	0	13	1	01	8937	28	1	0	34.6219	0	0	
0.718929	UL	71	8	0	0	13	1	01	8937	28	1	0	34.6219	0	0	
0.718929	UL	71	8	0	0	13	1	01	8937	28	1	0	34.6219	0	0	
0.72	DL	71	9	0	1	13	1	0	1	1	8937	28	1	0	40.8507	0	0	
0.72	DL	71	9	0	1	13	1	2	1	1	8937	28	1	0	41.2644	0	0	
0.721	DL	72	0	0	1	13	1	0	1	1	8937	28	1	0	40.8507	0	0	
0.721	DL	72	0	0	1	13	1	2	1	1	8937	28	1	0	41.2644	0	0	
0.721929	DL	72	1	0	1	12	1	0	1	1	8250	28	1	0	40.8507	0	0	
0.721929	DL	72	1	0	1	12	1	2	1	1	8250	28	1	0	41.2644	0	0	
0.722929	UL	72	2	0	0	13	1	01	8937	28	1	0	34.6219	0	0	
0.722929	UL	72	2	0	0	13	1	01	8937	28	1	0	34.6219	0	0	
0.723929	UL	72	3	0	0	13	1	01	8937	28	1	0	34.6219	0	0	
0.723929	UL	72	3	0	0	13	1	01	8937	28	1	0	34.6219	0	0	
0.725	DL	72	4	0	1	13	1	0	1	1	8937	28	1	0	40.8507	0	0	
0.725	DL	72	4	0	1	13	1	2	1	1	8937	28	1	0	41.2644	0	0	
0.726	DL	72	5	0	1	13	1	0	1	1	8937	28	1	0	40.8507	0	0	
0.726	DL	72	5	0	1	13	1	2	1	1	8937	28	1	0	41.2644	0	0	
0.726929	DL	72	6	0	1	12	1	0	1	1	8250	28	1	0	40.8507	0	0	
0.726929	DL	72	6	0	1	12	1	2	1	1	8250	28	1	0	41.2644	0	0	
0.727929	UL	72	7	0	0	13	1	01	8937	28	1	0	34.6219	0	0	
0.727929	UL	72	7	0	0	13	1	01	8937	28	1	0	34.6219	0	0	
0.728929	UL	72	8	0	0	13	1	01	8937	28	1	0	34.6219	0	0	
0.728929	UL	72	8	0	0	13	1	01	8937	28	1	0	34.6219	0	0	
0.73	DL	72	9	0	1	13	1	0	1	1	8937	28	1	0	40.8507	0	0	
0.73	DL	72	9	0	1	13	1	2	1	1	8937	28	1	0	41.2644	0	0	
0.731	DL	73	0	0	1	13	1	0	1	1	8937	28	1	0	40.8507	0	0	
0.731	DL	73	0	0	1	13	1	2	1	1	8937	28	1	0	41.2644	0	0	
0.731929	DL	73	1	0	1	12	1	0	1	1	8250	28	1	0	40.8507	0	0	
0.731929	DL	73	1	0	1	12	1	2	1	1	8250	28	1	0	41.2644	0	0	
0.732929	UL	73	2	0	0	13	1	01	8937	28	1	0	34.6219	0	0	
0.732929	UL	73	2	0	0	13	1	01	8937	28	1	0	34.6219	0	0	
0.733929	UL	73	3	0	0	13	1	01	8937	28	1	0	34.6219	0	0	
0.733929	UL	73	3	0	0	13	1	01	8937	28	1	0	34.6219	0	0	
0.735	DL	73	4	0	1	13	1	0	1	1	8937	28	1	0	40.8507	0	0	
0.735	DL	73	4	0	1	13	1	2	1	1	8937	28	1	0	41.2644	0	0	
0.736	DL	73	5	0	1	13	1	0	1	1	8937	28	1	0	40.8507	0	0	
0.736	DL	73	5	0	1	13	1	2	1	1	8937	28	1	0	41.2644	0	0	
0.736929	DL	73	6	0	1	12	1	0	1	1	8250	28	1	0	40.8507	0	0	
0.736929	DL	73	6	0	1	12	1	2	1	1	8250	28	1	0	41.2644	0	0	
0.737929	UL	73	7	0	0	13	1	01	8937	28	1	0	34.6219	0	0	
0.737929	UL	73	7	0	0	13	1	01	8937	28	1	0	34.6219	0	0	
0.738929	UL	73	8	0	0	13	1	01	8937	28	1	0	34.6219	0	0	
0.738929	UL	73	8	0	0	13	1	01	8937	28	1	0	34.6219	0	0	
0.74	DL	73	9	0	1	13	1	0	1	1	8937	28	1	0	40.8507	0	0	
0.74	DL	73	9	0	1	13	1	2	1	1	8937	28	1	0	41.2644	0	0	
0.741	DL	74	0	0	1	13	1	0	1	1	8937	28	1	0	40.8507	0	0	
0.741	DL	74	0	0	1	13	1	2	1	1	8937	28	1	0	41.2644	0	0	
0.741929	DL	74	1	0	1	12	1	0	1	1	8250	28	1	0	40.8507	0	0	
0.741929	DL	74	1	0	1	12	1	2	1	1	8250	28	1	0	41.2644	0	0	
0.742929	UL	74	2	0	0	13	1	01	8937	28	1	0	34.6219	0	0	
0.742929	UL	74	2	0	0	13	1	01	8937	28	1	0	34.6219	0	0	
0.743929	UL	74	3	0	0	13	1	01	8937	28	1	0	34.6219	0	0	
0.743929	UL	74	3	0	0	13	1	01	8937	28	1	0	34.6219	0	0	
0.745	DL	74	4	0	1	13	1	0	1	1	8937	28	1	0	40.8507	0	0	
0.745	DL	74	4	0	1	13	1	2	1	1	8937	28	1	0	41.2644	0	0	
0.746	DL	74	5	0	1	13	1	0	1	1	8937	28	1	0	40.8507	0	0	
0.746	DL	74	5	0	1	13	1	2	1	1	8937	28	1	0	41.2644	0	0	
0.746929	DL	74	6	0	1	12	1	0	1	1	8250	28	1	0	40.8507	0	0	
0.746929	DL	74	6	0	1	12	1	2	1	1	8250	28	1	0	41.2644	0	0	
0.747929	UL	74	7	0	0	13	1	01	8937	28	1	0	34.6219	0	0	
0.747929	UL	74	7	0	0	13	1	01	8937	28	1	0	34.6219	0	0	
0.748929	UL	74	8	0	0	13	1	01	8937	28	1	0	34.6219	0	0	
0.748929	UL	74	8	0	0	13	1	01	8937	28	1	0	34.6219	0	0	
0.75	DL	74	9	0	1	13	1	0	1	1	8937	28	1	0	40.8507	0	0	
0.75	DL	74	9	0	1	13	1	2	1	1	8937	28	1	0	41.2644	0	0	
0.751	DL	75	0	0	1	13	1	0	1	1	8937	28	1	0	40.8507	0	0	
0.751	DL	75	0	0	1	13	1	2	1	1	8937	28	1	0	41.2644	0	0	
0.751929	DL	75	1	0	1	12	1	0	1	1	8250	28	1	0	40.8507	0	0	
0.751929	DL	75	1	0	1	12	1	2	1	1	8250	28	1	0	41.2644	0	0	
0.752929	UL	75	2	0	0	13	1	01	8937	28	1	0	34.6219	0	0	
0.752929	UL	75	2	0	0	13	1	01	8937	28	1	0	34.6219	0	0	
0.753929	UL	75	3	0	0	13	1	01	8937	28	1	0	34.6219	0	0	
0.753929	UL	75	3	0	0	13	1	01	8937	28	1	0	34.6219	0	0	
0.755	DL	75	4	0	1	13	1	0	1	1	8937	28	1	0	40.8507	0	0	
0.755	DL	75	4	0	1	13	1	2	1	1	8937	28	1	0	41.2644	0	0	
0.756	DL	75	5	0	1	13	1	0	1	1	8937	28	1	0	40.8507	0	0	
0.756	DL	75	5	0	1	13	1	2	1	1	8937	28	1	0	41.2644	0	0	
0.756929	DL	75	6	0	1	12	1	0	1	1	8250	28	1	0	40.8507	0	0	
0.756929	DL	75	6	0	1	12	1	2	1	1	8250	28	1	0	41.2644	0	0	
0.757929	UL	75	7	0	0	13	1	01	8937	28	1	0	34.6219	0	0	
0.757929	UL	75	7	0	0	13	1	01	8937	28	1	0	34.6219	0	0	
0.758929	UL	75	8	0	0	13	1	01	8937	28	1	0	34.6219	0	0	
0.758929	UL	75	8	0	0	13	1	01	8937	28	1	0	34.6219	0	0	
0.76	DL	75	9	0	1	13	1	0	1	1	8937	28	1	0	40.8507	0	0	
0.76	DL	75	9	0	1	13	1	2	1	1	8937	28	1	0	41.2644	0	0	
0.761	DL	76	0	0	1	13	1	0	1	1	8937	28	1	0	40.8507	0	0	
0.761	DL	76	0	0	1	13	1	2	1	1	8937	28	1	0	41.2644	0	0	
0.761929	DL	76	1	0	1	12	1	0	1	1	8250	28	1	0	40.8507	0	0	
0.761929	DL	76	1	0	1	12	1	2	1	1	8250	28	1	0	41.2644	0	0	
0.762929	UL	76	2	0	0	13	1	01	8937	28	1	0	34.6219	0	0	
0.762929	UL	76	2	0	0	13	1	01	8937	28	1	0	34.6219	0	0	
0.763929	UL	76	3	0	0	13	1	01	8937	28	1	0	34.6219	0	0	
0.763929	UL	76	3	0	0	13	1	01	8937	28	1	0	34.6219	0	0	
0.765	DL	76	4	0	1	13	1	0	1	1	8937	28	1	0	40.8507	0	0	
0.765	DL	76	4	0	1	13	1	2	1	1	8937	28	1	0	41.2644	0	0	
0.766	DL	76	5	0	1	13	1	0	1	1	8937	28	1	0	40.8507	0	0	
0.766	DL	76	5	0	1	13	1	2	1	1	8937	28	1	0	41.2644	0	0	
0.766929	DL	76	6	0	1	12	1	0	1	1	8250	28	1	0	40.8507	0	0	
0.766929	DL	76	6	0	1	12	1	2	1	1	8250	28	1	0	41.2644	0	0	
0.767929	UL	76	7	0	0	13	1	01	8937	28	1	0	34.6219	0	0	
0.767929	UL	76	7	0	0	13	1	01	8937	28	1	0	34.6219	0	0	
0.768929	UL	76	8	0	0	13	1	01	8937	28	1	0	34.6219	0	0	
0.768929	UL	76	8	0	0	13	1	01	8937	28	1	0	34.6219	0	0	
0.77	DL	76	9	0	1	13	1	0	1	1	8937	28	1	0	40.8507	0	0	
0.77	DL	76	9	0	1	13	1	2	1	1	8937	28	1	0	41.2644	0	0	
0.771	DL	77	0	0	1	13	1	0	1	1	8937	28	1	0	40.8507	0	0	
0.771	DL	77	0	0	1	13	1	2	1	1	8937	28	1	0	41.2644	0	0	
0.771929	DL	77	1	0	1	12	1	0	1	1	8250	28	1	0	40.8507	0	0	
0.771929	DL	77	1	0	1	12	1	2	1	1	8250	28	1	0	41.2644	0	0	
0.772929	UL	77	2	0	0	13	1	01	8937	28	1	0	34.6219	0	0	
0.772929	UL	77	2	0	0	13	1	01	8937	28	1	0	34.6219	0	0	
0.773929	UL	77	3	0	0	13	1	01	8937	28	1	0	34.6219	0	0	
0.773929	UL	77	3	0	0	13	1	01	8937	28	1	0	34.6219	0	0	
0.775	DL	77	4	0	1	13	1	0	1	1	8937	28	1	0	40.8507	0	0	
0.775	DL	77	4	0	1	13	1	2	1	1	8937	28	1	0	41.2644	0	0	
0.776	DL	77	5	0	1	13	1	0	1	1	8937	28	1	0	40.8507	0	0	
0.776	DL	77	5	0	1	13	1	2	1	1	8937	28	1	0	41.2644	0	0	
0.776929	DL	77	6	0	1	12	1	0	1	1	8250	28	1	0	40.8507	0	0	
0.776929	DL	77	6	0	1	12	1	2	1	1	8250	28	1	0	41.2644	0	0	
0.777929	UL	77	7	0	0	13	1	01	8937	28	1	0	34.6219	0	0	
0.777929	UL	77	7	0	0	13	1	01	8937	28	1	0	34.6219	0	0	
0.78	DL	77	9	0	1	13	1	0	1	1	8937	28	1	0	40.8507	0	0	
0.78	DL	77	9	0	1	13	1	2	1	1	8937	28	1	0	41.2644	0	0	
0.781	DL	78	0	0	1	13	1	0	1	1	8937	28	1	0	40.8507	0	0	
0.781	DL	78	0	0	1	13	1	2	1	1	8937	28	1	0	41.2644	0	0	
0.781929	DL	78	1	0	1	12	1	0	1	1	8250	28	1	0	40.8507	0	0	
0.781929	DL	78	1	0	1	12	1	2	1	1	8250	28	1	0	41.2644	0	0	
0.782929	UL	78	2	0	0	13	1	01	8937	28	1	0	34.6219	0	0	
0.782929	UL	78	2	0	0	13	1	01	8937	28	1	0	34.6219	0	0	
0.783929	UL	78	3	0	0	13	1	01	8937	28	1	0	34.6219	0	0	
0.783929	UL	78	3	0	0	13	1	01	8937	28	1	0	34.6219	0	0	
0.785	DL	78	4	0	1	13	1	0	1	1	8937	28	1	0	40.8507	0	0	
0.785	DL	78	4	0	1	13	1	2	1	1	8937	28	1	0	41.2644	0	0	
0.786	DL	78	5	0	1	13	1	0	1	1	8937	28	1	0	40.8507	0	0	
0.786	DL	78	5	0	1	13	1	2	1	1	8937	28	1	0	41.2644	0	0	
0.786929	DL	78	6	0	1	12	1	0	1	1	8250	28	1	0	40.8507	0	0	
0.786929	DL	78	6	0	1	12	1	2	1	1	8250	28	1	0	41.2644	0	0	
0.787929	UL	78	7	0	0	13	1	01	8937	28	1	0	34.6219	0	0	
0.787929	UL	78	7	0	0	13	1	01	8937	28	1	0	34.6219	0	0	
0.788929	UL	78	8	0	0	13	1	01	8937	28	1	0	34.6219	0	0	
0.788929	UL	78	8	0	0	13	1	01	8937	28	1	0	34.6219	0	0	
0.79	DL	78	9	0	1	13	1	0	1	1	8937	28	1	0	40.8507	0	0	
0.79	DL	78	9	0	1	13	1	2	1	1	8937	28	1	0	41.2644	0	0	
0.791	DL	79	0	0	1	13	1	0	1	1	8937	28	1	0	40.8507	0	0	
0.791	DL	79	0	0	1	13	1	2	1	1	8937	28	1	0	41.2644	0	0	
0.791929	DL	79	1	0	1	12	1	0	1	1	8250	28	1	0	40.8507	0	0	
0.791929	DL	79	1	0	1	12	1	2	1	1	8250	28	1	0	41.2644	0	0	
0.792929	UL	79	2	0	0	13	1	01	8937	28	1	0	34.6219	0	0	
0.792929	UL	79	2	0	0	13	1	01	8937	28	1	0	34.6219	0	0	
0.793929	UL	79	3	0	0	13	1	01	8937	28	1	0	34.6219	0	0	
0.793929	UL	79	3	0	0	13	1	01	8937	28	1	0	34.6219	0	0	
0.795	DL	79	4	0	1	13	1	0	1	1	8937	28	1	0	40.8507	0	0	
0.795	DL	79	4	0	1	13	1	2	1	1	8937	28	1	0	41.2644	0	0	
0.796	DL	79	5	0	1	13	1	0	1	1	8937	28	1	0	40.8507	0	0	
0.796	DL	79	5	0	1	13	1	2	1	1	8937	28	1	0	41.2644	0	0	
0.796929	DL	79	6	0	1	12	1	0	1	1	8250	28	1	0	40.8507	0	0	
0.796929	DL	79	6	0	1	12	1	2	1	1	8250	28	1	0	41.2644	0	0	
0.797929	UL	79	7	0	0	13	1	01	8937	28	1	0	34.6219	0	0	
0.797929	UL	79	7	0	0	13	1	01	8937	28	1	0	34.6219	0	0	
0.798929	UL	79	8	0	0	13	1	01	8937	28	1	0	34.6219	0	0	
0.798929	UL	79	8	0	0	13	1	01	8937	28	1	0	34.6219	0	0	
0.8	DL	79	9	0	1	13	1	0	1	1	8937	28	1	0	40.8507	0	0	
0.8	DL	79	9	0	1	13	1	2	1	1	8937	28	1	0	41.2644	0	0	
0.801	DL	80	0	0	1	13	1	0	1	1	8937	28	1	0	40.8507	0	0	
0.801	DL	80	0	0	1	13	1	2	1	1	8937	28	1	0	41.2644	0	0	
0.801929	DL	80	1	0	1	12	1	0	1	1	8250	28	1	0	40.8507	0	0	
0.801929	DL	80	1	0	1	12	1	2	1	1	8250	28	1	0	41.2644	0	0	
0.802929	UL	80	2	0	0	13	1	01	8937	28	1	0	34.6219	0	0	
0.802929	UL	80	2	0	0	13	1	01	8937	28	1	0	34.6219	0	0	
0.803929	UL	80	3	0	0	13	1	01	8937	28	1	0	34.6219	0	0	
0.803929	UL	80	3	0	0	13	1	01	8937	28	1	0	34.6219	0	0	
0.805	DL	80	4	0	1	13	1	0	1	1	8937	28	1	0	40.8507	0	0	
0.805	DL	80	4	0	1	13	1	2	1	1	8937	28	1	0	41.2644	0	0	
0.806	DL	80	5	0	1	13	1	0	1	1	8937	28	1	0	40.8507	0	0	
0.806	DL	80	5	0	1	13	1	2	1	1	8937	28	1	0	41.2644	0	0	
0.806929	DL	80	6	0	1	12	1	0	1	1	8250	28	1	0	40.8507	0	0	
0.806929	DL	80	6	0	1	12	1	2	1	1	8250	28	1	0	41.2644	0	0	
0.807929	UL	80	7	0	0	13	1	01	8937	28	1	0	34.6219	0	0	
0.807929	UL	80	7	0	0	13	1	01	8937	28	1	0	34.6219	0	0	
0.808929	UL	80	8	0	0	13	1	01	8937	28	1	0	34.6219	0	0	
0.808929	UL	80	8	0	0	13	1	01	8937	28	1	0	34.6219	0	0	
0.81	DL	80	9	0	1	13	1	0	1	1	8937	28	1	0	40.8507	0	0	
0.81	DL	80	9	0	1	13	1	2	1	1	8937	28	1	0	41.2644	0	0	
0.811	DL	81	0	0	1	13	1	0	1	1	8937	28	1	0	40.8507	0	0	
0.811	DL	81	0	0	1	13	1	2	1	1	8937	28	1	0	41.2644	0	0	
0.811929	DL	81	1	0	1	12	1	0	1	1	8250	28	1	0	40.8507	0	0	
0.811929	DL	81	1	0	1	12	1	2	1	1	8250	28	1	0	41.2644	0	0	
0.812929	UL	81	2	0	0	13	1	01	8937	28	1	0	34.6219	0	0	
0.812929	UL	81	2	0	0	13	1	01	8937	28	1	0	34.6219	0	0	
0.813929	UL	81	3	0	0	13	1	01	8937	28	1	0	34.6219	0	0	
0.813929	UL	81	3	0	0	13	1	01	8937	28	1	0	34.6219	0	0	
0.815	DL	81	4	0	1	13	1	0	1	1	8937	28	1	0	40.8507	0	0	
0.815	DL	81	4	0	1	13	1	2	1	1	8937	28	1	0	41.2644	0	0	
0.816	DL	81	5	0	1	13	1	0	1	1	8937	28	1	0	40.8507	0	0	
0.816	DL	81	5	0	1	13	1	2	1	1	8937	28	1	0	41.2644	0	0	
0.816929	DL	81	6	0	1	12	1	0	1	1	8250	28	1	0	40.8507	0	0	
0.816929	DL	81	6	0	1	12	1	2	1	1	8250	28	1	0	41.2644	0	0	
0.817929	UL	81	7	0	0	13	1	01	8937	28	1	0	34.6219	0	0	
0.817929	UL	81	7	0	0	13	1	01	8937	28	1	0	34.6219	0	0	
0.818929	UL	81	8	0	0	13	1	01	8937	28	1	0	34.6219	0	0	
0.818929	UL	81	8	0	0	13	1	01	8937	28	1	0	34.6219	0	0	
0.82	DL	81	9	0	1	13	1	0	1	1	8937	28	1	0	40.8507	0	0	
0.82	DL	81	9	0	1	13	1	2	1	1	8937	28	1	0	41.2644	0	0	
0.821	DL	82	0	0	1	13	1	0	1	1	8937	28	1	0	40.8507	0	0	
0.821	DL	82	0	0	1	13	1	2	1	1	8937	28	1	0	41.2644	0	0	
0.821929	DL	82	1	0	1	12	1	0	1	1	8250	28	1	0	40.8507	0	0	
0.821929	DL	82	1	0	1	12	1	2	1	1	8250	28	1	0	41.2644	0	0	
0.822929	UL	82	2	0	0	13	1	01	8937	28	1	0	34.6219	0	0	
0.822929	UL	82	2	0	0	13	1	01	8937	28	1	0	34.6219	0	0	
0.823929	UL	82	3	0	0	13	1	01	8937	28	1	0	34.6219	0	0	
0.823929	UL	82	3	0	0	13	1	01	8937	28	1	0	34.6219	0	0	
0.825	DL	82	4	0	1	13	1	0	1	1	8937	28	1	0	40.8507	0	0	
0.825	DL	82	4	0	1	13	1	2	1	1	8937	28	1	0	41.2644	0	0	
0.826	DL	82	5	0	1	13	1	0	1	1	8937	28	1	0	40.8507	0	0	
0.826	DL	82	5	0	1	13	1	2	1	1	8937	28	1	0	41.2644	0	0	
0.826929	DL	82	6	0	1	12	1	0	1	1	8250	28	1	0	40.8507	0	0	
0.826929	DL	82	6	0	1	12	1	2	1	1	8250	28	1	0	41.2644	0	0	
0.827929	UL	82	7	0	0	13	1	01	8937	28	1	0	34.6219	0	0	
0.827929	UL	82	7	0	0	13	1	01	8937	28	1	0	34.6219	0	0	
0.828929	UL	82	8	0	0	13	1	01	8937	28	1	0	34.6219	0	0	
0.828929	UL	82	8	0	0	13	1	01	8937	28	1	0	34.6219	0	0	
0.83	DL	82	9	0	1	13	1	0	1	1	8937	28	1	0	40.8507	0	0	
0.83	DL	82	9	0	1	13	1	2	1	1	8937	28	1	0	41.2644	0	0	
0.831	DL	83	0	0	1	13	1	0	1	1	8937	28	1	0	40.8507	0	0	
0.831	DL	83	0	0	1	13	1	2	1	1	8937	28	1	0	41.2644	0	0	
0.831929	DL	83	1	0	1	12	1	0	1	1	8250	28	1	0	40.8507	0	0	
0.831929	DL	83	1	0	1	12	1	2	1	1	8250	28	1	0	41.2644	0	0	
0.832929	UL	83	2	0	0	13	1	01	8937	28	1	0	34.6219	0	0	
0.832929	UL	83	2	0	0	13	1	01	8937	28	1	0	34.6219	0	0	
0.833929	UL	83	3	0	0	13	1	01	8937	28	1	0	34.6219	0	0	
0.833929	UL	83	3	0	0	13	1	01	8937	28	1	0	34.6219	0	0	
0.835	DL	83	4	0	1	13	1	0	1	1	8937	28	1	0	40.8507	0	0	
0.835	DL	83	4	0	1	13	1	2	1	1	8937	28	1	0	41.2644	0	0	
0.836	DL	83	5	0	1	13	1	0	1	1	8937	28	1	0	40.8507	0	0	
0.836	DL	83	5	0	1	13	1	2	1	1	8937	28	1	0	41.2644	0	0	
0.836929	DL	83	6	0	1	12	1	0	1	1	8250	28	1	0	40.8507	0	0	
0.836929	DL	83	6	0	1	12	1	2	1	1	8250	28	1	0	41.2644	0	0	
0.837929	UL	83	7	0	0	13	1	01	8937	28	1	0	34.6219	0	0	
0.837929	UL	83	7	0	0	13	1	01	8937	28	1	0	34.6219	0	0	
0.838929	UL	83	8	0	0	13	1	01	8937	28	1	0	34.6219	0	0	
0.838929	UL	83	8	0	0	13	1	01	8937	28	1	0	34.6219	0	0	
0.84	DL	83	9	0	1	13	1	0	1	1	8937	28	1	0	40.8507	0	0	
0.84	DL	83	9	0	1	13	1	2	1	1	8937	28	1	0	41.2644	0	0	
0.841	DL	84	0	0	1	13	1	0	1	1	8937	28	1	0	40.8507	0	0	
0.841	DL	84	0	0	1	13	1	2	1	1	8937	28	1	0	41.2644	0	0	
0.841929	DL	84	1	0	1	12	1	0	1	1	8250	28	1	0	40.8507	0	0	
0.841929	DL	84	1	0	1	12	1	2	1	1	8250	28	1	0	41.2644	0	0	
0.842929	UL	84	2	0	0	13	1	01	8937	28	1	0	34.6219	0	0	
0.842929	UL	84	2	0	0	13	1	01	8937	28	1	0	34.6219	0	0	
0.843929	UL	84	3	0	0	13	1	01	8937	28	1	0	34.6219	0	0	
0.843929	UL	84	3	0	0	13	1	01	8937	28	1	0	34.6219	0	0	
0.845	DL	84	4	0	1	13	1	0	1	1	8937	28	1	0	40.8507	0	0	
0.845	DL	84	4	0	1	13	1	2	1	1	8937	28	1	0	41.2644	0	0	
0.846	DL	84	5	0	1	13	1	0	1	1	8937	28	1	0	40.8507	0	0	
0.846	DL	84	5	0	1	13	1	2	1	1	8937	28	1	0	41.2644	0	0	
0.846929	DL	84	6	0	1	12	1	0	1	1	8250	28	1	0	40.8507	0	0	
0.846929	DL	84	6	0	1	12	1	2	1	1	8250	28	1	0	41.2644	0	0	
0.847929	UL	84	7	0	0	13	1	01	8937	28	1	0	34.6219	0	0	
0.847929	UL	84	7	0	0	13	1	01	8937	28	1	0	34.6219	0	0	
0.848929	UL	84	8	0	0	13	1	01	8937	28	1	0	34.6219	0	0	
0.848929	UL	84	8	0	0	13	1	01	8937	28	1	0	34.6219	0	0	
0.85	DL	84	9	0	1	13	1	0	1	1	8937	28	1	0	40.8507	0	0	
0.85	DL	84	9	0	1	13	1	2	1	1	8937	28	1	0	41.2644	0	0	
0.851	DL	85	0	0	1	13	1	0	1	1	8937	28	1	0	40.8507	0	0	
0.851	DL	85	0	0	1	13	1	2	1	1	8937	28	1	0	41.2644	0	0	
0.851929	DL	85	1	0	1	12	1	0	1	1	8250	28	1	0	40.8507	0	0	
0.851929	DL	85	1	0	1	12	1	2	1	1	8250	28	1	0	41.2644	0	0	
0.852929	UL	85	2	0	0	13	1	01	8937	28	1	0	34.6219	0	0	
0.852929	UL	85	2	0	0	13	1	01	8937	28	1	0	34.6219	0	0	
0.853929	UL	85	3	0	0	13	1	01	8937	28	1	0	34.6219	0	0	
0.853929	UL	85	3	0	0	13	1	01	8937	28	1	0	34.6219	0	0	
0.855	DL	85	4	0	1	13	1	0	1	1	8937	28	1	0	40.8507	0	0	
0.855	DL	85	4	0	1	13	1	2	1	1	8937	28	1	0	41.2644	0	0	
0.856	DL	85	5	0	1	13	1	0	1	1	8937	28	1	0	40.8507	0	0	
0.856	DL	85	5	0	1	13	1	2	1	1	8937	28	1	0	41.2644	0	0	
0.856929	DL	85	6	0	1	12	1	0	1	1	8250	28	1	0	40.8507	0	0	
0.856929	DL	85	6	0	1	12	1	2	1	1	8250	28	1	0	41.2644	0	0	
0.857929	UL	85	7	0	0	13	1	01	8937	28	1	0	34.6219	0	0	
0.857929	UL	85	7	0	0	13	1	01	8937	28	1	0	34.6219	0	0	
0.858929	UL	85	8	0	0	13	1	01	8937	28	1	0	34.6219	0	0	
0.858929	UL	85	8	0	0	13	1	01	8937	28	1	0	34.6219	0	0	
0.86	DL	85	9	0	1	13	1	0	1	1	8937	28	1	0	40.8507	0	0	
0.86	DL	85	9	0	1	13	1	2	1	1	8937	28	1	0	41.2644	0	0	
0.861	DL	86	0	0	1	13	1	0	1	1	8937	28	1	0	40.8507	0	0	
0.861	DL	86	0	0	1	13	1	2	1	1	8937	28	1	0	41.2644	0	0	
0.861929	DL	86	1	0	1	12	1	0	1	1	8250	28	1	0	40.8507	0	0	
0.861929	DL	86	1	0	1	12	1	2	1	1	8250	28	1	0	41.2644	0	0	
0.862929	UL	86	2	0	0	13	1	01	8937	28	1	0	34.6219	0	0	
0.862929	UL	86	2	0	0	13	1	01	8937	28	1	0	34.6219	0	0	
0.863929	UL	86	3	0	0	13	1	01	8937	28	1	0	34.6219	0	0	
0.863929	UL	86	3	0	0	13	1	01	8937	28	1	0	34.6219	0	0	
0.865	DL	86	4	0	1	13	1	0	1	1	8937	28	1	0	40.8507	0	0	
0.865	DL	86	4	0	1	13	1	2	1	1	8937	28	1	0	41.2644	0	0	
0.866	DL	86	5	0	1	13	1	0	1	1	8937	28	1	0	40.8507	0	0	
0.866	DL	86	5	0	1	13	1	2	1	1	8937	28	1	0	41.2644	0	0	
0.866929	DL	86	6	0	1	12	1	0	1	1	8250	28	1	0	40.8507	0	0	
0.866929	DL	86	6	0	1	12	1	2	1	1	8250	28	1	0	41.2644	0	0	
0.867929	UL	86	7	0	0	13	1	01	8937	28	1	0	34.6219	0	0	
0.867929	UL	86	7	0	0	13	1	01	8937	28	1	0	34.6219	0	0	
0.868929	UL	86	8	0	0	13	1	01	8937	28	1	0	34.6219	0	0	
0.868929	UL	86	8	0	0	13	1	01	8937	28	1	0	34.6219	0	0	
0.87	DL	86	9	0	1	13	1	0	1	1	8937	28	1	0	40.8507	0	0	
0.87	DL	86	9	0	1	13	1	2	1	1	8937	28	1	0	41.2644	0	0	
0.871	DL	87	0	0	1	13	1	0	1	1	8937	28	1	0	40.8507	0	0	
0.871	DL	87	0	0	1	13	1	2	1	1	8937	28	1	0	41.2644	0	0	
0.871929	DL	87	1	0	1	12	1	0	1	1	8250	28	1	0	40.8507	0	0	
0.871929	DL	87	1	0	1	12	1	2	1	1	8250	28	1	0	41.2644	0	0	
0.872929	UL	87	2	0	0	13	1	01	8937	28	1	0	34.6219	0	0	
0.872929	UL	87	2	0	0	13	1	01	8937	28	1	0	34.6219	0	0	
0.873929	UL	87	3	0	0	13	1	01	8937	28	1	0	34.6219	0	0	
0.873929	UL	87	3	0	0	13	1	01	8937	28	1	0	34.6219	0	0	
0.875	DL	87	4	0	1	13	1	0	1	1	8937	28	1	0	40.8507	0	0	
0.875	DL	87	4	0	1	13	1	2	1	1	8937	28	1	0	41.2644	0	0	
0.876	DL	87	5	0	1	13	1	0	1	1	8937	28	1	0	40.8507	0	0	
0.876	DL	87	5	0	1	13	1	2	1	1	8937	28	1	0	41.2644	0	0	
0.876929	DL	87	6	0	1	12	1	0	1	1	8250	28	1	0	40.8507	0	0	
0.876929	DL	87	6	0	1	12	1	2	1	1	8250	28	1	0	41.2644	0	0	
0.877929	UL	87	7	0	0	13	1	01	8937	28	1	0	34.6219	0	0	
0.877929	UL	87	7	0	0	13	1	01	8937	28	1	0	34.6219	0	0	
0.878929	UL	87	8	0	0	13	1	01	8937	28	1	0	34.6219	0	0	
0.878929	UL	87	8	0	0	13	1	01	8937	28	1	0	34.6219	0	0	
0.88	DL	87	9	0	1	13	1	0	1	1	8937	28	1	0	40.8507	0	0	
0.88	DL	87	9	0	1	13	1	2	1	1	8937	28	1	0	41.2644	0	0	
0.881	DL	88	0	0	1	13	1	0	1	1	8937	28	1	0	40.8507	0	0	
0.881	DL	88	0	0	1	13	1	2	1	1	8937	28	1	0	41.2644	0	0	
0.881929	DL	88	1	0	1	12	1	0	1	1	8250	28	1	0	40.8507	0	0	
0.881929	DL	88	1	0	1	12	1	2	1	1	8250	28	1	0	41.2644	0	0	
0.882929	UL	88	2	0	0	13	1	01	8937	28	1	0	34.6219	0	0	
0.882929	UL	88	2	0	0	13	1	01	8937	28	1	0	34.6219	0	0	
0.883929	UL	88	3	0	0	13	1	01	8937	28	1	0	34.6219	0	0	
0.883929	UL	88	3	0	0	13	1	01	8937	28	1	0	34.6219	0	0	
0.885	DL	88	4	0	1	13	1	0	1	1	8937	28	1	0	40.8507	0	0	
0.885	DL	88	4	0	1	13	1	2	1	1	8937	28	1	0	41.2644	0	0	
0.886	DL	88	5	0	1	13	1	0	1	1	8937	28	1	0	40.8507	0	0	
0.886	DL	88	5	0	1	13	1	2	1	1	8937	28	1	0	41.2644	0	0	
0.886929	DL	88	6	0	1	12	1	0	1	1	8250	28	1	0	40.8507	0	0	
0.886929	DL	88	6	0	1	12	1	2	1	1	8250	28	1	0	41.2644	0	0	
0.887929	UL	88	7	0	0	13	1	01	8937	28	1	0	34.6219	0	0	
0.887929	UL	88	7	0	0	13	1	01	8937	28	1	0	34.6219	0	0	
0.888929	UL	88	8	0	0	13	1	01	8937	28	1	0	34.6219	0	0	
0.888929	UL	88	8	0	0	13	1	01	8937	28	1	0	34.6219	0	0	
0.89	DL	88	9	0	1	13	1	0	1	1	8937	28	1	0	40.8507	0	0	
0.89	DL	88	9	0	1	13	1	2	1	1	8937	28	1	0	41.2644	0	0	
0.891	DL	89	0	0	1	13	1	0	1	1	8937	28	1	0	40.8507	0	0	
0.891	DL	89	0	0	1	13	1	2	1	1	8937	28	1	0	41.2644	0	0	
0.891929	DL	89	1	0	1	12	1	0	1	1	8250	28	1	0	40.8507	0	0	
0.891929	DL	89	1	0	1	12	1	2	1	1	8250	28	1	0	41.2644	0	0	
0.892929	UL	89	2	0	0	13	1	01	8937	28	1	0	34.6219	0	0	
0.892929	UL	89	2	0	0	13	1	01	8937	28	1	0	34.6219	0	0	
0.893929	UL	89	3	0	0	13	1	01	8937	28	1	0	34.6219	0	0	
0.893929	UL	89	3	0	0	13	1	01	8937	28	1	0	34.6219	0	0	
0.895	DL	89	4	0	1	13	1	0	1	1	8937	28	1	0	40.8507	0	0	
0.895	DL	89	4	0	1	13	1	2	1	1	8937	28	1	0	41.2644	0	0	
0.896	DL	89	5	0	1	13	1	0	1	1	8937	28	1	0	40.8507	0	0	
0.896	DL	89	5	0	1	13	1	2	1	1	8937	28	1	0	41.2644	0	0	
0.896929	DL	89	6	0	1	12	1	0	1	1	8250	28	1	0	40.8507	0	0	
0.896929	DL	89	6	0	1	12	1	2	1	1	8250	28	1	0	41.2644	0	0	
0.897929	UL	89	7	0	0	13	1	01	8937	28	1	0	34.6219	0	0	
0.897929	UL	89	7	0	0	13	1	01	8937	28	1	0	34.6219	0	0	
0.898929	UL	89	8	0	0	13	1	01	8937	28	1	0	34.6219	0	0	
0.898929	UL	89	8	0	0	13	1	01	8937	28	1	0	34.6219	0	0	
0.9	DL	89	9	0	1	13	1	0	1	1	8937	28	1	0	40.8507	0	0	
0.9	DL	89	9	0	1	13	1	2	1	1	8937	28	1	0	41.2644	0	0	
0.901	DL	90	0	0	1	13	1	0	1	1	8937	28	1	0	40.8507	0	0	
0.901	DL	90	0	0	1	13	1	2	1	1	8937	28	1	0	41.2644	0	0	
0.901929	DL	90	1	0	1	12	1	0	1	1	8250	28	1	0	40.8507	0	0	
0.901929	DL	90	1	0	1	12	1	2	1	1	8250	28	1	0	41.2644	0	0	
0.902929	UL	90	2	0	0	13	1	01	8937	28	1	0	34.6219	0	0	
0.902929	UL	90	2	0	0	13	1	01	8937	28	1	0	34.6219	0	0	
0.903929	UL	90	3	0	0	13	1	01	8937	28	1	0	34.6219	0	0	
0.903929	UL	90	3	0	0	13	1	01	8937	28	1	0	34.6219	0	0	
0.905	DL	90	4	0	1	13	1	0	1	1	8937	28	1	0	40.8507	0	0	
0.905	DL	90	4	0	1	13	1	2	1	1	8937	28	1	0	41.2644	0	0	
0.906	DL	90	5	0	1	13	1	0	1	1	8937	28	1	0	40.8507	0	0	
0.906	DL	90	5	0	1	13	1	2	1	1	8937	28	1	0	41.2644	0	0	
0.906929	DL	90	6	0	1	12	1	0	1	1	8250	28	1	0	40.8507	0	0	
0.906929	DL	90	6	0	1	12	1	2	1	1	8250	28	1	0	41.2644	0	0	
0.907929	UL	90	7	0	0	13	1	01	8937	28	1	0	34.6219	0	0	
0.907929	UL	90	7	0	0	13	1	01	8937	28	1	0	34.6219	0	0	
0.908929	UL	90	8	0	0	13	1	01	8937	28	1	0	34.6219	0	0	
0.908929	UL	90	8	0	0	13	1	01	8937	28	1	0	34.6219	0	0	
0.91	DL	90	9	0	1	13	1	0	1	1	8937	28	1	0	40.8507	0	0	
0.91	DL	90	9	0	1	13	1	2	1	1	8937	28	1	0	41.2644	0	0	
0.911	DL	91	0	0	1	13	1	0	1	1	8937	28	1	0	40.8507	0	0	
0.911	DL	91	0	0	1	13	1	2	1	1	8937	28	1	0	41.2644	0	0	
0.911929	DL	91	1	0	1	12	1	0	1	1	8250	28	1	0	40.8507	0	0	
0.911929	DL	91	1	0	1	12	1	2	1	1	8250	28	1	0	41.2644	0	0	
0.912929	UL	91	2	0	0	13	1	01	8937	28	1	0	34.6219	0	0	
0.912929	UL	91	2	0	0	13	1	01	8937	28	1	0	34.6219	0	0	
0.913929	UL	91	3	0	0	13	1	01	8937	28	1	0	34.6219	0	0	
0.913929	UL	91	3	0	0	13	1	01	8937	28	1	0	34.6219	0	0	
0.915	DL	91	4	0	1	13	1	0	1	1	8937	28	1	0	40.8507	0	0	
0.915	DL	91	4	0	1	13	1	2	1	1	8937	28	1	0	41.2644	0	0	
0.916	DL	91	5	0	1	13	1	0	1	1	8937	28	1	0	40.8507	0	0	
0.916	DL	91	5	0	1	13	1	2	1	1	8937	28	1	0	41.2644	0	0	
0.916929	DL	91	6	0	1	12	1	0	1	1	8250	28	1	0	40.8507	0	0	
0.916929	DL	91	6	0	1	12	1	2	1	1	8250	28	1	0	41.2644	0	0	
0.917929	UL	91	7	0	0	13	1	01	8937	28	1	0	34.6219	0	0	
0.917929	UL	91	7	0	0	13	1	01	8937	28	1	0	34.6219	0	0	
0.918929	UL	91	8	0	0	13	1	01	8937	28	1	0	34.6219	0	0	
0.918929	UL	91	8	0	0	13	1	01	8937	28	1	0	34.6219	0	0	
0.92	DL	91	9	0	1	13	1	0	1	1	8937	28	1	0	40.8507	0	0	
0.92	DL	91	9	0	1	13	1	2	1	1	8937	28	1	0	41.2644	0	0	
0.921	DL	92	0	0	1	13	1	0	1	1	8937	28	1	0	40.8507	0	0	
0.921	DL	92	0	0	1	13	1	2	1	1	8937	28	1	0	41.2644	0	0	
0.921929	DL	92	1	0	1	12	1	0	1	1	8250	28	1	0	40.8507	0	0	
0.921929	DL	92	1	0	1	12	1	2	1	1	8250	28	1	0	41.2644	0	0	
0.922929	UL	92	2	0	0	13	1	01	8937	28	1	0	34.6219	0	0	
0.922929	UL	92	2	0	0	13	1	01	8937	28	1	0	34.6219	0	0	
0.923929	UL	92	3	0	0	13	1	01	8937	28	1	0	34.6219	0	0	
0.923929	UL	92	3	0	0	13	1	01	8937	28	1	0	34.6219	0	0	
0.925	DL	92	4	0	1	13	1	0	1	1	8937	28	1	0	40.8507	0	0	
0.925	DL	92	4	0	1	13	1	2	1	1	8937	28	1	0	41.2644	0	0	
0.926	DL	92	5	0	1	13	1	0	1	1	8937	28	1	0	40.8507	0	0	
0.926	DL	92	5	0	1	13	1	2	1	1	8937	28	1	0	41.2644	0	0	
0.926929	DL	92	6	0	1	12	1	0	1	1	8250	28	1	0	40.8507	0	0	
0.926929	DL	92	6	0	1	12	1	2	1	1	8250	28	1	0	41.2644	0	0	
0.927929	UL	92	7	0	0	13	1	01	8937	28	1	0	34.6219	0	0	
0.927929	UL	92	7	0	0	13	1	01	8937	28	1	0	34.6219	0	0	
0.928929	UL	92	8	0	0	13	1	01	8937	28	1	0	34.6219	0	0	
0.928929	UL	92	8	0	0	13	1	01	8937	28	1	0	34.6219	0	0	
0.93	DL	92	9	0	1	13	1	0	1	1	8937	28	1	0	40.8507	0	0	
0.93	DL	92	9	0	1	13	1	2	1	1	8937	28	1	0	41.2644	0	0	
0.931	DL	93	0	0	1	13	1	0	1	1	8937	28	1	0	40.8507	0	0	
0.931	DL	93	0	0	1	13	1	2	1	1	8937	28	1	0	41.2644	0	0	
0.931929	DL	93	1	0	1	12	1	0	1	1	8250	28	1	0	40.8507	0	0	
0.931929	DL	93	1	0	1	12	1	2	1	1	8250	28	1	0	41.2644	0	0	
0.932929	UL	93	2	0	0	13	1	01	8937	28	1	0	34.6219	0	0	
0.932929	UL	93	2	0	0	13	1	01	8937	28	1	0	34.6219	0	0	
0.933929	UL	93	3	0	0	13	1	01	8937	28	1	0	34.6219	0	0	
0.933929	UL	93	3	0	0	13	1	01	8937	28	1	0	34.6219	0	0	
0.935	DL	93	4	0	1	13	1	0	1	1	8937	28	1	0	40.8507	0	0	
0.935	DL	93	4	0	1	13	1	2	1	1	8937	28	1	0	41.2644	0	0	
0.936	DL	93	5	0	1	13	1	0	1	1	8937	28	1	0	40.8507	0	0	
0.936	DL	93	5	0	1	13	1	2	1	1	8937	28	1	0	41.2644	0	0	
0.936929	DL	93	6	0	1	12	1	0	1	1	8250	28	1	0	40.8507	0	0	
0.936929	DL	93	6	0	1	12	1	2	1	1	8250	28	1	0	41.2644	0	0	
0.937929	UL	93	7	0	0	13	1	01	8937	28	1	0	34.6219	0	0	
0.937929	UL	93	7	0	0	13	1	01	8937	28	1	0	34.6219	0	0	
0.938929	UL	93	8	0	0	13	1	01	8937	28	1	0	34.6219	0	0	
0.938929	UL	93	8	0	0	13	1	01	8937	28	1	0	34.6219	0	0	
0.94	DL	93	9	0	1	13	1	0	1	1	8937	28	1	0	40.8507	0	0	
0.94	DL	93	9	0	1	13	1	2	1	1	8937	28	1	0	41.2644	0	0	
0.941	DL	94	0	0	1	13	1	0	1	1	8937	28	1	0	40.8507	0	0	
0.941	DL	94	0	0	1	13	1	2	1	1	8937	28	1	0	41.2644	0	0	
0.941929	DL	94	1	0	1	12	1	0	1	1	8250	28	1	0	40.8507	0	0	
0.941929	DL	94	1	0	1	12	1	2	1	1	8250	28	1	0	41.2644	0	0	
0.942929	UL	94	2	0	0	13	1	01	8937	28	1	0	34.6219	0	0	
0.942929	UL	94	2	0	0	13	1	01	8937	28	1	0	34.6219	0	0	
0.943929	UL	94	3	0	0	13	1	01	8937	28	1	0	34.6219	0	0	
0.943929	UL	94	3	0	0	13	1	01	8937	28	1	0	34.6219	0	0	
0.945	DL	94	4	0	1	13	1	0	1	1	8937	28	1	0	40.8507	0	0	
0.945	DL	94	4	0	1	13	1	2	1	1	8937	28	1	0	41.2644	0	0	
0.946	DL	94	5	0	1	13	1	0	1	1	8937	28	1	0	40.8507	0	0	
0.946	DL	94	5	0	1	13	1	2	1	1	8937	28	1	0	41.2644	0	0	
0.946929	DL	94	6	0	1	12	1	0	1	1	8250	28	1	0	40.8507	0	0	
0.946929	DL	94	6	0	1	12	1	2	1	1	8250	28	1	0	41.2644	0	0	
0.947929	UL	94	7	0	0	13	1	01	8937	28	1	0	34.6219	0	0	
0.947929	UL	94	7	0	0	13	1	01	8937	28	1	0	34.6219	0	0	
0.948929	UL	94	8	0	0	13	1	01	8937	28	1	0	34.6219	0	0	
0.948929	UL	94	8	0	0	13	1	01	8937	28	1	0	34.6219	0	0	
0.95	DL	94	9	0	1	13	1	0	1	1	8937	28	1	0	40.8507	0	0	
0.95	DL	94	9	0	1	13	1	2	1	1	8937	28	1	0	41.2644	0	0	
0.951	DL	95	0	0	1	13	1	0	1	1	8937	28	1	0	40.8507	0	0	
0.951	DL	95	0	0	1	13	1	2	1	1	8937	28	1	0	41.2644	0	0	
0.951929	DL	95	1	0	1	12	1	0	1	1	8250	28	1	0	40.8507	0	0	
0.951929	DL	95	1	0	1	12	1	2	1	1	8250	28	1	0	41.2644	0	0	
0.952929	UL	95	2	0	0	13	1	01	8937	28	1	0	34.6219	0	0	
0.952929	UL	95	2	0	0	13	1	01	8937	28	1	0	34.6219	0	0	
0.953929	UL	95	3	0	0	13	1	01	8937	28	1	0	34.6219	0	0	
0.953929	UL	95	3	0	0	13	1	01	8937	28	1	0	34.6219	0	0	
0.955	DL	95	4	0	1	13	1	0	1	1	8937	28	1	0	40.8507	0	0	
0.955	DL	95	4	0	1	13	1	2	1	1	8937	28	1	0	41.2644	0	0	
0.956	DL	95	5	0	1	13	1	0	1	1	8937	28	1	0	40.8507	0	0	
0.956	DL	95	5	0	1	13	1	2	1	1	8937	28	1	0	41.2644	0	0	
0.956929	DL	95	6	0	1	12	1	0	1	1	8250	28	1	0	40.8507	0	0	
0.956929	DL	95	6	0	1	12	1	2	1	1	8250	28	1	0	41.2644	0	0	
0.957929	UL	95	7	0	0	13	1	01	8937	28	1	0	34.6219	0	0	
0.957929	UL	95	7	0	0	13	1	01	8937	28	1	0	34.6219	0	0	
0.958929	UL	95	8	0	0	13	1	01	8937	28	1	0	34.6219	0	0	
0.958929	UL	95	8	0	0	13	1	01	8937	28	1	0	34.6219	0	0	
0.96	DL	95	9	0	1	13	1	0	1	1	8937	28	1	0	40.8507	0	0	
0.96	DL	95	9	0	1	13	1	2	1	1	8937	28	1	0	41.2644	0	0	
0.961	DL	96	0	0	1	13	1	0	1	1	8937	28	1	0	40.8507	0	0	
0.961	DL	96	0	0	1	13	1	2	1	1	8937	28	1	0	41.2644	0	0	
0.961929	DL	96	1	0	1	12	1	0	1	1	8250	28	1	0	40.8507	0	0	
0.961929	DL	96	1	0	1	12	1	2	1	1	8250	28	1	0	41.2644	0	0	
0.962929	UL	96	2	0	0	13	1	01	8937	28	1	0	34.6219	0	0	
0.962929	UL	96	2	0	0	13	1	01	8937	28	1	0	34.6219	0	0	
0.963929	UL	96	3	0	0	13	1	01	8937	28	1	0	34.6219	0	0	
0.963929	UL	96	3	0	0	13	1	01	8937	28	1	0	34.6219	0	0	
0.965	DL	96	4	0	1	13	1	0	1	1	8937	28	1	0	40.8507	0	0	
0.965	DL	96	4	0	1	13	1	2	1	1	8937	28	1	0	41.2644	0	0	
0.966	DL	96	5	0	1	13	1	0	1	1	8937	28	1	0	40.8507	0	0	
0.966	DL	96	5	0	1	13	1	2	1	1	8937	28	1	0	41.2644	0	0	
0.966929	DL	96	6	0	1	12	1	0	1	1	8250	28	1	0	40.8507	0	0	
0.966929	DL	96	6	0	1	12	1	2	1	1	8250	28	1	0	41.2644	0	0	
0.967929	UL	96	7	0	0	13	1	01	8937	28	1	0	34.6219	0	0	
0.967929	UL	96	7	0	0	13	1	01	8937	28	1	0	34.6219	0	0	
0.968929	UL	96	8	0	0	13	1	01	8937	28	1	0	34.6219	0	0	
0.968929	UL	96	8	0	0	13	1	01	8937	28	1	0	34.6219	0	0	
0.97	DL	96	9	0	1	13	1	0	1	1	8937	28	1	0	40.8507	0	0	
0.97	DL	96	9	0	1	13	1	2	1	1	8937	28	1	0	41.2644	0	0	
0.971	DL	97	0	0	1	13	1	0	1	1	8937	28	1	0	40.8507	0	0	
0.971	DL	97	0	0	1	13	1	2	1	1	8937	28	1	0	41.2644	0	0	
0.971929	DL	97	1	0	1	12	1	0	1	1	8250	28	1	0	40.8507	0	0	
0.971929	DL	97	1	0	1	12	1	2	1	1	8250	28	1	0	41.2644	0	0	
0.972929	UL	97	2	0	0	13	1	01	8937	28	1	0	34.6219	0	0	
0.972929	UL	97	2	0	0	13	1	01	8937	28	1	0	34.6219	0	0	
0.973929	UL	97	3	0	0	13	1	01	8937	28	1	0	34.6219	0	0	
0.973929	UL	97	3	0	0	13	1	01	8937	28	1	0	34.6219	0	0	
0.975	DL	97	4	0	1	13	1	0	1	1	8937	28	1	0	40.8507	0	0	
0.975	DL	97	4	0	1	13	1	2	1	1	8937	28	1	0	41.2644	0	0	
0.976	DL	97	5	0	1	13	1	0	1	1	8937	28	1	0	40.8507	0	0	
0.976	DL	97	5	0	1	13	1	2	1	1	8937	28	1	0	41.2644	0	0	
0.976929	DL	97	6	0	1	12	1	0	1	1	8250	28	1	0	40.8507	0	0	
0.976929	DL	97	6	0	1	12	1	2	1	1	8250	28	1	0	41.2644	0	0	
0.977929	UL	97	7	0	0	13	1	01	8937	28	1	0	34.6219	0	0	
0.977929	UL	97	7	0	0	13	1	01	8937	28	1	0	34.6219	0	0	
0.98	DL	97	9	0	1	13	1	0	1	1	8937	28	1	0	40.8507	0	0	
0.98	DL	97	9	0	1	13	1	2	1	1	8937	28	1	0	41.2644	0	0	
0.981	DL	98	0	0	1	13	1	0	1	1	8937	28	1	0	40.8507	0	0	
0.981	DL	98	0	0	1	13	1	2	1	1	8937	28	1	0	41.2644	0	0	
0.981929	DL	98	1	0	1	12	1	0	1	1	8250	28	1	0	40.8507	0	0	
0.981929	DL	98	1	0	1	12	1	2	1	1	8250	28	1	0	41.2644	0	0	
0.982929	UL	98	2	0	0	13	1	01	8937	28	1	0	34.6219	0	0	
0.982929	UL	98	2	0	0	13	1	01	8937	28	1	0	34.6219	0	0	
0.983929	UL	98	3	0	0	13	1	01	8937	28	1	0	34.6219	0	0	
0.983929	UL	98	3	0	0	13	1	01	8937	28	1	0	34.6219	0	0	
0.985	DL	98	4	0	1	13	1	0	1	1	8937	28	1	0	40.8507	0	0	
0.985	DL	98	4	0	1	13	1	2	1	1	8937	28	1	0	41.2644	0	0	
0.986	DL	98	5	0	1	13	1	0	1	1	8937	28	1	0	40.8507	0	0	
0.986	DL	98	5	0	1	13	1	2	1	1	8937	28	1	0	41.2644	0	0	
0.986929	DL	98	6	0	1	12	1	0	1	1	8250	28	1	0	40.8507	0	0	
0.986929	DL	98	6	0	1	12	1	2	1	1	8250	28	1	0	41.2644	0	0	
0.987929	UL	98	7	0	0	13	1	01	8937	28	1	0	34.6219	0	0	
0.987929	UL	98	7	0	0	13	1	01	8937	28	1	0	34.6219	0	0	
0.988929	UL	98	8	0	0	13	1	01	8937	28	1	0	34.6219	0	0	
0.988929	UL	98	8	0	0	13	1	01	8937	28	1	0	34.6219	0	0	
0.99	DL	98	9	0	1	13	1	0	1	1	8937	28	1	0	40.8507	0	0	
0.99	DL	98	9	0	1	13	1	2	1	1	8937	28	1	0	41.2644	0	0	
0.991	DL	99	0	0	1	13	1	0	1	1	8937	28	1	0	40.8507	0	0	
0.991	DL	99	0	0	1	13	1	2	1	1	8937	28	1	0	41.2644	0	0	
0.991929	DL	99	1	0	1	12	1	0	1	1	8250	28	1	0	40.8507	0	0	
0.991929	DL	99	1	0	1	12	1	2	1	1	8250	28	1	0	41.2644	0	0	
0.992929	UL	99	2	0	0	13	1	01	8937	28	1	0	34.6219	0	0	
0.992929	UL	99	2	0	0	13	1	01	8937	28	1	0	34.6219	0	0	
0.993929	UL	99	3	0	0	13	1	01	8937	28	1	0	34.6219	0	0	
0.993929	UL	99	3	0	0	13	1	01	8937	28	1	0	34.6219	0	0	
0.995	DL	99	4	0	1	13	1	0	1	1	8937	28	1	0	40.8507	0	0	
0.995	DL	99	4	0	1	13	1	2	1	1	8937	28	1	0	41.2644	0	0	
0.996	DL	99	5	0	1	13	1	0	1	1	8937	28	1	0	40.8507	0	0	
0.996	DL	99	5	0	1	13	1	2	1	1	8937	28	1	0	41.2644	0	0	
0.996929	DL	99	6	0	1	12	1	0	1	1	8250	28	1	0	40.8507	0	0	
0.996929	DL	99	6	0	1	12	1	2	1	1	8250	28	1	0	41.2644	0	0	
0.997929	UL	99	7	0	0	13	1	01	8937	28	1	0	34.6219	0	0	
0.997929	UL	99	7	0	0	13	1	01	8937	28	1	0	34.6219	0	0	
0.998929	UL	99	8	0	0	13	1	01	8937	28	1	0	34.6219	0	0	
0.998929	UL	99	8	0	0	13	1	01	8937	28	1	0	34.6219	0	0	
1	DL	99	9	0	1	13	1	0	1	1	8937	28	1	0	40.8507	0	0	
1	DL	99	9	0	1	13	1	2	1	1	8937	28	1	0	41.2644	0	0	
1.001	DL	100	0	0	1	13	1	0	1	1	8937	28	1	0	40.8507	0	0	
1.001	DL	100	0	0	1	13	1	2	1	1	8937	28	1	0	41.2644	0	0	
1.00193	DL	100	1	0	1	12	1	0	1	1	8250	28	1	0	40.8507	0	0	
1.00193	DL	100	1	0	1	12	1	2	1	1	8250	28	1	0	41.2644	0	0	
1.00293	UL	100	2	0	0	13	1	01	8937	28	1	0	34.6219	0	0	
1.00293	UL	100	2	0	0	13	1	01	8937	28	1	0	34.6219	0	0	
1.00393	UL	100	3	0	0	13	1	01	8937	28	1	0	34.6219	0	0	
1.00393	UL	100	3	0	0	13	1	01	8937	28	1	0	34.6219	0	0	
1.005	DL	100	4	0	1	13	1	0	1	1	8937	28	1	0	40.8507	0	0	
1.005	DL	100	4	0	1	13	1	2	1	1	8937	28	1	0	41.2644	0	0	
1.006	DL	100	5	0	1	13	1	0	1	1	8937	28	1	0	40.8507	0	0	
1.006	DL	100	5	0	1	13	1	2	1	1	8937	28	1	0	41.2644	0	0	
1.00693	DL	100	6	0	1	12	1	0	1	1	8250	28	1	0	40.8507	0	0	
1.00693	DL	100	6	0	1	12	1	2	1	1	8250	28	1	0	41.2644	0	0	
1.00793	UL	100	7	0	0	13	1	01	8937	28	1	0	34.6219	0	0	
1.00793	UL	100	7	0	0	13	1	01	8937	28	1	0	34.6219	0	0	
1.00893	UL	100	8	0	0	13	1	01	8937	28	1	0	34.6219	0	0	
1.00893	UL	100	8	0	0	13	1	01	8937	28	1	0	34.6219	0	0	
1.01	DL	100	9	0	1	13	1	0	1	1	8937	28	1	0	40.8507	0	0	
1.01	DL	100	9	0	1	13	1	2	1	1	8937	28	1	0	41.2644	0	0	
1.011	DL	101	0	0	1	13	1	0	1	1	8937	28	1	0	40.8507	0	0	
1.011	DL	101	0	0	1	13	1	2	1	1	8937	28	1	0	41.2644	0	0	
1.01193	DL	101	1	0	1	12	1	0	1	1	8250	28	1	0	40.8507	0	0	
1.01193	DL	101	1	0	1	12	1	2	1	1	8250	28	1	0	41.2644	0	0	
1.01293	UL	101	2	0	0	13	1	01	8937	28	1	0	34.6219	0	0	
1.01293	UL	101	2	0	0	13	1	01	8937	28	1	0	34.6219	0	0	
1.01393	UL	101	3	0	0	13	1	01	8937	28	1	0	34.6219	0	0	
1.01393	UL	101	3	0	0	13	1	01	8937	28	1	0	34.6219	0	0	
1.015	DL	101	4	0	1	13	1	0	1	1	8937	28	1	0	40.8507	0	0	
1.015	DL	101	4	0	1	13	1	2	1	1	8937	28	1	0	41.2644	0	0	
1.016	DL	101	5	0	1	13	1	0	1	1	8937	28	1	0	40.8507	0	0	
1.016	DL	101	5	0	1	13	1	2	1	1	8937	28	1	0	41.2644	0	0	
1.01693	DL	101	6	0	1	12	1	0	1	1	8250	28	1	0	40.8507	0	0	
1.01693	DL	101	6	0	1	12	1	2	1	1	8250	28	1	0	41.2644	0	0	
1.01793	UL	101	7	0	0	13	1	01	8937	28	1	0	34.6219	0	0	
1.01793	UL	101	7	0	0	13	1	01	8937	28	1	0	34.6219	0	0	
1.01893	UL	101	8	0	0	13	1	01	8937	28	1	0	34.6219	0	0	
1.01893	UL	101	8	0	0	13	1	01	8937	28	1	0	34.6219	0	0	
1.02	DL	101	9	0	1	13	1	0	1	1	8937	28	1	0	40.8507	0	0	
1.02	DL	101	9	0	1	13	1	2	1	1	8937	28	1	0	41.2644	0	0	
1.021	DL	102	0	0	1	13	1	0	1	1	8937	28	1	0	40.8507	0	0	
1.021	DL	102	0	0	1	13	1	2	1	1	8937	28	1	0	41.2644	0	0	
1.02193	DL	102	1	0	1	12	1	0	1	1	8250	28	1	0	40.8507	0	0	
1.02193	DL	102	1	0	1	12	1	2	1	1	8250	28	1	0	41.2644	0	0	
1.02293	UL	102	2	0	0	13	1	01	8937	28	1	0	34.6219	0	0	
1.02293	UL	102	2	0	0	13	1	01	8937	28	1	0	34.6219	0	0	
1.02393	UL	102	3	0	0	13	1	01	8937	28	1	0	34.6219	0	0	
1.02393	UL	102	3	0	0	13	1	01	8937	28	1	0	34.6219	0	0	
1.025	DL	102	4	0	1	13	1	0	1	1	8937	28	1	0	40.8507	0	0	
1.025	DL	102	4	0	1	13	1	2	1	1	8937	28	1	0	41.2644	0	0	
1.026	DL	102	5	0	1	13	1	0	1	1	8937	28	1	0	40.8507	0	0	
1.026	DL	102	5	0	1	13	1	2	1	1	8937	28	1	0	41.2644	0	0	
1.02693	DL	102	6	0	1	12	1	0	1	1	8250	28	1	0	40.8507	0	0	
1.02693	DL	102	6	0	1	12	1	2	1	1	8250	28	1	0	41.2644	0	0	
1.02793	UL	102	7	0	0	13	1	01	8937	28	1	0	34.6219	0	0	
1.02793	UL	102	7	0	0	13	1	01	8937	28	1	0	34.6219	0	0	
1.02893	UL	102	8	0	0	13	1	01	8937	28	1	0	34.6219	0	0	
1.02893	UL	102	8	0	0	13	1	01	8937	28	1	0	34.6219	0	0	
1.03	DL	102	9	0	1	13	1	0	1	1	8937	28	1	0	40.8507	0	0	
1.03	DL	102	9	0	1	13	1	2	1	1	8937	28	1	0	41.2644	0	0	
1.031	DL	103	0	0	1	13	1	0	1	1	8937	28	1	0	40.8507	0	0	
1.031	DL	103	0	0	1	13	1	2	1	1	8937	28	1	0	41.2644	0	0	
1.03193	DL	103	1	0	1	12	1	0	1	1	8250	28	1	0	40.8507	0	0	
1.03193	DL	103	1	0	1	12	1	2	1	1	8250	28	1	0	41.2644	0	0	
1.03293	UL	103	2	0	0	13	1	01	8937	28	1	0	34.6219	0	0	
1.03293	UL	103	2	0	0	13	1	01	8937	28	1	0	34.6219	0	0	
1.03393	UL	103	3	0	0	13	1	01	8937	28	1	0	34.6219	0	0	
1.03393	UL	103	3	0	0	13	1	01	8937	28	1	0	34.6219	0	0	
1.035	DL	103	4	0	1	13	1	0	1	1	8937	28	1	0	40.8507	0	0	
1.035	DL	103	4	0	1	13	1	2	1	1	8937	28	1	0	41.2644	0	0	
1.036	DL	103	5	0	1	13	1	0	1	1	8937	28	1	0	40.8507	0	0	
1.036	DL	103	5	0	1	13	1	2	1	1	8937	28	1	0	41.2644	0	0	
1.03693	DL	103	6	0	1	12	1	0	1	1	8250	28	1	0	40.8507	0	0	
1.03693	DL	103	6	0	1	12	1	2	1	1	8250	28	1	0	41.2644	0	0	
1.03793	UL	103	7	0	0	13	1	01	8937	28	1	0	34.6219	0	0	
1.03793	UL	103	7	0	0	13	1	01	8937	28	1	0	34.6219	0	0	
1.03893	UL	103	8	0	0	13	1	01	8937	28	1	0	34.6219	0	0	
1.03893	UL	103	8	0	0	13	1	01	8937	28	1	0	34.6219	0	0	
1.04	DL	103	9	0	1	13	1	0	1	1	8937	28	1	0	40.8507	0	0	
1.04	DL	103	9	0	1	13	1	2	1	1	8937	28	1	0	41.2644	0	0	
1.041	DL	104	0	0	1	13	1	0	1	1	8937	28	1	0	40.8507	0	0	
1.041	DL	104	0	0	1	13	1	2	1	1	8937	28	1	0	41.2644	0	0	
1.04193	DL	104	1	0	1	12	1	0	1	1	8250	28	1	0	40.8507	0	0	
1.04193	DL	104	1	0	1	12	1	2	1	1	8250	28	1	0	41.2644	0	0	
1.04293	UL	104	2	0	0	13	1	01	8937	28	1	0	34.6219	0	0	
1.04293	UL	104	2	0	0	13	1	01	8937	28	1	0	34.6219	0	0	
1.04393	UL	104	3	0	0	13	1	01	8937	28	1	0	34.6219	0	0	
1.04393	UL	104	3	0	0	13	1	01	8937	28	1	0	34.6219	0	0	
1.045	DL	104	4	0	1	13	1	0	1	1	8937	28	1	0	40.8507	0	0	
1.045	DL	104	4	0	1	13	1	2	1	1	8937	28	1	0	41.2644	0	0	
1.046	DL	104	5	0	1	13	1	0	1	1	8937	28	1	0	40.8507	0	0	
1.046	DL	104	5	0	1	13	1	2	1	1	8937	28	1	0	41.2644	0	0	
1.04693	DL	104	6	0	1	12	1	0	1	1	8250	28	1	0	40.8507	0	0	
1.04693	DL	104	6	0	1	12	1	2	1	1	8250	28	1	0	41.2644	0	0	
1.04793	UL	104	7	0	0	13	1	01	8937	28	1	0	34.6219	0	0	
1.04793	UL	104	7	0	0	13	1	01	8937	28	1	0	34.6219	0	0	
1.04893	UL	104	8	0	0	13	1	01	8937	28	1	0	34.6219	0	0	
1.04893	UL	104	8	0	0	13	1	01	8937	28	1	0	34.6219	0	0	
1.05	DL	104	9	0	1	13	1	0	1	1	8937	28	1	0	40.8507	0	0	
1.05	DL	104	9	0	1	13	1	2	1	1	8937	28	1	0	41.2644	0	0	
1.051	DL	105	0	0	1	13	1	0	1	1	8937	28	1	0	40.8507	0	0	
1.051	DL	105	0	0	1	13	1	2	1	1	8937	28	1	0	41.2644	0	0	
1.05193	DL	105	1	0	1	12	1	0	1	1	8250	28	1	0	40.8507	0	0	
1.05193	DL	105	1	0	1	12	1	2	1	1	8250	28	1	0	41.2644	0	0	
1.05293	UL	105	2	0	0	13	1	01	8937	28	1	0	34.6219	0	0	
1.05293	UL	105	2	0	0	13	1	01	8937	28	1	0	34.6219	0	0	
1.05393	UL	105	3	0	0	13	1	01	8937	28	1	0	34.6219	0	0	
1.05393	UL	105	3	0	0	13	1	01	8937	28	1	0	34.6219	0	0	
1.055	DL	105	4	0	1	13	1	0	1	1	8937	28	1	0	40.8507	0	0	
1.055	DL	105	4	0	1	13	1	2	1	1	8937	28	1	0	41.2644	0	0	
1.056	DL	105	5	0	1	13	1	0	1	1	8937	28	1	0	40.8507	0	0	
1.056	DL	105	5	0	1	13	1	2	1	1	8937	28	1	0	41.2644	0	0	
1.05693	DL	105	6	0	1	12	1	0	1	1	8250	28	1	0	40.8507	0	0	
1.05693	DL	105	6	0	1	12	1	2	1	1	8250	28	1	0	41.2644	0	0	
1.05793	UL	105	7	0	0	13	1	01	8937	28	1	0	34.6219	0	0	
1.05793	UL	105	7	0	0	13	1	01	8937	28	1	0	34.6219	0	0	
1.05893	UL	105	8	0	0	13	1	01	8937	28	1	0	34.6219	0	0	
1.05893	UL	105	8	0	0	13	1	01	8937	28	1	0	34.6219	0	0	
1.06	DL	105	9	0	1	13	1	0	1	1	8937	28	1	0	40.8507	0	0	
1.06	DL	105	9	0	1	13	1	2	1	1	8937	28	1	0	41.2644	0	0	
1.061	DL	106	0	0	1	13	1	0	1	1	8937	28	1	0	40.8507	0	0	
1.061	DL	106	0	0	1	13	1	2	1	1	8937	28	1	0	41.2644	0	0	
1.06193	DL	106	1	0	1	12	1	0	1	1	8250	28	1	0	40.8507	0	0	
1.06193	DL	106	1	0	1	12	1	2	1	1	8250	28	1	0	41.2644	0	0	
1.06293	UL	106	2	0	0	13	1	01	8937	28	1	0	34.6219	0	0	
1.06293	UL	106	2	0	0	13	1	01	8937	28	1	0	34.6219	0	0	
1.06393	UL	106	3	0	0	13	1	01	8937	28	1	0	34.6219	0	0	
1.06393	UL	106	3	0	0	13	1	01	8937	28	1	0	34.6219	0	0	
1.065	DL	106	4	0	1	13	1	0	1	1	8937	28	1	0	40.8507	0	0	
1.065	DL	106	4	0	1	13	1	2	1	1	8937	28	1	0	41.2644	0	0	
1.066	DL	106	5	0	1	13	1	0	1	1	8937	28	1	0	40.8507	0	0	
1.066	DL	106	5	0	1	13	1	2	1	1	8937	28	1	0	41.2644	0	0	
1.06693	DL	106	6	0	1	12	1	0	1	1	8250	28	1	0	40.8507	0	0	
1.06693	DL	106	6	0	1	12	1	2	1	1	8250	28	1	0	41.2644	0	0	
1.06793	UL	106	7	0	0	13	1	01	8937	28	1	0	34.6219	0	0	
1.06793	UL	106	7	0	0	13	1	01	8937	28	1	0	34.6219	0	0	
1.06893	UL	106	8	0	0	13	1	01	8937	28	1	0	34.6219	0	0	
1.06893	UL	106	8	0	0	13	1	01	8937	28	1	0	34.6219	0	0	
1.07	DL	106	9	0	1	13	1	0	1	1	8937	28	1	0	40.8507	0	0	
1.07	DL	106	9	0	1	13	1	2	1	1	8937	28	1	0	41.2644	0	0	
1.071	DL	107	0	0	1	13	1	0	1	1	8937	28	1	0	40.8507	0	0	
1.071	DL	107	0	0	1	13	1	2	1	1	8937	28	1	0	41.2644	0	0	
1.07193	DL	107	1	0	1	12	1	0	1	1	8250	28	1	0	40.8507	0	0	
1.07193	DL	107	1	0	1	12	1	2	1	1	8250	28	1	0	41.2644	0	0	
1.07293	UL	107	2	0	0	13	1	01	8937	28	1	0	34.6219	0	0	
1.07293	UL	107	2	0	0	13	1	01	8937	28	1	0	34.6219	0	0	
1.07393	UL	107	3	0	0	13	1	01	8937	28	1	0	34.6219	0	0	
1.07393	UL	107	3	0	0	13	1	01	8937	28	1	0	34.6219	0	0	
1.075	DL	107	4	0	1	13	1	0	1	1	8937	28	1	0	40.8507	0	0	
1.075	DL	107	4	0	1	13	1	2	1	1	8937	28	1	0	41.2644	0	0	
1.076	DL	107	5	0	1	13	1	0	1	1	8937	28	1	0	40.8507	0	0	
1.076	DL	107	5	0	1	13	1	2	1	1	8937	28	1	0	41.2644	0	0	
1.07693	DL	107	6	0	1	12	1	0	1	1	8250	28	1	0	40.8507	0	0	
1.07693	DL	107	6	0	1	12	1	2	1	1	8250	28	1	0	41.2644	0	0	
1.07793	UL	107	7	0	0	13	1	01	8937	28	1	0	34.6219	0	0	
1.07793	UL	107	7	0	0	13	1	01	8937	28	1	0	34.6219	0	0	
1.07893	UL	107	8	0	0	13	1	01	8937	28	1	0	34.6219	0	0	
1.07893	UL	107	8	0	0	13	1	01	8937	28	1	0	34.6219	0	0	
1.08	DL	107	9	0	1	13	1	0	1	1	8937	28	1	0	40.8507	0	0	
1.08	DL	107	9	0	1	13	1	2	1	1	8937	28	1	0	41.2644	0	0	
1.081	DL	108	0	0	1	13	1	0	1	1	8937	28	1	0	40.8507	0	0	
1.081	DL	108	0	0	1	13	1	2	1	1	8937	28	1	0	41.2644	0	0	
1.08193	DL	108	1	0	1	12	1	0	1	1	8250	28	1	0	40.8507	0	0	
1.08193	DL	108	1	0	1	12	1	2	1	1	8250	28	1	0	41.2644	0	0	
1.08293	UL	108	2	0	0	13	1	01	8937	28	1	0	34.6219	0	0	
1.08293	UL	108	2	0	0	13	1	01	8937	28	1	0	34.6219	0	0	
1.08393	UL	108	3	0	0	13	1	01	8937	28	1	0	34.6219	0	0	
1.08393	UL	108	3	0	0	13	1	01	8937	28	1	0	34.6219	0	0	
1.085	DL	108	4	0	1	13	1	0	1	1	8937	28	1	0	40.8507	0	0	
1.085	DL	108	4	0	1	13	1	2	1	1	8937	28	1	0	41.2644	0	0	
1.086	DL	108	5	0	1	13	1	0	1	1	8937	28	1	0	40.8507	0	0	
1.086	DL	108	5	0	1	13	1	2	1	1	8937	28	1	0	41.2644	0	0	
1.08693	DL	108	6	0	1	12	1	0	1	1	8250	28	1	0	40.8507	0	0	
1.08693	DL	108	6	0	1	12	1	2	1	1	8250	28	1	0	41.2644	0	0	
1.08793	UL	108	7	0	0	13	1	01	8937	28	1	0	34.6219	0	0	
1.08793	UL	108	7	0	0	13	1	01	8937	28	1	0	34.6219	0	0	
1.08893	UL	108	8	0	0	13	1	01	8937	28	1	0	34.6219	0	0	
1.08893	UL	108	8	0	0	13	1	01	8937	28	1	0	34.6219	0	0	
1.09	DL	108	9	0	1	13	1	0	1	1	8937	28	1	0	40.8507	0	0	
1.09	DL	108	9	0	1	13	1	2	1	1	8937	28	1	0	41.2644	0	0	
1.091	DL	109	0	0	1	13	1	0	1	1	8937	28	1	0	40.8507	0	0	
1.091	DL	109	0	0	1	13	1	2	1	1	8937	28	1	0	41.2644	0	0	
1.09193	DL	109	1	0	1	12	1	0	1	1	8250	28	1	0	40.8507	0	0	
1.09193	DL	109	1	0	1	12	1	2	1	1	8250	28	1	0	41.2644	0	0	
1.09293	UL	109	2	0	0	13	1	01	8937	28	1	0	34.6219	0	0	
1.09293	UL	109	2	0	0	13	1	01	8937	28	1	0	34.6219	0	0	
1.09393	UL	109	3	0	0	13	1	01	8937	28	1	0	34.6219	0	0	
1.09393	UL	109	3	0	0	13	1	01	8937	28	1	0	34.6219	0	0	
1.095	DL	109	4	0	1	13	1	0	1	1	8937	28	1	0	40.8507	0	0	
1.095	DL	109	4	0	1	13	1	2	1	1	8937	28	1	0	41.2644	0	0	
1.096	DL	109	5	0	1	13	1	0	1	1	8937	28	1	0	40.8507	0	0	
1.096	DL	109	5	0	1	13	1	2	1	1	8937	28	1	0	41.2644	0	0	
1.09693	DL	109	6	0	1	12	1	0	1	1	8250	28	1	0	40.8507	0	0	
1.09693	DL	109	6	0	1	12	1	2	1	1	8250	28	1	0	41.2644	0	0	
1.09793	UL	109	7	0	0	13	1	01	8937	28	1	0	34.6219	0	0	
1.09793	UL	109	7	0	0	13	1	01	8937	28	1	0	34.6219	0	0	
1.09893	UL	109	8	0	0	13	1	01	8937	28	1	0	34.6219	0	0	
1.09893	UL	109	8	0	0	13	1	01	8937	28	1	0	34.6219	0	0	
1.1	DL	109	9	0	1	13	1	0	1	1	8937	28	1	0	40.8507	0	0	
1.1	DL	109	9	0	1	13	1	2	1	1	8937	28	1	0	41.2644	0	0	
1.101	DL	110	0	0	1	13	1	0	1	1	8937	28	1	0	40.8507	0	0	
1.101	DL	110	0	0	1	13	1	2	1	1	8937	28	1	0	41.2644	0	0	
1.10193	DL	110	1	0	1	12	1	0	1	1	8250	28	1	0	40.8507	0	0	
1.10193	DL	110	1	0	1	12	1	2	1	1	8250	28	1	0	41.2644	0	0	
1.10293	UL	110	2	0	0	13	1	01	8937	28	1	0	34.6219	0	0	
1.10293	UL	110	2	0	0	13	1	01	8937	28	1	0	34.6219	0	0	
1.10393	UL	110	3	0	0	13	1	01	8937	28	1	0	34.6219	0	0	
1.10393	UL	110	3	0	0	13	1	01	8937	28	1	0	34.6219	0	0	
1.105	DL	110	4	0	1	13	1	0	1	1	8937	28	1	0	40.8507	0	0	
1.105	DL	110	4	0	1	13	1	2	1	1	8937	28	1	0	41.2644	0	0	
1.106	DL	110	5	0	1	13	1	0	1	1	8937	28	1	0	40.8507	0	0	
1.106	DL	110	5	0	1	13	1	2	1	1	8937	28	1	0	41.2644	0	0	
1.10693	DL	110	6	0	1	12	1	0	1	1	8250	28	1	0	40.8507	0	0	
1.10693	DL	110	6	0	1	12	1	2	1	1	8250	28	1	0	41.2644	0	0	
1.10793	UL	110	7	0	0	13	1	01	8937	28	1	0	34.6219	0	0	
1.10793	UL	110	7	0	0	13	1	01	8937	28	1	0	34.6219	0	0	
1.10893	UL	110	8	0	0	13	1	01	8937	28	1	0	34.6219	0	0	
1.10893	UL	110	8	0	0	13	1	01	8937	28	1	0	34.6219	0	0	
1.11	DL	110	9	0	1	13	1	0	1	1	8937	28	1	0	40.8507	0	0	
1.11	DL	110	9	0	1	13	1	2	1	1	8937	28	1	0	41.2644	0	0	
1.111	DL	111	0	0	1	13	1	0	1	1	8937	28	1	0	40.8507	0	0	
1.111	DL	111	0	0	1	13	1	2	1	1	8937	28	1	0	41.2644	0	0	
1.11193	DL	111	1	0	1	12	1	0	1	1	8250	28	1	0	40.8507	0	0	
1.11193	DL	111	1	0	1	12	1	2	1	1	8250	28	1	0	41.2644	0	0	
1.11293	UL	111	2	0	0	13	1	01	8937	28	1	0	34.6219	0	0	
1.11293	UL	111	2	0	0	13	1	01	8937	28	1	0	34.6219	0	0	
1.11393	UL	111	3	0	0	13	1	01	8937	28	1	0	34.6219	0	0	
1.11393	UL	111	3	0	0	13	1	01	8937	28	1	0	34.6219	0	0	
1.115	DL	111	4	0	1	13	1	0	1	1	8937	28	1	0	40.8507	0	0	
1.115	DL	111	4	0	1	13	1	2	1	1	8937	28	1	0	41.2644	0	0	
1.116	DL	111	5	0	1	13	1	0	1	1	8937	28	1	0	40.8507	0	0	
1.116	DL	111	5	0	1	13	1	2	1	1	8937	28	1	0	41.2644	0	0	
1.11693	DL	111	6	0	1	12	1	0	1	1	8250	28	1	0	40.8507	0	0	
1.11693	DL	111	6	0	1	12	1	2	1	1	8250	28	1	0	41.2644	0	0	
1.11793	UL	111	7	0	0	13	1	01	8937	28	1	0	34.6219	0	0	
1.11793	UL	111	7	0	0	13	1	01	8937	28	1	0	34.6219	0	0	
1.11893	UL	111	8	0	0	13	1	01	8937	28	1	0	34.6219	0	0	
1.11893	UL	111	8	0	0	13	1	01	8937	28	1	0	34.6219	0	0	
1.12	DL	111	9	0	1	13	1	0	1	1	8937	28	1	0	40.8507	0	0	
1.12	DL	111	9	0	1	13	1	2	1	1	8937	28	1	0	41.2644	0	0	
1.121	DL	112	0	0	1	13	1	0	1	1	8937	28	1	0	40.8507	0	0	
1.121	DL	112	0	0	1	13	1	2	1	1	8937	28	1	0	41.2644	0	0	
1.12193	DL	112	1	0	1	12	1	0	1	1	8250	28	1	0	40.8507	0	0	
1.12193	DL	112	1	0	1	12	1	2	1	1	8250	28	1	0	41.2644	0	0	
1.12293	UL	112	2	0	0	13	1	01	8937	28	1	0	34.6219	0	0	
1.12293	UL	112	2	0	0	13	1	01	8937	28	1	0	34.6219	0	0	
1.12393	UL	112	3	0	0	13	1	01	8937	28	1	0	34.6219	0	0	
1.12393	UL	112	3	0	0	13	1	01	8937	28	1	0	34.6219	0	0	
1.125	DL	112	4	0	1	13	1	0	1	1	8937	28	1	0	40.8507	0	0	
1.125	DL	112	4	0	1	13	1	2	1	1	8937	28	1	0	41.2644	0	0	
1.126	DL	112	5	0	1	13	1	0	1	1	8937	28	1	0	40.8507	0	0	
1.126	DL	112	5	0	1	13	1	2	1	1	8937	28	1	0	41.2644	0	0	
1.12693	DL	112	6	0	1	12	1	0	1	1	8250	28	1	0	40.8507	0	0	
1.12693	DL	112	6	0	1	12	1	2	1	1	8250	28	1	0	41.2644	0	0	
1.12793	UL	112	7	0	0	13	1	01	8937	28	1	0	34.6219	0	0	
1.12793	UL	112	7	0	0	13	1	01	8937	28	1	0	34.6219	0	0	
1.12893	UL	112	8	0	0	13	1	01	8937	28	1	0	34.6219	0	0	
1.12893	UL	112	8	0	0	13	1	01	8937	28	1	0	34.6219	0	0	
1.13	DL	112	9	0	1	13	1	0	1	1	8937	28	1	0	40.8507	0	0	
1.13	DL	112	9	0	1	13	1	2	1	1	8937	28	1	0	41.2644	0	0	
1.131	DL	113	0	0	1	13	1	0	1	1	8937	28	1	0	40.8507	0	0	
1.131	DL	113	0	0	1	13	1	2	1	1	8937	28	1	0	41.2644	0	0	
1.13193	DL	113	1	0	1	12	1	0	1	1	8250	28	1	0	40.8507	0	0	
1.13193	DL	113	1	0	1	12	1	2	1	1	8250	28	1	0	41.2644	0	0	
1.13293	UL	113	2	0	0	13	1	01	8937	28	1	0	34.6219	0	0	
1.13293	UL	113	2	0	0	13	1	01	8937	28	1	0	34.6219	0	0	
1.13393	UL	113	3	0	0	13	1	01	8937	28	1	0	34.6219	0	0	
1.13393	UL	113	3	0	0	13	1	01	8937	28	1	0	34.6219	0	0	
1.135	DL	113	4	0	1	13	1	0	1	1	8937	28	1	0	40.8507	0	0	
1.135	DL	113	4	0	1	13	1	2	1	1	8937	28	1	0	41.2644	0	0	
1.136	DL	113	5	0	1	13	1	0	1	1	8937	28	1	0	40.8507	0	0	
1.136	DL	113	5	0	1	13	1	2	1	1	8937	28	1	0	41.2644	0	0	
1.13693	DL	113	6	0	1	12	1	0	1	1	8250	28	1	0	40.8507	0	0	
1.13693	DL	113	6	0	1	12	1	2	1	1	8250	28	1	0	41.2644	0	0	
1.13793	UL	113	7	0	0	13	1	01	8937	28	1	0	34.6219	0	0	
1.13793	UL	113	7	0	0	13	1	01	8937	28	1	0	34.6219	0	0	
1.13893	UL	113	8	0	0	13	1	01	8937	28	1	0	34.6219	0	0	
1.13893	UL	113	8	0	0	13	1	01	8937	28	1	0	34.6219	0	0	
1.14	DL	113	9	0	1	13	1	0	1	1	8937	28	1	0	40.8507	0	0	
1.14	DL	113	9	0	1	13	1	2	1	1	8937	28	1	0	41.2644	0	0	
1.141	DL	114	0	0	1	13	1	0	1	1	8937	28	1	0	40.8507	0	0	
1.141	DL	114	0	0	1	13	1	2	1	1	8937	28	1	0	41.2644	0	0	
1.14193	DL	114	1	0	1	12	1	0	1	1	8250	28	1	0	40.8507	0	0	
1.14193	DL	114	1	0	1	12	1	2	1	1	8250	28	1	0	41.2644	0	0	
1.14293	UL	114	2	0	0	13	1	01	8937	28	1	0	34.6219	0	0	
1.14293	UL	114	2	0	0	13	1	01	8937	28	1	0	34.6219	0	0	
1.14393	UL	114	3	0	0	13	1	01	8937	28	1	0	34.6219	0	0	
1.14393	UL	114	3	0	0	13	1	01	8937	28	1	0	34.6219	0	0	
1.145	DL	114	4	0	1	13	1	0	1	1	8937	28	1	0	40.8507	0	0	
1.145	DL	114	4	0	1	13	1	2	1	1	8937	28	1	0	41.2644	0	0	
1.146	DL	114	5	0	1	13	1	0	1	1	8937	28	1	0	40.8507	0	0	
1.146	DL	114	5	0	1	13	1	2	1	1	8937	28	1	0	41.2644	0	0	
1.14693	DL	114	6	0	1	12	1	0	1	1	8250	28	1	0	40.8507	0	0	
1.14693	DL	114	6	0	1	12	1	2	1	1	8250	28	1	0	41.2644	0	0	
1.14793	UL	114	7	0	0	13	1	01	8937	28	1	0	34.6219	0	0	
1.14793	UL	114	7	0	0	13	1	01	8937	28	1	0	34.6219	0	0	
1.14893	UL	114	8	0	0	13	1	01	8937	28	1	0	34.6219	0	0	
1.14893	UL	114	8	0	0	13	1	01	8937	28	1	0	34.6219	0	0	
1.15	DL	114	9	0	1	13	1	0	1	1	8937	28	1	0	40.8507	0	0	
1.15	DL	114	9	0	1	13	1	2	1	1	8937	28	1	0	41.2644	0	0	
1.151	DL	115	0	0	1	13	1	0	1	1	8937	28	1	0	40.8507	0	0	
1.151	DL	115	0	0	1	13	1	2	1	1	8937	28	1	0	41.2644	0	0	
1.15193	DL	115	1	0	1	12	1	0	1	1	8250	28	1	0	40.8507	0	0	
1.15193	DL	115	1	0	1	12	1	2	1	1	8250	28	1	0	41.2644	0	0	
1.15293	UL	115	2	0	0	13	1	01	8937	28	1	0	34.6219	0	0	
1.15293	UL	115	2	0	0	13	1	01	8937	28	1	0	34.6219	0	0	
1.15393	UL	115	3	0	0	13	1	01	8937	28	1	0	34.6219	0	0	
1.15393	UL	115	3	0	0	13	1	01	8937	28	1	0	34.6219	0	0	
1.155	DL	115	4	0	1	13	1	0	1	1	8937	28	1	0	40.8507	0	0	
1.155	DL	115	4	0	1	13	1	2	1	1	8937	28	1	0	41.2644	0	0	
1.156	DL	115	5	0	1	13	1	0	1	1	8937	28	1	0	40.8507	0	0	
1.156	DL	115	5	0	1	13	1	2	1	1	8937	28	1	0	41.2644	0	0	
1.15693	DL	115	6	0	1	12	1	0	1	1	8250	28	1	0	40.8507	0	0	
1.15693	DL	115	6	0	1	12	1	2	1	1	8250	28	1	0	41.2644	0	0	
1.15793	UL	115	7	0	0	13	1	01	8937	28	1	0	34.6219	0	0	
1.15793	UL	115	7	0	0	13	1	01	8937	28	1	0	34.6219	0	0	
1.15893	UL	115	8	0	0	13	1	01	8937	28	1	0	34.6219	0	0	
1.15893	UL	115	8	0	0	13	1	01	8937	28	1	0	34.6219	0	0	
1.16	DL	115	9	0	1	13	1	0	1	1	8937	28	1	0	40.8507	0	0	
1.16	DL	115	9	0	1	13	1	2	1	1	8937	28	1	0	41.2644	0	0	
1.161	DL	116	0	0	1	13	1	0	1	1	8937	28	1	0	40.8507	0	0	
1.161	DL	116	0	0	1	13	1	2	1	1	8937	28	1	0	41.2644	0	0	
1.16193	DL	116	1	0	1	12	1	0	1	1	8250	28	1	0	40.8507	0	0	
1.16193	DL	116	1	0	1	12	1	2	1	1	8250	28	1	0	41.2644	0	0	
1.16293	UL	116	2	0	0	13	1	01	8937	28	1	0	34.6219	0	0	
1.16293	UL	116	2	0	0	13	1	01	8937	28	1	0	34.6219	0	0	
1.16393	UL	116	3	0	0	13	1	01	8937	28	1	0	34.6219	0	0	
1.16393	UL	116	3	0	0	13	1	01	8937	28	1	0	34.6219	0	0	
1.165	DL	116	4	0	1	13	1	0	1	1	8937	28	1	0	40.8507	0	0	
1.165	DL	116	4	0	1	13	1	2	1	1	8937	28	1	0	41.2644	0	0	
1.166	DL	116	5	0	1	13	1	0	1	1	8937	28	1	0	40.8507	0	0	
1.166	DL	116	5	0	1	13	1	2	1	1	8937	28	1	0	41.2644	0	0	
1.16693	DL	116	6	0	1	12	1	0	1	1	8250	28	1	0	40.8507	0	0	
1.16693	DL	116	6	0	1	12	1	2	1	1	8250	28	1	0	41.2644	0	0	
1.16793	UL	116	7	0	0	13	1	01	8937	28	1	0	34.6219	0	0	
1.16793	UL	116	7	0	0	13	1	01	8937	28	1	0	34.6219	0	0	
1.16893	UL	116	8	0	0	13	1	01	8937	28	1	0	34.6219	0	0	
1.16893	UL	116	8	0	0	13	1	01	8937	28	1	0	34.6219	0	0	
1.17	DL	116	9	0	1	13	1	0	1	1	8937	28	1	0	40.8507	0	0	
1.17	DL	116	9	0	1	13	1	2	1	1	8937	28	1	0	41.2644	0	0	
1.171	DL	117	0	0	1	13	1	0	1	1	8937	28	1	0	40.8507	0	0	
1.171	DL	117	0	0	1	13	1	2	1	1	8937	28	1	0	41.2644	0	0	
1.17193	DL	117	1	0	1	12	1	0	1	1	8250	28	1	0	40.8507	0	0	
1.17193	DL	117	1	0	1	12	1	2	1	1	8250	28	1	0	41.2644	0	0	
1.17293	UL	117	2	0	0	13	1	01	8937	28	1	0	34.6219	0	0	
1.17293	UL	117	2	0	0	13	1	01	8937	28	1	0	34.6219	0	0	
1.17393	UL	117	3	0	0	13	1	01	8937	28	1	0	34.6219	0	0	
1.17393	UL	117	3	0	0	13	1	01	8937	28	1	0	34.6219	0	0	
1.175	DL	117	4	0	1	13	1	0	1	1	8937	28	1	0	40.8507	0	0	
1.175	DL	117	4	0	1	13	1	2	1	1	8937	28	1	0	41.2644	0	0	
1.176	DL	117	5	0	1	13	1	0	1	1	8937	28	1	0	40.8507	0	0	
1.176	DL	117	5	0	1	13	1	2	1	1	8937	28	1	0	41.2644	0	0	
1.17693	DL	117	6	0	1	12	1	0	1	1	8250	28	1	0	40.8507	0	0	
1.17693	DL	117	6	0	1	12	1	2	1	1	8250	28	1	0	41.2644	0	0	
1.17793	UL	117	7	0	0	13	1	01	8937	28	1	0	34.6219	0	0	
1.17793	UL	117	7	0	0	13	1	01	8937	28	1	0	34.6219	0	0	
1.18	DL	117	9	0	1	13	1	0	1	1	8937	28	1	0	40.8507	0	0	
1.18	DL	117	9	0	1	13	1	2	1	1	8937	28	1	0	41.2644	0	0	
1.181	DL	118	0	0	1	13	1	0	1	1	8937	28	1	0	40.8507	0	0	
1.181	DL	118	0	0	1	13	1	2	1	1	8937	28	1	0	41.2644	0	0	
1.18193	DL	118	1	0	1	12	1	0	1	1	8250	28	1	0	40.8507	0	0	
1.18193	DL	118	1	0	1	12	1	2	1	1	8250	28	1	0	41.2644	0	0	
1.18293	UL	118	2	0	0	13	1	01	8937	28	1	0	34.6219	0	0	
1.18293	UL	118	2	0	0	13	1	01	8937	28	1	0	34.6219	0	0	
1.18393	UL	118	3	0	0	13	1	01	8937	28	1	0	34.6219	0	0	
1.18393	UL	118	3	0	0	13	1	01	8937	28	1	0	34.6219	0	0	
1.185	DL	118	4	0	1	13	1	0	1	1	8937	28	1	0	40.8507	0	0	
1.185	DL	118	4	0	1	13	1	2	1	1	8937	28	1	0	41.2644	0	0	
1.186	DL	118	5	0	1	13	1	0	1	1	8937	28	1	0	40.8507	0	0	
1.186	DL	118	5	0	1	13	1	2	1	1	8937	28	1	0	41.2644	0	0	
1.18693	DL	118	6	0	1	12	1	0	1	1	8250	28	1	0	40.8507	0	0	
1.18693	DL	118	6	0	1	12	1	2	1	1	8250	28	1	0	41.2644	0	0	
1.18793	UL	118	7	0	0	13	1	01	8937	28	1	0	34.6219	0	0	
1.18793	UL	118	7	0	0	13	1	01	8937	28	1	0	34.6219	0	0	
1.18893	UL	118	8	0	0	13	1	01	8937	28	1	0	34.6219	0	0	
1.18893	UL	118	8	0	0	13	1	01	8937	28	1	0	34.6219	0	0	
1.19	DL	118	9	0	1	13	1	0	1	1	8937	28	1	0	40.8507	0	0	
1.19	DL	118	9	0	1	13	1	2	1	1	8937	28	1	0	41.2644	0	0	
1.191	DL	119	0	0	1	13	1	0	1	1	8937	28	1	0	40.8507	0	0	
1.191	DL	119	0	0	1	13	1	2	1	1	8937	28	1	0	41.2644	0	0	
1.19193	DL	119	1	0	1	12	1	0	1	1	8250	28	1	0	40.8507	0	0	
1.19193	DL	119	1	0	1	12	1	2	1	1	8250	28	1	0	41.2644	0	0	
1.19293	UL	119	2	0	0	13	1	01	8937	28	1	0	34.6219	0	0	
1.19293	UL	119	2	0	0	13	1	01	8937	28	1	0	34.6219	0	0	
1.19393	UL	119	3	0	0	13	1	01	8937	28	1	0	34.6219	0	0	
1.19393	UL	119	3	0	0	13	1	01	8937	28	1	0	34.6219	0	0	
1.195	DL	119	4	0	1	13	1	0	1	1	8937	28	1	0	40.8507	0	0	
1.195	DL	119	4	0	1	13	1	2	1	1	8937	28	1	0	41.2644	0	0	
1.196	DL	119	5	0	1	13	1	0	1	1	8937	28	1	0	40.8507	0	0	
1.196	DL	119	5	0	1	13	1	2	1	1	8937	28	1	0	41.2644	0	0	
1.19693	DL	119	6	0	1	12	1	0	1	1	8250	28	1	0	40.8507	0	0	
1.19693	DL	119	6	0	1	12	1	2	1	1	8250	28	1	0	41.2644	0	0	
1.19793	UL	119	7	0	0	13	1	01	8937	28	1	0	34.6219	0	0	
1.19793	UL	119	7	0	0	13	1	01	8937	28	1	0	34.6219	0	0	
1.19893	UL	119	8	0	0	13	1	01	8937	28	1	0	34.6219	0	0	
1.19893	UL	119	8	0	0	13	1	01	8937	28	1	0	34.6219	0	0	
1.2	DL	119	9	0	1	13	1	0	1	1	8937	28	1	0	40.8507	0	0	
1.2	DL	119	9	0	1	13	1	2	1	1	8937	28	1	0	41.2644	0	0	
1.201	DL	120	0	0	1	13	1	0	1	1	8937	28	1	0	40.8507	0	0	
1.201	DL	120	0	0	1	13	1	2	1	1	8937	28	1	0	41.2644	0	0	
1.20193	DL	120	1	0	1	12	1	0	1	1	8250	28	1	0	40.8507	0	0	
1.20193	DL	120	1	0	1	12	1	2	1	1	8250	28	1	0	41.2644	0	0	
1.20293	UL	120	2	0	0	13	1	01	8937	28	1	0	34.6219	0	0	
1.20293	UL	120	2	0	0	13	1	01	8937	28	1	0	34.6219	0	0	
1.20393	UL	120	3	0	0	13	1	01	8937	28	1	0	34.6219	0	0	
1.20393	UL	120	3	0	0	13	1	01	8937	28	1	0	34.6219	0	0	
1.205	DL	120	4	0	1	13	1	0	1	1	8937	28	1	0	40.8507	0	0	
1.205	DL	120	4	0	1	13	1	2	1	1	8937	28	1	0	41.2644	0	0	
1.206	DL	120	5	0	1	13	1	0	1	1	8937	28	1	0	40.8507	0	0	
1.206	DL	120	5	0	1	13	1	2	1	1	8937	28	1	0	41.2644	0	0	
1.20693	DL	120	6	0	1	12	1	0	1	1	8250	28	1	0	40.8507	0	0	
1.20693	DL	120	6	0	1	12	1	2	1	1	8250	28	1	0	41.2644	0	0	
1.20793	UL	120	7	0	0	13	1	01	8937	28	1	0	34.6219	0	0	
1.20793	UL	120	7	0	0	13	1	01	8937	28	1	0	34.6219	0	0	
1.20893	UL	120	8	0	0	13	1	01	8937	28	1	0	34.6219	0	0	
1.20893	UL	120	8	0	0	13	1	01	8937	28	1	0	34.6219	0	0	
1.21	DL	120	9	0	1	13	1	0	1	1	8937	28	1	0	40.8507	0	0	
1.21	DL	120	9	0	1	13	1	2	1	1	8937	28	1	0	41.2644	0	0	
1.211	DL	121	0	0	1	13	1	0	1	1	8937	28	1	0	40.8507	0	0	
1.211	DL	121	0	0	1	13	1	2	1	1	8937	28	1	0	41.2644	0	0	
1.21193	DL	121	1	0	1	12	1	0	1	1	8250	28	1	0	40.8507	0	0	
1.21193	DL	121	1	0	1	12	1	2	1	1	8250	28	1	0	41.2644	0	0	
1.21293	UL	121	2	0	0	13	1	01	8937	28	1	0	34.6219	0	0	
1.21293	UL	121	2	0	0	13	1	01	8937	28	1	0	34.6219	0	0	
1.21393	UL	121	3	0	0	13	1	01	8937	28	1	0	34.6219	0	0	
1.21393	UL	121	3	0	0	13	1	01	8937	28	1	0	34.6219	0	0	
1.215	DL	121	4	0	1	13	1	0	1	1	8937	28	1	0	40.8507	0	0	
1.215	DL	121	4	0	1	13	1	2	1	1	8937	28	1	0	41.2644	0	0	
1.216	DL	121	5	0	1	13	1	0	1	1	8937	28	1	0	40.8507	0	0	
1.216	DL	121	5	0	1	13	1	2	1	1	8937	28	1	0	41.2644	0	0	
1.21693	DL	121	6	0	1	12	1	0	1	1	8250	28	1	0	40.8507	0	0	
1.21693	DL	121	6	0	1	12	1	2	1	1	8250	28	1	0	41.2644	0	0	
1.21793	UL	121	7	0	0	13	1	01	8937	28	1	0	34.6219	0	0	
1.21793	UL	121	7	0	0	13	1	01	8937	28	1	0	34.6219	0	0	
1.21893	UL	121	8	0	0	13	1	01	8937	28	1	0	34.6219	0	0	
1.21893	UL	121	8	0	0	13	1	01	8937	28	1	0	34.6219	0	0	
1.22	DL	121	9	0	1	13	1	0	1	1	8937	28	1	0	40.8507	0	0	
1.22	DL	121	9	0	1	13	1	2	1	1	8937	28	1	0	41.2644	0	0	
1.221	DL	122	0	0	1	13	1	0	1	1	8937	28	1	0	40.8507	0	0	
1.221	DL	122	0	0	1	13	1	2	1	1	8937	28	1	0	41.2644	0	0	
1.22193	DL	122	1	0	1	12	1	0	1	1	8250	28	1	0	40.8507	0	0	
1.22193	DL	122	1	0	1	12	1	2	1	1	8250	28	1	0	41.2644	0	0	
1.22293	UL	122	2	0	0	13	1	01	8937	28	1	0	34.6219	0	0	
1.22293	UL	122	2	0	0	13	1	01	8937	28	1	0	34.6219	0	0	
1.22393	UL	122	3	0	0	13	1	01	8937	28	1	0	34.6219	0	0	
1.22393	UL	122	3	0	0	13	1	01	8937	28	1	0	34.6219	0	0	
1.225	DL	122	4	0	1	13	1	0	1	1	8937	28	1	0	40.8507	0	0	
1.225	DL	122	4	0	1	13	1	2	1	1	8937	28	1	0	41.2644	0	0	
1.226	DL	122	5	0	1	13	1	0	1	1	8937	28	1	0	40.8507	0	0	
1.226	DL	122	5	0	1	13	1	2	1	1	8937	28	1	0	41.2644	0	0	
1.22693	DL	122	6	0	1	12	1	0	1	1	8250	28	1	0	40.8507	0	0	
1.22693	DL	122	6	0	1	12	1	2	1	1	8250	28	1	0	41.2644	0	0	
1.22793	UL	122	7	0	0	13	1	01	8937	28	1	0	34.6219	0	0	
1.22793	UL	122	7	0	0	13	1	01	8937	28	1	0	34.6219	0	0	
1.22893	UL	122	8	0	0	13	1	01	8937	28	1	0	34.6219	0	0	
1.22893	UL	122	8	0	0	13	1	01	8937	28	1	0	34.6219	0	0	
1.23	DL	122	9	0	1	13	1	0	1	1	8937	28	1	0	40.8507	0	0	
1.23	DL	122	9	0	1	13	1	2	1	1	8937	28	1	0	41.2644	0	0	
1.231	DL	123	0	0	1	13	1	0	1	1	8937	28	1	0	40.8507	0	0	
1.231	DL	123	0	0	1	13	1	2	1	1	8937	28	1	0	41.2644	0	0	
1.23193	DL	123	1	0	1	12	1	0	1	1	8250	28	1	0	40.8507	0	0	
1.23193	DL	123	1	0	1	12	1	2	1	1	8250	28	1	0	41.2644	0	0	
1.23293	UL	123	2	0	0	13	1	01	8937	28	1	0	34.6219	0	0	
1.23293	UL	123	2	0	0	13	1	01	8937	28	1	0	34.6219	0	0	
1.23393	UL	123	3	0	0	13	1	01	8937	28	1	0	34.6219	0	0	
1.23393	UL	123	3	0	0	13	1	01	8937	28	1	0	34.6219	0	0	
1.235	DL	123	4	0	1	13	1	0	1	1	8937	28	1	0	40.8507	0	0	
1.235	DL	123	4	0	1	13	1	2	1	1	8937	28	1	0	41.2644	0	0	
1.236	DL	123	5	0	1	13	1	0	1	1	8937	28	1	0	40.8507	0	0	
1.236	DL	123	5	0	1	13	1	2	1	1	8937	28	1	0	41.2644	0	0	
1.23693	DL	123	6	0	1	12	1	0	1	1	8250	28	1	0	40.8507	0	0	
1.23693	DL	123	6	0	1	12	1	2	1	1	8250	28	1	0	41.2644	0	0	
1.23793	UL	123	7	0	0	13	1	01	8937	28	1	0	34.6219	0	0	
1.23793	UL	123	7	0	0	13	1	01	8937	28	1	0	34.6219	0	0	
1.23893	UL	123	8	0	0	13	1	01	8937	28	1	0	34.6219	0	0	
1.23893	UL	123	8	0	0	13	1	01	8937	28	1	0	34.6219	0	0	
1.24	DL	123	9	0	1	13	1	0	1	1	8937	28	1	0	40.8507	0	0	
1.24	DL	123	9	0	1	13	1	2	1	1	8937	28	1	0	41.2644	0	0	
1.241	DL	124	0	0	1	13	1	0	1	1	8937	28	1	0	40.8507	0	0	
1.241	DL	124	0	0	1	13	1	2	1	1	8937	28	1	0	41.2644	0	0	
1.24193	DL	124	1	0	1	12	1	0	1	1	8250	28	1	0	40.8507	0	0	
1.24193	DL	124	1	0	1	12	1	2	1	1	8250	28	1	0	41.2644	0	0	
1.24293	UL	124	2	0	0	13	1	01	8937	28	1	0	34.6219	0	0	
1.24293	UL	124	2	0	0	13	1	01	8937	28	1	0	34.6219	0	0	
1.24393	UL	124	3	0	0	13	1	01	8937	28	1	0	34.6219	0	0	
1.24393	UL	124	3	0	0	13	1	01	8937	28	1	0	34.6219	0	0	
1.245	DL	124	4	0	1	13	1	0	1	1	8937	28	1	0	40.8507	0	0	
1.245	DL	124	4	0	1	13	1	2	1	1	8937	28	1	0	41.2644	0	0	
1.246	DL	124	5	0	1	13	1	0	1	1	8937	28	1	0	40.8507	0	0	
1.246	DL	124	5	0	1	13	1	2	1	1	8937	28	1	0	41.2644	0	0	
1.24693	DL	124	6	0	1	12	1	0	1	1	8250	28	1	0	40.8507	0	0	
1.24693	DL	124	6	0	1	12	1	2	1	1	8250	28	1	0	41.2644	0	0	
1.24793	UL	124	7	0	0	13	1	01	8937	28	1	0	34.6219	0	0	
1.24793	UL	124	7	0	0	13	1	01	8937	28	1	0	34.6219	0	0	
1.24893	UL	124	8	0	0	13	1	01	8937	28	1	0	34.6219	0	0	
1.24893	UL	124	8	0	0	13	1	01	8937	28	1	0	34.6219	0	0	
1.25	DL	124	9	0	1	13	1	0	1	1	8937	28	1	0	40.8507	0	0	
1.25	DL	124	9	0	1	13	1	2	1	1	8937	28	1	0	41.2644	0	0	
1.251	DL	125	0	0	1	13	1	0	1	1	8937	28	1	0	40.8507	0	0	
1.251	DL	125	0	0	1	13	1	2	1	1	8937	28	1	0	41.2644	0	0	
1.25193	DL	125	1	0	1	12	1	0	1	1	8250	28	1	0	40.8507	0	0	
1.25193	DL	125	1	0	1	12	1	2	1	1	8250	28	1	0	41.2644	0	0	
1.25293	UL	125	2	0	0	13	1	01	8937	28	1	0	34.6219	0	0	
1.25293	UL	125	2	0	0	13	1	01	8937	28	1	0	34.6219	0	0	
1.25393	UL	125	3	0	0	13	1	01	8937	28	1	0	34.6219	0	0	
1.25393	UL	125	3	0	0	13	1	01	8937	28	1	0	34.6219	0	0	
1.255	DL	125	4	0	1	13	1	0	1	1	8937	28	1	0	40.8507	0	0	
1.255	DL	125	4	0	1	13	1	2	1	1	8937	28	1	0	41.2644	0	0	
1.256	DL	125	5	0	1	13	1	0	1	1	8937	28	1	0	40.8507	0	0	
1.256	DL	125	5	0	1	13	1	2	1	1	8937	28	1	0	41.2644	0	0	
1.25693	DL	125	6	0	1	12	1	0	1	1	8250	28	1	0	40.8507	0	0	
1.25693	DL	125	6	0	1	12	1	2	1	1	8250	28	1	0	41.2644	0	0	
1.25793	UL	125	7	0	0	13	1	01	8937	28	1	0	34.6219	0	0	
1.25793	UL	125	7	0	0	13	1	01	8937	28	1	0	34.6219	0	0	
1.25893	UL	125	8	0	0	13	1	01	8937	28	1	0	34.6219	0	0	
1.25893	UL	125	8	0	0	13	1	01	8937	28	1	0	34.6219	0	0	
1.26	DL	125	9	0	1	13	1	0	1	1	8937	28	1	0	40.8507	0	0	
1.26	DL	125	9	0	1	13	1	2	1	1	8937	28	1	0	41.2644	0	0	
1.261	DL	126	0	0	1	13	1	0	1	1	8937	28	1	0	40.8507	0	0	
1.261	DL	126	0	0	1	13	1	2	1	1	8937	28	1	0	41.2644	0	0	
1.26193	DL	126	1	0	1	12	1	0	1	1	8250	28	1	0	40.8507	0	0	
1.26193	DL	126	1	0	1	12	1	2	1	1	8250	28	1	0	41.2644	0	0	
1.26293	UL	126	2	0	0	13	1	01	8937	28	1	0	34.6219	0	0	
1.26293	UL	126	2	0	0	13	1	01	8937	28	1	0	34.6219	0	0	
1.26393	UL	126	3	0	0	13	1	01	8937	28	1	0	34.6219	0	0	
1.26393	UL	126	3	0	0	13	1	01	8937	28	1	0	34.6219	0	0	
1.265	DL	126	4	0	1	13	1	0	1	1	8937	28	1	0	40.8507	0	0	
1.265	DL	126	4	0	1	13	1	2	1	1	8937	28	1	0	41.2644	0	0	
1.266	DL	126	5	0	1	13	1	0	1	1	8937	28	1	0	40.8507	0	0	
1.266	DL	126	5	0	1	13	1	2	1	1	8937	28	1	0	41.2644	0	0	
1.26693	DL	126	6	0	1	12	1	0	1	1	8250	28	1	0	40.8507	0	0	
1.26693	DL	126	6	0	1	12	1	2	1	1	8250	28	1	0	41.2644	0	0	
1.26793	UL	126	7	0	0	13	1	01	8937	28	1	0	34.6219	0	0	
1.26793	UL	126	7	0	0	13	1	01	8937	28	1	0	34.6219	0	0	
1.26893	UL	126	8	0	0	13	1	01	8937	28	1	0	34.6219	0	0	
1.26893	UL	126	8	0	0	13	1	01	8937	28	1	0	34.6219	0	0	
1.27	DL	126	9	0	1	13	1	0	1	1	8937	28	1	0	40.8507	0	0	
1.27	DL	126	9	0	1	13	1	2	1	1	8937	28	1	0	41.2644	0	0	
1.271	DL	127	0	0	1	13	1	0	1	1	8937	28	1	0	40.8507	0	0	
1.271	DL	127	0	0	1	13	1	2	1	1	8937	28	1	0	41.2644	0	0	
1.27193	DL	127	1	0	1	12	1	0	1	1	8250	28	1	0	40.8507	0	0	
1.27193	DL	127	1	0	1	12	1	2	1	1	8250	28	1	0	41.2644	0	0	
1.27293	UL	127	2	0	0	13	1	01	8937	28	1	0	34.6219	0	0	
1.27293	UL	127	2	0	0	13	1	01	8937	28	1	0	34.6219	0	0	
1.27393	UL	127	3	0	0	13	1	01	8937	28	1	0	34.6219	0	0	
1.27393	UL	127	3	0	0	13	1	01	8937	28	1	0	34.6219	0	0	
1.275	DL	127	4	0	1	13	1	0	1	1	8937	28	1	0	40.8507	0	0	
1.275	DL	127	4	0	1	13	1	2	1	1	8937	28	1	0	41.2644	0	0	
1.276	DL	127	5	0	1	13	1	0	1	1	8937	28	1	0	40.8507	0	0	
1.276	DL	127	5	0	1	13	1	2	1	1	8937	28	1	0	41.2644	0	0	
1.27693	DL	127	6	0	1	12	1	0	1	1	8250	28	1	0	40.8507	0	0	
1.27693	DL	127	6	0	1	12	1	2	1	1	8250	28	1	0	41.2644	0	0	
1.27793	UL	127	7	0	0	13	1	01	8937	28	1	0	34.6219	0	0	
1.27793	UL	127	7	0	0	13	1	01	8937	28	1	0	34.6219	0	0	
1.27893	UL	127	8	0	0	13	1	01	8937	28	1	0	34.6219	0	0	
1.27893	UL	127	8	0	0	13	1	01	8937	28	1	0	34.6219	0	0	
1.28	DL	127	9	0	1	13	1	0	1	1	8937	28	1	0	40.8507	0	0	
1.28	DL	127	9	0	1	13	1	2	1	1	8937	28	1	0	41.2644	0	0	
1.281	DL	128	0	0	1	13	1	0	1	1	8937	28	1	0	40.8507	0	0	
1.281	DL	128	0	0	1	13	1	2	1	1	8937	28	1	0	41.2644	0	0	
1.28193	DL	128	1	0	1	12	1	0	1	1	8250	28	1	0	40.8507	0	0	
1.28193	DL	128	1	0	1	12	1	2	1	1	8250	28	1	0	41.2644	0	0	
1.28293	UL	128	2	0	0	13	1	01	8937	28	1	0	34.6219	0	0	
1.28293	UL	128	2	0	0	13	1	01	8937	28	1	0	34.6219	0	0	
1.28393	UL	128	3	0	0	13	1	01	8937	28	1	0	34.6219	0	0	
1.28393	UL	128	3	0	0	13	1	01	8937	28	1	0	34.6219	0	0	
1.285	DL	128	4	0	1	13	1	0	1	1	8937	28	1	0	40.8507	0	0	
1.285	DL	128	4	0	1	13	1	2	1	1	8937	28	1	0	41.2644	0	0	
1.286	DL	128	5	0	1	13	1	0	1	1	8937	28	1	0	40.8507	0	0	
1.286	DL	128	5	0	1	13	1	2	1	1	8937	28	1	0	41.2644	0	0	
1.28693	DL	128	6	0	1	12	1	0	1	1	8250	28	1	0	40.8507	0	0	
1.28693	DL	128	6	0	1	12	1	2	1	1	8250	28	1	0	41.2644	0	0	
1.28793	UL	128	7	0	0	13	1	01	8937	28	1	0	34.6219	0	0	
1.28793	UL	128	7	0	0	13	1	01	8937	28	1	0	34.6219	0	0	
1.28893	UL	128	8	0	0	13	1	01	8937	28	1	0	34.6219	0	0	
1.28893	UL	128	8	0	0	13	1	01	8937	28	1	0	34.6219	0	0	
1.29	DL	128	9	0	1	13	1	0	1	1	8937	28	1	0	40.8507	0	0	
1.29	DL	128	9	0	1	13	1	2	1	1	8937	28	1	0	41.2644	0	0	
1.291	DL	129	0	0	1	13	1	0	1	1	8937	28	1	0	40.8507	0	0	
1.291	DL	129	0	0	1	13	1	2	1	1	8937	28	1	0	41.2644	0	0	
1.29193	DL	129	1	0	1	12	1	0	1	1	8250	28	1	0	40.8507	0	0	
1.29193	DL	129	1	0	1	12	1	2	1	1	8250	28	1	0	41.2644	0	0	
1.29293	UL	129	2	0	0	13	1	01	8937	28	1	0	34.6219	0	0	
1.29293	UL	129	2	0	0	13	1	01	8937	28	1	0	34.6219	0	0	
1.29393	UL	129	3	0	0	13	1	01	8937	28	1	0	34.6219	0	0	
1.29393	UL	129	3	0	0	13	1	01	8937	28	1	0	34.6219	0	0	
1.295	DL	129	4	0	1	13	1	0	1	1	8937	28	1	0	40.8507	0	0	
1.295	DL	129	4	0	1	13	1	2	1	1	8937	28	1	0	41.2644	0	0	
1.296	DL	129	5	0	1	13	1	0	1	1	8937	28	1	0	40.8507	0	0	
1.296	DL	129	5	0	1	13	1	2	1	1	8937	28	1	0	41.2644	0	0	
1.29693	DL	129	6	0	1	12	1	0	1	1	8250	28	1	0	40.8507	0	0	
1.29693	DL	129	6	0	1	12	1	2	1	1	8250	28	1	0	41.2644	0	0	
1.29793	UL	129	7	0	0	13	1	01	8937	28	1	0	34.6219	0	0	
1.29793	UL	129	7	0	0	13	1	01	8937	28	1	0	34.6219	0	0	
1.29893	UL	129	8	0	0	13	1	01	8937	28	1	0	34.6219	0	0	
1.29893	UL	129	8	0	0	13	1	01	8937	28	1	0	34.6219	0	0	
1.3	DL	129	9	0	1	13	1	0	1	1	8937	28	1	0	40.8507	0	0	
1.3	DL	129	9	0	1	13	1	2	1	1	8937	28	1	0	41.2644	0	0	
1.301	DL	130	0	0	1	13	1	0	1	1	8937	28	1	0	40.8507	0	0	
1.301	DL	130	0	0	1	13	1	2	1	1	8937	28	1	0	41.2644	0	0	
1.30193	DL	130	1	0	1	12	1	0	1	1	8250	28	1	0	40.8507	0	0	
1.30193	DL	130	1	0	1	12	1	2	1	1	8250	28	1	0	41.2644	0	0	
1.30293	UL	130	2	0	0	13	1	01	8937	28	1	0	34.6219	0	0	
1.30293	UL	130	2	0	0	13	1	01	8937	28	1	0	34.6219	0	0	
1.30393	UL	130	3	0	0	13	1	01	8937	28	1	0	34.6219	0	0	
1.30393	UL	130	3	0	0	13	1	01	8937	28	1	0	34.6219	0	0	
1.305	DL	130	4	0	1	13	1	0	1	1	8937	28	1	0	40.8507	0	0	
1.305	DL	130	4	0	1	13	1	2	1	1	8937	28	1	0	41.2644	0	0	
1.306	DL	130	5	0	1	13	1	0	1	1	8937	28	1	0	40.8507	0	0	
1.306	DL	130	5	0	1	13	1	2	1	1	8937	28	1	0	41.2644	0	0	
1.30693	DL	130	6	0	1	12	1	0	1	1	8250	28	1	0	40.8507	0	0	
1.30693	DL	130	6	0	1	12	1	2	1	1	8250	28	1	0	41.2644	0	0	
1.30793	UL	130	7	0	0	13	1	01	8937	28	1	0	34.6219	0	0	
1.30793	UL	130	7	0	0	13	1	01	8937	28	1	0	34.6219	0	0	
1.30893	UL	130	8	0	0	13	1	01	8937	28	1	0	34.6219	0	0	
1.30893	UL	130	8	0	0	13	1	01	8937	28	1	0	34.6219	0	0	
1.31	DL	130	9	0	1	13	1	0	1	1	8937	28	1	0	40.8507	0	0	
1.31	DL	130	9	0	1	13	1	2	1	1	8937	28	1	0	41.2644	0	0	
1.311	DL	131	0	0	1	13	1	0	1	1	8937	28	1	0	40.8507	0	0	
1.311	DL	131	0	0	1	13	1	2	1	1	8937	28	1	0	41.2644	0	0	
1.31193	DL	131	1	0	1	12	1	0	1	1	8250	28	1	0	40.8507	0	0	
1.31193	DL	131	1	0	1	12	1	2	1	1	8250	28	1	0	41.2644	0	0	
1.31293	UL	131	2	0	0	13	1	01	8937	28	1	0	34.6219	0	0	
1.31293	UL	131	2	0	0	13	1	01	8937	28	1	0	34.6219	0	0	
1.31393	UL	131	3	0	0	13	1	01	8937	28	1	0	34.6219	0	0	
1.31393	UL	131	3	0	0	13	1	01	8937	28	1	0	34.6219	0	0	
1.315	DL	131	4	0	1	13	1	0	1	1	8937	28	1	0	40.8507	0	0	
1.315	DL	131	4	0	1	13	1	2	1	1	8937	28	1	0	41.2644	0	0	
1.316	DL	131	5	0	1	13	1	0	1	1	8937	28	1	0	40.8507	0	0	
1.316	DL	131	5	0	1	13	1	2	1	1	8937	28	1	0	41.2644	0	0	
1.31693	DL	131	6	0	1	12	1	0	1	1	8250	28	1	0	40.8507	0	0	
1.31693	DL	131	6	0	1	12	1	2	1	1	8250	28	1	0	41.2644	0	0	
1.31793	UL	131	7	0	0	13	1	01	8937	28	1	0	34.6219	0	0	
1.31793	UL	131	7	0	0	13	1	01	8937	28	1	0	34.6219	0	0	
1.31893	UL	131	8	0	0	13	1	01	8937	28	1	0	34.6219	0	0	
1.31893	UL	131	8	0	0	13	1	01	8937	28	1	0	34.6219	0	0	
1.32	DL	131	9	0	1	13	1	0	1	1	8937	28	1	0	40.8507	0	0	
1.32	DL	131	9	0	1	13	1	2	1	1	8937	28	1	0	41.2644	0	0	
1.321	DL	132	0	0	1	13	1	0	1	1	8937	28	1	0	40.8507	0	0	
1.321	DL	132	0	0	1	13	1	2	1	1	8937	28	1	0	41.2644	0	0	
1.32193	DL	132	1	0	1	12	1	0	1	1	8250	28	1	0	40.8507	0	0	
1.32193	DL	132	1	0	1	12	1	2	1	1	8250	28	1	0	41.2644	0	0	
1.32293	UL	132	2	0	0	13	1	01	8937	28	1	0	34.6219	0	0	
1.32293	UL	132	2	0	0	13	1	01	8937	28	1	0	34.6219	0	0	
1.32393	UL	132	3	0	0	13	1	01	8937	28	1	0	34.6219	0	0	
1.32393	UL	132	3	0	0	13	1	01	8937	28	1	0	34.6219	0	0	
1.325	DL	132	4	0	1	13	1	0	1	1	8937	28	1	0	40.8507	0	0	
1.325	DL	132	4	0	1	13	1	2	1	1	8937	28	1	0	41.2644	0	0	
1.326	DL	132	5	0	1	13	1	0	1	1	8937	28	1	0	40.8507	0	0	
1.326	DL	132	5	0	1	13	1	2	1	1	8937	28	1	0	41.2644	0	0	
1.32693	DL	132	6	0	1	12	1	0	1	1	8250	28	1	0	40.8507	0	0	
1.32693	DL	132	6	0	1	12	1	2	1	1	8250	28	1	0	41.2644	0	0	
1.32793	UL	132	7	0	0	13	1	01	8937	28	1	0	34.6219	0	0	
1.32793	UL	132	7	0	0	13	1	01	8937	28	1	0	34.6219	0	0	
1.32893	UL	132	8	0	0	13	1	01	8937	28	1	0	34.6219	0	0	
1.32893	UL	132	8	0	0	13	1	01	8937	28	1	0	34.6219	0	0	
1.33	DL	132	9	0	1	13	1	0	1	1	8937	28	1	0	40.8507	0	0	
1.33	DL	132	9	0	1	13	1	2	1	1	8937	28	1	0	41.2644	0	0	
1.331	DL	133	0	0	1	13	1	0	1	1	8937	28	1	0	40.8507	0	0	
1.331	DL	133	0	0	1	13	1	2	1	1	8937	28	1	0	41.2644	0	0	
1.33193	DL	133	1	0	1	12	1	0	1	1	8250	28	1	0	40.8507	0	0	
1.33193	DL	133	1	0	1	12	1	2	1	1	8250	28	1	0	41.2644	0	0	
1.33293	UL	133	2	0	0	13	1	01	8937	28	1	0	34.6219	0	0	
1.33293	UL	133	2	0	0	13	1	01	8937	28	1	0	34.6219	0	0	
1.33393	UL	133	3	0	0	13	1	01	8937	28	1	0	34.6219	0	0	
1.33393	UL	133	3	0	0	13	1	01	8937	28	1	0	34.6219	0	0	
1.335	DL	133	4	0	1	13	1	0	1	1	8937	28	1	0	40.8507	0	0	
1.335	DL	133	4	0	1	13	1	2	1	1	8937	28	1	0	41.2644	0	0	
1.336	DL	133	5	0	1	13	1	0	1	1	8937	28	1	0	40.8507	0	0	
1.336	DL	133	5	0	1	13	1	2	1	1	8937	28	1	0	41.2644	0	0	
1.33693	DL	133	6	0	1	12	1	0	1	1	8250	28	1	0	40.8507	0	0	
1.33693	DL	133	6	0	1	12	1	2	1	1	8250	28	1	0	41.2644	0	0	
1.33793	UL	133	7	0	0	13	1	01	8937	28	1	0	34.6219	0	0	
1.33793	UL	133	7	0	0	13	1	01	8937	28	1	0	34.6219	0	0	
1.33893	UL	133	8	0	0	13	1	01	8937	28	1	0	34.6219	0	0	
1.33893	UL	133	8	0	0	13	1	01	8937	28	1	0	34.6219	0	0	
1.34	DL	133	9	0	1	13	1	0	1	1	8937	28	1	0	40.8507	0	0	
1.34	DL	133	9	0	1	13	1	2	1	1	8937	28	1	0	41.2644	0	0	
1.341	DL	134	0	0	1	13	1	0	1	1	8937	28	1	0	40.8507	0	0	
1.341	DL	134	0	0	1	13	1	2	1	1	8937	28	1	0	41.2644	0	0	
1.34193	DL	134	1	0	1	12	1	0	1	1	8250	28	1	0	40.8507	0	0	
1.34193	DL	134	1	0	1	12	1	2	1	1	8250	28	1	0	41.2644	0	0	
1.34293	UL	134	2	0	0	13	1	01	8937	28	1	0	34.6219	0	0	
1.34293	UL	134	2	0	0	13	1	01	8937	28	1	0	34.6219	0	0	
1.34393	UL	134	3	0	0	13	1	01	8937	28	1	0	34.6219	0	0	
1.34393	UL	134	3	0	0	13	1	01	8937	28	1	0	34.6219	0	0	
1.345	DL	134	4	0	1	13	1	0	1	1	8937	28	1	0	40.8507	0	0	
1.345	DL	134	4	0	1	13	1	2	1	1	8937	28	1	0	41.2644	0	0	
1.346	DL	134	5	0	1	13	1	0	1	1	8937	28	1	0	40.8507	0	0	
1.346	DL	134	5	0	1	13	1	2	1	1	8937	28	1	0	41.2644	0	0	
1.34693	DL	134	6	0	1	12	1	0	1	1	8250	28	1	0	40.8507	0	0	
1.34693	DL	134	6	0	1	12	1	2	1	1	8250	28	1	0	41.2644	0	0	
1.34793	UL	134	7	0	0	13	1	01	8937	28	1	0	34.6219	0	0	
1.34793	UL	134	7	0	0	13	1	01	8937	28	1	0	34.6219	0	0	
1.34893	UL	134	8	0	0	13	1	01	8937	28	1	0	34.6219	0	0	
1.34893	UL	134	8	0	0	13	1	01	8937	28	1	0	34.6219	0	0	
1.35	DL	134	9	0	1	13	1	0	1	1	8937	28	1	0	40.8507	0	0	
1.35	DL	134	9	0	1	13	1	2	1	1	8937	28	1	0	41.2644	0	0	
1.351	DL	135	0	0	1	13	1	0	1	1	8937	28	1	0	40.8507	0	0	
1.351	DL	135	0	0	1	13	1	2	1	1	8937	28	1	0	41.2644	0	0	
1.35193	DL	135	1	0	1	12	1	0	1	1	8250	28	1	0	40.8507	0	0	
1.35193	DL	135	1	0	1	12	1	2	1	1	8250	28	1	0	41.2644	0	0	
1.35293	UL	135	2	0	0	13	1	01	8937	28	1	0	34.6219	0	0	
1.35293	UL	135	2	0	0	13	1	01	8937	28	1	0	34.6219	0	0	
1.35393	UL	135	3	0	0	13	1	01	8937	28	1	0	34.6219	0	0	
1.35393	UL	135	3	0	0	13	1	01	8937	28	1	0	34.6219	0	0	
1.355	DL	135	4	0	1	13	1	0	1	1	8937	28	1	0	40.8507	0	0	
1.355	DL	135	4	0	1	13	1	2	1	1	8937	28	1	0	41.2644	0	0	
1.356	DL	135	5	0	1	13	1	0	1	1	8937	28	1	0	40.8507	0	0	
1.356	DL	135	5	0	1	13	1	2	1	1	8937	28	1	0	41.2644	0	0	
1.35693	DL	135	6	0	1	12	1	0	1	1	8250	28	1	0	40.8507	0	0	
1.35693	DL	135	6	0	1	12	1	2	1	1	8250	28	1	0	41.2644	0	0	
1.35793	UL	135	7	0	0	13	1	01	8937	28	1	0	34.6219	0	0	
1.35793	UL	135	7	0	0	13	1	01	8937	28	1	0	34.6219	0	0	
1.35893	UL	135	8	0	0	13	1	01	8937	28	1	0	34.6219	0	0	
1.35893	UL	135	8	0	0	13	1	01	8937	28	1	0	34.6219	0	0	
1.36	DL	135	9	0	1	13	1	0	1	1	8937	28	1	0	40.8507	0	0	
1.36	DL	135	9	0	1	13	1	2	1	1	8937	28	1	0	41.2644	0	0	
1.361	DL	136	0	0	1	13	1	0	1	1	8937	28	1	0	40.8507	0	0	
1.361	DL	136	0	0	1	13	1	2	1	1	8937	28	1	0	41.2644	0	0	
1.36193	DL	136	1	0	1	12	1	0	1	1	8250	28	1	0	40.8507	0	0	
1.36193	DL	136	1	0	1	12	1	2	1	1	8250	28	1	0	41.2644	0	0	
1.36293	UL	136	2	0	0	13	1	01	8937	28	1	0	34.6219	0	0	
1.36293	UL	136	2	0	0	13	1	01	8937	28	1	0	34.6219	0	0	
1.36393	UL	136	3	0	0	13	1	01	8937	28	1	0	34.6219	0	0	
1.36393	UL	136	3	0	0	13	1	01	8937	28	1	0	34.6219	0	0	
1.365	DL	136	4	0	1	13	1	0	1	1	8937	28	1	0	40.8507	0	0	
1.365	DL	136	4	0	1	13	1	2	1	1	8937	28	1	0	41.2644	0	0	
1.366	DL	136	5	0	1	13	1	0	1	1	8937	28	1	0	40.8507	0	0	
1.366	DL	136	5	0	1	13	1	2	1	1	8937	28	1	0	41.2644	0	0	
1.36693	DL	136	6	0	1	12	1	0	1	1	8250	28	1	0	40.8507	0	0	
1.36693	DL	136	6	0	1	12	1	2	1	1	8250	28	1	0	41.2644	0	0	
1.36793	UL	136	7	0	0	13	1	01	8937	28	1	0	34.6219	0	0	
1.36793	UL	136	7	0	0	13	1	01	8937	28	1	0	34.6219	0	0	
1.36893	UL	136	8	0	0	13	1	01	8937	28	1	0	34.6219	0	0	
1.36893	UL	136	8	0	0	13	1	01	8937	28	1	0	34.6219	0	0	
1.37	DL	136	9	0	1	13	1	0	1	1	8937	28	1	0	40.8507	0	0	
1.37	DL	136	9	0	1	13	1	2	1	1	8937	28	1	0	41.2644	0	0	
1.371	DL	137	0	0	1	13	1	0	1	1	8937	28	1	0	40.8507	0	0	
1.371	DL	137	0	0	1	13	1	2	1	1	8937	28	1	0	41.2644	0	0	
1.37193	DL	137	1	0	1	12	1	0	1	1	8250	28	1	0	40.8507	0	0	
1.37193	DL	137	1	0	1	12	1	2	1	1	8250	28	1	0	41.2644	0	0	
1.37293	UL	137	2	0	0	13	1	01	8937	28	1	0	34.6219	0	0	
1.37293	UL	137	2	0	0	13	1	01	8937	28	1	0	34.6219	0	0	
1.37393	UL	137	3	0	0	13	1	01	8937	28	1	0	34.6219	0	0	
1.37393	UL	137	3	0	0	13	1	01	8937	28	1	0	34.6219	0	0	
1.375	DL	137	4	0	1	13	1	0	1	1	8937	28	1	0	40.8507	0	0	
1.375	DL	137	4	0	1	13	1	2	1	1	8937	28	1	0	41.2644	0	0	
1.376	DL	137	5	0	1	13	1	0	1	1	8937	28	1	0	40.8507	0	0	
1.376	DL	137	5	0	1	13	1	2	1	1	8937	28	1	0	41.2644	0	0	
1.37693	DL	137	6	0	1	12	1	0	1	1	8250	28	1	0	40.8507	0	0	
1.37693	DL	137	6	0	1	12	1	2	1	1	8250	28	1	0	41.2644	0	0	
1.37793	UL	137	7	0	0	13	1	01	8937	28	1	0	34.6219	0	0	
1.37793	UL	137	7	0	0	13	1	01	8937	28	1	0	34.6219	0	0	
1.38	DL	137	9	0	1	13	1	0	1	1	8937	28	1	0	40.8507	0	0	
1.38	DL	137	9	0	1	13	1	2	1	1	8937	28	1	0	41.2644	0	0	
1.381	DL	138	0	0	1	13	1	0	1	1	8937	28	1	0	40.8507	0	0	
1.381	DL	138	0	0	1	13	1	2	1	1	8937	28	1	0	41.2644	0	0	
1.38193	DL	138	1	0	1	12	1	0	1	1	8250	28	1	0	40.8507	0	0	
1.38193	DL	138	1	0	1	12	1	2	1	1	8250	28	1	0	41.2644	0	0	
1.38293	UL	138	2	0	0	13	1	01	8937	28	1	0	34.6219	0	0	
1.38293	UL	138	2	0	0	13	1	01	8937	28	1	0	34.6219	0	0	
1.38393	UL	138	3	0	0	13	1	01	8937	28	1	0	34.6219	0	0	
1.38393	UL	138	3	0	0	13	1	01	8937	28	1	0	34.6219	0	0	
1.385	DL	138	4	0	1	13	1	0	1	1	8937	28	1	0	40.8507	0	0	
1.385	DL	138	4	0	1	13	1	2	1	1	8937	28	1	0	41.2644	0	0	
1.386	DL	138	5	0	1	13	1	0	1	1	8937	28	1	0	40.8507	0	0	
1.386	DL	138	5	0	1	13	1	2	1	1	8937	28	1	0	41.2644	0	0	
1.38693	DL	138	6	0	1	12	1	0	1	1	8250	28	1	0	40.8507	0	0	
1.38693	DL	138	6	0	1	12	1	2	1	1	8250	28	1	0	41.2644	0	0	
1.38793	UL	138	7	0	0	13	1	01	8937	28	1	0	34.6219	0	0	
1.38793	UL	138	7	0	0	13	1	01	8937	28	1	0	34.6219	0	0	
1.38893	UL	138	8	0	0	13	1	01	8937	28	1	0	34.6219	0	0	
1.38893	UL	138	8	0	0	13	1	01	8937	28	1	0	34.6219	0	0	
1.39	DL	138	9	0	1	13	1	0	1	1	8937	28	1	0	40.8507	0	0	
1.39	DL	138	9	0	1	13	1	2	1	1	8937	28	1	0	41.2644	0	0	
1.391	DL	139	0	0	1	13	1	0	1	1	8937	28	1	0	40.8507	0	0	
1.391	DL	139	0	0	1	13	1	2	1	1	8937	28	1	0	41.2644	0	0	
1.39193	DL	139	1	0	1	12	1	0	1	1	8250	28	1	0	40.8507	0	0	
1.39193	DL	139	1	0	1	12	1	2	1	1	8250	28	1	0	41.2644	0	0	
1.39293	UL	139	2	0	0	13	1	01	8937	28	1	0	34.6219	0	0	
1.39293	UL	139	2	0	0	13	1	01	8937	28	1	0	34.6219	0	0	
1.39393	UL	139	3	0	0	13	1	01	8937	28	1	0	34.6219	0	0	
1.39393	UL	139	3	0	0	13	1	01	8937	28	1	0	34.6219	0	0	
1.395	DL	139	4	0	1	13	1	0	1	1	8937	28	1	0	40.8507	0	0	
1.395	DL	139	4	0	1	13	1	2	1	1	8937	28	1	0	41.2644	0	0	
1.396	DL	139	5	0	1	13	1	0	1	1	8937	28	1	0	40.8507	0	0	
1.396	DL	139	5	0	1	13	1	2	1	1	8937	28	1	0	41.2644	0	0	
1.39693	DL	139	6	0	1	12	1	0	1	1	8250	28	1	0	40.8507	0	0	
1.39693	DL	139	6	0	1	12	1	2	1	1	8250	28	1	0	41.2644	0	0	
1.39793	UL	139	7	0	0	13	1	01	8937	28	1	0	34.6219	0	0	
1.39793	UL	139	7	0	0	13	1	01	8937	28	1	0	34.6219	0	0	
1.39893	UL	139	8	0	0	13	1	01	8937	28	1	0	34.6219	0	0	
1.39893	UL	139	8	0	0	13	1	01	8937	28	1	0	34.6219	0	0	
1.4	DL	139	9	0	1	13	1	0	1	1	8937	28	1	0	40.8507	0	0	
1.4	DL	139	9	0	1	13	1	2	1	1	8937	28	1	0	41.2644	0	0	
