1.05294	0	0	0	0	
1.157	0	1200	1200	0	
1.15874	0	2400	2400	0	
1.16083	1	0	0	0	
1.16295	1	1456	1456	0	
1.16295	1	1460	1460	0	
1.16746	1	2905	2905	0	
1.16746	1	2920	2920	0	
1.17746	1	4354	4354	0	
1.17746	1	4380	4380	0	
pathID: 1,address: 00-07-0a:01:07:02:02:c0:00
transport convert done
2.43361	1	5803	5803	0	
2.43361	1	5840	5840	0	
2.43575	1	7252	7252	0	
2.43575	1	7300	7300	0	
2.43789	1	8701	8701	0	
2.43789	1	8760	8760	0	
2.44003	1	10150	10150	0	
2.44003	1	10220	10220	0	
2.44216	1	11598	11598	0	
2.44216	1	11680	11680	0	
2.4443	1	13046	13046	0	
2.4443	1	13140	13140	0	
2.44654	1	14494	14494	0	
2.44654	1	14600	14600	0	
2.44867	1	15942	15942	0	
2.44867	1	16060	16060	0	
2.45091	1	17390	17390	0	
2.45091	1	17520	17520	0	
2.45386	1	18834	18834	0	
2.45386	1	18980	18980	0	
2.54154	1	20278	20278	0	
2.54154	1	20440	20440	0	
2.54871	1	21722	21722	0	
2.54871	1	21900	21900	0	
2.55085	1	23166	23166	0	
2.55085	1	23360	23360	0	
2.55154	1	24610	36162	0	
2.55154	1	24610	36500	338	
2.55299	1	24610	24610	1444	
2.55299	1	24820	24820	1444	
2.55513	1	26054	26054	1444	
2.55513	1	26280	26280	1444	
2.55726	1	27498	27498	1444	
2.55726	1	27740	27740	1444	
2.5594	1	28942	28942	1444	
2.5594	1	29200	29200	1444	
2.56154	1	30386	30386	1444	
2.56154	1	30660	30660	1444	
2.56368	1	31830	31830	1444	
2.56368	1	32120	32120	1444	
2.56583	1	33274	33274	1444	
2.56583	1	33580	33580	1444	
2.56787	1	34718	50602	1444	
2.56787	1	34718	51100	1942	
2.56797	1	34718	34718	2888	
2.56797	1	35040	35040	2888	
2.5702	1	37606	37606	1444	
2.5702	1	37960	37960	1444	
2.57234	1	39050	39050	1444	
2.57234	1	39420	39420	1444	
2.57448	1	40494	40494	1444	
2.57448	1	40880	40880	1444	
2.57661	1	41938	41938	1444	
2.57661	1	42340	42340	1444	
2.57875	1	43382	43382	1444	
2.57875	1	43800	43800	1444	
2.58089	1	44826	44826	1444	
2.58089	1	45260	45260	1444	
2.58303	1	46270	46270	1444	
2.58303	1	46720	46720	1444	
2.58517	1	47714	47714	1444	
2.58517	1	48180	48180	1444	
2.58731	1	49158	49158	1444	
2.58731	1	49640	49640	1444	
2.58955	1	52046	52046	0	
2.58955	1	52560	52560	0	
2.62138	0	0	0	0	
2.62356	0	1460	1460	0	
2.62574	0	2920	2920	0	
2.62792	0	4380	4380	0	
2.6301	0	5840	5840	0	
2.63228	0	7300	7300	0	
2.63446	0	8760	8760	0	
2.63664	0	10220	10220	0	
2.63882	0	11680	11680	0	
2.641	0	13140	13140	0	
2.64317	0	14600	14600	0	
2.64535	0	16060	16060	0	
2.64753	0	17520	17520	0	
2.64971	0	18980	18980	0	
2.6519	0	20440	20440	0	
2.65408	0	21900	21900	0	
2.65626	0	23360	23360	0	
2.65739	1	53490	53490	0	
2.65739	1	54020	54020	0	
2.65805	1	54934	59266	0	
2.65805	1	54934	59860	594	
2.65844	0	24820	24820	0	
2.65953	1	54934	54934	1444	
2.65953	1	55480	55480	1444	
2.66043	1	56378	60710	1444	
2.66043	1	56378	61320	2054	
2.66062	0	26280	26280	0	
2.66167	1	56378	56378	2888	
2.66167	1	56940	56940	2888	
2.66281	0	27740	27740	0	
2.66381	1	57822	57822	2888	
2.66381	1	58400	58400	2888	
2.66499	0	29200	29200	0	
2.66595	1	62154	62154	0	
2.66595	1	62780	62780	0	
2.66717	0	30660	30660	0	
2.66809	1	63598	63598	0	
2.66809	1	64240	64240	0	
2.66935	0	32120	32120	0	
2.67023	1	65042	65042	0	
2.67023	1	65700	65700	0	
2.67153	0	33580	33580	0	
2.67237	1	66486	66486	0	
2.67237	1	67160	67160	0	
2.67372	0	35040	35040	0	
2.67451	1	67930	67930	0	
2.67451	1	68620	68620	0	
2.6759	0	36500	36500	0	
2.67665	1	69374	69374	0	
2.67665	1	70080	70080	0	
2.67808	0	37960	37960	0	
2.67888	1	70818	70818	0	
2.67888	1	71540	71540	0	
2.68026	0	39420	39420	0	
2.68102	1	72262	72262	0	
2.68102	1	73000	73000	0	
2.68244	0	40880	40880	0	
2.68316	1	73706	73706	0	
2.68316	1	74460	74460	0	
2.68463	0	42340	42340	0	
2.6853	1	75150	75150	0	
2.6853	1	75920	75920	0	
2.68681	0	43800	43800	0	
2.68744	1	76594	76594	0	
2.68744	1	77380	77380	0	
2.68899	0	45260	45260	0	
2.68958	1	78038	78038	0	
2.68958	1	78840	78840	0	
2.69117	0	46720	46720	0	
2.69179	1	79482	79482	0	
2.69179	1	80300	80300	0	
2.69336	0	48180	48180	0	
2.69393	1	80926	80926	0	
2.69393	1	81760	81760	0	
2.69552	1	82370	82370	0	
2.69552	1	83220	83220	0	
2.69554	0	49640	49640	0	
2.69772	0	51100	51100	0	
2.6979	1	83814	83814	0	
2.6979	1	84680	84680	0	
2.6999	0	52560	52560	0	
2.70208	0	54020	54020	0	
2.70427	0	55480	55480	0	
2.70645	0	56940	56940	0	
2.70863	0	58400	58400	0	
2.71081	0	59860	59860	0	
2.71299	0	61320	61320	0	
2.71518	0	62780	62780	0	
2.71736	0	64240	64240	0	
2.71954	0	65700	65700	0	
2.72172	0	67160	67160	0	
2.7239	0	68620	68620	0	
2.72609	0	70080	70080	0	
2.72827	0	71540	71540	0	
2.76824	1	85258	85258	0	
2.76824	1	86140	86140	0	
2.77062	1	86702	86702	0	
2.77062	1	87600	87600	0	
2.77299	1	88146	88146	0	
2.77299	1	89060	89060	0	
2.77536	1	89590	89590	0	
2.77536	1	90520	90520	0	
2.82072	1	91034	91034	0	
2.82072	1	91980	91980	0	
2.8231	1	92478	92478	0	
2.8231	1	93440	93440	0	
2.82547	1	93922	93922	0	
2.82547	1	94900	94900	0	
2.82785	1	95366	95366	0	
2.82785	1	96360	96360	0	
2.88564	1	96810	96810	0	
2.88564	1	97820	97820	0	
2.89228	1	98254	98254	0	
2.89228	1	99280	99280	0	
2.89564	1	99698	99698	0	
2.89564	1	100740	100740	0	
2.90302	1	101142	101142	0	
2.90302	1	102200	102200	0	
2.90539	1	102586	102586	0	
2.90539	1	103660	103660	0	
2.90777	1	104030	104030	0	
2.90777	1	105120	105120	0	
2.91015	1	105474	105474	0	
2.91015	1	106580	106580	0	
2.91252	1	106918	106918	0	
2.91252	1	108040	108040	0	
2.9149	1	108362	108362	0	
2.9149	1	109500	109500	0	
2.91728	1	109806	109806	0	
2.91728	1	110960	110960	0	
2.92302	1	111250	111250	0	
2.92302	1	112420	112420	0	
2.95551	1	112694	112694	0	
2.95551	1	113880	113880	0	
2.95789	1	114138	114138	0	
2.95789	1	115340	115340	0	
2.96027	1	115582	115582	0	
2.96027	1	116800	116800	0	
2.96264	1	117026	117026	0	
2.96264	1	118260	118260	0	
2.96502	1	118470	118470	0	
2.96502	1	119720	119720	0	
2.9674	1	119914	119914	0	
2.9674	1	121180	121180	0	
3.01042	1	121358	121358	0	
3.01042	1	122640	122640	0	
3.01279	1	122802	122802	0	
3.01279	1	124100	124100	0	
3.01388	1	124246	135798	0	
3.01388	1	124246	137240	1442	
3.01517	1	124246	124246	1444	
3.01517	1	125560	125560	1444	
3.01755	1	125690	125690	1444	
3.01755	1	127020	127020	1444	
3.01992	1	127134	127134	1444	
3.01992	1	128480	128480	1444	
3.0223	1	128578	128578	1444	
3.0223	1	129940	129940	1444	
3.02467	1	130022	130022	1444	
3.02467	1	131400	131400	1444	
3.02705	1	131466	131466	1444	
3.02705	1	132860	132860	1444	
3.02942	1	132910	132910	1444	
3.02942	1	134320	134320	1444	
3.03179	1	134354	134354	1444	
3.03179	1	135780	135780	1444	
3.03425	1	137242	137242	0	
3.03663	1	138694	138694	0	
3.03663	1	138700	138700	0	
3.039	1	140139	140139	0	
3.039	1	140160	140160	0	
3.04138	1	141584	141584	0	
3.04138	1	141620	141620	0	
3.04376	1	143029	143029	0	
3.04376	1	143080	143080	0	
3.04613	1	144474	144474	0	
3.04613	1	144540	144540	0	
3.04851	1	145918	145918	0	
3.04851	1	146000	146000	0	
3.05182	1	147362	147362	0	
3.05182	1	147460	147460	0	
3.0543	1	148806	148806	0	
3.0543	1	148920	148920	0	
3.05672	1	150250	150250	0	
3.05672	1	150380	150380	0	
3.05914	1	151694	151694	0	
3.05914	1	151840	151840	0	
3.06871	1	153138	153138	0	
3.06871	1	153300	153300	0	
3.07113	1	154582	154582	0	
3.07113	1	154760	154760	0	
3.07356	1	156026	156026	0	
3.07356	1	156220	156220	0	
3.07598	1	157470	157470	0	
3.07598	1	157680	157680	0	
3.0784	1	158914	158914	0	
3.0784	1	159140	159140	0	
3.08082	1	160358	160358	0	
3.08082	1	160600	160600	0	
3.08324	1	161802	161802	0	
3.08324	1	162060	162060	0	
3.08566	1	163246	163246	0	
3.08566	1	163520	163520	0	
3.08808	1	164690	164690	0	
3.08808	1	164980	164980	0	
3.0905	1	166134	166134	0	
3.0905	1	166440	166440	0	
3.11986	1	167578	167578	0	
3.11986	1	167900	167900	0	
3.12229	1	169022	169022	0	
3.12229	1	169360	169360	0	
3.12472	1	170466	170466	0	
3.12472	1	170820	170820	0	
3.12714	1	171910	171910	0	
3.12714	1	172280	172280	0	
3.12956	1	173354	173354	0	
3.12956	1	173740	173740	0	
3.13199	1	174798	174798	0	
3.13199	1	175200	175200	0	
3.13441	1	176242	176242	0	
3.13441	1	176660	176660	0	
3.13683	1	177686	177686	0	
3.13683	1	178120	178120	0	
3.13935	1	179130	179130	0	
3.13935	1	179580	179580	0	
3.14177	1	180574	180574	0	
3.14177	1	181040	181040	0	
3.14419	1	182018	182018	0	
3.14419	1	182500	182500	0	
3.14661	1	183462	183462	0	
3.14661	1	183960	183960	0	
3.14903	1	184906	184906	0	
3.14903	1	185420	185420	0	
3.15145	1	186350	186350	0	
3.15145	1	186880	186880	0	
3.15387	1	187794	187794	0	
3.15387	1	188340	188340	0	
3.15629	1	189238	189238	0	
3.15629	1	189800	189800	0	
3.15871	1	190682	190682	0	
3.15871	1	191260	191260	0	
3.16113	1	192126	192126	0	
3.16113	1	192720	192720	0	
3.16355	1	193570	193570	0	
3.16355	1	194180	194180	0	
3.16597	1	195014	195014	0	
3.16597	1	195640	195640	0	
3.16848	1	196458	196458	0	
3.16848	1	197100	197100	0	
3.17091	1	197902	197902	0	
3.17091	1	198560	198560	0	
3.17333	1	199346	199346	0	
3.17333	1	200020	200020	0	
3.17575	1	200790	200790	0	
3.17575	1	201480	201480	0	
3.17817	1	202234	202234	0	
3.17817	1	202940	202940	0	
3.18059	1	203678	203678	0	
3.18059	1	204400	204400	0	
3.18301	1	205122	205122	0	
3.18301	1	205860	205860	0	
3.18543	1	206566	206566	0	
3.18543	1	207320	207320	0	
3.18785	1	208010	208010	0	
3.18785	1	208780	208780	0	
3.19027	1	209454	209454	0	
3.19027	1	210240	210240	0	
3.19269	1	210898	210898	0	
3.19269	1	211700	211700	0	
3.19511	1	212342	212342	0	
3.19511	1	213160	213160	0	
3.19753	1	213786	213786	0	
3.19753	1	214620	214620	0	
3.19996	1	215230	215230	0	
3.19996	1	216080	216080	0	
3.20238	1	216674	216674	0	
3.20238	1	217540	217540	0	
3.2048	1	218118	218118	0	
3.2048	1	219000	219000	0	
3.20722	1	219562	219562	0	
3.20722	1	220460	220460	0	
3.20964	1	221006	221006	0	
3.20964	1	221920	221920	0	
3.21206	1	222450	222450	0	
3.21206	1	223380	223380	0	
3.21448	1	223894	223894	0	
3.21448	1	224840	224840	0	
3.2169	1	225338	225338	0	
3.2169	1	226300	226300	0	
3.21932	1	226782	226782	0	
3.21932	1	227760	227760	0	
3.22183	1	228226	228226	0	
3.22183	1	229220	229220	0	
3.22426	1	229670	229670	0	
3.22426	1	230680	230680	0	
3.22668	1	231114	231114	0	
3.22668	1	232140	232140	0	
3.2291	1	232558	232558	0	
3.2291	1	233600	233600	0	
3.23152	1	234002	234002	0	
3.23152	1	235060	235060	0	
3.23394	1	235446	235446	0	
3.23394	1	236520	236520	0	
3.23636	1	236890	236890	0	
3.23636	1	237980	237980	0	
3.23878	1	238334	238334	0	
3.23878	1	239440	239440	0	
3.2412	1	239778	239778	0	
3.2412	1	240900	240900	0	
3.24362	1	241222	241222	0	
3.24362	1	242360	242360	0	
3.24613	1	242666	242666	0	
3.24613	1	243820	243820	0	
3.24856	1	244110	244110	0	
3.24856	1	245280	245280	0	
3.25098	1	245554	245554	0	
3.25098	1	246740	246740	0	
3.2534	1	246998	246998	0	
3.2534	1	248200	248200	0	
3.25582	1	248442	248442	0	
3.25582	1	249660	249660	0	
3.25824	1	249886	249886	0	
3.25824	1	251120	251120	0	
3.26066	1	251330	251330	0	
3.26066	1	252580	252580	0	
3.26308	1	252774	252774	0	
3.26308	1	254040	254040	0	
3.2655	1	254218	254218	0	
3.2655	1	255500	255500	0	
3.26792	1	255662	255662	0	
3.26792	1	256960	256960	0	
3.27034	1	257106	257106	0	
3.27034	1	258420	258420	0	
3.27276	1	258550	258550	0	
3.27276	1	259880	259880	0	
3.27519	1	259994	259994	0	
3.27519	1	261340	261340	0	
3.27761	1	261438	261438	0	
3.27761	1	262800	262800	0	
3.28012	1	262882	262882	0	
3.28012	1	264260	264260	0	
3.28254	1	264326	264326	0	
3.28254	1	265720	265720	0	
3.28496	1	265770	265770	0	
3.28496	1	267180	267180	0	
3.28738	1	267214	267214	0	
3.28738	1	268640	268640	0	
3.28989	1	268658	268658	0	
3.28989	1	270100	270100	0	
3.29231	1	270102	270102	0	
3.29473	1	271554	271554	0	
3.29473	1	271560	271560	0	
3.29716	1	272999	272999	0	
3.29716	1	273020	273020	0	
3.29958	1	274444	274444	0	
3.29958	1	274480	274480	0	
3.302	1	275889	275889	0	
3.302	1	275940	275940	0	
3.30442	1	277334	277334	0	
3.30442	1	277400	277400	0	
3.30684	1	278778	278778	0	
3.30684	1	278860	278860	0	
3.30926	1	280222	280222	0	
3.30926	1	280320	280320	0	
3.31168	1	281666	281666	0	
3.31168	1	281780	281780	0	
3.3141	1	283110	283110	0	
3.3141	1	283240	283240	0	
3.31652	1	284554	284554	0	
3.31652	1	284700	284700	0	
3.31894	1	285998	285998	0	
3.31894	1	286160	286160	0	
3.32136	1	287442	287442	0	
3.32136	1	287620	287620	0	
3.32378	1	288886	288886	0	
3.32378	1	289080	289080	0	
3.3262	1	290330	290330	0	
3.3262	1	290540	290540	0	
3.32862	1	291774	291774	0	
3.32862	1	292000	292000	0	
3.33104	1	293218	293218	0	
3.33104	1	293460	293460	0	
3.33346	1	294662	294662	0	
3.33346	1	294920	294920	0	
3.33588	1	296106	296106	0	
3.33588	1	296380	296380	0	
3.3383	1	297550	297550	0	
3.3383	1	297840	297840	0	
3.34072	1	298994	298994	0	
3.34072	1	299300	299300	0	
3.34323	1	300438	300438	0	
3.34323	1	300760	300760	0	
3.34565	1	301882	301882	0	
3.34565	1	302220	302220	0	
3.34808	1	303326	303326	0	
3.34808	1	303680	303680	0	
3.3505	1	304770	304770	0	
3.3505	1	305140	305140	0	
3.35292	1	306214	306214	0	
3.35292	1	306600	306600	0	
3.35534	1	307658	307658	0	
3.35534	1	308060	308060	0	
3.35776	1	309102	309102	0	
3.35776	1	309520	309520	0	
3.36018	1	310546	310546	0	
3.36018	1	310980	310980	0	
3.3626	1	311990	311990	0	
3.3626	1	312440	312440	0	
3.36502	1	313434	313434	0	
3.36502	1	313900	313900	0	
3.36744	1	314878	314878	0	
3.36744	1	315360	315360	0	
3.36986	1	316322	316322	0	
3.36986	1	316820	316820	0	
3.37238	1	317766	317766	0	
3.37238	1	318280	318280	0	
3.3748	1	319210	319210	0	
3.3748	1	319740	319740	0	
3.37722	1	320654	320654	0	
3.37722	1	321200	321200	0	
3.37964	1	322098	322098	0	
3.37964	1	322660	322660	0	
3.38206	1	323542	323542	0	
3.38206	1	324120	324120	0	
3.38448	1	324986	324986	0	
3.38448	1	325580	325580	0	
3.3869	1	326430	326430	0	
3.3869	1	327040	327040	0	
3.38932	1	327874	327874	0	
3.38932	1	328500	328500	0	
3.39174	1	329318	329318	0	
3.39174	1	329960	329960	0	
3.39416	1	330762	330762	0	
3.39416	1	331420	331420	0	
3.39658	1	332206	332206	0	
3.39658	1	332880	332880	0	
3.39901	1	333650	333650	0	
3.39901	1	334340	334340	0	
3.40143	1	335094	335094	0	
3.40143	1	335800	335800	0	
3.40385	1	336538	336538	0	
3.40385	1	337260	337260	0	
3.40627	1	337982	337982	0	
3.40627	1	338720	338720	0	
3.40869	1	339426	339426	0	
3.40869	1	340180	340180	0	
3.41111	1	340870	340870	0	
3.41111	1	341640	341640	0	
3.41353	1	342314	342314	0	
3.41353	1	343100	343100	0	
3.41595	1	343758	343758	0	
3.41595	1	344560	344560	0	
3.41855	1	345202	345202	0	
3.41855	1	346020	346020	0	
3.42091	1	346646	346646	0	
3.42091	1	347480	347480	0	
3.42327	1	348090	348090	0	
3.42327	1	348940	348940	0	
3.42573	1	349534	349534	0	
3.42573	1	350400	350400	0	
3.42815	1	350978	350978	0	
3.42815	1	351860	351860	0	
3.43177	1	352422	352422	0	
3.43177	1	353320	353320	0	
3.43413	1	353866	353866	0	
3.43413	1	354780	354780	0	
3.43782	1	355310	355310	0	
3.43782	1	356240	356240	0	
3.44093	1	356754	356754	0	
3.44093	1	357700	357700	0	
3.44527	1	358198	358198	0	
3.44527	1	359160	359160	0	
3.44763	1	359642	359642	0	
3.44763	1	360620	360620	0	
3.44999	1	361086	361086	0	
3.44999	1	362080	362080	0	
3.45309	1	362530	362530	0	
3.45309	1	363540	363540	0	
3.45546	1	363974	363974	0	
3.45546	1	365000	365000	0	
3.45782	1	365418	365418	0	
3.45782	1	366460	366460	0	
3.46027	1	366862	366862	0	
3.46027	1	367920	367920	0	
3.46263	1	368306	368306	0	
3.46263	1	369380	369380	0	
3.46499	1	369750	369750	0	
3.46499	1	370840	370840	0	
3.46735	1	371194	371194	0	
3.46735	1	372300	372300	0	
3.46971	1	372638	372638	0	
3.46971	1	373760	373760	0	
3.47207	1	374082	374082	0	
3.47207	1	375220	375220	0	
3.47443	1	375526	375526	0	
3.47443	1	376680	376680	0	
3.47679	1	376970	376970	0	
3.47679	1	378140	378140	0	
3.47915	1	378414	378414	0	
3.47915	1	379600	379600	0	
3.48151	1	379858	379858	0	
3.48151	1	381060	381060	0	
3.48387	1	381302	381302	0	
3.48387	1	382520	382520	0	
3.48623	1	382746	382746	0	
3.48623	1	383980	383980	0	
3.48933	1	384190	384190	0	
3.48933	1	385440	385440	0	
3.49169	1	385634	385634	0	
3.49169	1	386900	386900	0	
3.49405	1	387078	387078	0	
3.49405	1	388360	388360	0	
3.49641	1	388522	388522	0	
3.49641	1	389820	389820	0	
3.49877	1	389966	389966	0	
3.49877	1	391280	391280	0	
3.50113	1	391410	391410	0	
3.50113	1	392740	392740	0	
3.5035	1	392854	392854	0	
3.5035	1	394200	394200	0	
3.50586	1	394298	394298	0	
3.50586	1	395660	395660	0	
3.50822	1	395742	395742	0	
3.50822	1	397120	397120	0	
3.51032	1	397186	599370	0	
3.51032	1	397186	600060	690	
3.51058	1	397186	397186	1444	
3.51058	1	398580	398580	1444	
3.51279	1	398630	600814	1444	
3.51279	1	398630	601520	2150	
3.51303	1	398630	398630	2888	
3.51303	1	400040	400040	2888	
3.51527	1	400074	602258	2888	
3.51527	1	400074	602980	3610	
3.51539	1	400074	401518	4332	
3.51539	1	400074	402960	5774	
3.51774	1	400074	603702	5776	
3.51774	1	400074	604440	6514	
3.51775	1	400074	402962	7220	
3.52011	1	400074	404414	8672	
3.52011	1	400074	404420	8678	
3.52021	1	400074	605146	10117	
3.52021	1	400074	605900	10871	
3.52247	1	400074	405859	11561	
3.52247	1	400074	405880	11582	
3.52268	1	400074	606590	13006	
3.52268	1	400074	607360	13776	
3.52483	1	400074	407304	14450	
3.52483	1	400074	407340	14486	
3.52528	1	400074	608034	15895	
3.52528	1	400074	608820	16681	
3.52719	1	400074	408749	17339	
3.52719	1	400074	408800	17390	
3.52775	1	400074	609478	18784	
3.52775	1	400074	610280	19586	
3.52955	1	400074	410194	20228	
3.52955	1	400074	410260	20294	
3.53022	1	400074	610922	21672	
3.53022	1	400074	611740	22490	
3.53191	1	400074	411638	23116	
3.53191	1	400074	411720	23198	
3.53269	1	400074	612366	24560	
3.53269	1	400074	613200	25394	
3.53436	1	400074	413082	26004	
3.53436	1	400074	413180	26102	
3.53516	1	400074	613810	27448	
3.53516	1	400074	614660	28298	
3.53672	1	400074	414526	28892	
3.53672	1	400074	414640	29006	
3.53763	1	400074	615254	30336	
3.53763	1	400074	616120	31202	
3.53908	1	400074	415970	31780	
3.53908	1	400074	416100	31910	
3.54011	1	400074	616698	33224	
3.54011	1	400074	617580	34106	
3.54144	1	400074	417414	34668	
3.54144	1	400074	417560	34814	
3.54258	1	400074	618142	36112	
3.54258	1	400074	619040	37010	
3.5438	1	400074	418858	37556	
3.5438	1	400074	419020	37718	
3.54505	1	400074	619586	39000	
3.54505	1	400074	620500	39914	
3.54616	1	400074	420302	40444	
3.54616	1	400074	420480	40622	
3.54752	1	400074	621030	41888	
3.54752	1	400074	621960	42818	
3.54852	1	400074	421746	43332	
3.54852	1	400074	421940	43526	
3.55011	1	400074	622474	44776	
3.55011	1	400074	623420	45722	
3.55088	1	400074	423190	46220	
3.55088	1	400074	423400	46430	
3.55258	1	400074	623918	47664	
3.55258	1	400074	624880	48626	
3.55324	1	400074	424634	49108	
3.55324	1	400074	424860	49334	
3.55517	1	400074	625362	50552	
3.55517	1	400074	626340	51530	
3.5556	1	400074	426078	51996	
3.5556	1	400074	426320	52238	
3.55764	1	400074	626806	53440	
3.55764	1	400074	627800	54434	
3.55796	1	400074	427522	54884	
3.55796	1	400074	427780	55142	
3.56011	1	400074	628250	56328	
3.56011	1	400074	629260	57338	
3.56032	1	400074	428966	57772	
3.56032	1	400074	429240	58046	
3.56259	1	400074	629694	59216	
3.56259	1	400074	630720	60242	
3.56268	1	400074	430410	60660	
3.56268	1	400074	430700	60950	
3.56505	1	400074	431854	62104	
3.56505	1	400074	432160	62410	
3.56506	1	400074	631138	63548	
3.56506	1	400074	632180	64590	
3.56741	1	400074	433298	64992	
3.56741	1	400074	433620	65314	
3.56753	1	400074	632582	66436	
3.56753	1	400074	633640	67494	
3.56977	1	400074	434742	67880	
3.56977	1	400074	435080	68218	
3.57001	1	400074	634026	69324	
3.57001	1	400074	635100	70398	
3.57213	1	400074	436186	70768	
3.57213	1	400074	436540	71122	
3.57248	1	400074	635470	72212	
3.57248	1	400074	636560	73302	
3.57449	1	400074	437630	73656	
3.57449	1	400074	438000	74026	
3.57495	1	400074	636914	75100	
3.57495	1	400074	638020	76206	
3.57685	1	400074	439074	76544	
3.57685	1	400074	439460	76930	
3.57742	1	400074	638358	77988	
3.57742	1	400074	639480	79110	
3.57921	1	400074	440518	79432	
3.57921	1	400074	440920	79834	
3.57989	1	400074	639802	80876	
3.57989	1	400074	640940	82014	
3.58157	1	400074	441962	82320	
3.58157	1	400074	442380	82738	
3.58236	1	400074	641246	83764	
3.58236	1	400074	642400	84918	
3.58393	1	400074	443406	85208	
3.58393	1	400074	443840	85642	
3.58483	1	400074	642690	86652	
3.58483	1	400074	643860	87822	
3.58629	1	400074	444850	88096	
3.58629	1	400074	445300	88546	
3.5873	1	400074	644134	89540	
3.5873	1	400074	645320	90726	
3.58865	1	400074	446294	90984	
3.58865	1	400074	446760	91450	
3.58978	1	400074	645578	92428	
3.58978	1	400074	646780	93630	
3.5911	1	400074	447738	93872	
3.5911	1	400074	448220	94354	
3.59225	1	400074	647022	95316	
3.59225	1	400074	648240	96534	
3.59346	1	400074	449182	96760	
3.59346	1	400074	449680	97258	
3.59472	1	400074	648466	98204	
3.59472	1	400074	649700	99438	
3.59582	1	400074	450626	99648	
3.59582	1	400074	451140	100162	
3.59719	1	400074	649910	101092	
3.59719	1	400074	651160	102342	
3.59818	1	400074	452070	102536	
3.59818	1	400074	452600	103066	
3.59966	1	400074	651354	103980	
3.59966	1	400074	652620	105246	
3.60054	1	400074	453514	105424	
3.60054	1	400074	454060	105970	
3.60213	1	400074	652798	106868	
3.60213	1	400074	654080	108150	
3.6029	1	400074	454958	108312	
3.6029	1	400074	455520	108874	
3.6046	1	400074	654242	109756	
3.6046	1	400074	655540	111054	
3.60526	1	400074	456402	111200	
3.60526	1	400074	456980	111778	
3.60707	1	400074	655686	112644	
3.60707	1	400074	657000	113958	
3.60762	1	400074	457846	114088	
3.60762	1	400074	458440	114682	
3.60967	1	400074	657130	115532	
3.60967	1	400074	658460	116862	
3.60998	1	400074	459290	116976	
3.60998	1	400074	459900	117586	
3.61214	1	400074	658574	118420	
3.61214	1	400074	659920	119766	
3.61234	1	400074	460734	119864	
3.61234	1	400074	461360	120490	
3.61461	1	400074	660018	121308	
3.61461	1	400074	661380	122670	
3.6148	1	400074	462178	122752	
3.6148	1	400074	462820	123394	
3.61709	1	400074	661462	124196	
3.61709	1	400074	662840	125574	
3.61781	1	400074	463622	125640	
3.61781	1	400074	464280	126298	
3.61956	1	400074	662906	127084	
3.61956	1	400074	664300	128478	
3.62017	1	400074	465066	128528	
3.62017	1	400074	465740	129202	
3.62203	1	400074	664350	129972	
3.62203	1	400074	665760	131382	
3.62253	1	400074	466510	131416	
3.62253	1	400074	467200	132106	
3.62449	1	400074	665794	132860	
3.62449	1	400074	667220	134286	
3.62489	1	400074	467954	134304	
3.62489	1	400074	468660	135010	
3.62696	1	400074	667238	135748	
3.62696	1	400074	668680	137190	
3.62725	1	400074	469398	137192	
3.62725	1	400074	470120	137914	
3.62943	1	400074	668682	138636	
3.62961	1	400074	470842	140088	
3.62961	1	400074	471580	140826	
3.6319	1	400074	670134	141532	
3.6319	1	400074	670140	141538	
3.63197	1	400074	472286	142977	
3.63197	1	400074	473040	143731	
3.63522	1	400074	671579	144421	
3.63522	1	400074	671600	144442	
3.6376	1	400074	673024	145866	
3.6376	1	400074	673060	145902	
3.63934	1	400074	476618	147311	
3.63934	1	400074	477420	148113	
3.63998	1	400074	674469	148755	
3.63998	1	400074	674520	148806	
3.64236	1	400074	675914	150200	
3.64236	1	400074	675980	150266	
3.64417	1	400074	478062	151644	
3.64417	1	400074	478880	152462	
3.64522	1	400074	677358	153088	
3.64522	1	400074	677440	153170	
3.6476	1	400074	678802	154532	
3.6476	1	400074	678900	154630	
3.64817	1	400074	479506	155976	
3.64817	1	400074	480340	156810	
3.65053	1	400074	480950	157420	
3.65053	1	400074	481800	158270	
3.65059	1	400074	688910	158864	
3.65059	1	400074	689120	159074	
3.65289	1	400074	482394	160308	
3.65289	1	400074	483260	161174	
3.65297	1	400074	690354	161752	
3.65297	1	400074	690580	161978	
3.65525	1	400074	483838	163196	
3.65525	1	400074	484720	164078	
3.65572	1	400074	810218	164640	
3.65572	1	400074	810300	164722	
3.65761	1	400074	485282	166084	
3.65761	1	400074	486180	166982	
3.65819	1	400074	811662	167528	
3.65819	1	400074	811760	167626	
3.65997	1	400074	486726	168972	
3.65997	1	400074	487640	169886	
3.66066	1	400074	813106	170416	
3.66066	1	400074	813220	170530	
3.66233	1	400074	488170	171860	
3.66233	1	400074	489100	172790	
3.66314	1	400074	814550	173304	
3.66314	1	400074	814680	173434	
3.66469	1	400074	489614	174748	
3.66469	1	400074	490560	175694	
3.66561	1	400074	815994	176192	
3.66561	1	400074	816140	176338	
3.66608	0	73000	35768540	0	
3.66608	0	73000	35770000	1460	
3.66613	0	73000	35771460	2920	
3.66618	0	73000	35772920	4380	
3.66624	0	73000	35774380	5840	
3.6663	0	73000	35775840	7300	
3.66635	0	73000	35777300	8760	
3.66641	0	73000	35778760	10220	
3.66647	0	73000	35780220	11680	
3.66652	0	73000	35781680	13140	
3.66658	0	73000	35783140	14600	
3.66664	0	73000	35784600	16060	
3.66669	0	73000	35786060	17520	
3.66675	0	73000	35787520	18980	
3.66681	0	73000	35788980	20440	
3.66686	0	73000	35790440	21900	
3.66692	0	73000	35791900	23360	
3.66698	0	73000	35793360	24820	
3.66703	0	73000	35794820	26280	
3.66705	1	400074	491058	177636	
3.66705	1	400074	492020	178598	
3.66715	0	73000	35797740	27740	
3.6672	0	73000	35799200	29200	
3.66726	0	73000	35800660	30660	
3.66732	0	73000	35802120	32120	
3.66737	0	73000	35803580	33580	
3.66749	0	73000	35806500	35040	
3.66754	0	73000	35807960	36500	
3.6676	0	73000	35809420	37960	
3.66766	0	73000	35810880	39420	
3.66777	0	73000	35813800	40880	
3.66783	0	73000	35815260	42340	
3.66788	0	73000	35816720	43800	
3.668	0	73000	35819640	45260	
3.66805	0	73000	35821100	46720	
3.66808	1	400074	817438	179080	
3.66808	1	400074	817600	179242	
3.66811	0	73000	35822560	48180	
3.66816	0	73000	35824020	49640	
3.66941	1	400074	492502	180524	
3.66941	1	400074	493480	181502	
3.67041	0	73000	35826940	51100	
3.67046	0	73000	35828400	52560	
3.67052	0	73000	35829860	54020	
3.67057	0	73000	35831320	55480	
3.67068	1	400074	818882	181968	
3.67068	1	400074	819060	182146	
3.67069	0	73000	35834240	56940	
3.67074	0	73000	35837160	58400	
3.6708	0	73000	35838620	59860	
3.67091	0	73000	35841540	61320	
3.67097	0	73000	35843000	62780	
3.67103	0	73000	35844460	64240	
3.67108	0	73000	35845920	65700	
3.6712	0	73000	35848840	67160	
3.67125	0	73000	35850300	68620	
3.67131	0	73000	35851760	70080	
3.67142	0	73000	35854680	71540	
3.67148	0	73000	35856140	73000	
3.67154	0	73000	35857600	74460	
3.67159	0	73000	35859060	75920	
3.67171	0	73000	35861980	77380	
3.67176	0	73000	35863440	78840	
3.67182	0	73000	35864900	80300	
3.67186	1	400074	493946	183412	
3.67186	1	400074	494940	184406	
3.67188	0	73000	35866360	81760	
3.67199	0	73000	35869280	83220	
3.67204	0	73000	35870740	84680	
3.6721	0	73000	35872200	86140	
3.67221	0	73000	35875120	87600	
3.67227	0	73000	35876580	89060	
3.67233	0	73000	35878040	90520	
3.67238	0	73000	35879500	91980	
3.6725	0	73000	35882420	93440	
3.67255	0	73000	35883880	94900	
3.67315	1	400074	820326	184856	
3.67315	1	400074	820520	185050	
3.67423	1	400074	495390	186300	
3.67423	1	400074	496400	187310	
3.6748	0	73000	35885340	96360	
3.67485	0	73000	35888260	97820	
3.67491	0	73000	35889720	99280	
3.67496	0	73000	35891180	100740	
3.67508	0	73000	35894100	102200	
3.67513	0	73000	35895560	103660	
3.67519	0	73000	35897020	105120	
3.67525	0	73000	35898480	106580	
3.67536	0	73000	35901400	108040	
3.67542	0	73000	35902860	109500	
3.67547	0	73000	35904320	110960	
3.67559	0	73000	35907240	112420	
3.67562	1	400074	821770	187744	
3.67562	1	400074	821980	187954	
3.67564	0	73000	35908700	113880	
3.6757	0	73000	35910160	115340	
3.67581	0	73000	35913080	116800	
3.67587	0	73000	35914540	118260	
3.67593	0	73000	35916000	119720	
3.67598	0	73000	35917460	121180	
3.67609	0	73000	35920380	122640	
3.67615	0	73000	35921840	124100	
3.67621	0	73000	35923300	125560	
3.67632	0	73000	35926220	127020	
3.67638	0	73000	35927680	128480	
3.67643	0	73000	35929140	129940	
3.67655	0	73000	35932060	131400	
3.67659	1	400074	496834	189188	
3.67659	1	400074	497860	190214	
3.6766	0	73000	35933520	132860	
3.67666	0	73000	35934980	134320	
3.67677	0	73000	35937900	135780	
3.67683	0	73000	35939360	137240	
3.67689	0	73000	35940820	138700	
3.67809	1	400074	823214	190632	
3.67809	1	400074	823440	190858	
3.67895	1	400074	498278	192076	
3.67895	1	400074	499320	193118	
3.67913	0	73000	35942280	140160	
3.67918	0	73000	35945200	141620	
3.67924	0	73000	35946660	143080	
3.6793	0	73000	35948120	144540	
3.67941	0	73000	35951040	146000	
3.67947	0	73000	35952500	147460	
3.67952	0	73000	35953960	148920	
3.67964	0	73000	35958340	150380	
3.67969	0	73000	35959800	151840	
3.67981	0	73000	35962720	153300	
3.67986	0	73000	35964180	154760	
3.67992	0	73000	35965640	156220	
3.68003	0	73000	35968560	157680	
3.68009	0	73000	35970020	159140	
3.68056	1	400074	824658	193520	
3.68056	1	400074	824900	193762	
3.68131	1	400074	499722	194964	
3.68131	1	400074	500780	196022	
3.68303	1	400074	826102	196408	
3.68303	1	400074	826360	196666	
3.68367	1	400074	501166	197852	
3.68367	1	400074	502240	198926	
3.6855	1	400074	827546	199296	
3.6855	1	400074	827820	199570	
3.68603	1	400074	502610	200740	
3.68603	1	400074	503700	201830	
3.68797	1	400074	828990	202184	
3.68797	1	400074	829280	202474	
3.68839	1	400074	504054	203628	
3.68839	1	400074	505160	204734	
3.69045	1	400074	830434	205072	
3.69045	1	400074	830740	205378	
3.69075	1	400074	505498	206516	
3.69075	1	400074	506620	207638	
3.69292	1	400074	831878	207960	
3.69292	1	400074	832200	208282	
3.69311	1	400074	506942	209404	
3.69311	1	400074	508080	210542	
3.69539	1	400074	833322	210848	
3.69539	1	400074	833660	211186	
3.69547	1	400074	508386	212292	
3.69547	1	400074	509540	213446	
3.69783	1	400074	509830	213736	
3.69783	1	400074	511000	214906	
3.69786	1	400074	834766	215180	
3.69786	1	400074	835120	215534	
3.70028	1	400074	511274	216624	
3.70028	1	400074	512460	217810	
3.70033	1	400074	836210	218068	
3.70033	1	400074	836580	218438	
3.70264	1	400074	512718	219512	
3.70264	1	400074	513920	220714	
3.7028	1	400074	837654	220956	
3.7028	1	400074	838040	221342	
3.705	1	400074	514162	222400	
3.705	1	400074	515380	223618	
3.70527	1	400074	839098	223844	
3.70527	1	400074	839500	224246	
3.70736	1	400074	515606	225288	
3.70736	1	400074	516840	226522	
3.70775	1	400074	840542	226732	
3.70775	1	400074	840960	227150	
3.70972	1	400074	517050	228176	
3.70972	1	400074	518300	229426	
3.71034	1	400074	841986	229620	
3.71034	1	400074	842420	230054	
3.71208	1	400074	518494	231064	
3.71208	1	400074	519760	232330	
3.71281	1	400074	843430	232508	
3.71281	1	400074	843880	232958	
3.71444	1	400074	519938	233952	
3.71444	1	400074	521220	235234	
3.71529	1	400074	844874	235396	
3.71529	1	400074	845340	235862	
3.7168	1	400074	521382	236840	
3.7168	1	400074	522680	238138	
3.71776	1	400074	846318	238284	
3.71776	1	400074	846800	238766	
3.71916	1	400074	522826	239728	
3.71916	1	400074	524140	241042	
3.72023	1	400074	847762	241172	
3.72023	1	400074	848260	241670	
3.72152	1	400074	524270	242616	
3.72152	1	400074	525600	243946	
3.7227	1	400074	849206	244060	
3.7227	1	400074	849720	244574	
3.72388	1	400074	525714	245504	
3.72388	1	400074	527060	246850	
3.72517	1	400074	850650	246948	
3.72517	1	400074	851180	247478	
3.72624	1	400074	527158	248392	
3.72624	1	400074	528520	249754	
3.72764	1	400074	852094	249836	
3.72764	1	400074	852640	250382	
3.7286	1	400074	528602	251280	
3.7286	1	400074	529980	252658	
3.73011	1	400074	853538	252724	
3.73011	1	400074	854100	253286	
3.73096	1	400074	530046	254168	
3.73096	1	400074	531440	255562	
3.73258	1	400074	854982	255612	
3.73258	1	400074	855560	256190	
3.73333	1	400074	531490	257056	
3.73333	1	400074	532900	258466	
3.73505	1	400074	856426	258500	
3.73505	1	400074	857020	259094	
3.73569	1	400074	532934	259944	
3.73569	1	400074	534360	261370	
3.73764	1	400074	857870	261388	
3.73764	1	400074	858480	261998	
3.73805	1	400074	534378	262832	
3.73805	1	400074	535820	264274	
3.74041	1	400074	535822	264276	
3.74277	1	400074	537274	265728	
3.74277	1	400074	537280	265734	
3.74513	1	400074	538719	267173	
3.74513	1	400074	538740	267194	
3.74749	1	400074	540164	268618	
3.74749	1	400074	540200	268654	
3.74985	1	400074	541609	270063	
3.74985	1	400074	541660	270114	
3.75231	1	400074	543054	271508	
3.75231	1	400074	543120	271574	
3.75467	1	400074	544498	272952	
3.75467	1	400074	544580	273034	
3.75703	1	400074	545942	274396	
3.75703	1	400074	546040	274494	
3.75939	1	400074	547386	275840	
3.75939	1	400074	547500	275954	
3.76175	1	400074	548830	277284	
3.76175	1	400074	548960	277414	
3.76411	1	400074	550274	278728	
3.76411	1	400074	550420	278874	
3.76647	1	400074	551718	280172	
3.76647	1	400074	551880	280334	
3.76883	1	400074	553162	281616	
3.76883	1	400074	553340	281794	
3.77119	1	400074	554606	283060	
3.77119	1	400074	554800	283254	
3.77355	1	400074	556050	284504	
3.77355	1	400074	556260	284714	
3.77591	1	400074	557494	285948	
3.77591	1	400074	557720	286174	
3.77837	1	400074	558938	287392	
3.77837	1	400074	559180	287634	
3.78073	1	400074	560382	288836	
3.78073	1	400074	560640	289094	
3.78309	1	400074	561826	290280	
3.78309	1	400074	562100	290554	
3.78545	1	400074	563270	291724	
3.78545	1	400074	563560	292014	
3.78781	1	400074	564714	293168	
3.78781	1	400074	565020	293474	
3.79017	1	400074	566158	294612	
3.79017	1	400074	566480	294934	
3.79253	1	400074	567602	296056	
3.79253	1	400074	567940	296394	
3.79489	1	400074	569046	297500	
3.79489	1	400074	569400	297854	
3.79725	1	400074	570490	298944	
3.79725	1	400074	570860	299314	
3.79961	1	400074	571934	300388	
3.79961	1	400074	572320	300774	
3.80197	1	400074	573378	301832	
3.80197	1	400074	573780	302234	
3.80433	1	400074	574822	303276	
3.80433	1	400074	575240	303694	
3.80669	1	400074	576266	304720	
3.80669	1	400074	576700	305154	
3.80905	1	400074	577710	306164	
3.80905	1	400074	578160	306614	
3.81141	1	400074	579154	307608	
3.81141	1	400074	579620	308074	
3.81377	1	400074	580598	309052	
3.81377	1	400074	581080	309534	
3.81613	1	400074	583486	310496	
3.81613	1	400074	584000	311010	
3.81849	1	400074	584930	311940	
3.81849	1	400074	585460	312470	
3.82086	1	400074	586374	313384	
3.82086	1	400074	586920	313930	
3.82322	1	400074	587818	314828	
3.82322	1	400074	588380	315390	
3.82558	1	400074	589262	316272	
3.82558	1	400074	589840	316850	
3.82803	1	400074	590706	317716	
3.82803	1	400074	591300	318310	
3.83039	1	400074	592150	319160	
3.83039	1	400074	592760	319770	
3.83275	1	400074	593594	320604	
3.83275	1	400074	594220	321230	
3.83511	1	400074	595038	322048	
3.83511	1	400074	595680	322690	
3.83747	1	400074	596482	323492	
3.83747	1	400074	597140	324150	
3.83983	1	400074	597926	324936	
3.83983	1	400074	598600	325610	
3.84219	1	400074	680246	326380	
3.84219	1	400074	680360	326494	
3.84455	1	400074	681690	327824	
3.84455	1	400074	681820	327954	
3.84691	1	400074	683134	329268	
3.84691	1	400074	683280	329414	
3.84927	1	400074	684578	330712	
3.84927	1	400074	684740	330874	
3.85163	1	400074	686022	332156	
3.85163	1	400074	686200	332334	
3.85399	1	400074	687466	333600	
3.85399	1	400074	687660	333794	
3.85645	1	400074	691798	335044	
3.85645	1	400074	692040	335286	
3.85881	1	400074	693242	336488	
3.85881	1	400074	693500	336746	
3.86117	1	400074	694686	337932	
3.86117	1	400074	694960	338206	
3.86353	1	400074	696130	339376	
3.86353	1	400074	696420	339666	
3.86589	1	400074	697574	340820	
3.86589	1	400074	697880	341126	
3.86825	1	400074	699018	342264	
3.86825	1	400074	699340	342586	
3.87061	1	400074	700462	343708	
3.87061	1	400074	700800	344046	
3.87297	1	400074	701906	345152	
3.87297	1	400074	702260	345506	
3.87533	1	400074	703350	346596	
3.87533	1	400074	703720	346966	
3.87769	1	400074	704794	348040	
3.87769	1	400074	705180	348426	
3.88005	1	400074	706238	349484	
3.88005	1	400074	706640	349886	
3.88241	1	400074	707682	350928	
3.88241	1	400074	708100	351346	
3.88477	1	400074	709126	352372	
3.88477	1	400074	709560	352806	
3.88713	1	400074	710570	353816	
3.88713	1	400074	711020	354266	
3.88949	1	400074	712014	355260	
3.88949	1	400074	712480	355726	
3.89185	1	400074	713458	356704	
3.89185	1	400074	713940	357186	
3.89421	1	400074	714902	358148	
3.89421	1	400074	715400	358646	
3.89658	1	400074	716346	359592	
3.89658	1	400074	716860	360106	
3.89894	1	400074	717790	361036	
3.89894	1	400074	718320	361566	
3.9013	1	400074	719234	362480	
3.9013	1	400074	719780	363026	
3.90366	1	400074	720678	363924	
3.90366	1	400074	721240	364486	
3.90602	1	400074	722122	365368	
3.90602	1	400074	722700	365946	
3.90847	1	400074	723566	366812	
3.90847	1	400074	724160	367406	
3.91083	1	400074	725010	368256	
3.91083	1	400074	725620	368866	
3.91319	1	400074	726454	369700	
3.91319	1	400074	727080	370326	
3.91555	1	400074	727898	371144	
3.91555	1	400074	728540	371786	
3.91791	1	400074	730786	372588	
3.91791	1	400074	731460	373262	
3.92027	1	400074	732230	374032	
3.92027	1	400074	732920	374722	
3.92263	1	400074	733674	375476	
3.92263	1	400074	734380	376182	
3.92499	1	400074	735118	376920	
3.92499	1	400074	735840	377642	
3.92735	1	400074	736562	378364	
3.92735	1	400074	737300	379102	
3.92971	1	400074	738006	379808	
3.92971	1	400074	738760	380562	
3.93207	1	400074	739450	381252	
3.93207	1	400074	740220	382022	
3.93453	1	400074	740894	382696	
3.93453	1	400074	741680	383482	
3.93689	1	400074	742338	384140	
3.93689	1	400074	743140	384942	
3.93925	1	400074	743782	385584	
3.93925	1	400074	744600	386402	
3.94161	1	400074	745226	387028	
3.94161	1	400074	746060	387862	
3.94397	1	400074	746670	388472	
3.94397	1	400074	747520	389322	
3.94633	1	400074	748114	389916	
3.94633	1	400074	748980	390782	
3.94869	1	400074	749558	391360	
3.94869	1	400074	750440	392242	
3.95105	1	400074	751002	392804	
3.95105	1	400074	751900	393702	
3.95341	1	400074	752446	394248	
3.95341	1	400074	753360	395162	
3.95577	1	400074	753890	395692	
3.95577	1	400074	754820	396622	
3.95813	1	400074	755334	397136	
3.95813	1	400074	756280	398082	
3.96049	1	400074	756778	398580	
3.96049	1	400074	757740	399542	
3.96285	1	400074	759666	400024	
3.96285	1	400074	760660	401018	
3.96521	1	400074	761110	401468	
3.96521	1	400074	762120	402478	
3.96757	1	400074	762554	402912	
3.96757	1	400074	763580	403938	
3.97	1	400074	763998	404356	
3.97	1	400074	765040	405398	
3.97236	1	400074	765442	405800	
3.97236	1	400074	766500	406858	
3.97472	1	400074	766886	407244	
3.97472	1	400074	767960	408318	
3.9795	1	400074	768330	408688	
3.9795	1	400074	769420	409778	
3.98186	1	400074	769774	410132	
3.98186	1	400074	770880	411238	
3.98422	1	400074	771218	411576	
3.98422	1	400074	772340	412698	
3.98668	1	400074	772662	413020	
3.98668	1	400074	773800	414158	
3.98904	1	400074	774106	414464	
3.98904	1	400074	775260	415618	
3.9914	1	400074	775550	415908	
3.9914	1	400074	776720	417078	
3.99376	1	400074	776994	417352	
3.99376	1	400074	778180	418538	
3.99612	1	400074	778438	418796	
3.99612	1	400074	779640	419998	
3.99848	1	400074	779882	420240	
3.99848	1	400074	781100	421458	
4.00084	1	400074	782770	421684	
4.00084	1	400074	784020	422934	
4.0032	1	400074	784214	423128	
4.0032	1	400074	785480	424394	
4.00556	1	400074	785658	424572	
4.00556	1	400074	786940	425854	
4.00792	1	400074	787102	426016	
4.00792	1	400074	788400	427314	
4.01028	1	400074	788546	427460	
4.01028	1	400074	789860	428774	
4.01274	1	400074	789990	428904	
4.01274	1	400074	791320	430234	
4.0151	1	400074	791434	430348	
4.0151	1	400074	792780	431694	
4.01746	1	400074	792878	431792	
4.01746	1	400074	794240	433154	
4.01982	1	400074	794322	433236	
4.01982	1	400074	795700	434614	
4.02218	1	400074	795766	434680	
4.02218	1	400074	797160	436074	
4.02454	1	400074	797210	436124	
4.02454	1	400074	798620	437534	
4.0269	1	400074	798654	437568	
4.0269	1	400074	800080	438994	
4.02926	1	400074	800098	439012	
4.02926	1	400074	801540	440454	
4.03162	1	400074	801542	440456	
4.03398	1	400074	802994	441908	
4.03398	1	400074	803000	441914	
4.03634	1	400074	805884	443353	
4.03634	1	400074	805920	443389	
4.0387	1	400074	807329	444798	
4.0387	1	400074	807380	444849	
4.04106	1	400074	808774	446243	
4.04106	1	400074	808840	446309	
4.04342	1	400074	400074	447687	
4.04342	1	401500	401500	447687	
4.04635	1	473730	859314	375475	
4.04635	1	473730	859940	376101	
4.04871	1	473730	473730	376919	
4.04871	1	474500	474500	376919	
4.04871	1	475174	475174	376919	
4.04871	1	475960	475960	376919	
4.05183	1	582042	860758	271495	
4.05183	1	582042	861400	272137	
4.05425	1	582042	862202	272939	
4.05425	1	582042	862860	273597	
4.05668	1	582042	863646	274383	
4.05668	1	582042	864320	275057	
4.05911	1	582042	865090	275827	
4.05911	1	582042	865780	276517	
4.06153	1	582042	866534	277271	
4.06153	1	582042	867240	277977	
4.06396	1	582042	867978	278715	
4.06396	1	582042	868700	279437	
4.06638	1	582042	869422	280159	
4.06638	1	582042	870160	280897	
4.06881	1	582042	870866	281603	
4.06881	1	582042	871620	282357	
4.07123	1	582042	872310	283047	
4.07123	1	582042	873080	283817	
4.07375	1	582042	582042	284491	
4.07375	1	582540	582540	284491	
4.07619	1	729342	873754	138635	
4.07619	1	729342	874540	139421	
4.07862	1	729342	875198	140079	
4.07862	1	729342	876000	140881	
4.08104	1	729342	876642	141523	
4.08104	1	729342	877460	142341	
4.08347	1	729342	878086	142967	
4.08347	1	729342	878920	143801	
4.0859	1	729342	879530	144411	
4.0859	1	729342	880380	145261	
4.08842	1	729342	880974	145855	
4.08842	1	729342	881840	146721	
4.09084	1	729342	882418	147299	
4.09084	1	729342	883300	148181	
4.09327	1	729342	883862	148743	
4.09327	1	729342	884760	149641	
4.09569	1	729342	885306	150187	
4.09569	1	729342	886220	151101	
4.09824	1	729342	886750	151631	
4.09824	1	729342	887680	152561	
4.1006	1	729342	888194	153075	
4.1006	1	729342	889140	154021	
4.10329	1	729342	889638	154519	
4.10329	1	729342	890600	155481	
4.10565	1	729342	891082	155963	
4.10565	1	729342	892060	156941	
4.1084	1	729342	892526	157407	
4.1084	1	729342	893520	158401	
4.11076	1	729342	893970	158851	
4.11076	1	729342	894980	159861	
4.11422	1	729342	895414	160295	
4.11422	1	729342	896440	161321	
4.11747	1	729342	896858	161739	
4.11747	1	729342	897900	162781	
4.11983	1	729342	898302	163183	
4.11983	1	729342	899360	164241	
4.12219	1	729342	899746	164627	
4.12219	1	729342	900820	165701	
4.12455	1	729342	901190	166071	
4.12455	1	729342	902280	167161	
4.12691	1	729342	902634	167515	
4.12691	1	729342	903740	168621	
4.12927	1	729342	904078	168959	
4.12927	1	729342	905200	170081	
4.13173	1	729342	905522	170403	
4.13173	1	729342	906660	171541	
4.13409	1	729342	906966	171847	
4.13409	1	729342	908120	173001	
4.13645	1	729342	908410	173291	
4.13645	1	729342	909580	174461	
4.13881	1	729342	909854	174735	
4.13881	1	729342	911040	175921	
4.14157	1	729342	911298	176179	
4.14157	1	729342	912500	177381	
4.14393	1	729342	912742	177623	
4.14393	1	729342	913960	178841	
4.14629	1	729342	914186	179067	
4.14629	1	729342	915420	180301	
4.14865	1	729342	915630	180511	
4.14865	1	729342	916880	181761	
4.15101	1	729342	917074	181955	
4.15101	1	729342	918340	183221	
4.15337	1	729342	918518	183399	
4.15337	1	729342	919800	184681	
4.15612	1	729342	921406	184843	
4.15612	1	729342	922720	186157	
4.15866	1	729342	922850	186287	
4.15866	1	729342	924180	187617	
4.16102	1	729342	924294	187731	
4.16102	1	729342	925640	189077	
4.16338	1	729342	925738	189175	
4.16338	1	729342	927100	190537	
4.16574	1	729342	927182	190619	
4.16574	1	729342	928560	191997	
4.1681	1	729342	928626	192063	
4.1681	1	729342	930020	193457	
4.17094	1	729342	729342	193507	
4.17094	1	730000	730000	193507	
4.1733	1	758222	930070	166071	
4.1733	1	758222	931480	167481	
4.17566	1	758222	931514	167515	
4.17566	1	758222	932940	168941	
4.17802	1	758222	932958	168959	
4.17802	1	758222	934400	170401	
4.18038	1	758222	934402	170403	
4.18307	1	758222	935854	171855	
4.18307	1	758222	935860	171861	
4.18543	1	758222	937299	173300	
4.18543	1	758222	937320	173321	
4.18779	1	758222	938744	174745	
4.18779	1	758222	938780	174781	
4.19015	1	758222	940189	176190	
4.19015	1	758222	940240	176241	
4.19251	1	758222	941634	177635	
4.19251	1	758222	941700	177701	
4.19487	1	758222	943078	179079	
4.19487	1	758222	943160	179161	
4.19723	1	758222	944522	180523	
4.19723	1	758222	944620	180621	
4.19969	1	758222	945966	181967	
4.19969	1	758222	946080	182081	
4.20205	1	758222	947410	183411	
4.20205	1	758222	947540	183541	
4.20441	1	758222	948854	184855	
4.20441	1	758222	949000	185001	
4.20677	1	758222	950298	186299	
4.20677	1	758222	950460	186461	
4.20913	1	758222	951742	187743	
4.20913	1	758222	951920	187921	
4.21149	1	758222	953186	189187	
4.21149	1	758222	953380	189381	
4.21432	1	758222	954630	190631	
4.21432	1	758222	954840	190841	
4.21668	1	758222	956074	192075	
4.21668	1	758222	956300	192301	
4.21904	1	758222	957518	193519	
4.21904	1	758222	957760	193761	
4.2214	1	758222	958962	194963	
4.2214	1	758222	959220	195221	
4.22376	1	758222	960406	196407	
4.22376	1	758222	960680	196681	
4.22612	1	758222	961850	197851	
4.22612	1	758222	962140	198141	
4.22849	1	758222	758222	199295	
4.22849	1	759200	759200	199295	
4.23085	1	781326	963294	177635	
4.23085	1	781326	963600	177941	
4.23321	1	781326	964738	179079	
4.23321	1	781326	965060	179401	
4.23557	1	781326	966182	180523	
4.23557	1	781326	966520	180861	
4.23793	1	781326	967626	181967	
4.23793	1	781326	967980	182321	
4.24029	1	781326	969070	183411	
4.24029	1	781326	969440	183781	
4.24265	1	781326	970514	184855	
4.24265	1	781326	970900	185241	
4.2451	1	781326	971958	186299	
4.2451	1	781326	972360	186701	
4.24746	1	781326	973402	187743	
4.24746	1	781326	973820	188161	
4.24982	1	781326	974846	189187	
4.24982	1	781326	975280	189621	
4.25218	1	781326	976290	190631	
4.25218	1	781326	976740	191081	
4.25454	1	781326	977734	192075	
4.25454	1	781326	978200	192541	
4.257	1	781326	781326	193519	
4.257	1	782560	782560	193519	
4.25936	1	804439	979178	171850	
4.25936	1	804439	979660	172332	
4.26172	1	804439	980622	173294	
4.26172	1	804439	981120	173792	
4.26408	1	804439	982066	174738	
4.26408	1	804439	982580	175252	
4.26644	1	804439	983510	176182	
4.26644	1	804439	984040	176712	
4.2688	1	804439	984954	177626	
4.2688	1	804439	985500	178172	
4.27116	1	804439	986398	179070	
4.27116	1	804439	986960	179632	
4.27352	1	804439	987842	180514	
4.27352	1	804439	988420	181092	
4.2762	1	804439	989286	181958	
4.2762	1	804439	989880	182552	
4.27896	1	804439	990730	183402	
4.27896	1	804439	991340	184012	
4.28132	1	804439	992174	184846	
4.28132	1	804439	992800	185472	
4.28368	1	804439	993618	186290	
4.28368	1	804439	994260	186932	
4.28613	1	804439	995062	187734	
4.28613	1	804439	995720	188392	
4.2891	1	804439	996506	189178	
4.2891	1	804439	997180	189852	
4.29146	1	804439	997950	190622	
4.29146	1	804439	998640	191312	
4.29382	1	804439	999394	192066	
4.29382	1	804439	1000100	192772	
4.29618	1	804439	1000838	193510	
4.29618	1	804439	1001560	194232	
4.29854	1	804439	1002282	194954	
4.29854	1	804439	1003020	195692	
4.30118	1	804439	1003726	196398	
4.30118	1	804439	1004480	197152	
4.30355	1	804439	1005170	197842	
4.30355	1	804439	1005940	198612	
4.30591	1	804439	1006614	199286	
4.30591	1	804439	1007400	200072	
4.30827	1	804439	1008058	200730	
4.30827	1	804439	1008860	201532	
4.31063	1	804439	1009502	202174	
4.31063	1	804439	1010320	202992	
4.31299	1	804439	804439	203618	
4.31299	1	804460	804460	203618	
4.31535	1	919962	1010946	89540	
4.31535	1	919962	1011780	90374	
4.3178	1	919962	1012390	90984	
4.3178	1	919962	1013240	91834	
4.32056	1	919962	1013834	92428	
4.32056	1	919962	1014700	93294	
4.32301	1	919962	1015278	93872	
4.32301	1	919962	1016160	94754	
4.32537	1	919962	1016722	95316	
4.32537	1	919962	1017620	96214	
4.32805	1	919962	1018166	96760	
4.32805	1	919962	1019080	97674	
4.33074	1	919962	1019610	98204	
4.33074	1	919962	1020540	99134	
4.3331	1	919962	1021054	99648	
4.3331	1	919962	1022000	100594	
4.33546	1	919962	1022498	101092	
4.33546	1	919962	1023460	102054	
4.33783	1	919962	1023942	102536	
4.33783	1	919962	1024920	103514	
4.34019	1	919962	1025386	103980	
4.34019	1	919962	1026380	104974	
4.34255	1	919962	1026830	105424	
4.34255	1	919962	1027840	106434	
4.345	1	919962	1028274	106868	
4.345	1	919962	1029300	107894	
4.3484	1	919962	1031162	108312	
4.3484	1	919962	1032220	109370	
4.35076	1	919962	1032606	109756	
4.35076	1	919962	1033680	110830	
4.3536	1	919962	1034050	111200	
4.3536	1	919962	1035140	112290	
4.35605	1	919962	1035494	112644	
4.35605	1	919962	1036600	113750	
4.35841	1	919962	1036938	114088	
4.35841	1	919962	1038060	115210	
4.36077	1	919962	1038382	115532	
4.36077	1	919962	1039520	116670	
4.36313	1	919962	1039826	116976	
4.36313	1	919962	1040980	118130	
4.36549	1	919962	1041270	118420	
4.36549	1	919962	1042440	119590	
4.36785	1	919962	1042714	119864	
4.36785	1	919962	1043900	121050	
4.37021	1	919962	1044158	121308	
4.37021	1	919962	1045360	122510	
4.37257	1	919962	1045602	122752	
4.37257	1	919962	1046820	123970	
4.37493	1	919962	1047046	124196	
4.37493	1	919962	1048280	125430	
4.37729	1	919962	1048490	125640	
4.37729	1	919962	1049740	126890	
4.37965	1	919962	1049934	127084	
4.37965	1	919962	1051200	128350	
4.38211	1	919962	1051378	128528	
4.38211	1	919962	1052660	129810	
4.38447	1	919962	1052822	129972	
4.38447	1	919962	1054120	131270	
4.38683	1	919962	1054266	131416	
4.38683	1	919962	1055580	132730	
4.38919	1	919962	1055710	132860	
4.38919	1	919962	1057040	134190	
4.39155	1	919962	1057154	134304	
4.39155	1	919962	1058500	135650	
4.394	1	919962	1058598	135748	
4.394	1	919962	1059960	137110	
4.39636	1	919962	1060042	137192	
4.39636	1	919962	1061420	138570	
4.39872	1	919962	1061486	138636	
4.39872	1	919962	1062880	140030	
4.40109	1	919962	1062930	140080	
4.40109	1	919962	1064340	141490	
4.40345	1	919962	1064374	141524	
4.40345	1	919962	1065800	142950	
4.40581	1	919962	1065818	142968	
4.40581	1	919962	1067260	144410	
4.40817	1	919962	1067262	144412	
4.41053	1	919962	1068714	145864	
4.41053	1	919962	1068720	145870	
4.41289	1	919962	1070159	147309	
4.41289	1	919962	1070180	147330	
4.41525	1	919962	1071604	148754	
4.41525	1	919962	1071640	148790	
4.41761	1	919962	1073049	150199	
4.41761	1	919962	1073100	150250	
4.42006	1	919962	919962	151644	
4.42006	1	921260	921260	151644	
4.42309	1	1029718	1074494	43332	
4.42309	1	1029718	1074560	43398	
4.42552	1	1029718	1075938	44776	
4.42552	1	1029718	1076020	44858	
4.42794	1	1029718	1077382	46220	
4.42794	1	1029718	1077480	46318	
4.43037	1	1029718	1078826	47664	
4.43037	1	1029718	1078940	47778	
4.43279	1	1029718	1080270	49108	
4.43279	1	1029718	1080400	49238	
4.43522	1	1029718	1081714	50552	
4.43522	1	1029718	1081860	50698	
4.43764	1	1029718	1083158	51996	
4.43764	1	1029718	1083320	52158	
4.44007	1	1029718	1084602	53440	
4.44007	1	1029718	1084780	53618	
4.44249	1	1029718	1086046	54884	
4.44249	1	1029718	1086240	55078	
4.44502	1	1029718	1087490	56328	
4.44502	1	1029718	1087700	56538	
4.44744	1	1029718	1088934	57772	
4.44744	1	1029718	1089160	57998	
4.44987	1	1029718	1090378	59216	
4.44987	1	1029718	1090620	59458	
4.45229	1	1029718	1091822	60660	
4.45229	1	1029718	1092080	60918	
4.45472	1	1029718	1093266	62104	
4.45472	1	1029718	1093540	62378	
4.45724	1	1029718	1094710	63548	
4.45724	1	1029718	1095000	63838	
4.45966	1	1029718	1096154	64992	
4.45966	1	1029718	1096460	65298	
4.46209	1	1029718	1097598	66436	
4.46209	1	1029718	1097920	66758	
4.46451	1	1029718	1099042	67880	
4.46451	1	1029718	1099380	68218	
4.46694	1	1029718	1100486	69324	
4.46694	1	1029718	1100840	69678	
4.46937	1	1029718	1101930	70768	
4.46937	1	1029718	1102300	71138	
4.47179	1	1029718	1103374	72212	
4.47179	1	1029718	1103760	72598	
4.47422	1	1029718	1104818	73656	
4.47422	1	1029718	1105220	74058	
4.47664	1	1029718	1106262	75100	
4.47664	1	1029718	1106680	75518	
4.47907	1	1029718	1107706	76544	
4.47907	1	1029718	1108140	76978	
4.48159	1	1029718	1029718	77988	
4.48159	1	1030760	1030760	77988	
4.48403	1	1109150	1109150	0	
4.48403	1	1109600	1109600	0	
4.48645	1	1110594	1110594	0	
4.48645	1	1111060	1111060	0	
4.48888	1	1112038	1112038	0	
4.48888	1	1112520	1112520	0	
4.4913	1	1113482	1113482	0	
4.4913	1	1113980	1113980	0	
4.49373	1	1114926	1114926	0	
4.49373	1	1115440	1115440	0	
4.49625	1	1116370	1116370	0	
4.49625	1	1116900	1116900	0	
4.49868	1	1117814	1117814	0	
4.49868	1	1118360	1118360	0	
4.5011	1	1119258	1119258	0	
4.5011	1	1119820	1119820	0	
4.50353	1	1120702	1120702	0	
4.50353	1	1121280	1121280	0	
4.50595	1	1122146	1122146	0	
4.50595	1	1122740	1122740	0	
4.50838	1	1123590	1123590	0	
4.50838	1	1124200	1124200	0	
4.5108	1	1125034	1125034	0	
4.5108	1	1125660	1125660	0	
4.51323	1	1126478	1126478	0	
4.51323	1	1127120	1127120	0	
4.51565	1	1127922	1127922	0	
4.51565	1	1128580	1128580	0	
4.51808	1	1129366	1129366	0	
4.51808	1	1130040	1130040	0	
4.52051	1	1130810	1130810	0	
4.52051	1	1131500	1131500	0	
4.52303	1	1132254	1132254	0	
4.52303	1	1132960	1132960	0	
4.52545	1	1133698	1133698	0	
4.52545	1	1134420	1134420	0	
4.52788	1	1135142	1135142	0	
4.52788	1	1135880	1135880	0	
4.5303	1	1136586	1136586	0	
4.5303	1	1137340	1137340	0	
4.53273	1	1138030	1138030	0	
4.53273	1	1138800	1138800	0	
4.53525	1	1139474	1139474	0	
4.53525	1	1140260	1140260	0	
4.53767	1	1140918	1140918	0	
4.53767	1	1141720	1141720	0	
4.5401	1	1142362	1142362	0	
4.5401	1	1143180	1143180	0	
4.54253	1	1143806	1143806	0	
4.54253	1	1144640	1144640	0	
4.54495	1	1145250	1145250	0	
4.54495	1	1146100	1146100	0	
4.54738	1	1146694	1146694	0	
4.54738	1	1147560	1147560	0	
4.5498	1	1148138	1148138	0	
4.5498	1	1149020	1149020	0	
4.55223	1	1149582	1149582	0	
4.55223	1	1150480	1150480	0	
4.55465	1	1151026	1151026	0	
4.55465	1	1151940	1151940	0	
4.55708	1	1152470	1152470	0	
4.55708	1	1153400	1153400	0	
4.55969	1	1153914	1153914	0	
4.55969	1	1154860	1154860	0	
4.56212	1	1155358	1155358	0	
4.56212	1	1156320	1156320	0	
4.56455	1	1156802	1156802	0	
4.56455	1	1157780	1157780	0	
4.56602	1	1158246	1177018	0	
4.56602	1	1158246	1178220	1202	
4.56697	1	1158246	1158246	1444	
4.56697	1	1159240	1159240	1444	
4.56872	1	1159690	1178462	1444	
4.56872	1	1159690	1179680	2662	
4.5694	1	1159690	1159690	2888	
4.5694	1	1160700	1160700	2888	
4.57143	1	1161134	1179906	2888	
4.57143	1	1161134	1181140	4122	
4.57182	1	1161134	1161134	4332	
4.57182	1	1162160	1162160	4332	
4.57413	1	1162578	1181350	4332	
4.57413	1	1162578	1182600	5582	
4.57425	1	1162578	1162578	5776	
4.57425	1	1163620	1163620	5776	
4.57667	1	1164022	1164022	5776	
4.57667	1	1165080	1165080	5776	
4.57683	1	1165466	1182794	5776	
4.57683	1	1165466	1184060	7042	
4.5791	1	1165466	1165466	7220	
4.5791	1	1166540	1166540	7220	
4.57954	1	1166910	1184238	7220	
4.57954	1	1166910	1185520	8502	
4.58152	1	1166910	1166910	8664	
4.58152	1	1168000	1168000	8664	
4.58225	1	1168354	1185682	8664	
4.58225	1	1168354	1186980	9962	
4.58395	1	1168354	1168354	10108	
4.58395	1	1169460	1169460	10108	
4.58495	1	1169798	1187126	10108	
4.58495	1	1169798	1188440	11422	
4.58647	1	1169798	1169798	11552	
4.58647	1	1170920	1170920	11552	
4.58766	1	1171242	1188570	11552	
4.58766	1	1171242	1189900	12882	
4.5889	1	1171242	1171242	12996	
4.5889	1	1172380	1172380	12996	
4.59036	1	1172686	1190014	12996	
4.59036	1	1172686	1191360	14342	
4.59132	1	1172686	1172686	14440	
4.59132	1	1173840	1173840	14440	
4.59306	1	1174130	1191458	14440	
4.59306	1	1174130	1192820	15802	
4.59375	1	1174130	1174130	15884	
4.59375	1	1175300	1175300	15884	
4.59577	1	1175574	1192902	15884	
4.59577	1	1175574	1194280	17262	
4.59617	1	1175574	1175574	17328	
4.59617	1	1176760	1176760	17328	
4.5986	1	1194346	1370538	0	
4.5986	1	1194346	1370940	402	
4.59882	1	1194346	1194346	1444	
4.59882	1	1195740	1195740	1444	
4.60102	1	1195790	1371982	1444	
4.60102	1	1195790	1372400	1862	
4.60152	1	1195790	1195790	2888	
4.60152	1	1197200	1197200	2888	
4.60344	1	1197234	1373426	2888	
4.60344	1	1197234	1373860	3322	
4.60423	1	1197234	1197234	4332	
4.60423	1	1198660	1198660	4332	
4.60596	1	1198678	1377758	4332	
4.60596	1	1198678	1378240	4814	
4.60693	1	1198678	1198678	5776	
4.60693	1	1200120	1200120	5776	
4.60839	1	1200122	1379202	5776	
4.60839	1	1200122	1379700	6274	
4.60964	1	1200122	1200122	7220	
4.61082	1	1201574	1380646	7220	
4.61082	1	1201574	1381160	7734	
4.61234	1	1201574	1201574	8664	
4.61234	1	1201580	1201580	8664	
4.61324	1	1203019	1382090	8664	
4.61324	1	1203019	1382620	9194	
4.61505	1	1203019	1203019	10108	
4.61505	1	1203040	1203040	10108	
4.61567	1	1204464	1383534	10108	
4.61567	1	1204464	1384080	10654	
4.61775	1	1204464	1204464	11552	
4.61775	1	1204500	1204500	11552	
4.61809	1	1205909	1384978	11552	
4.61809	1	1205909	1385540	12114	
4.62046	1	1205909	1205909	12996	
4.62046	1	1205960	1205960	12996	
4.62052	1	1207354	1386422	12996	
4.62052	1	1207354	1387000	13574	
4.62294	1	1207354	1387866	14440	
4.62294	1	1207354	1388460	15034	
4.62316	1	1207354	1207354	15884	
4.62316	1	1207420	1207420	15884	
4.62546	1	1208798	1389310	15884	
4.62546	1	1208798	1389920	16494	
4.62587	1	1208798	1208798	17328	
4.62587	1	1208880	1208880	17328	
4.62789	1	1210242	1390754	17328	
4.62789	1	1210242	1391380	17954	
4.62893	1	1210242	1210242	18772	
4.62893	1	1210340	1210340	18772	
4.63031	1	1211686	1392198	18772	
4.63031	1	1211686	1392840	19414	
4.63163	1	1211686	1211686	20216	
4.63163	1	1211800	1211800	20216	
4.63274	1	1213130	1393642	20216	
4.63274	1	1213130	1394300	20874	
4.63434	1	1213130	1213130	21660	
4.63434	1	1213260	1213260	21660	
4.63517	1	1214574	1395086	21660	
4.63517	1	1214574	1395760	22334	
4.63705	1	1214574	1214574	23104	
4.63705	1	1214720	1214720	23104	
4.63769	1	1216018	1396530	23104	
4.63769	1	1216018	1397220	23794	
4.63976	1	1216018	1216018	24548	
4.63976	1	1216180	1216180	24548	
4.64011	1	1217462	1397974	24548	
4.64011	1	1217462	1398680	25254	
4.64246	1	1217462	1217462	25992	
4.64246	1	1217640	1217640	25992	
4.64254	1	1218906	1399418	25992	
4.64254	1	1218906	1400140	26714	
4.64496	1	1218906	1400862	27436	
4.64496	1	1218906	1401600	28174	
4.64517	1	1218906	1218906	28880	
4.64517	1	1219100	1219100	28880	
4.64739	1	1220350	1402306	28880	
4.64739	1	1220350	1403060	29634	
4.64787	1	1220350	1220350	30324	
4.64787	1	1220560	1220560	30324	
4.64981	1	1221794	1403750	30324	
4.64981	1	1221794	1404520	31094	
4.65058	1	1221794	1221794	31768	
4.65058	1	1222020	1222020	31768	
4.65224	1	1223238	1405194	31768	
4.65224	1	1223238	1405980	32554	
4.65328	1	1223238	1223238	33212	
4.65328	1	1223480	1223480	33212	
4.65466	1	1224682	1406638	33212	
4.65466	1	1224682	1407440	34014	
4.65599	1	1224682	1224682	34656	
4.65599	1	1224940	1224940	34656	
4.65709	1	1226126	1408082	34656	
4.65709	1	1226126	1408900	35474	
4.65768	0	73000	35748100	160600	
4.6578	0	73000	35751020	162060	
4.65786	0	73000	35752480	163520	
4.65792	0	73000	35753940	164980	
4.65804	0	73000	35756860	166440	
4.6581	0	73000	35758320	167900	
4.65816	0	73000	35759780	169360	
4.65827	0	73000	35762700	170820	
4.65833	0	73000	35764160	172280	
4.65839	0	73000	35765620	173740	
4.65845	0	73000	35767080	175200	
4.65857	0	73000	35770000	176660	
4.65863	0	73000	35771460	176660	
4.65869	0	73000	35772920	176660	
4.65869	1	1226126	1226126	36100	
4.65869	1	1226400	1226400	36100	
4.65881	0	73000	35775840	176660	
4.65887	0	73000	35777300	176660	
4.65893	0	73000	35778760	176660	
4.65905	0	73000	35781680	176660	
4.65911	0	73000	35783140	176660	
4.65917	0	73000	35784600	176660	
4.65928	0	73000	35787520	176660	
4.65934	0	73000	35788980	176660	
4.6594	0	73000	35790440	176660	
4.65952	1	1227570	1409526	36100	
4.65952	1	1227570	1410360	36934	
4.65952	0	73000	35793360	176660	
4.65958	0	73000	35794820	176660	
4.65964	0	73000	35796280	176660	
4.65976	0	73000	35799200	178120	
4.65982	0	73000	35800660	178120	
4.65988	0	73000	35802120	178120	
4.66	0	73000	35805040	178120	
4.66006	0	73000	35806500	179580	
4.66012	0	73000	35807960	179580	
4.66024	0	73000	35810880	179580	
4.6603	0	73000	35812340	179580	
4.66035	0	73000	35813800	181040	
4.66047	0	73000	35816720	181040	
4.66053	0	73000	35818180	181040	
4.66065	0	73000	35821100	182500	
4.66071	0	73000	35822560	182500	
4.66077	0	73000	35824020	182500	
4.66089	0	73000	35826940	182500	
4.66095	0	73000	35828400	182500	
4.66101	0	73000	35829860	182500	
4.66107	0	73000	35832780	182500	
4.66113	0	73000	35834240	183960	
4.66119	0	73000	35835700	183960	
4.66131	0	73000	35838620	185420	
4.66136	0	73000	35840080	185420	
4.6614	1	1227570	1227570	37544	
4.6614	1	1227860	1227860	37544	
4.66142	0	73000	35841540	186880	
4.66154	0	73000	35844460	186880	
4.6616	0	73000	35845920	186880	
4.66166	0	73000	35847380	186880	
4.66178	0	73000	35850300	188340	
4.66184	0	73000	35851760	188340	
4.66194	1	1229014	1410970	37544	
4.66194	1	1229014	1411820	38394	
4.66196	0	73000	35854680	188340	
4.66202	0	73000	35856140	188340	
4.66208	0	73000	35857600	188340	
4.6622	0	73000	35860520	188340	
4.66226	0	73000	35861980	189800	
4.66232	0	73000	35863440	189800	
4.66243	0	73000	35866360	189800	
4.66249	0	73000	35867820	189800	
4.66255	0	73000	35869280	191260	
4.66267	0	73000	35872200	191260	
4.66273	0	73000	35873660	191260	
4.66285	0	73000	35876580	192720	
4.66291	0	73000	35878040	192720	
4.66297	0	73000	35879500	192720	
4.66309	0	73000	35882420	192720	
4.66315	0	73000	35883880	192720	
4.66321	0	73000	35885340	192720	
4.66333	0	73000	35888260	192720	
4.66339	0	73000	35889720	192720	
4.6635	0	73000	35892640	192720	
4.66356	0	73000	35894100	194180	
4.66362	0	73000	35895560	194180	
4.66374	0	73000	35898480	194180	
4.6638	0	73000	35899940	194180	
4.66392	0	73000	35902860	195640	
4.66398	0	73000	35904320	195640	
4.66404	0	73000	35905780	195640	
4.6641	1	1229014	1229014	38988	
4.6641	1	1229320	1229320	38988	
4.66416	0	73000	35908700	197100	
4.66422	0	73000	35910160	197100	
4.66428	0	73000	35911620	197100	
4.6644	0	73000	35914540	198560	
4.66446	0	73000	35916000	198560	
4.66446	1	1230458	1412414	38988	
4.66446	1	1230458	1413280	39854	
4.66457	0	73000	35918920	198560	
4.66463	0	73000	35920380	200020	
4.66469	0	73000	35921840	200020	
4.66481	0	73000	35924760	200020	
4.66487	0	73000	35926220	201480	
4.66499	0	73000	35929140	201480	
4.66505	0	73000	35930600	201480	
4.66511	0	73000	35932060	202940	
4.66523	0	73000	35934980	202940	
4.66529	0	73000	35936440	202940	
4.66541	0	73000	35939360	204400	
4.66547	0	73000	35940820	204400	
4.66553	0	73000	35942280	204400	
4.66564	0	73000	35945200	204400	
4.66579	0	73000	35946660	204400	
4.66591	0	73000	35949580	204400	
4.66597	0	73000	35951040	205860	
4.66603	0	73000	35952500	205860	
4.66615	0	73000	35955420	205860	
4.66621	0	73000	35956880	207320	
4.66633	0	73000	35959800	208780	
4.66639	0	73000	35961260	208780	
4.6665	0	73000	35964180	210240	
4.66656	0	73000	35965640	210240	
4.66662	0	73000	35967100	210240	
4.66674	0	73000	35970020	211700	
4.6668	0	73000	35971480	211700	
4.66682	1	1230458	1230458	40432	
4.66682	1	1230780	1230780	40432	
4.66689	1	1231902	1413858	40432	
4.66689	1	1231902	1414740	41314	
4.66692	0	73000	35974400	213160	
4.66698	0	73000	35975860	214620	
4.66704	0	73000	35977320	216080	
4.66716	0	73000	35980240	217540	
4.66722	0	73000	35981700	219000	
4.66728	0	73000	35984620	220460	
4.66734	0	73000	35986080	221920	
4.66746	0	73000	35989000	223380	
4.66751	0	73000	35990460	224840	
4.66757	0	73000	35991920	226300	
4.66769	0	73000	35994840	227760	
4.66775	0	73000	35996300	229220	
4.66787	0	73000	35999220	230680	
4.66793	0	73000	36000680	232140	
4.66805	0	73000	36003600	233600	
4.66811	0	73000	36005060	235060	
4.66817	0	73000	36006520	236520	
4.66829	0	73000	36009440	237980	
4.66835	0	73000	36010900	239440	
4.66847	0	73000	36013820	240900	
4.66853	0	73000	36015280	242360	
4.66864	0	73000	36018200	243820	
4.6687	0	73000	36019660	245280	
4.66882	0	73000	36022580	246740	
4.66888	0	73000	36024040	248200	
4.66894	0	73000	36025500	249660	
4.66906	0	73000	36028420	251120	
4.66912	0	73000	36029880	252580	
4.66924	0	73000	36032800	254040	
4.6693	0	73000	36034260	255500	
4.66931	1	1231902	1415302	41876	
4.66931	1	1231902	1416200	42774	
4.66942	0	73000	36037180	256960	
4.66948	0	73000	36038640	258420	
4.66952	1	1231902	1231902	43320	
4.66952	1	1232240	1232240	43320	
4.66959	0	73000	36041560	259880	
4.66965	0	73000	36043020	261340	
4.66971	0	73000	36044480	262800	
4.66983	0	73000	36047400	264260	
4.66989	0	73000	36048860	265720	
4.67001	0	73000	36051780	267180	
4.67007	0	73000	36053240	268640	
4.67019	0	73000	36056160	270100	
4.67025	0	73000	36057620	271560	
4.67037	0	73000	36060540	273020	
4.67043	0	73000	36062000	274480	
4.67055	0	73000	36064920	275940	
4.67061	0	73000	36066380	277400	
4.67066	0	73000	36067840	278860	
4.67078	0	73000	36070760	280320	
4.67084	0	73000	36072220	281780	
4.67096	0	73000	36075140	283240	
4.67102	0	73000	36076600	284700	
4.67174	1	1233346	1416746	43320	
4.67174	1	1233346	1417660	44234	
4.67223	1	1233346	1233346	44764	
4.67223	1	1233700	1233700	44764	
4.67416	1	1234790	1418190	44764	
4.67416	1	1234790	1419120	45694	
4.67493	1	1234790	1234790	46208	
4.67493	1	1235160	1235160	46208	
4.67668	1	1236234	1419634	46208	
4.67668	1	1236234	1420580	47154	
4.67764	1	1236234	1236234	47652	
4.67764	1	1236620	1236620	47652	
4.67911	1	1237678	1421078	47652	
4.67911	1	1237678	1422040	48614	
4.68034	1	1237678	1237678	49096	
4.68034	1	1238080	1238080	49096	
4.68154	1	1239122	1422522	49096	
4.68154	1	1239122	1423500	50074	
4.6834	1	1239122	1239122	50540	
4.6834	1	1239540	1239540	50540	
4.68396	1	1240566	1423966	50540	
4.68396	1	1240566	1424960	51534	
4.68611	1	1240566	1240566	51984	
4.68611	1	1241000	1241000	51984	
4.68639	1	1242010	1425410	51984	
4.68639	1	1242010	1426420	52994	
4.68881	1	1242010	1426854	53428	
4.68881	1	1242010	1427880	54454	
4.68881	1	1242010	1242010	54872	
4.68881	1	1242460	1242460	54872	
4.69124	1	1243454	1428298	54872	
4.69124	1	1243454	1429340	55914	
4.69152	1	1243454	1243454	56316	
4.69152	1	1243920	1243920	56316	
4.69366	1	1244898	1429742	56316	
4.69366	1	1244898	1430800	57374	
4.69423	1	1244898	1244898	57760	
4.69423	1	1245380	1245380	57760	
4.69609	1	1246342	1431186	57760	
4.69609	1	1246342	1432260	58834	
4.69694	1	1246342	1246342	59204	
4.69694	1	1246840	1246840	59204	
4.69851	1	1247786	1432630	59204	
4.69851	1	1247786	1433720	60294	
4.69964	1	1247786	1247786	60648	
4.69964	1	1248300	1248300	60648	
4.70103	1	1249230	1434074	60648	
4.70103	1	1249230	1435180	61754	
4.70235	1	1249230	1249230	62092	
4.70235	1	1249760	1249760	62092	
4.70346	1	1250674	1435518	62092	
4.70346	1	1250674	1436640	63214	
4.70589	1	1250674	1436962	63536	
4.70589	1	1250674	1438100	64674	
4.70831	1	1250674	1447070	64980	
4.70831	1	1250674	1448320	66230	
4.70939	1	1250674	1250674	66424	
4.70939	1	1251220	1251220	66424	
4.71074	1	1252118	1448514	66424	
4.71074	1	1252118	1449780	67690	
4.71316	1	1252118	1449958	67868	
4.71316	1	1252118	1451240	69150	
4.71438	1	1252118	1252118	69312	
4.71438	1	1252680	1252680	69312	
4.71559	1	1253562	1451402	69312	
4.71559	1	1253562	1452700	70610	
4.71801	1	1253562	1452846	70756	
4.71801	1	1253562	1454160	72070	
4.71904	1	1253562	1253562	72200	
4.71904	1	1254140	1254140	72200	
4.72044	1	1255006	1454290	72200	
4.72044	1	1255006	1455620	73530	
4.72296	1	1255006	1464398	73644	
4.72296	1	1255006	1465840	75086	
4.72405	1	1255006	1255006	75088	
4.72405	1	1255600	1255600	75088	
4.72538	1	1256450	1465842	75088	
4.7278	1	1256450	1475962	76540	
4.7278	1	1256450	1476060	76638	
4.72904	1	1256450	1256450	77984	
4.72904	1	1257060	1257060	77984	
4.73024	1	1257894	1477406	77984	
4.73024	1	1257894	1477520	78098	
4.73266	1	1257894	1478850	79428	
4.73266	1	1257894	1478980	79558	
4.7337	1	1257894	1257894	80872	
4.7337	1	1258520	1258520	80872	
4.73509	1	1259338	1488958	80872	
4.73509	1	1259338	1489200	81114	
4.73751	1	1259338	1490402	82316	
4.73751	1	1259338	1490660	82574	
4.73835	1	1259338	1259338	83760	
4.73835	1	1259980	1259980	83760	
4.73994	1	1260782	1491846	83760	
4.73994	1	1260782	1492120	84034	
4.74245	1	1260782	1499066	85204	
4.74245	1	1260782	1499420	85558	
4.74333	1	1260782	1260782	86648	
4.74333	1	1261440	1261440	86648	
4.74488	1	1262226	1500510	86648	
4.74488	1	1262226	1500880	87018	
4.7473	1	1262226	1510618	88092	
4.7473	1	1262226	1511100	88574	
4.748	1	1262226	1262226	89536	
4.748	1	1262900	1262900	89536	
4.74972	1	1263670	1512062	89536	
4.74972	1	1263670	1512560	90034	
4.75215	1	1263670	1513506	90980	
4.75215	1	1263670	1514020	91494	
4.75298	1	1263670	1265114	92424	
4.75298	1	1263670	1265820	93130	
4.75458	1	1263670	1523614	93868	
4.75458	1	1263670	1524240	94494	
4.757	1	1263670	1525058	95312	
4.757	1	1263670	1525700	95954	
4.75764	1	1263670	1266558	96756	
4.75764	1	1263670	1267280	97478	
4.75943	1	1263670	1526502	98200	
4.75943	1	1263670	1527160	98858	
4.76195	1	1263670	1536610	99644	
4.76195	1	1263670	1537380	100414	
4.7623	1	1263670	1268002	101088	
4.7623	1	1263670	1268740	101826	
4.76437	1	1263670	1538054	102532	
4.76437	1	1263670	1538840	103318	
4.7668	1	1263670	1545274	103976	
4.7668	1	1263670	1546140	104842	
4.76728	1	1263670	1269446	105420	
4.76728	1	1263670	1270200	106174	
4.76922	1	1263670	1546718	106864	
4.76922	1	1263670	1547600	107746	
4.77165	1	1263670	1548162	108308	
4.77165	1	1263670	1549060	109206	
4.77194	1	1263670	1270890	109752	
4.77194	1	1263670	1271660	110522	
4.77407	1	1263670	1558270	111196	
4.77407	1	1263670	1559280	112206	
4.77498	1	1263670	1272334	112640	
4.77498	1	1263670	1273120	113426	
4.7765	1	1263670	1559714	114084	
4.7765	1	1263670	1560740	115110	
4.77902	1	1263670	1569822	115528	
4.77902	1	1263670	1570960	116666	
4.77966	1	1263670	1273778	116972	
4.77966	1	1263670	1274580	117774	
4.78145	1	1263670	1571266	118416	
4.78145	1	1263670	1572420	119570	
4.78204	1	1263670	1275222	119860	
4.78204	1	1263670	1276040	120678	
4.78387	1	1263670	1572710	121304	
4.78387	1	1263670	1573880	122474	
4.78442	1	1263670	1276666	122748	
4.78442	1	1263670	1277500	123582	
4.7863	1	1263670	1574154	124192	
4.7863	1	1263670	1575340	125378	
4.7868	1	1263670	1278110	125636	
4.7868	1	1263670	1278960	126486	
4.78872	1	1263670	1575598	127080	
4.78872	1	1263670	1576800	128282	
4.79115	1	1263670	1577042	128524	
4.79115	1	1263670	1578260	129742	
4.79149	1	1263670	1279554	129968	
4.79149	1	1263670	1280420	130834	
4.79367	1	1263670	1587150	131412	
4.79367	1	1263670	1588480	132742	
4.79388	1	1263670	1280998	132856	
4.79388	1	1263670	1281880	133738	
4.79609	1	1263670	1588594	134300	
4.79609	1	1263670	1589940	135646	
4.7982	1	1263670	1282442	135744	
4.7982	1	1263670	1283340	136642	
4.79852	1	1263670	1590038	137188	
4.79852	1	1263670	1591400	138550	
4.80059	1	1263670	1283886	138632	
4.80059	1	1263670	1284800	139546	
4.80095	1	1263670	1600154	140076	
4.80095	1	1263670	1600160	140082	
4.80297	1	1263670	1285330	141521	
4.80297	1	1263670	1286260	142451	
4.80337	1	1263670	1601599	142965	
4.80337	1	1263670	1601620	142986	
4.80535	1	1263670	1286774	144410	
4.80535	1	1263670	1287720	145356	
4.8058	1	1263670	1611710	145854	
4.8058	1	1263670	1611840	145984	
4.80822	1	1263670	1613154	147298	
4.80822	1	1263670	1613300	147444	
4.80903	1	1263670	1288218	148742	
4.80903	1	1263670	1289180	149704	
4.81065	1	1263670	1614598	150186	
4.81065	1	1263670	1614760	150348	
4.81141	1	1263670	1289662	151630	
4.81141	1	1263670	1290640	152608	
4.81307	1	1263670	1616042	153074	
4.81307	1	1263670	1616220	153252	
4.81379	1	1263670	1291106	154518	
4.81379	1	1263670	1292100	155512	
4.8155	1	1263670	1617486	155962	
4.8155	1	1263670	1617680	156156	
4.81618	1	1263670	1292550	157406	
4.81618	1	1263670	1293560	158416	
4.81802	1	1263670	1633370	158850	
4.81802	1	1263670	1633740	159220	
4.81856	1	1263670	1293994	160294	
4.81856	1	1263670	1295020	161320	
4.82044	1	1263670	1634814	161738	
4.82044	1	1263670	1635200	162124	
4.82094	1	1263670	1295438	163182	
4.82094	1	1263670	1296480	164224	
4.82287	1	1263670	1636258	164626	
4.82287	1	1263670	1636660	165028	
4.82332	1	1263670	1296882	166070	
4.82332	1	1263670	1297940	167128	
4.8253	1	1263670	1646366	167514	
4.8253	1	1263670	1646880	168028	
4.8257	1	1263670	1298326	168958	
4.8257	1	1263670	1299400	170032	
4.82772	1	1263670	1647810	170402	
4.82772	1	1263670	1648340	170932	
4.82843	1	1263670	1299770	171846	
4.82843	1	1263670	1300860	172936	
4.83015	1	1263670	1649254	173290	
4.83015	1	1263670	1649800	173836	
4.83257	1	1263670	1650698	174734	
4.83257	1	1263670	1651260	175296	
4.83276	1	1263670	1301214	176178	
4.83276	1	1263670	1302320	177284	
4.835	1	1263670	1652142	177622	
4.835	1	1263670	1652720	178200	
4.83514	1	1263670	1302658	179066	
4.83514	1	1263670	1303780	180188	
4.83752	1	1263670	1662250	180510	
4.83752	1	1263670	1662940	181200	
4.83752	1	1263670	1304102	181954	
4.83752	1	1263670	1305240	183092	
4.8399	1	1263670	1305546	183398	
4.8399	1	1263670	1306700	184552	
4.83994	1	1263670	1663694	184842	
4.83994	1	1263670	1664400	185548	
4.84228	1	1263670	1306990	186286	
4.84228	1	1263670	1308160	187456	
4.84237	1	1263670	1665138	187730	
4.84237	1	1263670	1665860	188452	
4.84466	1	1263670	1308434	189174	
4.84466	1	1263670	1309620	190360	
4.84479	1	1263670	1666582	190618	
4.84479	1	1263670	1667320	191356	
4.84722	1	1263670	1668026	192062	
4.84722	1	1263670	1668780	192816	
4.849	1	1263670	1309878	193506	
4.849	1	1263670	1311080	194708	
4.84965	1	1263670	1669470	194950	
4.84965	1	1263670	1670240	195720	
4.85138	1	1263670	1311322	196394	
4.85138	1	1263670	1312540	197612	
4.85217	1	1263670	1679578	197838	
4.85217	1	1263670	1680460	198720	
4.85412	1	1263670	1312766	199282	
4.85412	1	1263670	1314000	200516	
4.85459	1	1263670	1681022	200726	
4.85459	1	1263670	1681920	201624	
4.8565	1	1263670	1314210	202170	
4.8565	1	1263670	1315460	203420	
4.85702	1	1263670	1682466	203614	
4.85702	1	1263670	1683380	204528	
4.85888	1	1263670	1315654	205058	
4.85888	1	1263670	1316920	206324	
4.85944	1	1263670	1683910	206502	
4.85944	1	1263670	1684840	207432	
4.86126	1	1263670	1317098	207946	
4.86126	1	1263670	1318380	209228	
4.86187	1	1263670	1685354	209390	
4.86187	1	1263670	1686300	210336	
4.86364	1	1263670	1318542	210834	
4.86364	1	1263670	1319840	212132	
4.86429	1	1263670	1692574	212278	
4.86429	1	1263670	1693600	213304	
4.86602	1	1263670	1319986	213722	
4.86602	1	1263670	1321300	215036	
4.86672	1	1263670	1694018	215166	
4.86672	1	1263670	1695060	216208	
4.8684	1	1263670	1321430	216610	
4.8684	1	1263670	1322760	217940	
4.86914	1	1263670	1695462	218054	
4.86914	1	1263670	1696520	219112	
4.87078	1	1263670	1322874	219498	
4.87078	1	1263670	1324220	220844	
4.87167	1	1263670	1696906	220942	
4.87167	1	1263670	1697980	222016	
4.87316	1	1263670	1324318	222386	
4.87316	1	1263670	1325680	223748	
4.87409	1	1263670	1698350	223830	
4.87409	1	1263670	1699440	224920	
4.87554	1	1263670	1325762	225274	
4.87554	1	1263670	1327140	226652	
4.87652	1	1263670	1699794	226718	
4.87652	1	1263670	1700900	227824	
4.87792	1	1263670	1327206	228162	
4.87792	1	1263670	1328600	229556	
4.87894	1	1263670	1709902	229606	
4.87894	1	1263670	1711120	230824	
4.8803	1	1263670	1328650	231050	
4.8803	1	1263670	1330060	232460	
4.88137	1	1263670	1711346	232494	
4.88137	1	1263670	1712580	233728	
4.88268	1	1263670	1330094	233938	
4.88268	1	1263670	1331520	235364	
4.88379	1	1263670	1712790	235382	
4.88379	1	1263670	1714040	236632	
4.88506	1	1263670	1331538	236826	
4.88506	1	1263670	1332980	238268	
4.88622	1	1263670	1714234	238270	
4.88622	1	1263670	1715500	239536	
4.88744	1	1263670	1332982	239714	
4.88864	1	1263670	1715678	241166	
4.88864	1	1263670	1716960	242448	
4.88982	1	1263670	1334434	242610	
4.88982	1	1263670	1334440	242616	
4.89107	1	1263670	1722898	244055	
4.89107	1	1263670	1724260	245417	
4.8922	1	1263670	1335879	245499	
4.8922	1	1263670	1335900	245520	
4.89349	1	1263670	1724342	246944	
4.89349	1	1263670	1725720	248322	
4.89458	1	1263670	1337324	248388	
4.89458	1	1263670	1337360	248424	
4.89592	1	1263670	1725786	249833	
4.89592	1	1263670	1727180	251227	
4.89696	1	1263670	1338769	251277	
4.89696	1	1263670	1338820	251328	
4.89844	1	1263670	1727230	252722	
4.89844	1	1263670	1728640	254132	
4.90086	1	1263670	1728674	254166	
4.90086	1	1263670	1730100	255592	
4.90129	1	1263670	1340214	255610	
4.90129	1	1263670	1340280	255676	
4.90329	1	1263670	1730118	257054	
4.90329	1	1263670	1731560	258496	
4.90403	1	1263670	1341658	258498	
4.90403	1	1263670	1341740	258580	
4.90571	1	1263670	1731562	259942	
4.90813	1	1263670	1733014	261394	
4.90813	1	1263670	1733020	261400	
4.90835	1	1263670	1343102	262839	
4.90835	1	1263670	1343200	262937	
4.91056	1	1263670	1734459	264283	
4.91056	1	1263670	1734480	264304	
4.91073	1	1263670	1344546	265728	
4.91073	1	1263670	1344660	265842	
4.91298	1	1263670	1735904	267172	
4.91298	1	1263670	1735940	267208	
4.91311	1	1263670	1345990	268617	
4.91311	1	1263670	1346120	268747	
4.9155	1	1263670	1737349	270061	
4.9155	1	1263670	1737400	270112	
4.91745	1	1263670	1347434	271506	
4.91745	1	1263670	1347580	271652	
4.91793	1	1263670	1738794	272950	
4.91793	1	1263670	1738860	273016	
4.92036	1	1263670	1740238	274394	
4.92036	1	1263670	1740320	274476	
4.92279	1	1263670	1741682	275838	
4.92279	1	1263670	1741780	275936	
4.92309	1	1263670	1350322	277282	
4.92309	1	1263670	1350500	277460	
4.92521	1	1263670	1743126	278726	
4.92521	1	1263670	1743240	278840	
4.92547	1	1263670	1351766	280170	
4.92547	1	1263670	1351960	280364	
4.92764	1	1263670	1744570	281614	
4.92764	1	1263670	1744700	281744	
4.93006	1	1263670	1746014	283058	
4.93006	1	1263670	1746160	283204	
4.93023	1	1263670	1354654	284502	
4.93023	1	1263670	1354880	284728	
4.93248	1	1263670	1747458	285946	
4.93248	1	1263670	1747620	286108	
4.93261	1	1263670	1356098	287390	
4.93261	1	1263670	1356340	287632	
4.935	1	1263670	1748902	288834	
4.935	1	1263670	1749080	289012	
4.93743	1	1263670	1750346	290278	
4.93743	1	1263670	1750540	290472	
4.93925	1	1263670	1357542	291722	
4.93925	1	1263670	1357800	291980	
4.93985	1	1263670	1751790	293166	
4.93985	1	1263670	1752000	293376	
4.94163	1	1263670	1358986	294610	
4.94163	1	1263670	1359260	294884	
4.94228	1	1263670	1753234	296054	
4.94228	1	1263670	1753460	296280	
4.94401	1	1263670	1360430	297498	
4.94401	1	1263670	1360720	297788	
4.94471	1	1263670	1754678	298942	
4.94471	1	1263670	1754920	299184	
4.94639	1	1263670	1361874	300386	
4.94639	1	1263670	1362180	300692	
4.94714	1	1263670	1756122	301830	
4.94714	1	1263670	1756380	302088	
4.94965	1	1263670	1757566	303274	
4.94965	1	1263670	1757840	303548	
4.95203	1	1263670	1363318	304718	
4.95203	1	1263670	1363640	305040	
4.95208	1	1263670	1759010	306162	
4.95208	1	1263670	1759300	306452	
4.95441	1	1263670	1364762	307606	
4.95441	1	1263670	1365100	307944	
4.9545	1	1263670	1760454	309050	
4.9545	1	1263670	1760760	309356	
4.95679	1	1263670	1366206	310494	
4.95679	1	1263670	1366560	310848	
4.95693	1	1263670	1761898	311938	
4.95693	1	1263670	1762220	312260	
4.95917	1	1263670	1367650	313382	
4.95917	1	1263670	1368020	313752	
4.95935	1	1263670	1763342	314826	
4.95935	1	1263670	1763680	315164	
4.96155	1	1263670	1374870	316270	
4.96155	1	1263670	1375320	316720	
4.96178	1	1263670	1764786	317714	
4.96178	1	1263670	1765140	318068	
4.96393	1	1263670	1376314	319158	
4.96393	1	1263670	1376780	319624	
4.9642	1	1263670	1766230	320602	
4.9642	1	1263670	1766600	320972	
4.96663	1	1263670	1767674	322046	
4.96663	1	1263670	1768060	322432	
4.96916	1	1263670	1769118	323490	
4.96916	1	1263670	1769520	323892	
4.97158	1	1263670	1770562	324934	
4.97158	1	1263670	1770980	325352	
4.97337	1	1263670	1438406	326378	
4.97337	1	1263670	1439560	327532	
4.974	1	1263670	1772006	327822	
4.974	1	1263670	1772440	328256	
4.97576	1	1263670	1439850	329266	
4.97576	1	1263670	1441020	330436	
4.97643	1	1263670	1773450	330710	
4.97643	1	1263670	1773900	331160	
4.97814	1	1263670	1441294	332154	
4.97814	1	1263670	1442480	333340	
4.97885	1	1263670	1774894	333598	
4.97885	1	1263670	1775360	334064	
4.98052	1	1263670	1442738	335042	
4.98052	1	1263670	1443940	336244	
4.98128	1	1263670	1776338	336486	
4.98128	1	1263670	1776820	336968	
4.9829	1	1263670	1444182	337930	
4.9829	1	1263670	1445400	339148	
4.9837	1	1263670	1777782	339374	
4.9837	1	1263670	1778280	339872	
4.98528	1	1263670	1445626	340818	
4.98528	1	1263670	1446860	342052	
4.98613	1	1263670	1779226	342262	
4.98613	1	1263670	1779740	342776	
4.98766	1	1263670	1455734	343706	
4.98766	1	1263670	1457080	345052	
4.98865	1	1263670	1780670	345150	
4.98865	1	1263670	1781200	345680	
4.99004	1	1263670	1457178	346594	
4.99004	1	1263670	1458540	347956	
4.99108	1	1263670	1782114	348038	
4.99108	1	1263670	1782660	348584	
4.99242	1	1263670	1458622	349482	
4.99242	1	1263670	1460000	350860	
4.99351	1	1263670	1783558	350926	
4.99351	1	1263670	1784120	351488	
4.9948	1	1263670	1461510	352370	
4.9948	1	1263670	1462920	353780	
4.99593	1	1263670	1785002	353814	
4.99593	1	1263670	1785580	354392	
4.99718	1	1263670	1462954	355258	
4.99718	1	1263670	1464380	356684	
4.99835	1	1263670	1786446	356702	
4.99835	1	1263670	1787040	357296	
4.99956	1	1263670	1467294	358146	
4.99956	1	1263670	1467300	358152	
5.00078	1	1263670	1787890	359591	
5.00078	1	1263670	1788500	360201	
5.00194	1	1263670	1468739	361035	
5.00194	1	1263670	1468760	361056	
5.0032	1	1263670	1789334	362480	
5.0032	1	1263670	1789960	363106	
5.00432	1	1263670	1470184	363924	
5.00432	1	1263670	1470220	363960	
5.00563	1	1263670	1790778	365369	
5.00563	1	1263670	1791420	366011	
5.0067	1	1263670	1471629	366813	
5.0067	1	1263670	1471680	366864	
5.00805	1	1263670	1792222	368258	
5.00805	1	1263670	1792880	368916	
5.00908	1	1263670	1473074	369702	
5.00908	1	1263670	1473140	369768	
5.01048	1	1263670	1793666	371146	
5.01048	1	1263670	1794340	371820	
5.01146	1	1263670	1474518	372590	
5.01146	1	1263670	1474600	372672	
5.013	1	1263670	1795110	374034	
5.013	1	1263670	1795800	374724	
5.0142	1	1263670	1480294	375478	
5.0142	1	1263670	1480440	375624	
5.01543	1	1263670	1796554	376922	
5.01543	1	1263670	1797260	377628	
5.01658	1	1263670	1481738	378366	
5.01658	1	1263670	1481900	378528	
5.01786	1	1263670	1797998	379810	
5.01786	1	1263670	1798720	380532	
5.01896	1	1263670	1483182	381254	
5.01896	1	1263670	1483360	381432	
5.02028	1	1263670	1799442	382698	
5.02028	1	1263670	1800180	383436	
5.02095	0	73000	73000	286160	
5.02134	1	1263670	1484626	384142	
5.02134	1	1263670	1484820	384336	
5.02271	1	1263670	1800886	385586	
5.02271	1	1263670	1801640	386340	
5.02318	0	74460	74460	286160	
5.02372	1	1263670	1486070	387030	
5.02372	1	1263670	1486280	387240	
5.02513	1	1263670	1802330	388474	
5.02513	1	1263670	1803100	389244	
5.02537	0	75920	75920	286160	
5.0261	1	1263670	1487514	389918	
5.0261	1	1263670	1487740	390144	
5.02755	0	77380	77380	286160	
5.02765	1	1263670	1803774	391362	
5.02765	1	1263670	1804560	392148	
5.02848	1	1263670	1493290	392806	
5.02848	1	1263670	1493580	393096	
5.02974	0	78840	78840	286160	
5.03007	1	1263670	1805218	394250	
5.03007	1	1263670	1806020	395052	
5.03086	1	1263670	1494734	395694	
5.03086	1	1263670	1495040	396000	
5.03192	0	80300	80300	286160	
5.0325	1	1263670	1806662	397138	
5.0325	1	1263670	1807480	397956	
5.03324	1	1263670	1496178	398582	
5.03324	1	1263670	1496500	398904	
5.03411	0	81760	81760	286160	
5.03492	1	1263670	1808106	400026	
5.03492	1	1263670	1808940	400860	
5.03562	1	1263670	1497622	401470	
5.03562	1	1263670	1497960	401808	
5.03629	0	83220	83220	286160	
5.03735	1	1263670	1809550	402914	
5.03735	1	1263670	1810400	403764	
5.03848	0	84680	84680	286160	
5.03978	1	1263670	1810994	404358	
5.03978	1	1263670	1811860	405224	
5.04066	0	86140	86140	286160	
5.04221	1	1263670	1812438	405802	
5.04221	1	1263670	1813320	406684	
5.04285	0	87600	87600	286160	
5.04463	1	1263670	1813882	407246	
5.04463	1	1263670	1814780	408144	
5.04503	0	89060	89060	286160	
5.04706	1	1263670	1815326	408690	
5.04706	1	1263670	1816240	409604	
5.04722	0	90520	90520	286160	
5.0494	0	91980	91980	286160	
5.04948	1	1263670	1816770	410134	
5.04948	1	1263670	1817700	411064	
5.05009	1	1263670	1501954	411578	
5.05009	1	1263670	1502340	411964	
5.05159	0	93440	93440	286160	
5.052	1	1263670	1818214	413022	
5.052	1	1263670	1819160	413968	
5.05247	1	1263670	1503398	414466	
5.05247	1	1263670	1503800	414868	
5.05346	1	1263670	1819658	415910	
5.05346	1	1263670	1820620	416872	
5.05377	0	94900	94900	286160	
5.05478	1	1263670	1506286	417354	
5.05478	1	1263670	1506720	417788	
5.05592	1	1263670	1821102	418798	
5.05592	1	1263670	1822080	419776	
5.05596	0	96360	96360	286160	
5.05708	1	1263670	1507730	420242	
5.05708	1	1263670	1508180	420692	
5.05814	0	97820	97820	286160	
5.05838	1	1263670	1822546	421686	
5.05838	1	1263670	1823540	422680	
5.05938	1	1263670	1509174	423130	
5.05938	1	1263670	1509640	423596	
5.06033	0	99280	99280	286160	
5.06084	1	1263670	1823990	424574	
5.06084	1	1263670	1825000	425584	
5.06251	0	100740	100740	286160	
5.06331	1	1263670	1825434	426018	
5.06331	1	1263670	1826460	427044	
5.0647	0	102200	102200	286160	
5.06577	1	1263670	1826878	427462	
5.06577	1	1263670	1827920	428504	
5.06688	0	103660	103660	286160	
5.06823	1	1263670	1828322	428906	
5.06823	1	1263670	1829380	429964	
5.06891	1	1263670	1514950	430350	
5.06891	1	1263670	1515480	430880	
5.06907	0	105120	105120	286160	
5.07079	1	1263670	1831210	431794	
5.07079	1	1263670	1832300	432884	
5.07122	1	1263670	1516394	433238	
5.07122	1	1263670	1516940	433784	
5.07125	0	106580	106580	286160	
5.07325	1	1263670	1832654	434682	
5.07325	1	1263670	1833760	435788	
5.07344	0	108040	108040	286160	
5.07352	1	1263670	1517838	436126	
5.07352	1	1263670	1518400	436688	
5.07562	0	109500	109500	286160	
5.07571	1	1263670	1834098	437570	
5.07571	1	1263670	1835220	438692	
5.07582	1	1263670	1519282	439014	
5.07582	1	1263670	1519860	439592	
5.07781	0	110960	110960	286160	
5.07812	1	1263670	1520726	440458	
5.07812	1	1263670	1521320	441052	
5.07817	1	1263670	1835542	441902	
5.07817	1	1263670	1836680	443040	
5.07999	0	112420	112420	286160	
5.08043	1	1263670	1522170	443346	
5.08043	1	1263670	1522780	443956	
5.08063	1	1263670	1836986	444790	
5.08063	1	1263670	1838140	445944	
5.08218	0	113880	113880	286160	
5.08307	1	1263670	1527946	446234	
5.08307	1	1263670	1528620	446908	
5.08309	1	1263670	1838430	447678	
5.08309	1	1263670	1839600	448848	
5.08436	0	115340	115340	286160	
5.08538	1	1263670	1529390	449122	
5.08538	1	1263670	1530080	449812	
5.08565	1	1263670	1839874	450566	
5.08565	1	1263670	1841060	451752	
5.08654	0	116800	116800	286160	
5.08768	1	1263670	1530834	452010	
5.08768	1	1263670	1531540	452716	
5.08811	1	1263670	1841318	453454	
5.08811	1	1263670	1842520	454656	
5.08873	0	118260	118260	286160	
5.08998	1	1263670	1532278	454898	
5.08998	1	1263670	1533000	455620	
5.09058	1	1263670	1842762	456342	
5.09058	1	1263670	1843980	457560	
5.09091	0	119720	119720	286160	
5.09229	1	1263670	1533722	457786	
5.09229	1	1263670	1534460	458524	
5.09304	1	1263670	1844206	459230	
5.09304	1	1263670	1845440	460464	
5.0931	0	121180	121180	286160	
5.09459	1	1263670	1535166	460674	
5.09459	1	1263670	1535920	461428	
5.09528	0	122640	122640	286160	
5.0955	1	1263670	1845650	462118	
5.0955	1	1263670	1846900	463368	
5.09689	1	1263670	1539498	463562	
5.09689	1	1263670	1540300	464364	
5.09747	0	124100	124100	286160	
5.09796	1	1263670	1847094	465006	
5.09796	1	1263670	1848360	466272	
5.09919	1	1263670	1540942	466450	
5.09919	1	1263670	1541760	467268	
5.09965	0	125560	125560	286160	
5.10042	1	1263670	1848538	467894	
5.10042	1	1263670	1849820	469176	
5.1015	1	1263670	1542386	469338	
5.1015	1	1263670	1543220	470172	
5.10184	0	127020	127020	286160	
5.10288	1	1263670	1849982	470782	
5.10288	1	1263670	1851280	472080	
5.1038	1	1263670	1543830	472226	
5.1038	1	1263670	1544680	473076	
5.10402	0	128480	128480	286160	
5.10534	1	1263670	1851426	473670	
5.10534	1	1263670	1852740	474984	
5.1061	1	1263670	1549606	475114	
5.1061	1	1263670	1550520	476028	
5.10621	0	129940	129940	286160	
5.1078	1	1263670	1852870	476558	
5.1078	1	1263670	1854200	477888	
5.10839	0	131400	131400	286160	
5.10841	1	1263670	1551050	478002	
5.10841	1	1263670	1551980	478932	
5.11036	1	1263670	1854314	479446	
5.11036	1	1263670	1855660	480792	
5.11058	0	132860	132860	286160	
5.11071	1	1263670	1552494	480890	
5.11071	1	1263670	1553440	481836	
5.11276	0	134320	134320	286160	
5.11282	1	1263670	1855758	482334	
5.11282	1	1263670	1857120	483696	
5.11301	1	1263670	1553938	483778	
5.11301	1	1263670	1554900	484740	
5.11495	0	135780	135780	286160	
5.11528	1	1263670	1857202	485222	
5.11528	1	1263670	1858580	486600	
5.11531	1	1263670	1556826	486666	
5.11531	1	1263670	1557820	487660	
5.11713	0	137240	137240	286160	
5.11775	1	1263670	1858646	488110	
5.11775	1	1263670	1860040	489504	
5.11796	1	1263670	1561158	489554	
5.11796	1	1263670	1562200	490596	
5.11932	0	138700	138700	286160	
5.1202	1	1263670	1860090	490998	
5.1202	1	1263670	1861500	492408	
5.12026	1	1263670	1562602	492442	
5.12026	1	1263670	1563660	493500	
5.1215	0	140160	140160	286160	
5.12257	1	1263670	1564046	493886	
5.12257	1	1263670	1565120	494960	
5.12266	1	1263670	1861534	495330	
5.12266	1	1263670	1862960	496756	
5.12369	0	141620	141620	286160	
5.12487	1	1263670	1565490	496774	
5.12487	1	1263670	1566580	497864	
5.12522	1	1263670	1862978	498218	
5.12522	1	1263670	1864420	499660	
5.12587	0	143080	143080	286160	
5.12717	1	1263670	1566934	499662	
5.12717	1	1263670	1568040	500768	
5.12768	1	1263670	1864422	501106	
5.12806	0	144540	144540	286160	
5.12947	1	1263670	1568378	502558	
5.12947	1	1263670	1569500	503680	
5.13014	1	1263670	1865874	504002	
5.13014	1	1263670	1865880	504008	
5.13178	1	1263670	1578486	505447	
5.13178	1	1263670	1579720	506681	
5.1326	1	1263670	1867319	506891	
5.1326	1	1263670	1867340	506912	
5.13408	1	1263670	1579930	508336	
5.13408	1	1263670	1581180	509586	
5.13507	1	1263670	1868764	509780	
5.13507	1	1263670	1868800	509816	
5.13638	1	1263670	1581374	511225	
5.13638	1	1263670	1582640	512491	
5.13753	1	1263670	1870209	512669	
5.13753	1	1263670	1870260	512720	
5.13869	1	1263670	1582818	514114	
5.13869	1	1263670	1584100	515396	
5.13999	1	1263670	1871654	515558	
5.13999	1	1263670	1871720	515624	
5.14099	1	1263670	1584262	517002	
5.14099	1	1263670	1585560	518300	
5.14245	1	1263670	1873098	518446	
5.14245	1	1263670	1873180	518528	
5.14329	1	1263670	1585706	519890	
5.14329	1	1263670	1587020	521204	
5.14491	1	1263670	1874542	521334	
5.14491	1	1263670	1874640	521432	
5.14595	1	1263670	1591482	522778	
5.14595	1	1263670	1592860	524156	
5.14737	1	1263670	1875986	524222	
5.14737	1	1263670	1876100	524336	
5.14825	1	1263670	1592926	525666	
5.14825	1	1263670	1594320	527060	
5.14993	1	1263670	1877430	527110	
5.14993	1	1263670	1877560	527240	
5.15055	1	1263670	1594370	528554	
5.15055	1	1263670	1595780	529964	
5.15239	1	1263670	1878874	529998	
5.15239	1	1263670	1879020	530144	
5.15285	1	1263670	1597258	531442	
5.15285	1	1263670	1598700	532884	
5.15485	1	1263670	1880318	532886	
5.15485	1	1263670	1880480	533048	
5.15516	1	1263670	1598702	534330	
5.15731	1	1263670	1881762	535782	
5.15731	1	1263670	1881940	535960	
5.15778	1	1263670	1603044	537226	
5.15778	1	1263670	1603080	537262	
5.15978	1	1263670	1883206	538671	
5.15978	1	1263670	1883400	538865	
5.16008	1	1263670	1604489	540115	
5.16008	1	1263670	1604540	540166	
5.16224	1	1263670	1884650	541560	
5.16224	1	1263670	1884860	541770	
5.16239	1	1263670	1605934	543004	
5.16239	1	1263670	1606000	543070	
5.16469	1	1263670	1607378	544448	
5.16469	1	1263670	1607460	544530	
5.16479	1	1263670	1886094	545892	
5.16479	1	1263670	1886320	546118	
5.16699	1	1263670	1608822	547336	
5.16699	1	1263670	1608920	547434	
5.16725	1	1263670	1887538	548780	
5.16725	1	1263670	1887780	549022	
5.1693	1	1263670	1610266	550224	
5.1693	1	1263670	1610380	550338	
5.16971	1	1263670	1888982	551668	
5.16971	1	1263670	1889240	551926	
5.1716	1	1263670	1618930	553112	
5.1716	1	1263670	1619140	553322	
5.17217	1	1263670	1890426	554556	
5.17217	1	1263670	1890700	554830	
5.1739	1	1263670	1620374	556000	
5.1739	1	1263670	1620600	556226	
5.17464	1	1263670	1891870	557444	
5.17464	1	1263670	1892160	557734	
5.1762	1	1263670	1621818	558888	
5.1762	1	1263670	1622060	559130	
5.1771	1	1263670	1893314	560332	
5.1771	1	1263670	1893620	560638	
5.17851	1	1263670	1623262	561776	
5.17851	1	1263670	1623520	562034	
5.17955	1	1263670	1894758	563220	
5.17955	1	1263670	1895080	563542	
5.18081	1	1263670	1624706	564664	
5.18081	1	1263670	1624980	564938	
5.18201	1	1263670	1896202	566108	
5.18201	1	1263670	1896540	566446	
5.18311	1	1263670	1626150	567552	
5.18311	1	1263670	1626440	567842	
5.18448	1	1263670	1897646	568996	
5.18448	1	1263670	1898000	569350	
5.18576	1	1263670	1627594	570440	
5.18576	1	1263670	1627900	570746	
5.18694	1	1263670	1899090	571884	
5.18694	1	1263670	1899460	572254	
5.18806	1	1263670	1629038	573328	
5.18806	1	1263670	1629360	573650	
5.18949	1	1263670	1900534	574772	
5.18949	1	1263670	1900920	575158	
5.19036	1	1263670	1630482	576216	
5.19036	1	1263670	1630820	576554	
5.19195	1	1263670	1901978	577660	
5.19195	1	1263670	1902380	578062	
5.19267	1	1263670	1631926	579104	
5.19267	1	1263670	1632280	579458	
5.19442	1	1263670	1903422	580548	
5.19442	1	1263670	1903840	580966	
5.19497	1	1263670	1637702	581992	
5.19497	1	1263670	1638120	582410	
5.19688	1	1263670	1904866	583436	
5.19688	1	1263670	1905300	583870	
5.19727	1	1263670	1639146	584880	
5.19727	1	1263670	1639580	585314	
5.19934	1	1263670	1906310	586324	
5.19934	1	1263670	1906760	586774	
5.19958	1	1263670	1640590	587768	
5.19958	1	1263670	1641040	588218	
5.2018	1	1263670	1907754	589212	
5.2018	1	1263670	1908220	589678	
5.20188	1	1263670	1642034	590656	
5.20188	1	1263670	1642500	591122	
5.20418	1	1263670	1643478	592100	
5.20418	1	1263670	1643960	592582	
5.20435	1	1263670	1909198	593544	
5.20435	1	1263670	1909680	594026	
5.20648	1	1263670	1644922	594988	
5.20648	1	1263670	1645420	595486	
5.20682	1	1263670	1910642	596432	
5.20682	1	1263670	1911140	596930	
5.20928	1	1263670	1912086	597876	
5.20928	1	1263670	1912600	598390	
5.21174	1	1263670	1913530	599320	
5.21174	1	1263670	1914060	599850	
5.2119	1	1263670	1653586	600764	
5.2119	1	1263670	1654180	601358	
5.2142	1	1263670	1914974	602208	
5.2142	1	1263670	1915520	602754	
5.21421	1	1263670	1655030	603652	
5.21421	1	1263670	1655640	604262	
5.21651	1	1263670	1656474	605096	
5.21651	1	1263670	1657100	605722	
5.21666	1	1263670	1916418	606540	
5.21666	1	1263670	1916980	607102	
5.21881	1	1263670	1657918	607984	
5.21881	1	1263670	1658560	608626	
5.21912	1	1263670	1917862	609428	
5.21912	1	1263670	1918440	610006	
5.22112	1	1263670	1659362	610872	
5.22112	1	1263670	1660020	611530	
5.22158	1	1263670	1919306	612316	
5.22158	1	1263670	1919900	612910	
5.22342	1	1263670	1660806	613760	
5.22342	1	1263670	1661480	614434	
5.22404	1	1263670	1920750	615204	
5.22404	1	1263670	1921360	615814	
5.22607	1	1263670	1670914	616648	
5.22607	1	1263670	1671700	617434	
5.2265	1	1263670	1922194	618092	
5.2265	1	1263670	1922820	618718	
5.22837	1	1263670	1672358	619536	
5.22837	1	1263670	1673160	620338	
5.22906	1	1263670	1923638	620980	
5.22906	1	1263670	1924280	621622	
5.23067	1	1263670	1673802	622424	
5.23067	1	1263670	1674620	623242	
5.23152	1	1263670	1925082	623868	
5.23152	1	1263670	1925740	624526	
5.23297	1	1263670	1675246	625312	
5.23297	1	1263670	1676080	626146	
5.23398	1	1263670	1926526	626756	
5.23398	1	1263670	1927200	627430	
5.23528	1	1263670	1676690	628200	
5.23528	1	1263670	1677540	629050	
5.23644	1	1263670	1927970	629644	
5.23644	1	1263670	1928660	630334	
5.23758	1	1263670	1678134	631088	
5.23758	1	1263670	1679000	631954	
5.23891	1	1263670	1929414	632532	
5.23891	1	1263670	1930120	633238	
5.23988	1	1263670	1686798	633976	
5.23988	1	1263670	1687760	634938	
5.24137	1	1263670	1930858	635420	
5.24137	1	1263670	1931580	636142	
5.24219	1	1263670	1688242	636864	
5.24219	1	1263670	1689220	637842	
5.24392	1	1263670	1932302	638308	
5.24392	1	1263670	1933040	639046	
5.24449	1	1263670	1689686	639752	
5.24449	1	1263670	1690680	640746	
5.24638	1	1263670	1933746	641196	
5.24638	1	1263670	1934500	641950	
5.24679	1	1263670	1691130	642640	
5.24679	1	1263670	1692140	643650	
5.24884	1	1263670	1935190	644084	
5.24884	1	1263670	1935960	644854	
5.24909	1	1263670	1701238	645528	
5.24909	1	1263670	1702360	646650	
5.2513	1	1263670	1936634	646972	
5.2513	1	1263670	1937420	647758	
5.2514	1	1263670	1702682	648416	
5.2514	1	1263670	1703820	649554	
5.2537	1	1263670	1704126	649860	
5.2537	1	1263670	1705280	651014	
5.25376	1	1263670	1938078	651304	
5.25376	1	1263670	1938880	652106	
5.256	1	1263670	1705570	652748	
5.256	1	1263670	1706740	653918	
5.25623	1	1263670	1939522	654192	
5.25623	1	1263670	1940340	655010	
5.25831	1	1263670	1707014	655636	
5.25831	1	1263670	1708200	656822	
5.25869	1	1263670	1940966	657080	
5.25869	1	1263670	1941800	657914	
5.26061	1	1263670	1708458	658524	
5.26061	1	1263670	1709660	659726	
5.26115	1	1263670	1942410	659968	
5.26115	1	1263670	1943260	660818	
5.26326	1	1263670	1717122	661412	
5.26326	1	1263670	1718420	662710	
5.26361	1	1263670	1943854	662856	
5.26361	1	1263670	1944720	663722	
5.26556	1	1263670	1718566	664300	
5.26556	1	1263670	1719880	665614	
5.26608	1	1263670	1945298	665744	
5.26608	1	1263670	1946180	666626	
5.26786	1	1263670	1720010	667188	
5.26786	1	1263670	1721340	668518	
5.26854	1	1263670	1946742	668632	
5.26854	1	1263670	1947640	669530	
5.27016	1	1263670	1721454	670076	
5.27016	1	1263670	1722800	671422	
5.27109	1	1263670	1948186	671520	
5.27109	1	1263670	1949100	672434	
5.27247	1	1263670	1263670	672964	
5.27247	1	1264360	1264360	672964	
5.27355	1	1348878	1949630	589200	
5.27355	1	1348878	1950560	590130	
5.27601	1	1348878	1951074	590644	
5.27601	1	1348878	1952020	591590	
5.27683	1	1348878	1829766	592088	
5.27683	1	1348878	1830840	593162	
5.27847	1	1348878	1952518	593532	
5.27847	1	1348878	1953480	594494	
5.27913	1	1348878	1348878	594976	
5.27913	1	1349040	1349040	594976	
5.27913	1	1353210	1353210	592088	
5.27913	1	1353420	1353420	592088	
5.28094	1	1369094	1953962	577648	
5.28094	1	1369094	1954940	578626	
5.28131	0	146000	73000	286160	
5.2834	1	1369094	1955406	579092	
5.2834	1	1369094	1956400	580086	
5.28596	1	1369094	1956850	580536	
5.28596	1	1369094	1957860	581546	
5.28842	1	1369094	1958294	581980	
5.28842	1	1369094	1959320	583006	
5.29088	1	1369094	1959738	583424	
5.29088	1	1369094	1960780	584466	
5.29334	1	1369094	1961182	584868	
5.29334	1	1369094	1962240	585926	
5.2958	1	1369094	1962626	586312	
5.2958	1	1369094	1963700	587386	
5.29826	1	1369094	1964070	587756	
5.29826	1	1369094	1965160	588846	
5.30072	1	1369094	1965514	589200	
5.30072	1	1369094	1966620	590306	
5.30318	1	1369094	1966958	590644	
5.30318	1	1369094	1968080	591766	
5.30565	1	1369094	1968402	592088	
5.30565	1	1369094	1969540	593226	
5.30811	1	1369094	1969846	593532	
5.30811	1	1369094	1971000	594686	
5.31067	1	1369094	1971290	594976	
5.31067	1	1369094	1972460	596146	
5.31313	1	1369094	1972734	596420	
5.31313	1	1369094	1973920	597606	
5.31559	1	1369094	1974178	597864	
5.31559	1	1369094	1975380	599066	
5.31805	1	1369094	1975622	599308	
5.31805	1	1369094	1976840	600526	
5.32051	1	1369094	1977066	600752	
5.32051	1	1369094	1978300	601986	
5.32297	1	1369094	1978510	602196	
5.32297	1	1369094	1979760	603446	
5.32553	1	1369094	1979954	603640	
5.32553	1	1369094	1981220	604906	
5.328	1	1369094	1981398	605084	
5.328	1	1369094	1982680	606366	
5.33046	1	1369094	1982842	606528	
5.33046	1	1369094	1984140	607826	
5.33292	1	1369094	1984286	607972	
5.33292	1	1369094	1985600	609286	
5.33538	1	1369094	1985730	609416	
5.33538	1	1369094	1987060	610746	
5.33784	1	1369094	1987174	610860	
5.33784	1	1369094	1988520	612206	
5.3403	1	1369094	1988618	612304	
5.3403	1	1369094	1989980	613666	
5.34276	1	1369094	1990062	613748	
5.34276	1	1369094	1991440	615126	
5.34522	1	1369094	1991506	615192	
5.34522	1	1369094	1992900	616586	
5.34768	1	1369094	1992950	616636	
5.34768	1	1369094	1994360	618046	
5.35023	1	1369094	1994394	618080	
5.35023	1	1369094	1995820	619506	
5.3527	1	1369094	1995838	619524	
5.3527	1	1369094	1997280	620966	
5.35516	1	1369094	1997282	620968	
5.35762	1	1369094	1998734	622420	
5.35762	1	1369094	1998740	622426	
5.36008	1	1369094	2000179	623865	
5.36008	1	1369094	2000200	623886	
5.36254	1	1369094	2001624	625310	
5.36254	1	1369094	2001660	625346	
5.3651	1	1369094	2003069	626755	
5.3651	1	1369094	2003120	626806	
5.36756	1	1369094	2004514	628200	
5.36756	1	1369094	2004580	628266	
5.37002	1	1369094	2005958	629644	
5.37002	1	1369094	2006040	629726	
5.37248	1	1369094	2007402	631088	
5.37248	1	1369094	2007500	631186	
5.37494	1	1369094	2008846	632532	
5.37494	1	1369094	2008960	632646	
5.37741	1	1369094	2010290	633976	
5.37741	1	1369094	2010420	634106	
5.37987	1	1369094	2011734	635420	
5.37987	1	1369094	2011880	635566	
5.38233	1	1369094	2013178	636864	
5.38233	1	1369094	2013340	637026	
5.38479	1	1369094	2014622	638308	
5.38479	1	1369094	2014800	638486	
5.38725	1	1369094	2016066	639752	
5.38725	1	1369094	2016260	639946	
5.38981	1	1369094	2017510	641196	
5.38981	1	1369094	2017720	641406	
5.39227	1	1369094	2018954	642640	
5.39227	1	1369094	2019180	642866	
5.39473	1	1369094	2020398	644084	
5.39473	1	1369094	2020640	644326	
5.39719	1	1369094	2021842	645528	
5.39719	1	1369094	2022100	645786	
5.39965	1	1369094	2023286	646972	
5.39965	1	1369094	2023560	647246	
5.40212	1	1369094	2024730	648416	
5.40212	1	1369094	2025020	648706	
5.40467	1	1369094	2026174	649860	
5.40467	1	1369094	2026480	650166	
5.40713	1	1369094	2027618	651304	
5.40713	1	1369094	2027940	651626	
5.4096	1	1369094	2029062	652748	
5.4096	1	1369094	2029400	653086	
5.41206	1	1369094	2030506	654192	
5.41206	1	1369094	2030860	654546	
5.41452	1	1369094	2031950	655636	
5.41452	1	1369094	2032320	656006	
5.41698	1	1369094	2033394	657080	
5.41698	1	1369094	2033780	657466	
5.41944	1	1369094	2034838	658524	
5.41944	1	1369094	2035240	658926	
5.4219	1	1369094	2036282	659968	
5.4219	1	1369094	2036700	660386	
5.42436	1	1369094	2037726	661412	
5.42436	1	1369094	2038160	661846	
5.42683	1	1369094	2039170	662856	
5.42683	1	1369094	2039620	663306	
5.42938	1	1369094	2040614	664300	
5.42938	1	1369094	2041080	664766	
5.43184	1	1369094	2042058	665744	
5.43184	1	1369094	2042540	666226	
5.4343	1	1369094	2043502	667188	
5.4343	1	1369094	2044000	667686	
5.43677	1	1369094	2044946	668632	
5.43677	1	1369094	2045460	669146	
5.43923	1	1369094	2046390	670076	
5.43923	1	1369094	2046920	670606	
5.44169	1	1369094	2047834	671520	
5.44169	1	1369094	2048380	672066	
5.44424	1	1369094	2049278	672964	
5.44424	1	1369094	2049840	673526	
5.4467	1	1369094	2050722	674408	
5.4467	1	1369094	2051300	674986	
5.44917	1	1369094	2052166	675852	
5.44917	1	1369094	2052760	676446	
5.45163	1	1369094	2053610	677296	
5.45163	1	1369094	2054220	677906	
5.45409	1	1369094	2055054	678740	
5.45409	1	1369094	2055680	679366	
5.45655	1	1369094	2056498	680184	
5.45655	1	1369094	2057140	680826	
5.45901	1	1369094	2057942	681628	
5.45901	1	1369094	2058600	682286	
5.46147	1	1369094	2059386	683072	
5.46147	1	1369094	2060060	683746	
5.46394	1	1369094	2060830	684516	
5.46394	1	1369094	2061520	685206	
5.4664	1	1369094	2062274	685960	
5.4664	1	1369094	2062980	686666	
5.46895	1	1369094	2063718	687404	
5.46895	1	1369094	2064440	688126	
5.47141	1	1369094	2065162	688848	
5.47141	1	1369094	2065900	689586	
5.47388	1	1369094	2066606	690292	
5.47388	1	1369094	2067360	691046	
5.47634	1	1369094	2068050	691736	
5.47634	1	1369094	2068820	692506	
5.4788	1	1369094	2069494	693180	
5.4788	1	1369094	2070280	693966	
5.48126	1	1369094	2070938	694624	
5.48126	1	1369094	2071740	695426	
5.48382	1	1369094	2072382	696068	
5.48382	1	1369094	2073200	696886	
5.48628	1	1369094	2073826	697512	
5.48628	1	1369094	2074660	698346	
5.48874	1	1369094	2075270	698956	
5.48874	1	1369094	2076120	699806	
5.4912	1	1369094	2076714	700400	
5.4912	1	1369094	2077580	701266	
5.49366	1	1369094	2078158	701844	
5.49366	1	1369094	2079040	702726	
5.49612	1	1369094	2079602	703288	
5.49612	1	1369094	2080500	704186	
5.49859	1	1369094	2081046	704732	
5.49859	1	1369094	2081960	705646	
5.50105	1	1369094	2082490	706176	
5.50105	1	1369094	2083420	707106	
5.50351	1	1369094	2083934	707620	
5.50351	1	1369094	2084880	708566	
5.50597	1	1369094	2085378	709064	
5.50597	1	1369094	2086340	710026	
5.50853	1	1369094	2086822	710508	
5.50853	1	1369094	2087800	711486	
5.51099	1	1369094	2088266	711952	
5.51099	1	1369094	2089260	712946	
5.51345	1	1369094	2089710	713396	
5.51345	1	1369094	2090720	714406	
5.51591	1	1369094	2091154	714840	
5.51591	1	1369094	2092180	715866	
5.51837	1	1369094	2092598	716284	
5.51837	1	1369094	2093640	717326	
5.52083	1	1369094	2094042	717728	
5.52083	1	1369094	2095100	718786	
5.5234	1	1369094	2095486	719172	
5.5234	1	1369094	2096560	720246	
5.52586	1	1369094	2096930	720616	
5.52586	1	1369094	2098020	721706	
5.52832	1	1369094	2098374	722060	
5.52832	1	1369094	2099480	723166	
5.53078	1	1369094	2099818	723504	
5.53078	1	1369094	2100940	724626	
5.53324	1	1369094	2101262	724948	
5.53324	1	1369094	2102400	726086	
5.5357	1	1369094	2102706	726392	
5.5357	1	1369094	2103860	727546	
5.53816	1	1369094	2104150	727836	
5.53816	1	1369094	2105320	729006	
5.54062	1	1369094	2105594	729280	
5.54062	1	1369094	2106780	730466	
5.54308	1	1369094	2107038	730724	
5.54308	1	1369094	2108240	731926	
5.54554	1	1369094	2108482	732168	
5.54554	1	1369094	2109700	733386	
5.5481	1	1369094	2109926	733612	
5.5481	1	1369094	2111160	734846	
5.55057	1	1369094	2111370	735056	
5.55057	1	1369094	2112620	736306	
5.55303	1	1369094	2112814	736500	
5.55303	1	1369094	2114080	737766	
5.55549	1	1369094	2114258	737944	
5.55549	1	1369094	2115540	739226	
5.55795	1	1369094	2115702	739388	
5.55795	1	1369094	2117000	740686	
5.56041	1	1369094	2117146	740832	
5.56041	1	1369094	2118460	742146	
5.56296	1	1369094	2118590	742276	
5.56296	1	1369094	2119920	743606	
5.56542	1	1369094	2120034	743720	
5.56542	1	1369094	2121380	745066	
5.56721	1	1369094	2141706	745164	
5.56721	1	1369094	2141820	745278	
5.56789	1	1369094	2121478	746608	
5.56789	1	1369094	2122840	747970	
5.57035	1	1369094	2122922	748052	
5.57035	1	1369094	2124300	749430	
5.57281	1	1369094	2124366	749496	
5.57281	1	1369094	2125760	750890	
5.57527	1	1369094	2125810	750940	
5.57527	1	1369094	2127220	752350	
5.57773	1	1369094	2127254	752384	
5.57773	1	1369094	2128680	753810	
5.58019	1	1369094	2128698	753828	
5.58019	1	1369094	2130140	755270	
5.58265	1	1369094	2130142	755272	
5.58511	1	1369094	2131594	756724	
5.58511	1	1369094	2131600	756730	
5.58767	1	1369094	2133039	758169	
5.58767	1	1369094	2133060	758190	
5.59013	1	1369094	2134484	759614	
5.59013	1	1369094	2134520	759650	
5.59259	1	1369094	2135929	761059	
5.59259	1	1369094	2135980	761110	
5.59506	1	1369094	2137374	762504	
5.59506	1	1369094	2137440	762570	
5.59752	1	1369094	2138818	763948	
5.59752	1	1369094	2138900	764030	
5.59998	1	1369094	2140262	765392	
5.59998	1	1369094	2140360	765490	
5.60253	1	1369094	2143150	766836	
5.60253	1	1369094	2143280	766966	
5.60499	1	1369094	2144594	768280	
5.60499	1	1369094	2144740	768426	
5.60746	1	1369094	2146038	769724	
5.60746	1	1369094	2146200	769886	
5.60992	1	1369094	2147482	771168	
5.60992	1	1369094	2147660	771346	
5.61238	1	1369094	2148926	772612	
5.61238	1	1369094	2149120	772806	
5.61484	1	1369094	2150370	774056	
5.61484	1	1369094	2150580	774266	
5.6173	1	1369094	2151814	775500	
5.6173	1	1369094	2152040	775726	
5.61977	1	1369094	2153258	776944	
5.61977	1	1369094	2153500	777186	
5.62223	1	1369094	2154702	778388	
5.62223	1	1369094	2154960	778646	
5.62469	1	1369094	2156146	779832	
5.62469	1	1369094	2156420	780106	
5.62724	1	1369094	2157590	781276	
5.62724	1	1369094	2157880	781566	
5.6297	1	1369094	2159034	782720	
5.6297	1	1369094	2159340	783026	
5.63216	1	1369094	2160478	784164	
5.63216	1	1369094	2160800	784486	
5.63463	1	1369094	2161922	785608	
5.63463	1	1369094	2162260	785946	
5.63709	1	1369094	2163366	787052	
5.63709	1	1369094	2163720	787406	
5.63955	1	1369094	2164810	788496	
5.63955	1	1369094	2165180	788866	
5.64211	1	1369094	2166254	789940	
5.64211	1	1369094	2166640	790326	
5.64457	1	1369094	2167698	791384	
5.64457	1	1369094	2168100	791786	
5.64703	1	1369094	2169142	792828	
5.64703	1	1369094	2169560	793246	
5.64949	1	1369094	2170586	794272	
5.64949	1	1369094	2171020	794706	
5.65195	1	1369094	2172030	795716	
5.65195	1	1369094	2172480	796166	
5.65441	1	1369094	2173474	797160	
5.65441	1	1369094	2173940	797626	
5.65687	1	1369094	2174918	798604	
5.65687	1	1369094	2175400	799086	
5.65933	1	1369094	2176362	800048	
5.65933	1	1369094	2176860	800546	
5.6618	1	1369094	2177806	801492	
5.6618	1	1369094	2178320	802006	
5.66426	1	1369094	2179250	802936	
5.66426	1	1369094	2179780	803466	
5.66682	1	1369094	2180694	804380	
5.66682	1	1369094	2181240	804926	
5.66928	1	1369094	2182138	805824	
5.66928	1	1369094	2182700	806386	
5.67174	1	1369094	2183582	807268	
5.67174	1	1369094	2184160	807846	
5.6742	1	1369094	2185026	808712	
5.6742	1	1369094	2185620	809306	
5.67666	1	1369094	2186470	810156	
5.67666	1	1369094	2187080	810766	
5.67912	1	1369094	2187914	811600	
5.67912	1	1369094	2188540	812226	
5.68158	1	1369094	2189358	813044	
5.68158	1	1369094	2190000	813686	
5.68414	1	1369094	2190802	814488	
5.68414	1	1369094	2191460	815146	
5.6866	1	1369094	2192246	815932	
5.6866	1	1369094	2192920	816606	
5.68906	1	1369094	2193690	817376	
5.68906	1	1369094	2194380	818066	
5.69153	1	1369094	2195134	818820	
5.69153	1	1369094	2195840	819526	
5.69399	1	1369094	2196578	820264	
5.69399	1	1369094	2197300	820986	
5.69645	1	1369094	2198022	821708	
5.69645	1	1369094	2198760	822446	
5.69891	1	1369094	2199466	823152	
5.69891	1	1369094	2200220	823906	
5.70137	1	1369094	2200910	824596	
5.70137	1	1369094	2201680	825366	
5.70383	1	1369094	2202354	826040	
5.70383	1	1369094	2203140	826826	
5.70629	1	1369094	2203798	827484	
5.70629	1	1369094	2204600	828286	
5.70885	1	1369094	2205242	828928	
5.70885	1	1369094	2206060	829746	
5.71131	1	1369094	2206686	830372	
5.71131	1	1369094	2207520	831206	
5.71377	1	1369094	2208130	831816	
5.71377	1	1369094	2208980	832666	
5.71624	1	1369094	2209574	833260	
5.71624	1	1369094	2210440	834126	
5.7187	1	1369094	2211018	834704	
5.7187	1	1369094	2211900	835586	
5.72116	1	1369094	2212462	836148	
5.72116	1	1369094	2213360	837046	
5.72372	1	1369094	2213906	837592	
5.72372	1	1369094	2214820	838506	
5.72618	1	1369094	2215350	839036	
5.72618	1	1369094	2216280	839966	
5.72864	1	1369094	2216794	840480	
5.72864	1	1369094	2217740	841426	
5.7311	1	1369094	2218238	841924	
5.7311	1	1369094	2219200	842886	
5.73356	1	1369094	2219682	843368	
5.73356	1	1369094	2220660	844346	
5.73602	1	1369094	2221126	844812	
5.73602	1	1369094	2222120	845806	
5.73848	1	1369094	2222570	846256	
5.73848	1	1369094	2223580	847266	
5.74095	1	1369094	2224014	847700	
5.74095	1	1369094	2225040	848726	
5.74341	1	1369094	2225458	849144	
5.74341	1	1369094	2226500	850186	
5.74587	1	1369094	2226902	850588	
5.74587	1	1369094	2227960	851646	
5.74843	1	1369094	2228346	852032	
5.74843	1	1369094	2229420	853106	
5.75089	1	1369094	2229790	853476	
5.75089	1	1369094	2230880	854566	
5.75335	1	1369094	2231234	854920	
5.75335	1	1369094	2232340	856026	
5.75581	1	1369094	2232678	856364	
5.75581	1	1369094	2233800	857486	
5.75827	1	1369094	2234122	857808	
5.75827	1	1369094	2235260	858946	
5.76073	1	1369094	2235566	859252	
5.76073	1	1369094	2236720	860406	
5.76329	1	1369094	2237010	860696	
5.76329	1	1369094	2238180	861866	
5.76575	1	1369094	2238454	862140	
5.76575	1	1369094	2239640	863326	
5.76821	1	1369094	2239898	863584	
5.76821	1	1369094	2241100	864786	
5.77067	1	1369094	2241342	865028	
5.77067	1	1369094	2242560	866246	
5.77313	1	1369094	2242786	866472	
5.77313	1	1369094	2244020	867706	
5.7756	1	1369094	2244230	867916	
5.7756	1	1369094	2245480	869166	
5.77806	1	1369094	2245674	869360	
5.77806	1	1369094	2246940	870626	
5.78052	1	1369094	2247118	870804	
5.78052	1	1369094	2248400	872086	
5.78298	1	1369094	2248562	872248	
5.78298	1	1369094	2249860	873546	
5.78544	1	1369094	2250006	873692	
5.78544	1	1369094	2251320	875006	
5.788	1	1369094	2251450	875136	
5.788	1	1369094	2252780	876466	
5.79046	1	1369094	2252894	876580	
5.79046	1	1369094	2254240	877926	
5.79292	1	1369094	2254338	878024	
5.79292	1	1369094	2255700	879386	
5.79538	1	1369094	2255782	879468	
5.79538	1	1369094	2257160	880846	
5.79784	1	1369094	2257226	880912	
5.79784	1	1369094	2258620	882306	
5.8003	1	1369094	2258670	882356	
5.8003	1	1369094	2260080	883766	
5.80286	1	1369094	2260114	883800	
5.80286	1	1369094	2261540	885226	
5.80532	1	1369094	2261558	885244	
5.80532	1	1369094	2263000	886686	
5.80778	1	1369094	2263002	886688	
5.81024	1	1369094	2264454	888140	
5.81024	1	1369094	2264460	888146	
5.8127	1	1369094	2265899	889585	
5.8127	1	1369094	2265920	889606	
5.81517	1	1369094	2267344	891030	
5.81517	1	1369094	2267380	891066	
5.81763	1	1369094	2268789	892475	
5.81763	1	1369094	2268840	892526	
5.82009	1	1369094	2270234	893920	
5.82009	1	1369094	2270300	893986	
5.82255	1	1369094	2271678	895364	
5.82255	1	1369094	2271760	895446	
5.82501	1	1369094	2273122	896808	
5.82501	1	1369094	2273220	896906	
5.82756	1	1369094	2274566	898252	
5.82756	1	1369094	2274680	898366	
5.83002	1	1369094	2276010	899696	
5.83002	1	1369094	2276140	899826	
5.83249	1	1369094	2277454	901140	
5.83249	1	1369094	2277600	901286	
5.83495	1	1369094	2278898	902584	
5.83495	1	1369094	2279060	902746	
5.83741	1	1369094	2280342	904028	
5.83741	1	1369094	2280520	904206	
5.83987	1	1369094	2281786	905472	
5.83987	1	1369094	2281980	905666	
5.84243	1	1369094	2283230	906916	
5.84243	1	1369094	2283440	907126	
5.84445	0	146000	36078060	287620	
5.84489	1	1369094	2284674	908360	
5.84489	1	1369094	2284900	908586	
5.84735	1	1369094	2286118	909804	
5.84735	1	1369094	2286360	910046	
5.84981	1	1369094	2287562	911248	
5.84981	1	1369094	2287820	911506	
5.85227	1	1369094	2289006	912692	
5.85227	1	1369094	2289280	912966	
5.85473	1	1369094	2290450	914136	
5.85473	1	1369094	2290740	914426	
5.85719	1	1369094	2291894	915580	
5.85719	1	1369094	2292200	915886	
5.85966	1	1369094	2293338	917024	
5.85966	1	1369094	2293660	917346	
5.86212	1	1369094	2294782	918468	
5.86212	1	1369094	2295120	918806	
5.86458	1	1369094	2296226	919912	
5.86458	1	1369094	2296580	920266	
5.86714	1	1369094	2297670	921356	
5.86714	1	1369094	2298040	921726	
5.8696	1	1369094	2299114	922800	
5.8696	1	1369094	2299500	923186	
5.87206	1	1369094	2300558	924244	
5.87206	1	1369094	2300960	924646	
5.87452	1	1369094	2302002	925688	
5.87452	1	1369094	2302420	926106	
5.87698	1	1369094	2303446	927132	
5.87698	1	1369094	2303880	927566	
5.87944	1	1369094	2304890	928576	
5.87944	1	1369094	2305340	929026	
5.882	1	1369094	2306334	930020	
5.882	1	1369094	2306800	930486	
5.88447	1	1369094	2307778	931464	
5.88447	1	1369094	2308260	931946	
5.88693	1	1369094	2309222	932908	
5.88693	1	1369094	2309720	933406	
5.88939	1	1369094	2310666	934352	
5.88939	1	1369094	2311180	934866	
5.89185	1	1369094	2312110	935796	
5.89185	1	1369094	2312640	936326	
5.89431	1	1369094	2313554	937240	
5.89431	1	1369094	2314100	937786	
5.89677	1	1369094	2314998	938684	
5.89677	1	1369094	2315560	939246	
5.8977	1	1369094	1369094	940128	
5.8977	1	1369480	1369480	940128	
5.89923	1	1460066	2316442	850600	
5.89923	1	1460066	2317020	851178	
5.90127	1	1460066	1460066	852044	
5.90127	1	1461460	1461460	852044	
5.90169	1	1504842	2317886	808712	
5.90169	1	1504842	2318480	809306	
5.90415	1	1504842	2319330	810156	
5.90415	1	1504842	2319940	810766	
5.90559	1	1504842	2343878	811600	
5.90559	1	1504842	2344760	812482	
5.90671	1	1504842	2320774	813044	
5.90671	1	1504842	2321400	813670	
5.90918	1	1504842	2322218	814488	
5.90918	1	1504842	2322860	815130	
5.90952	1	1504842	1504842	815932	
5.90952	1	1505260	1505260	815932	
5.91164	1	1555382	2323662	766836	
5.91164	1	1555382	2324320	767494	
5.91213	1	1555382	2345322	768280	
5.91213	1	1555382	2346220	769178	
5.9141	1	1555382	2325106	769724	
5.9141	1	1555382	2325780	770398	
5.91474	1	1555382	2346766	771168	
5.91474	1	1555382	2347680	772082	
5.91656	1	1555382	2326550	772612	
5.91656	1	1555382	2327240	773302	
5.91736	1	1555382	2348210	774056	
5.91736	1	1555382	2349140	774986	
5.91902	1	1555382	2327994	775500	
5.91902	1	1555382	2328700	776206	
5.91998	1	1555382	2349654	776944	
5.91998	1	1555382	2350600	777890	
5.92158	1	1555382	2329438	778388	
5.92158	1	1555382	2330160	779110	
5.92294	1	1555382	2351098	779832	
5.92294	1	1555382	2352060	780794	
5.92404	1	1555382	2330882	781276	
5.92404	1	1555382	2331620	782014	
5.92555	1	1555382	2352542	782720	
5.92555	1	1555382	2353520	783698	
5.9265	1	1555382	2332326	784164	
5.9265	1	1555382	2333080	784918	
5.92818	1	1555382	2353986	785608	
5.92818	1	1555382	2354980	786602	
5.92896	1	1555382	2333770	787052	
5.92896	1	1555382	2334540	787822	
5.9308	1	1555382	2355430	788496	
5.9308	1	1555382	2356440	789506	
5.93142	1	1555382	2335214	789940	
5.93142	1	1555382	2336000	790726	
5.93341	1	1555382	2356874	791384	
5.93341	1	1555382	2357900	792410	
5.93389	1	1555382	2336658	792828	
5.93389	1	1555382	2337460	793630	
5.93603	1	1555382	2358318	794272	
5.93603	1	1555382	2359360	795314	
5.93635	1	1555382	2338102	795716	
5.93635	1	1555382	2338920	796534	
5.93865	1	1555382	2359762	797160	
5.93865	1	1555382	2360820	798218	
5.93881	1	1555382	2339546	798604	
5.93881	1	1555382	2340380	799438	
5.94127	1	1555382	2361206	800048	
5.94127	1	1555382	2362280	801122	
5.94136	1	1555382	2340990	801492	
5.94136	1	1555382	2341840	802342	
5.94382	1	1555382	2342434	802936	
5.94382	1	1555382	2343300	803802	
5.94388	1	1555382	2362650	804380	
5.94388	1	1555382	2363740	805470	
5.94629	1	1555382	2452190	805824	
5.94629	1	1555382	2452800	806434	
5.9465	1	1555382	2364094	807268	
5.9465	1	1555382	2365200	808374	
5.94874	1	1555382	2453634	808712	
5.94874	1	1555382	2454260	809338	
5.94912	1	1555382	2365538	810156	
5.94912	1	1555382	2366660	811278	
5.9512	1	1555382	2455078	811600	
5.9512	1	1555382	2455720	812242	
5.95208	1	1555382	2366982	813044	
5.95208	1	1555382	2368120	814182	
5.95366	1	1555382	2481070	814488	
5.95366	1	1555382	2482000	815418	
5.9547	1	1555382	2368426	815932	
5.9547	1	1555382	2369580	817086	
5.95612	1	1555382	2482514	817376	
5.95612	1	1555382	2483460	818322	
5.95732	1	1555382	2369870	818820	
5.95732	1	1555382	2371040	819990	
5.95859	1	1555382	2483958	820264	
5.95859	1	1555382	2484920	821226	
5.95994	1	1555382	2371314	821708	
5.95994	1	1555382	2372500	822894	
5.96105	1	1555382	2485402	823152	
5.96105	1	1555382	2486380	824130	
5.96255	1	1555382	2372758	824596	
5.96255	1	1555382	2373960	825798	
5.96351	1	1555382	2486846	826040	
5.96351	1	1555382	2487840	827034	
5.96517	1	1555382	2374202	827484	
5.96517	1	1555382	2375420	828702	
5.96597	1	1555382	2488290	828928	
5.96597	1	1555382	2489300	829938	
5.96807	1	1555382	1555382	830372	
5.96807	1	1556360	1556360	830372	
5.96853	1	1595814	2489734	791384	
5.96853	1	1595814	2490760	792410	
5.97099	1	1595814	2491178	792828	
5.97099	1	1595814	2492220	793870	
5.97101	1	1595814	2375646	794272	
5.97101	1	1595814	2376880	795506	
5.97345	1	1595814	2492622	795716	
5.97345	1	1595814	2493680	796774	
5.97363	1	1595814	2377090	797160	
5.97363	1	1595814	2378340	798410	
5.97591	1	1595814	2494066	798604	
5.97591	1	1595814	2495140	799678	
5.97625	1	1595814	2378534	800048	
5.97625	1	1595814	2379800	801314	
5.97837	1	1595814	2495510	801492	
5.97837	1	1595814	2496600	802582	
5.97887	1	1595814	2379978	802936	
5.97887	1	1595814	2381260	804218	
5.98094	1	1595814	2496954	804380	
5.98094	1	1595814	2498060	805486	
5.98149	1	1595814	2381422	805824	
5.98149	1	1595814	2382720	807122	
5.9834	1	1595814	2498398	807268	
5.9834	1	1595814	2499520	808390	
5.98411	1	1595814	2382866	808712	
5.98411	1	1595814	2384180	810026	
5.98586	1	1595814	2499842	810156	
5.98586	1	1595814	2500980	811294	
5.98672	1	1595814	2384310	811600	
5.98672	1	1595814	2385640	812930	
5.98832	1	1595814	2501286	813044	
5.98832	1	1595814	2502440	814198	
5.98934	1	1595814	2385754	814488	
5.98934	1	1595814	2387100	815834	
5.99078	1	1595814	2502730	815932	
5.99078	1	1595814	2503900	817102	
5.99196	1	1595814	2387198	817376	
5.99196	1	1595814	2388560	818738	
5.99324	1	1595814	2504174	818820	
5.99324	1	1595814	2505360	820006	
5.99458	1	1595814	2388642	820264	
5.99458	1	1595814	2390020	821642	
5.9957	1	1595814	2505618	821708	
5.9957	1	1595814	2506820	822910	
5.99719	1	1595814	2390086	823152	
5.99719	1	1595814	2391480	824546	
5.99816	1	1595814	2507062	824596	
5.99816	1	1595814	2508280	825814	
6.00015	1	1595814	2391530	826040	
6.00015	1	1595814	2392940	827450	
6.00062	1	1595814	2508506	827484	
6.00062	1	1595814	2509740	828718	
6.00277	1	1595814	2392974	828928	
6.00277	1	1595814	2394400	830354	
6.00308	1	1595814	2509950	830372	
6.00308	1	1595814	2511200	831622	
6.00538	1	1595814	2394418	831816	
6.00538	1	1595814	2395860	833258	
6.00554	1	1595814	2511394	833260	
6.00554	1	1595814	2512660	834526	
6.00801	1	1595814	2395862	834704	
6.00811	1	1595814	2512838	836156	
6.00811	1	1595814	2514120	837438	
6.01057	1	1595814	2514282	837600	
6.01057	1	1595814	2515580	838898	
6.01062	1	1595814	2397314	839044	
6.01062	1	1595814	2397320	839050	
6.01303	1	1595814	2515726	840489	
6.01303	1	1595814	2517040	841803	
6.01352	1	1595814	1595814	841933	
6.01352	1	1597240	1597240	841933	
6.01549	1	2398759	2517170	40432	
6.01549	1	2398759	2518500	41762	
6.01646	1	2398759	2398759	41876	
6.01646	1	2398780	2398780	41876	
6.01795	1	2400204	2518614	41876	
6.01795	1	2400204	2519960	43222	
6.01908	1	2400204	2400204	43320	
6.01908	1	2400240	2400240	43320	
6.0205	1	2401649	2520058	43320	
6.0205	1	2401649	2521420	44682	
6.0217	1	2401649	2401649	44764	
6.0217	1	2401700	2401700	44764	
6.02297	1	2403094	2521502	44764	
6.02297	1	2403094	2522880	46142	
6.02432	1	2403094	2403094	46208	
6.02432	1	2403160	2403160	46208	
6.02543	1	2404538	2522946	46208	
6.02543	1	2404538	2524340	47602	
6.02693	1	2404538	2404538	47652	
6.02693	1	2404620	2404620	47652	
6.02789	1	2405982	2524390	47652	
6.02789	1	2405982	2525800	49062	
6.02955	1	2405982	2405982	49096	
6.02955	1	2406080	2406080	49096	
6.03035	1	2407426	2525834	49096	
6.03035	1	2407426	2527260	50522	
6.03217	1	2407426	2407426	50540	
6.03217	1	2407540	2407540	50540	
6.03281	1	2408870	2527278	50540	
6.03281	1	2408870	2528720	51982	
6.03479	1	2408870	2408870	51984	
6.03479	1	2409000	2409000	51984	
6.03527	1	2410314	2528722	51984	
6.03741	1	2410314	2410314	53436	
6.03741	1	2410460	2410460	53436	
6.03773	1	2411758	2530174	53436	
6.03773	1	2411758	2530180	53442	
6.04019	1	2411758	2531619	54881	
6.04019	1	2411758	2531640	54902	
6.04265	1	2411758	2533064	56326	
6.04265	1	2411758	2533100	56362	
6.04422	1	2411758	2411758	57771	
6.04422	1	2411920	2411920	57771	
6.04511	1	2413202	2534509	57771	
6.04511	1	2413202	2534560	57822	
6.04767	1	2413202	2537398	59216	
6.04767	1	2413202	2537480	59298	
6.04905	1	2413202	2413202	60660	
6.04905	1	2413380	2413380	60660	
6.05013	1	2414646	2538842	60660	
6.05013	1	2414646	2538940	60758	
6.05259	1	2414646	2544618	62104	
6.05259	1	2414646	2544780	62266	
6.05356	1	2414646	2414646	63548	
6.05356	1	2414840	2414840	63548	
6.05506	1	2416090	2546062	63548	
6.05506	1	2416090	2546240	63726	
6.05718	0	146000	35748100	287640	
6.05724	0	146000	35749560	287640	
6.0573	0	146000	35751020	289100	
6.05736	0	146000	35752480	289100	
6.05742	0	146000	35753940	289100	
6.05748	0	146000	35755400	289100	
6.05752	1	2416090	2547506	64992	
6.05752	1	2416090	2547700	65186	
6.05754	0	146000	35756860	290560	
6.0576	0	146000	35758320	290560	
6.05766	0	146000	35759780	290560	
6.05772	0	146000	35761240	290560	
6.05778	0	146000	35762700	292020	
6.05784	0	146000	35764160	292020	
6.0579	0	146000	35765620	292020	
6.05796	0	146000	35767080	292020	
6.05802	0	146000	35768540	292020	
6.05806	1	2416090	2416090	66436	
6.05806	1	2416300	2416300	66436	
6.05808	0	146000	35770000	292020	
6.05814	0	146000	35771460	292020	
6.05819	0	146000	35772920	292020	
6.05831	0	146000	35775840	292020	
6.05837	0	146000	35777300	292020	
6.05843	0	146000	35778760	292020	
6.05855	0	146000	35781680	292020	
6.05861	0	146000	35783140	292020	
6.05867	0	146000	35784600	292020	
6.05879	0	146000	35787520	292020	
6.05885	0	146000	35788980	292020	
6.05891	0	146000	35790440	292020	
6.05903	0	146000	35793360	292020	
6.05909	0	146000	35794820	292020	
6.05921	0	146000	35797740	292020	
6.05926	0	146000	35799200	292020	
6.05932	0	146000	35800660	292020	
6.05944	0	146000	35803580	292020	
6.0595	0	146000	35805040	292020	
6.05956	0	146000	35806500	292020	
6.05968	0	146000	35809420	292020	
6.05974	0	146000	35810880	292020	
6.05986	0	146000	35813800	292020	
6.05992	0	146000	35815260	292020	
6.05998	0	146000	35816720	292020	
6.05998	1	2417534	2551838	66436	
6.05998	1	2417534	2552080	66678	
6.0601	0	146000	35819640	292020	
6.06016	0	146000	35821100	292020	
6.06027	0	146000	35824020	292020	
6.06033	0	146000	35825480	292020	
6.06039	0	146000	35826940	293480	
6.06051	0	146000	35829860	293480	
6.06057	0	146000	35831320	293480	
6.06063	0	146000	35832780	293480	
6.06075	0	146000	35835700	293480	
6.06081	0	146000	35837160	293480	
6.06093	0	146000	35840080	293480	
6.06099	0	146000	35841540	293480	
6.06105	0	146000	35843000	293480	
6.06117	0	146000	35845920	293480	
6.06123	0	146000	35847380	293480	
6.06134	0	146000	35850300	293480	
6.06154	0	146000	35851760	293480	
6.0616	0	146000	35853220	293480	
6.06172	0	146000	35856140	294940	
6.06178	0	146000	35857600	294940	
6.0619	0	146000	35860520	294940	
6.06196	0	146000	35861980	294940	
6.06202	0	146000	35863440	294940	
6.06208	0	146000	35866360	294940	
6.06214	0	146000	35867820	294940	
6.06226	0	146000	35870740	294940	
6.06232	0	146000	35872200	294940	
6.06237	0	146000	35873660	294940	
6.06244	1	2417534	2553282	67880	
6.06244	1	2417534	2553540	68138	
6.06249	0	146000	35876580	294940	
6.06255	0	146000	35878040	294940	
6.06267	0	146000	35880960	294940	
6.06273	0	146000	35882420	296400	
6.06279	0	146000	35883880	296400	
6.06289	1	2417534	2417534	69324	
6.06289	1	2417760	2417760	69324	
6.06291	0	146000	35886800	296400	
6.06297	0	146000	35888260	297860	
6.06309	0	146000	35891180	297860	
6.06315	0	146000	35892640	297860	
6.06327	0	146000	35895560	297860	
6.06333	0	146000	35897020	297860	
6.06339	0	146000	35898480	297860	
6.0635	0	146000	35901400	297860	
6.06356	0	146000	35902860	297860	
6.06368	0	146000	35905780	297860	
6.06374	0	146000	35907240	297860	
6.0638	0	146000	35908700	297860	
6.06392	0	146000	35911620	297860	
6.06398	0	146000	35913080	297860	
6.0641	0	146000	35916000	297860	
6.06416	0	146000	35917460	297860	
6.06428	0	146000	35920380	297860	
6.06434	0	146000	35921840	297860	
6.0644	0	146000	35923300	297860	
6.06451	0	146000	35926220	297860	
6.06457	0	146000	35927680	297860	
6.06469	0	146000	35930600	297860	
6.06475	0	146000	35932060	297860	
6.06487	0	146000	35934980	297860	
6.06493	0	146000	35936440	297860	
6.06499	0	146000	35937900	297860	
6.065	1	2418978	2559058	69324	
6.065	1	2418978	2559380	69646	
6.06511	0	146000	35940820	297860	
6.06517	0	146000	35942280	297860	
6.06529	0	146000	35945200	297860	
6.06535	0	146000	35946660	297860	
6.06547	0	146000	35949580	297860	
6.06552	0	146000	35951040	297860	
6.06564	0	146000	35953960	297860	
6.0657	0	146000	35955420	297860	
6.06576	0	146000	35956880	297860	
6.06586	1	2418978	2418978	70768	
6.06586	1	2419220	2419220	70768	
6.06588	0	146000	35959800	297860	
6.06594	0	146000	35961260	297860	
6.06606	0	146000	35964180	297860	
6.06612	0	146000	35965640	297860	
6.06624	0	146000	35968560	297860	
6.0663	0	146000	35970020	297860	
6.06642	0	146000	35972940	297860	
6.06648	0	146000	35974400	299320	
6.06654	0	146000	35975860	299320	
6.06665	0	146000	35978780	299320	
6.06671	0	146000	35980240	300780	
6.06683	0	146000	35983160	300780	
6.06689	0	146000	35984620	302240	
6.06701	0	146000	35987540	302240	
6.06707	0	146000	35989000	303700	
6.06719	0	146000	35993380	303700	
6.06731	0	146000	35996300	305160	
6.06737	0	146000	35997760	305160	
6.06746	1	2420422	2560502	70768	
6.06746	1	2420422	2560840	71106	
6.06749	0	146000	36000680	306620	
6.06755	0	146000	36002140	306620	
6.0676	0	146000	36003600	308080	
6.06772	0	146000	36006520	308080	
6.06778	0	146000	36007980	308080	
6.0679	0	146000	36010900	309540	
6.06796	0	146000	36012360	309540	
6.06808	0	146000	36015280	311000	
6.06814	0	146000	36016740	311000	
6.06816	1	2420422	2420422	72212	
6.06816	1	2420680	2420680	72212	
6.06826	0	146000	36019660	312460	
6.06832	0	146000	36021120	312460	
6.06844	0	146000	36024040	313920	
6.0685	0	146000	36025500	313920	
6.06862	0	146000	36028420	313920	
6.06867	0	146000	36029880	313920	
6.06879	0	146000	36032800	313920	
6.06885	0	146000	36034260	313920	
6.06897	0	146000	36037180	313920	
6.06903	0	146000	36038640	313920	
6.06915	0	146000	36041560	313920	
6.06921	0	146000	36043020	313920	
6.06927	0	146000	36044480	313920	
6.06939	0	146000	36047400	313920	
6.06945	0	146000	36048860	313920	
6.0697	0	146000	36051780	313920	
6.06976	0	146000	36053240	313920	
6.06988	0	146000	36056160	313920	
6.06992	1	2421866	2561946	72212	
6.06992	1	2421866	2562300	72566	
6.06994	0	146000	36057620	313920	
6.07006	0	146000	36060540	313920	
6.07012	0	146000	36062000	313920	
6.07024	0	146000	36064920	313920	
6.0703	0	146000	36066380	313920	
6.07042	0	146000	36069300	313920	
6.07046	1	2421866	2421866	73656	
6.07046	1	2422140	2422140	73656	
6.07048	0	146000	36070760	315380	
6.0706	0	146000	36073680	315380	
6.07066	0	146000	36075140	316840	
6.07238	1	2423310	2566278	73656	
6.07238	1	2423310	2566680	74058	
6.07276	1	2423310	2423310	75100	
6.07276	1	2423600	2423600	75100	
6.07484	1	2424754	2567722	75100	
6.07484	1	2424754	2568140	75518	
6.07507	1	2424754	2424754	76544	
6.07507	1	2425060	2425060	76544	
6.0773	1	2426198	2569166	76544	
6.0773	1	2426198	2569600	76978	
6.07737	1	2426198	2426198	77988	
6.07737	1	2426520	2426520	77988	
6.07986	1	2427642	2570610	77988	
6.07986	1	2427642	2571060	78438	
6.08002	1	2427642	2427642	79432	
6.08002	1	2427980	2427980	79432	
6.08232	1	2429086	2429086	79432	
6.08232	1	2429440	2429440	79432	
6.08232	1	2430530	2572054	79432	
6.08232	1	2430530	2572520	79898	
6.08462	1	2430530	2430530	80876	
6.08462	1	2430900	2430900	80876	
6.08478	1	2431974	2577830	80876	
6.08478	1	2431974	2578360	81406	
6.08693	1	2431974	2431974	82320	
6.08693	1	2432360	2432360	82320	
6.08724	1	2433418	2579274	82320	
6.08724	1	2433418	2579820	82866	
6.08923	1	2433418	2433418	83764	
6.08923	1	2433820	2433820	83764	
6.08971	1	2434862	2580718	83764	
6.08971	1	2434862	2581280	84326	
6.09153	1	2434862	2434862	85208	
6.09153	1	2435280	2435280	85208	
6.09217	1	2436306	2586494	85208	
6.09217	1	2436306	2587120	85834	
6.09383	1	2436306	2436306	86652	
6.09383	1	2436740	2436740	86652	
6.09463	1	2437750	2587938	86652	
6.09463	1	2437750	2588580	87294	
6.09614	1	2437750	2437750	88096	
6.09614	1	2438200	2438200	88096	
6.09709	1	2439194	2589382	88096	
6.09709	1	2439194	2590040	88754	
6.09844	1	2439194	2439194	89540	
6.09844	1	2439660	2439660	89540	
6.09955	1	2440638	2598046	89540	
6.09955	1	2440638	2598800	90294	
6.10074	1	2440638	2440638	90984	
6.10074	1	2441120	2441120	90984	
6.10201	1	2442082	2599490	90984	
6.10201	1	2442082	2600260	91754	
6.10305	1	2442082	2442082	92428	
6.10305	1	2442580	2442580	92428	
6.10448	1	2443526	2600934	92428	
6.10448	1	2443526	2601720	93214	
6.10569	1	2443526	2443526	93872	
6.10569	1	2444040	2444040	93872	
6.10703	1	2444970	2602378	93872	
6.10703	1	2444970	2603180	94674	
6.10799	1	2444970	2444970	95316	
6.10799	1	2445500	2445500	95316	
6.10949	1	2446414	2603822	95316	
6.10949	1	2446414	2604640	96134	
6.1103	1	2446414	2446414	96760	
6.1103	1	2446960	2446960	96760	
6.11195	1	2447858	2609598	96760	
6.11195	1	2447858	2610480	97642	
6.1126	1	2447858	2447858	98204	
6.1126	1	2448420	2448420	98204	
6.11441	1	2449302	2611042	98204	
6.11441	1	2449302	2611940	99102	
6.11522	1	2449302	2449302	99648	
6.11522	1	2449880	2449880	99648	
6.11688	1	2450746	2612486	99648	
6.11688	1	2450746	2613400	100562	
6.11752	1	2450746	2450746	101092	
6.11752	1	2451340	2451340	101092	
6.11943	1	2456522	2616818	96760	
6.11943	1	2456522	2617780	97722	
6.11982	1	2456522	2456522	98204	
6.11982	1	2457180	2457180	98204	
6.12189	1	2457966	2618262	98204	
6.12189	1	2457966	2619240	99182	
6.12307	1	2457966	2457966	99648	
6.12307	1	2458640	2458640	99648	
6.12435	1	2459410	2624038	99648	
6.12435	1	2459410	2625080	100690	
6.12537	1	2459410	2459410	101092	
6.12537	1	2460100	2460100	101092	
6.12682	1	2460854	2625482	101092	
6.12682	1	2460854	2626540	102150	
6.12802	1	2460854	2460854	102536	
6.12802	1	2461560	2461560	102536	
6.12928	1	2462298	2626926	102536	
6.12928	1	2462298	2628000	103610	
6.13095	1	2462298	2462298	103980	
6.13095	1	2463020	2463020	103980	
6.13174	1	2463742	2632702	103980	
6.13174	1	2463742	2633840	105118	
6.13325	1	2463742	2463742	105424	
6.13325	1	2464480	2464480	105424	
6.1342	1	2465186	2634146	105424	
6.1342	1	2465186	2635300	106578	
6.13555	1	2465186	2465186	106868	
6.13555	1	2465940	2465940	106868	
6.13666	1	2466630	2635590	106868	
6.13666	1	2466630	2636760	108038	
6.13786	1	2466630	2466630	108312	
6.13786	1	2467400	2467400	108312	
6.13912	1	2468074	2637034	108312	
6.13912	1	2468074	2638220	109498	
6.14111	1	2468074	2468074	109756	
6.14111	1	2468860	2468860	109756	
6.14168	1	2469518	2642810	109756	
6.14168	1	2469518	2644060	111006	
6.14341	1	2469518	2469518	111200	
6.14341	1	2470320	2470320	111200	
6.14414	1	2470962	2644254	111200	
6.14414	1	2470962	2645520	112466	
6.14635	1	2470962	2470962	112644	
6.14635	1	2471780	2471780	112644	
6.1466	1	2472406	2645698	112644	
6.1466	1	2472406	2646980	113926	
6.14865	1	2472406	2472406	114088	
6.14865	1	2473240	2473240	114088	
6.14906	1	2473850	2650030	114088	
6.14906	1	2473850	2651360	115418	
6.15095	1	2473850	2473850	115532	
6.15095	1	2474700	2474700	115532	
6.15153	1	2475294	2651474	115532	
6.15153	1	2475294	2652820	116878	
6.15325	1	2475294	2475294	116976	
6.15325	1	2476160	2476160	116976	
6.15399	1	2476738	2657250	116976	
6.15399	1	2476738	2658660	118386	
6.1559	1	2476738	2476738	118420	
6.1559	1	2477620	2477620	118420	
6.15645	1	2478182	2658694	118420	
6.15645	1	2478182	2660120	119846	
6.1582	1	2478182	2478182	119864	
6.1582	1	2479080	2479080	119864	
6.15891	1	2479626	2660138	119864	
6.15891	1	2479626	2661580	121306	
6.16136	1	2479626	2661582	121308	
6.16154	1	2479626	2479626	122760	
6.16154	1	2480540	2480540	122760	
6.16382	1	2535954	2663034	67876	
6.16382	1	2535954	2663040	67882	
6.16418	1	2535954	2535954	69321	
6.16418	1	2536020	2536020	69321	
6.16638	1	2540286	2671702	66433	
6.16638	1	2540286	2671800	66531	
6.16649	1	2540286	2540286	67877	
6.16649	1	2540400	2540400	67877	
6.16879	1	2541730	2541730	67877	
6.16879	1	2541860	2541860	67877	
6.16884	1	2543174	2673146	67877	
6.16884	1	2543174	2673260	67991	
6.1713	1	2543174	2674590	69321	
6.1713	1	2543174	2674720	69451	
6.17144	1	2543174	2543174	70765	
6.17144	1	2543320	2543320	70765	
6.17374	1	2548950	2548950	66433	
6.17374	1	2549160	2549160	66433	
6.17376	1	2550394	2680366	66433	
6.17376	1	2550394	2680560	66627	
6.17604	1	2550394	2550394	67877	
6.17604	1	2550620	2550620	67877	
6.17623	1	2554726	2681810	64989	
6.17623	1	2554726	2682020	65199	
6.17834	1	2554726	2554726	66433	
6.17834	1	2555000	2555000	66433	
6.17869	1	2556170	2683254	66433	
6.17869	1	2556170	2683480	66659	
6.18065	1	2556170	2556170	67877	
6.18065	1	2556460	2556460	67877	
6.18124	1	2557614	2689030	67877	
6.18124	1	2557614	2689320	68167	
6.18295	1	2557614	2557614	69321	
6.18295	1	2557920	2557920	69321	
6.1837	1	2563390	2690474	64989	
6.1837	1	2563390	2690780	65295	
6.1856	1	2563390	2563390	66433	
6.1856	1	2563760	2563760	66433	
6.18617	1	2564834	2691918	66433	
6.18617	1	2564834	2692240	66755	
6.1879	1	2564834	2564834	67877	
6.1879	1	2565220	2565220	67877	
6.18863	1	2573498	2693362	60657	
6.18863	1	2573498	2693700	60995	
6.19109	1	2573498	2694806	62101	
6.19109	1	2573498	2695160	62455	
6.19115	1	2573498	2573498	63545	
6.19115	1	2573980	2573980	63545	
6.19345	1	2574942	2574942	63545	
6.19345	1	2575440	2575440	63545	
6.19355	1	2576386	2700582	63545	
6.19355	1	2576386	2701000	63963	
6.19575	1	2576386	2576386	64989	
6.19575	1	2576900	2576900	64989	
6.19601	1	2582162	2702026	60657	
6.19601	1	2582162	2702460	61091	
6.19847	1	2582162	2703470	62101	
6.19847	1	2582162	2703920	62551	
6.19861	1	2582162	2582162	63545	
6.19861	1	2582740	2582740	63545	
6.20103	1	2583606	2706358	63545	
6.20103	1	2583606	2706840	64027	
6.20122	1	2583606	2583606	64989	
6.20122	1	2584200	2584200	64989	
6.20349	1	2585050	2707802	64989	
6.20349	1	2585050	2708300	65487	
6.20384	1	2585050	2585050	66433	
6.20384	1	2585660	2585660	66433	
6.20595	1	2590826	2709246	62101	
6.20595	1	2590826	2709760	62615	
6.20647	1	2590826	2590826	63545	
6.20647	1	2591500	2591500	63545	
6.20841	1	2592270	2713578	63545	
6.20841	1	2592270	2714140	64107	
6.20908	1	2592270	2592270	64989	
6.20908	1	2592960	2592960	64989	
6.21087	1	2593714	2715022	64989	
6.21087	1	2593714	2715600	65567	
6.2117	1	2593714	2593714	66433	
6.2117	1	2594420	2594420	66433	
6.21334	1	2595158	2719354	66433	
6.21334	1	2595158	2719980	67059	
6.21432	1	2595158	2595158	67877	
6.21432	1	2595880	2595880	67877	
6.2158	1	2596602	2720798	67877	
6.2158	1	2596602	2721440	68519	
6.21694	1	2596602	2596602	69321	
6.21694	1	2597340	2597340	69321	
6.21826	1	2605266	2722242	62101	
6.21826	1	2605266	2722900	62759	
6.2199	1	2605266	2605266	63545	
6.2199	1	2606100	2606100	63545	
6.22081	1	2606710	2728018	63545	
6.22081	1	2606710	2728740	64267	
6.22251	1	2606710	2606710	64989	
6.22251	1	2607560	2607560	64989	
6.22328	1	2608154	2729462	64989	
6.22328	1	2608154	2730200	65727	
6.22513	1	2608154	2608154	66433	
6.22513	1	2609020	2609020	66433	
6.22574	1	2613930	2733794	62101	
6.22574	1	2613930	2734580	62887	
6.22775	1	2613930	2613930	63545	
6.22775	1	2614860	2614860	63545	
6.2282	1	2615374	2735238	63545	
6.2282	1	2615374	2736040	64347	
6.23036	1	2615374	2615374	64989	
6.23036	1	2616320	2616320	64989	
6.23066	1	2619706	2736682	62101	
6.23066	1	2619706	2737500	62919	
6.23299	1	2619706	2619706	63545	
6.23299	1	2620700	2620700	63545	
6.23312	1	2621150	2742458	63545	
6.23312	1	2621150	2743340	64427	
6.23558	1	2621150	2743902	64989	
6.23558	1	2621150	2744800	65887	
6.23561	1	2621150	2621150	66433	
6.23561	1	2622160	2622160	66433	
6.23804	1	2622594	2745346	66433	
6.23804	1	2622594	2746260	67347	
6.23822	1	2622594	2622594	67877	
6.23822	1	2623620	2623620	67877	
6.2406	1	2628370	2751122	63545	
6.2406	1	2628370	2752100	64523	
6.24118	1	2628370	2628370	64989	
6.24118	1	2629460	2629460	64989	
6.24306	1	2629814	2752566	64989	
6.24306	1	2629814	2753560	65983	
6.24422	1	2629814	2629814	66433	
6.24422	1	2630920	2630920	66433	
6.24552	1	2631258	2754010	66433	
6.24552	1	2631258	2755020	67443	
6.24799	1	2631258	2759786	67877	
6.24799	1	2631258	2760860	68951	
6.2481	1	2631258	2631258	69321	
6.2481	1	2632380	2632380	69321	
6.2504	1	2638478	2638478	63545	
6.2504	1	2639680	2639680	63545	
6.25045	1	2639922	2761230	63545	
6.25045	1	2639922	2762320	64635	
6.25291	1	2639922	2765562	64989	
6.25291	1	2639922	2766700	66127	
6.25459	1	2639922	2639922	66433	
6.25459	1	2641140	2641140	66433	
6.25537	1	2641366	2767006	66433	
6.25537	1	2641366	2768160	67587	
6.2569	1	2641366	2641366	67877	
6.2569	1	2642600	2642600	67877	
6.25783	1	2647142	2768450	63545	
6.25783	1	2647142	2769620	64715	
6.2592	1	2647142	2647142	64989	
6.2592	1	2648440	2648440	64989	
6.26039	1	2648586	2774226	64989	
6.26039	1	2648586	2775460	66223	
6.26213	1	2648586	2648586	66433	
6.26213	1	2649900	2649900	66433	
6.26285	1	2652918	2775670	63545	
6.26285	1	2652918	2776920	64795	
6.26531	1	2652918	2781446	64989	
6.26531	1	2652918	2782760	66303	
6.26777	1	2652918	2782890	66433	
6.26777	1	2652918	2784220	67763	
6.27023	1	2652918	2784334	67877	
6.27023	1	2652918	2785680	69223	
6.2727	1	2652918	2788666	69321	
6.2727	1	2652918	2790060	70715	
6.27516	1	2652918	2790110	70765	
6.27516	1	2652918	2791520	72175	
6.27762	1	2652918	2791554	72209	
6.27762	1	2652918	2792980	73635	
6.27934	1	2652918	2652918	73653	
6.27934	1	2654280	2654280	73653	
6.28017	1	2654362	2797339	73653	
6.28017	1	2654362	2797360	73674	
6.28263	1	2654362	2798784	75098	
6.28263	1	2654362	2798820	75134	
6.28385	1	2654362	2654362	76543	
6.28385	1	2655740	2655740	76543	
6.28509	1	2655806	2800229	76543	
6.28509	1	2655806	2800280	76594	
6.28709	1	2655806	2655806	77988	
6.28709	1	2657200	2657200	77988	
6.28755	1	2664479	2806006	70759	
6.28755	1	2664479	2806120	70873	
6.29001	1	2664479	2807450	72203	
6.29001	1	2664479	2807580	72333	
6.29248	1	2664479	2813226	73647	
6.29248	1	2664479	2813420	73841	
6.29494	1	2664479	2814670	75091	
6.29494	1	2664479	2814880	75301	
6.2974	1	2664479	2816114	76535	
6.2974	1	2664479	2816340	76761	
6.29986	1	2664479	2823334	77979	
6.29986	1	2664479	2823640	78285	
6.30233	1	2664479	2824778	79423	
6.30233	1	2664479	2825100	79745	
6.30479	1	2664479	2826222	80867	
6.30479	1	2664479	2826560	81205	
6.30493	1	2664479	2664479	82311	
6.30493	1	2664500	2664500	82311	
6.30724	1	2665924	2665924	82311	
6.30724	1	2665960	2665960	82311	
6.30734	1	2667369	2829110	82311	
6.30734	1	2667369	2829480	82681	
6.30954	1	2667369	2667369	83755	
6.30954	1	2667420	2667420	83755	
6.3098	1	2668814	2830554	83755	
6.3098	1	2668814	2830940	84141	
6.31226	1	2668814	2834886	85199	
6.31226	1	2668814	2835320	85633	
6.31356	1	2668814	2668814	86643	
6.31356	1	2668880	2668880	86643	
6.31472	1	2670258	2836330	86643	
6.31472	1	2670258	2836780	87093	
6.31586	1	2670258	2670258	88087	
6.31586	1	2670340	2670340	88087	
6.31718	1	2676034	2837774	83755	
6.31718	1	2676034	2838240	84221	
6.31879	1	2676034	2676034	85199	
6.31879	1	2676180	2676180	85199	
6.31975	1	2677478	2846438	85199	
6.31975	1	2677478	2847000	85761	
6.3211	1	2677478	2677478	86643	
6.3211	1	2677640	2677640	86643	
6.32221	1	2678922	2847882	86643	
6.32221	1	2678922	2848460	87221	
6.3234	1	2678922	2678922	88087	
6.3234	1	2679100	2679100	88087	
6.32467	1	2684698	2849326	83755	
6.32467	1	2684698	2849920	84349	
6.3257	1	2684698	2684698	85199	
6.3257	1	2684940	2684940	85199	
6.32713	1	2686142	2853658	85199	
6.32713	1	2686142	2854300	85841	
6.328	1	2686142	2686142	86643	
6.328	1	2686400	2686400	86643	
6.32959	1	2687586	2855102	86643	
6.32959	1	2687586	2855760	87301	
6.33031	1	2687586	2687586	88087	
6.33031	1	2687860	2687860	88087	
6.33205	1	2696250	2856546	80867	
6.33205	1	2696250	2857220	81541	
6.33261	1	2696250	2696250	82311	
6.33261	1	2696620	2696620	82311	
6.33451	1	2697694	2857990	82311	
6.33451	1	2697694	2858680	83001	
6.33491	1	2697694	2697694	83755	
6.33491	1	2698080	2698080	83755	
6.33697	1	2699138	2859434	83755	
6.33697	1	2699138	2860140	84461	
6.33722	1	2699138	2699138	85199	
6.33722	1	2699540	2699540	85199	
6.33953	1	2704914	2868098	80867	
6.33953	1	2704914	2868900	81669	
6.33986	1	2704914	2704914	82311	
6.33986	1	2705380	2705380	82311	
6.34199	1	2710690	2869542	77979	
6.34199	1	2710690	2870360	78797	
6.34217	1	2710690	2710690	79423	
6.34217	1	2711220	2711220	79423	
6.34446	1	2712134	2870986	79423	
6.34446	1	2712134	2871820	80257	
6.34447	1	2712134	2712134	80867	
6.34447	1	2712680	2712680	80867	
6.34692	1	2716466	2872430	77979	
6.34692	1	2716466	2873280	78829	
6.3474	1	2716466	2716466	79423	
6.3474	1	2717060	2717060	79423	
6.34938	1	2717910	2873874	79423	
6.34938	1	2717910	2874740	80289	
6.3497	1	2717910	2717910	80867	
6.3497	1	2718520	2718520	80867	
6.35184	1	2723686	2879650	76535	
6.35184	1	2723686	2880580	77465	
6.35235	1	2723686	2723686	77979	
6.35235	1	2724360	2724360	77979	
6.3543	1	2725130	2881094	77979	
6.3543	1	2725130	2882040	78925	
6.35465	1	2725130	2725130	79423	
6.35465	1	2725820	2725820	79423	
6.35676	1	2726574	2882538	79423	
6.35676	1	2726574	2883500	80385	
6.35695	1	2726574	2726574	80867	
6.35695	1	2727280	2727280	80867	
6.35926	1	2730906	2730906	77979	
6.35926	1	2731660	2731660	77979	
6.35932	1	2732350	2891202	77979	
6.35932	1	2732350	2892260	79037	
6.36156	1	2732350	2732350	79423	
6.36156	1	2733120	2733120	79423	
6.36178	1	2738126	2892646	75091	
6.36178	1	2738126	2893720	76165	
6.36386	1	2738126	2738126	76535	
6.36386	1	2738960	2738960	76535	
6.36424	1	2739570	2894090	76535	
6.36424	1	2739570	2895180	77625	
6.36617	1	2739570	2739570	77979	
6.36617	1	2740420	2740420	77979	
6.3667	1	2741014	2895534	77979	
6.3667	1	2741014	2896640	79085	
6.36847	1	2741014	2741014	79423	
6.36847	1	2741880	2741880	79423	
6.36917	1	2746790	2896978	75091	
6.36917	1	2746790	2898100	76213	
6.37112	1	2746790	2746790	76535	
6.37112	1	2747720	2747720	76535	
6.37163	1	2748234	2902754	76535	
6.37163	1	2748234	2903940	77721	
6.37342	1	2748234	2748234	77979	
6.37342	1	2749180	2749180	77979	
6.37409	1	2749678	2904198	77979	
6.37409	1	2749678	2905400	79181	
6.37655	1	2749678	2905642	79423	
6.37655	1	2749678	2906860	80641	
6.37666	1	2749678	2749678	80867	
6.37666	1	2750640	2750640	80867	
6.37897	1	2755454	2755454	76535	
6.37897	1	2756480	2756480	76535	
6.37901	1	2756898	2911418	76535	
6.37901	1	2756898	2912700	77817	
6.38127	1	2756898	2756898	77979	
6.38127	1	2757940	2757940	77979	
6.38147	1	2758342	2912862	77979	
6.38147	1	2758342	2914160	79277	
6.38357	1	2758342	2758342	79423	
6.38357	1	2759400	2759400	79423	
6.38393	1	2762674	2914306	76535	
6.38393	1	2762674	2915620	77849	
6.38588	1	2762674	2762674	77979	
6.38588	1	2763780	2763780	77979	
6.38649	1	2764118	2918638	77979	
6.38649	1	2764118	2920000	79341	
6.38818	1	2764118	2764118	79423	
6.38818	1	2765240	2765240	79423	
6.38895	1	2769894	2920082	75091	
6.38895	1	2769894	2921460	76469	
6.39141	1	2769894	2925858	76535	
6.39141	1	2769894	2927300	77977	
6.39146	1	2769894	2769894	77979	
6.39146	1	2771080	2771080	77979	
6.39376	1	2771338	2771338	77979	
6.39376	1	2772540	2772540	77979	
6.39388	1	2772782	2927302	77979	
6.39607	1	2772782	2772782	79431	
6.39607	1	2774000	2774000	79431	
6.39634	1	2777114	2928754	76543	
6.39634	1	2777114	2928760	76549	
6.39837	1	2777114	2777114	77988	
6.39837	1	2778380	2778380	77988	
6.3988	1	2778558	2934534	77988	
6.3988	1	2778558	2934600	78054	
6.40067	1	2778558	2778558	79432	
6.40067	1	2779840	2779840	79432	
6.40126	1	2780002	2935978	79432	
6.40126	1	2780002	2936060	79514	
6.40297	1	2780002	2780002	80876	
6.40297	1	2781300	2781300	80876	
6.40372	1	2785778	2937422	76544	
6.40372	1	2785778	2937520	76642	
6.40528	1	2785778	2785778	77988	
6.40528	1	2787140	2787140	77988	
6.40627	1	2787222	2941754	77988	
6.40627	1	2787222	2941900	78134	
6.40758	1	2787222	2787222	79432	
6.40758	1	2788600	2788600	79432	
6.40873	1	2792998	2943198	75100	
6.40873	1	2792998	2943360	75262	
6.41023	1	2792998	2792998	76544	
6.41023	1	2794440	2794440	76544	
6.4112	1	2794442	2944642	76544	
6.4112	1	2794442	2944820	76722	
6.41253	1	2794442	2794442	77988	
6.41366	1	2795894	2946086	77988	
6.41366	1	2795894	2946280	78182	
6.41483	1	2795894	2795894	79432	
6.41483	1	2795900	2795900	79432	
6.41612	1	2801674	2947530	75097	
6.41612	1	2801674	2947740	75307	
6.41714	1	2801674	2801674	76541	
6.41714	1	2801740	2801740	76541	
6.41858	1	2803118	2948974	76541	
6.41858	1	2803118	2949200	76767	
6.41944	1	2803118	2803118	77985	
6.41944	1	2803200	2803200	77985	
6.42105	1	2804562	2950418	77985	
6.42105	1	2804562	2950660	78227	
6.42268	1	2804562	2804562	79429	
6.42268	1	2804660	2804660	79429	
6.42351	1	2808894	2951862	76541	
6.42351	1	2808894	2952120	76799	
6.42498	1	2808894	2808894	77985	
6.42498	1	2809040	2809040	77985	
6.42606	1	2810338	2954750	77985	
6.42606	1	2810338	2955040	78275	
6.42728	1	2810338	2810338	79429	
6.42728	1	2810500	2810500	79429	
6.42852	1	2811782	2956194	79429	
6.42852	1	2811782	2956500	79735	
6.42959	1	2811782	2811782	80873	
6.42959	1	2811960	2811960	80873	
6.43098	1	2817558	2960526	76541	
6.43098	1	2817558	2960880	76895	
6.43223	1	2817558	2817558	77985	
6.43223	1	2817800	2817800	77985	
6.43344	1	2819002	2961970	77985	
6.43344	1	2819002	2962340	78355	
6.43454	1	2819002	2819002	79429	
6.43454	1	2819260	2819260	79429	
6.4359	1	2820446	2963414	79429	
6.4359	1	2820446	2963800	79815	
6.43684	1	2820446	2820446	80873	
6.43684	1	2820720	2820720	80873	
6.43846	1	2821890	2964858	80873	
6.43846	1	2821890	2965260	81275	
6.43914	1	2821890	2821890	82317	
6.43914	1	2822180	2822180	82317	
6.44093	1	2827666	2966302	77985	
6.44093	1	2827666	2966720	78403	
6.44145	1	2827666	2827666	79429	
6.44145	1	2828020	2828020	79429	
6.44339	1	2831998	2967746	76541	
6.44339	1	2831998	2968180	76975	
6.44409	1	2831998	2831998	77985	
6.44409	1	2832400	2832400	77985	
6.44585	1	2833442	2969190	77985	
6.44585	1	2833442	2969640	78435	
6.44639	1	2833442	2833442	79429	
6.44639	1	2833860	2833860	79429	
6.44831	1	2839218	2970634	75097	
6.44831	1	2839218	2971100	75563	
6.4487	1	2839218	2839218	76541	
6.4487	1	2839700	2839700	76541	
6.45077	1	2840662	2972078	76541	
6.45077	1	2840662	2972560	77023	
6.451	1	2840662	2840662	77985	
6.451	1	2841160	2841160	77985	
6.45323	1	2842106	2976410	77985	
6.45323	1	2842106	2976940	78515	
6.45365	1	2842106	2842106	79429	
6.45365	1	2842620	2842620	79429	
6.45569	1	2843550	2977854	79429	
6.45569	1	2843550	2978400	79975	
6.45595	1	2843550	2843550	80873	
6.45595	1	2844080	2844080	80873	
6.45815	1	2844994	2980742	80873	
6.45815	1	2844994	2981320	81451	
6.45825	1	2844994	2844994	82317	
6.45825	1	2845540	2845540	82317	
6.46061	1	2850770	2982186	77985	
6.46061	1	2850770	2982780	78579	
6.46118	1	2850770	2850770	79429	
6.46118	1	2851380	2851380	79429	
6.46307	1	2852214	2983630	79429	
6.46307	1	2852214	2984240	80039	
6.46349	1	2852214	2852214	80873	
6.46349	1	2852840	2852840	80873	
6.46564	1	2860878	2989406	73653	
6.46564	1	2860878	2990080	74327	
6.46613	1	2860878	2860878	75097	
6.46613	1	2861600	2861600	75097	
6.4681	1	2862322	2990850	75097	
6.4681	1	2862322	2991540	75787	
6.46844	1	2862322	2862322	76541	
6.46844	1	2863060	2863060	76541	
6.47056	1	2863766	2996626	76541	
6.47056	1	2863766	2997380	77295	
6.47074	1	2863766	2865210	77985	
6.47074	1	2863766	2865980	78755	
6.47302	1	2863766	2998070	79429	
6.47302	1	2863766	2998840	80199	
6.47304	1	2863766	2866654	80873	
6.47304	1	2863766	2867440	81659	
6.47548	1	2863766	2999514	82317	
6.47548	1	2863766	3000300	83103	
6.4759	1	2863766	2875318	83761	
6.4759	1	2863766	2876200	84643	
6.47794	1	2863766	3005290	85205	
6.47794	1	2863766	3006140	86055	
6.47894	1	2863766	2876762	86649	
6.47894	1	2863766	2877660	87547	
6.4804	1	2863766	3006734	88093	
6.4804	1	2863766	3007600	88959	
6.48124	1	2863766	2878206	89537	
6.48124	1	2863766	2879120	90451	
6.48286	1	2863766	3008178	90981	
6.48286	1	2863766	3009060	91863	
6.48376	1	2863766	2883982	92425	
6.48376	1	2863766	2884960	93403	
6.48542	1	2863766	3012510	93869	
6.48542	1	2863766	3013440	94799	
6.48637	1	2863766	2885426	95313	
6.48637	1	2863766	2886420	96307	
6.48788	1	2863766	3013954	96757	
6.48788	1	2863766	3014900	97703	
6.4891	1	2863766	2886870	98201	
6.4891	1	2863766	2887880	99211	
6.49035	1	2863766	3019730	99645	
6.49035	1	2863766	3020740	100655	
6.49195	1	2863766	2888314	101089	
6.49195	1	2863766	2889340	102115	
6.49281	1	2863766	3021174	102533	
6.49281	1	2863766	3022200	103559	
6.49407	0	146000	35999220	316840	
6.49467	1	2863766	2889758	103977	
6.49467	1	2863766	2890800	105019	
6.49527	1	2863766	3022618	105421	
6.49527	1	2863766	3023660	106463	
6.49632	0	146000	36005060	316840	
6.49773	1	2863766	3026950	106865	
6.49773	1	2863766	3028040	107955	
6.49792	1	2863766	2898422	108309	
6.49792	1	2863766	2899560	109447	
6.4985	0	146000	36009440	316840	
6.50019	1	2863766	3028394	109753	
6.50019	1	2863766	3029500	110859	
6.50069	0	146000	36013820	316840	
6.5018	1	2863766	2899866	111197	
6.5018	1	2863766	2901020	112351	
6.50265	1	2863766	3029838	112641	
6.50265	1	2863766	3030960	113763	
6.50287	0	146000	36018200	316840	
6.5041	1	2863766	2901310	114085	
6.5041	1	2863766	2902480	115255	
6.50505	0	146000	36022580	316840	
6.50521	1	2863766	3035614	115529	
6.50521	1	2863766	3036800	116715	
6.50675	1	2863766	2907086	116973	
6.50675	1	2863766	2908320	118207	
6.50724	0	146000	36026960	316840	
6.50767	1	2863766	3037058	118417	
6.50767	1	2863766	3038260	119619	
6.50942	0	146000	36031340	318300	
6.50999	1	2863766	2908530	119861	
6.50999	1	2863766	2909780	121111	
6.51013	1	2863766	3045722	121305	
6.51013	1	2863766	3047020	122603	
6.51161	0	146000	36035720	319760	
6.51229	1	2863766	2909974	122749	
6.51229	1	2863766	2911240	124015	
6.51259	1	2863766	3047166	124193	
6.51259	1	2863766	3048480	125507	
6.51379	0	146000	36040100	321220	
6.51506	1	2863766	3048610	125637	
6.51506	1	2863766	3049940	126967	
6.51598	0	146000	36045940	322680	
6.51618	1	2863766	2915750	127081	
6.51618	1	2863766	2917080	128411	
6.51752	1	2863766	3050054	128525	
6.51752	1	2863766	3051400	129871	
6.51816	0	146000	36050320	324140	
6.51848	1	2863766	2917194	129969	
6.51848	1	2863766	2918540	131315	
6.51998	1	2863766	3051498	131413	
6.51998	1	2863766	3052860	132775	
6.52035	0	146000	36054700	325600	
6.52078	1	2863766	2921526	132857	
6.52078	1	2863766	2922920	134251	
6.52244	1	2863766	3052942	134301	
6.52244	1	2863766	3054320	135679	
6.52253	0	146000	36059080	327060	
6.52308	1	2863766	2922970	135745	
6.52308	1	2863766	2924380	137155	
6.52472	0	146000	36063460	328520	
6.525	1	2863766	3063059	137189	
6.525	1	2863766	3063080	137210	
6.52539	1	2863766	2924414	138634	
6.52539	1	2863766	2925840	140060	
6.5269	0	146000	36067840	329980	
6.52746	1	2863766	3064504	140078	
6.52746	1	2863766	3064540	140114	
6.52803	1	2863766	2930199	141523	
6.52803	1	2863766	2930220	141544	
6.52909	0	146000	36072220	329980	
6.52992	1	2863766	3065949	142968	
6.52992	1	2863766	3066000	143019	
6.53034	1	2863766	2931644	144413	
6.53034	1	2863766	2931680	144449	
6.53127	0	146000	36076600	329980	
6.53238	1	2863766	3067394	145858	
6.53238	1	2863766	3067460	145924	
6.53264	1	2863766	2933089	147302	
6.53264	1	2863766	2933140	147353	
6.53484	1	2863766	3068838	148747	
6.53484	1	2863766	3068920	148829	
6.53494	1	2863766	2938866	150191	
6.53494	1	2863766	2938980	150305	
6.53725	1	2863766	2940310	151635	
6.53725	1	2863766	2940440	151765	
6.5374	1	2863766	3077502	153079	
6.5374	1	2863766	3077680	153257	
6.53986	1	2863766	3078946	154523	
6.53986	1	2863766	3079140	154717	
6.54152	1	2863766	2953306	155967	
6.54152	1	2863766	2953580	156241	
6.54232	1	2863766	3080390	157411	
6.54232	1	2863766	3080600	157621	
6.54417	1	2863766	2957638	158855	
6.54417	1	2863766	2957960	159177	
6.54478	1	2863766	3086166	160299	
6.54478	1	2863766	3086440	160573	
6.54647	1	2863766	2959082	161743	
6.54647	1	2863766	2959420	162081	
6.54724	1	2863766	3087610	163187	
6.54724	1	2863766	3087900	163477	
6.5497	1	2863766	3089054	164631	
6.5497	1	2863766	3089360	164937	
6.55075	1	2863766	2973522	166075	
6.55075	1	2863766	2974020	166573	
6.55217	1	2863766	3093386	167519	
6.55217	1	2863766	3093740	167873	
6.554	1	2863766	2974966	168963	
6.554	1	2863766	2975480	169477	
6.55463	1	2863766	3094830	170407	
6.55463	1	2863766	3095200	170777	
6.5563	1	2863766	2979298	171851	
6.5563	1	2863766	2979860	172413	
6.55718	1	2863766	3100606	173295	
6.55718	1	2863766	3101040	173729	
6.55964	1	2863766	3102050	174739	
6.55964	1	2863766	3102500	175189	
6.5599	1	2863766	2985074	176183	
6.5599	1	2863766	2985700	176809	
6.56211	1	2863766	3103494	177627	
6.56211	1	2863766	3103960	178093	
6.56377	1	2863766	2986518	179071	
6.56377	1	2863766	2987160	179713	
6.56457	1	2863766	3109270	180515	
6.56457	1	2863766	3109800	181045	
6.56703	1	2863766	3110714	181959	
6.56703	1	2863766	3111260	182505	
6.56766	1	2863766	2987962	183403	
6.56766	1	2863766	2988620	184061	
6.56949	1	2863766	3112158	184847	
6.56949	1	2863766	3112720	185409	
6.5709	1	2863766	2992294	186291	
6.5709	1	2863766	2993000	186997	
6.57195	1	2863766	3113602	187735	
6.57195	1	2863766	3114180	188313	
6.5732	1	2863766	2993738	189179	
6.5732	1	2863766	2994460	189901	
6.57441	1	2863766	3115046	190623	
6.57441	1	2863766	3115640	191217	
6.57551	1	2863766	2995182	192067	
6.57551	1	2863766	2995920	192805	
6.57697	1	2863766	3123710	193511	
6.57697	1	2863766	3124400	194201	
6.57943	1	2863766	3125154	194955	
6.57943	1	2863766	3125860	195661	
6.57973	1	2863766	3000958	196399	
6.57973	1	2863766	3001760	197201	
6.58189	1	2863766	3126598	197843	
6.58189	1	2863766	3127320	198565	
6.58204	1	2863766	3002402	199287	
6.58204	1	2863766	3003220	200105	
6.58434	1	2863766	3003846	200731	
6.58434	1	2863766	3004680	201565	
6.58435	1	2863766	3128042	202175	
6.58435	1	2863766	3128780	202913	
6.58682	1	2863766	3129486	203619	
6.58682	1	2863766	3130240	204373	
6.58758	1	2863766	3009622	205063	
6.58758	1	2863766	3010520	205961	
6.58928	1	2863766	3135262	206507	
6.58928	1	2863766	3136080	207325	
6.59082	1	2863766	3011066	207951	
6.59082	1	2863766	3011980	208865	
6.59174	1	2863766	3136706	209395	
6.59174	1	2863766	3137540	210229	
6.5941	1	2863766	3015398	210839	
6.5941	1	2863766	3016360	211801	
6.5942	1	2863766	3138150	212283	
6.5942	1	2863766	3139000	213133	
6.5964	1	2863766	3016842	213727	
6.5964	1	2863766	3017820	214705	
6.59666	1	2863766	3139594	215171	
6.59666	1	2863766	3140460	216037	
6.5987	1	2863766	3018286	216615	
6.5987	1	2863766	3019280	217609	
6.59912	1	2863766	3141038	218059	
6.59912	1	2863766	3141920	218941	
6.60101	1	2863766	3024062	219503	
6.60101	1	2863766	3025120	220561	
6.60158	1	2863766	3142482	220947	
6.60158	1	2863766	3143380	221845	
6.60331	1	2863766	3025506	222391	
6.60331	1	2863766	3026580	223465	
6.60414	1	2863766	3143926	223835	
6.60414	1	2863766	3144840	224749	
6.6066	1	2863766	3145370	225279	
6.6066	1	2863766	3146300	226209	
6.60691	1	2863766	3031282	226723	
6.60691	1	2863766	3032420	227861	
6.60906	1	2863766	3146814	228167	
6.60906	1	2863766	3147760	229113	
6.60921	1	2863766	3032726	229611	
6.60921	1	2863766	3033880	230765	
6.61151	1	2863766	3034170	231055	
6.61151	1	2863766	3035340	232225	
6.61153	1	2863766	3148258	232499	
6.61153	1	2863766	3149220	233461	
6.61382	1	2863766	3038502	233943	
6.61382	1	2863766	3039720	235161	
6.61399	1	2863766	3149702	235387	
6.61399	1	2863766	3150680	236365	
6.61655	1	2863766	3151146	236831	
6.61655	1	2863766	3152140	237825	
6.61706	1	2863766	3039946	238275	
6.61706	1	2863766	3041180	239509	
6.61901	1	2863766	3152590	239719	
6.61901	1	2863766	3153600	240729	
6.61936	1	2863766	3041390	241163	
6.61936	1	2863766	3042640	242413	
6.62147	1	2863766	3154034	242607	
6.62147	1	2863766	3155060	243633	
6.62264	1	2863766	3042834	244051	
6.62264	1	2863766	3044100	245317	
6.62393	1	2863766	3168474	245495	
6.62393	1	2863766	3169660	246681	
6.62494	1	2863766	3044278	246939	
6.62494	1	2863766	3045560	248221	
6.62639	1	2863766	3169918	248383	
6.62639	1	2863766	3171120	249585	
6.62724	1	2863766	3054386	249827	
6.62724	1	2863766	3055780	251221	
6.62885	1	2863766	3171362	251271	
6.62885	1	2863766	3172580	252489	
6.62955	1	2863766	3055830	252715	
6.62955	1	2863766	3057240	254125	
6.63131	1	2863766	3172806	254159	
6.63131	1	2863766	3174040	255393	
6.63185	1	2863766	3057274	255603	
6.63185	1	2863766	3058700	257029	
6.63377	1	2863766	3174250	257047	
6.63377	1	2863766	3175500	258297	
6.63624	1	2863766	3175694	258491	
6.63624	1	2863766	3176960	259757	
6.63762	1	2863766	3058718	259935	
6.63762	1	2863766	3060160	261377	
6.6387	1	2863766	3177138	261379	
6.6387	1	2863766	3178420	262661	
6.63992	1	2863766	3060162	262823	
6.64116	1	2863766	3178582	264275	
6.64116	1	2863766	3179880	265573	
6.64222	1	2863766	3061614	265719	
6.64222	1	2863766	3061620	265725	
6.64372	1	2863766	3180026	267164	
6.64372	1	2863766	3181340	268478	
6.64453	1	2863766	3070282	268608	
6.64453	1	2863766	3070380	268706	
6.64618	1	2863766	3181470	270052	
6.64618	1	2863766	3182800	271382	
6.64683	1	2863766	3071726	271496	
6.64683	1	2863766	3071840	271610	
6.64864	1	2863766	3182914	272940	
6.64864	1	2863766	3184260	274286	
6.64948	1	2863766	3073170	274384	
6.64948	1	2863766	3073300	274514	
6.6511	1	2863766	3184358	275828	
6.6511	1	2863766	3185720	277190	
6.65273	1	2863766	3074614	277272	
6.65273	1	2863766	3074760	277418	
6.65356	1	2863766	3185802	278716	
6.65356	1	2863766	3187180	280094	
6.65503	1	2863766	3076058	280160	
6.65503	1	2863766	3076220	280322	
6.65602	1	2863766	3187246	281604	
6.65602	1	2863766	3188640	282998	
6.65734	1	2863766	3081834	283048	
6.65734	1	2863766	3082060	283274	
6.65848	1	2863766	3188690	284492	
6.65848	1	2863766	3190100	285902	
6.65964	1	2863766	3083278	285936	
6.65964	1	2863766	3083520	286178	
6.66095	1	2863766	3190134	287380	
6.66095	1	2863766	3191560	288806	
6.66194	1	2863766	3084722	288824	
6.66194	1	2863766	3084980	289082	
6.6635	1	2863766	3191578	290268	
6.6635	1	2863766	3193020	291710	
6.66459	1	2863766	3090498	291712	
6.66459	1	2863766	3090820	292034	
6.66596	1	2863766	3193022	293156	
6.66689	1	2863766	3091942	294608	
6.66689	1	2863766	3092280	294946	
6.66842	1	2863766	3194474	296052	
6.66842	1	2863766	3194480	296058	
6.66919	1	2863766	3096274	297497	
6.66919	1	2863766	3096660	297883	
6.67088	1	2863766	3195919	298941	
6.67088	1	2863766	3195940	298962	
6.6715	1	2863766	3097718	300386	
6.6715	1	2863766	3098120	300788	
6.67334	1	2863766	3197364	301830	
6.67334	1	2863766	3197400	301866	
6.6738	1	2863766	3099162	303275	
6.6738	1	2863766	3099580	303693	
6.6758	1	2863766	3198809	304719	
6.6758	1	2863766	3198860	304770	
6.67644	1	2863766	3104938	306164	
6.67644	1	2863766	3105420	306646	
6.67826	1	2863766	3200254	307608	
6.67826	1	2863766	3200320	307674	
6.67875	1	2863766	3106382	309052	
6.67875	1	2863766	3106880	309550	
6.68072	1	2863766	3201698	310496	
6.68072	1	2863766	3201780	310578	
6.68105	1	2863766	3107826	311940	
6.68105	1	2863766	3108340	312454	
6.68329	1	2863766	3203142	313384	
6.68329	1	2863766	3203240	313482	
6.68335	1	2863766	3116490	314828	
6.68335	1	2863766	3117100	315438	
6.68566	1	2863766	3117934	316272	
6.68566	1	2863766	3118560	316898	
6.68575	1	2863766	3204586	317716	
6.68575	1	2863766	3204700	317830	
6.68796	1	2863766	3119378	319160	
6.68796	1	2863766	3120020	319802	
6.68821	1	2863766	3206030	320604	
6.68821	1	2863766	3206160	320734	
6.69061	1	2863766	3120822	322048	
6.69061	1	2863766	3121480	322706	
6.69067	1	2863766	3207474	323492	
6.69067	1	2863766	3207620	323638	
6.69291	1	2863766	3122266	324936	
6.69291	1	2863766	3122940	325610	
6.69313	1	2863766	3208918	326380	
6.69313	1	2863766	3209080	326542	
6.69521	1	2863766	3130930	327824	
6.69521	1	2863766	3131700	328594	
6.69569	1	2863766	3210362	329268	
6.69569	1	2863766	3210540	329446	
6.69751	1	2863766	3132374	330712	
6.69751	1	2863766	3133160	331498	
6.69815	1	2863766	3211806	332156	
6.69815	1	2863766	3212000	332350	
6.69982	1	2863766	3133818	333600	
6.69982	1	2863766	3134620	334402	
6.70061	1	2863766	3213250	335044	
6.70061	1	2863766	3213460	335254	
6.70307	1	2863766	3214694	336488	
6.70307	1	2863766	3214920	336714	
6.70473	1	2863766	3155478	337932	
6.70473	1	2863766	3156520	338974	
6.70553	1	2863766	3216138	339376	
6.70553	1	2863766	3216380	339618	
6.70736	1	2863766	3156922	340820	
6.70736	1	2863766	3157980	341878	
6.708	1	2863766	3217582	342264	
6.708	1	2863766	3217840	342522	
6.70998	1	2863766	3158366	343708	
6.70998	1	2863766	3159440	344782	
6.71046	1	2863766	3219026	345152	
6.71046	1	2863766	3219300	345426	
6.71259	1	2863766	3159810	346596	
6.71259	1	2863766	3160900	347686	
6.71292	1	2863766	3220470	348040	
6.71292	1	2863766	3220760	348330	
6.71538	1	2863766	3221914	349484	
6.71538	1	2863766	3222220	349790	
6.71555	1	2863766	3161254	350928	
6.71555	1	2863766	3162360	352034	
6.71793	1	2863766	3223358	352372	
6.71793	1	2863766	3223680	352694	
6.7198	1	2863766	3162698	353816	
6.7198	1	2863766	3163820	354938	
6.72039	1	2863766	3224802	355260	
6.72039	1	2863766	3225140	355598	
6.7221	1	2863766	3164142	356704	
6.7221	1	2863766	3165280	357842	
6.72286	1	2863766	3226246	358148	
6.72286	1	2863766	3226600	358502	
6.7244	1	2863766	3165586	359592	
6.7244	1	2863766	3166740	360746	
6.72532	1	2863766	3227690	361036	
6.72532	1	2863766	3228060	361406	
6.7267	1	2863766	3167030	362480	
6.7267	1	2863766	3168200	363650	
